operation_code,cycle_index,operation_family,commanded_speed_group,rows,duration_seconds,j1_q_min,j1_q_max,j1_q_range,j1_dq_rms,j1_dq_peak,j1_ddq_rms,j1_tau_mean,j1_tau_abs_mean,j1_tau_rms,j1_tau_peak,j1_tau_std,j2_q_min,j2_q_max,j2_q_range,j2_dq_rms,j2_dq_peak,j2_ddq_rms,j2_tau_mean,j2_tau_abs_mean,j2_tau_rms,j2_tau_peak,j2_tau_std,j3_q_min,j3_q_max,j3_q_range,j3_dq_rms,j3_dq_peak,j3_ddq_rms,j3_tau_mean,j3_tau_abs_mean,j3_tau_rms,j3_tau_peak,j3_tau_std,j4_q_min,j4_q_max,j4_q_range,j4_dq_rms,j4_dq_peak,j4_ddq_rms,j4_tau_mean,j4_tau_abs_mean,j4_tau_rms,j4_tau_peak,j4_tau_std,j5_q_min,j5_q_max,j5_q_range,j5_dq_rms,j5_dq_peak,j5_ddq_rms,j5_tau_mean,j5_tau_abs_mean,j5_tau_rms,j5_tau_peak,j5_tau_std,j6_q_min,j6_q_max,j6_q_range,j6_dq_rms,j6_dq_peak,j6_ddq_rms,j6_tau_mean,j6_tau_abs_mean,j6_tau_rms,j6_tau_peak,j6_tau_std
1050,0,family_1,50_percent,1323,4.703265,-1.7458339547740358,1.2348355720062237e-06,1.7458351896096078,1.0643514583375342,2.206152976146864,6.040617118176511,-2.3591964366085665,46.93157063250591,66.96689325676613,255.95205584191217,66.92532394121527,-1.4697113476092318,-0.38264763176188765,1.0870637158473442,0.9649799947716745,2.521469405567463,6.615804817667732,102.76756088633107,104.75149026038184,118.86176041694586,325.87041054229496,59.72391915212592,0.746972388796657,1.719941497720895,0.9729691089242382,0.7125419638495942,2.492365300153317,7.095659148767875,-149.81540185745217,156.175529532765,170.18227395644365,378.81861463187306,80.73011665590576,-1.6894426084689982,5.015465318892635e-06,1.689447623934317,1.202527267593321,2.0682701206067686,5.39176027033107,6.593136806009418,13.079714391085114,16.874959816544255,40.00942201323384,15.533667173826894,-1.4892058050511314,1.724345478038155,3.2135512830892865,2.462090329537911,3.9316092436637864,11.973098920858227,5.254052986919826,7.079705077254638,9.376274448711797,27.346094349877916,7.765915898862448,-0.02979393758437991,2.2989168182833235,2.3287107558677036,1.5739795518324993,2.797626843656962,5.78060625318433,-0.8915118245519872,2.9929548167126603,3.2182450720930538,5.2264713194656265,3.092298176233206
1050,1,family_1,50_percent,1323,4.703265,-1.7458210811913484,1.5385846720151177e-06,1.7458226197760205,1.0643737512595937,2.2062044558739244,6.041927122412923,-2.5292724585570032,46.325523113972565,66.02845968324128,253.64417836186726,65.97999900706125,-1.4697073759620445,-0.38264675635052936,1.0870606196115151,0.9649700126115709,2.522566799730502,6.616481580818098,103.58988624509152,105.18549744446517,119.09799665498863,322.5003086849159,58.76621712311152,0.746998349433868,1.719931597758625,0.9729332483247569,0.7125084758507308,2.492368498150427,7.092610318013216,-152.2687434941454,158.4341052865917,171.56139748002784,381.0910194258579,79.04139965875002,-1.6894435956078229,4.642998064224396e-06,1.689448238605887,1.2025145213767972,2.067956870124909,5.391696333687504,6.582413576443809,12.45362330858742,16.139076703443262,38.556454970867335,14.735726257917294,-1.4892058142624622,1.7243300692423331,3.2135358835047954,2.4620776452904516,3.931664311320308,11.973151395118764,5.257215606316759,7.0501315898498556,9.290546742362308,27.392322081515807,7.660022378604281,-0.029793766570001105,2.2988460213707596,2.3286397879407605,1.5739032636555892,2.7984381842940804,5.777065402058327,-0.8816709789124983,2.869175306857397,3.0560205826611955,4.966419850589784,2.9260755435552843
1050,2,family_1,50_percent,1323,4.703265,-1.7458198571612173,1.2855749184080313e-06,1.7458211427361356,1.0643706111792208,2.206934007159943,6.041800568347844,-3.1785114899733977,46.757984066135876,66.19273805086182,253.06124460908447,66.11637947875033,-1.4697113643005586,-0.3826288948223374,1.0870824694782213,0.9649696271183476,2.5216501749382276,6.616260073718452,104.48373549648427,105.99472434686919,119.61956273899696,323.2122578028819,58.24078301816989,0.7469933255219648,1.7199414902756607,0.9729481647536958,0.7125190485243523,2.4924426278601737,7.095390903446967,-150.99583244943975,157.2758511588633,170.49207347965228,376.8721586686322,79.16947456117079,-1.689442344675858,3.962101340187444e-06,1.689446306777198,1.2025273443532754,2.0681043868605387,5.392917297209589,6.6222018064448065,12.747774365938778,16.429313395460923,39.534095984371895,15.035583855673542,-1.4892107669326704,1.7243199247116148,3.2135306916442854,2.462077199972514,3.9311458997861743,11.972723987097995,5.1745471499289755,7.0082360788876725,9.262082124284833,27.340354263883047,7.681811444585096,-0.029794014870669114,2.2988893941333925,2.3286834090040616,1.573886781205248,2.797647258354336,5.776892339388113,-0.9255700105016108,2.8984535591447456,3.0593035482763136,4.982426531647606,2.9159318161020313
1050,3,family_1,50_percent,1323,4.703265,-1.745819859337521,1.519394629201728e-06,1.7458213787321502,1.0643719746504945,2.2061451436633663,6.04190960335931,-2.1552033810073397,45.501767295094204,65.75407580904266,251.89217468918827,65.71874606143838,-1.4697073383514394,-0.38264518288327276,1.0870621554681668,0.9649644616395299,2.523636558859883,6.616964292149131,103.96946898512046,105.43401195412595,119.30046045131793,322.4855157122111,58.50597732581305,0.7470065967176012,1.7199341605423357,0.9729275638247346,0.7124983424826323,2.4924299293722805,7.092271103184685,-152.75387367036035,158.90089352352402,171.63071057971138,381.8976596481287,78.25186830227271,-1.6894438767940068,4.722924244358205e-06,1.6894485997182511,1.2025160692415247,2.0682824222825116,5.391543242753531,6.665524758261401,12.826799876910396,16.4829082944571,40.125469478845105,15.075047115697082,-1.4892058570475188,1.7243255347503692,3.213531391797888,2.462075310312958,3.9316561542500357,11.973017959069285,5.256316088291526,7.059860590311581,9.281586320101802,27.384789691488063,7.6497703101118395,-0.02979382874601668,2.2987938334643,2.328587662210317,1.5739061992093255,2.797733982459433,5.775367933530574,-0.931410756454763,2.9535456603841044,3.133289367580634,4.999453776964771,2.9916510932517206
1050,4,family_1,50_percent,1323,4.703265,-1.745820137482748,1.3110074900624874e-06,1.7458214484902381,1.0643731622851682,2.206171643724771,6.042159810563453,-2.981956487526839,46.43582090455679,66.09949164890857,253.0589599723417,66.03219466101844,-1.469707516314732,-0.3826288897766948,1.0870786265380372,0.9649663867106747,2.521237749182515,6.6159701826588035,104.58280578222147,106.0531369690739,119.67485838377051,323.1671529910556,58.176528462032415,0.7469994789723835,1.7199336949253832,0.9729342159529997,0.7124939370528791,2.4913811332743663,7.095124781626441,-153.77896261409668,160.08757925385746,172.55227262809916,378.90112926085396,78.27079561659065,-1.6894428516144167,4.44808915300771e-06,1.6894472997035697,1.2025121178435003,2.0685002684028078,5.391192551701773,6.7094677719437605,13.05221173676708,16.71525793263607,39.59028222512055,15.309568575626194,-1.4892107685852496,1.7243195834917928,3.2135303520770426,2.462074569749832,3.9315025650311024,11.972757230033952,5.18810843579921,7.017940163291632,9.266948189733288,27.4396950869304,7.678532386438839,-0.029794045282394335,2.29878362422708,2.328577669509474,1.5739051575752387,2.7982757498000956,5.775494982439535,-0.9600093293519717,2.989017580346241,3.1537898485750095,5.076775782381729,3.0041259122300383
1050,5,family_1,50_percent,1323,4.703265,-1.7458202037250046,1.862141858605089e-06,1.7458220658668633,1.064366337694,2.2061534967718823,6.041465861368182,-2.375009354627985,45.152749994024376,65.44498952357067,250.4152879327845,65.4018805869197,-1.4697111189526668,-0.38264525999936566,1.087065858953301,0.9649694777739413,2.523518785115758,6.61695077065245,104.03169682606469,105.52486665648316,119.41988097234442,323.62590815791475,58.63884401093417,0.7469907824102694,1.7199302158662968,0.9729394334560274,0.7124841475277178,2.491562840138924,7.091915124428553,-153.0152335522344,159.07797195191762,171.32521326478,380.4469962124155,77.06274716863847,-1.6894428884957193,4.831322554189515e-06,1.6894477198182736,1.2025117321741872,2.068710696517325,5.391077599309815,6.708649417407265,12.990560247463847,16.655639710937724,40.05377168721353,15.244814107587105,-1.4892058534163808,1.724319528838344,3.2135253822547245,2.4620716610483693,3.9313037146683834,11.973307375473189,5.253183577403944,7.039976624582669,9.268051912259217,27.41905378011242,7.635499233869731,-0.02979404952216318,2.2989331782451035,2.3287272277672666,1.5739389156389325,2.7991987105316287,5.781509422125426,-0.9277334614366807,2.933440131562823,3.116187111063949,4.986572639080261,2.9748836507822953
1050,6,family_1,50_percent,1323,4.703265,-1.7458202037391342,1.404683418121614e-06,1.7458216084225522,1.0643668764469365,2.2065930236917275,6.041421757630116,-2.806476544638292,45.63108173355158,65.53017027842675,250.63545746588375,65.47004586926757,-1.4697075031246143,-0.38263036706606035,1.087077136058554,0.9649696767806564,2.521260615498747,6.615988019633154,104.75627065516595,106.26957910192525,119.90217703424693,323.5383870652547,58.332287937072266,0.7469953284655246,1.7199314244169515,0.9729360959514268,0.7124766734120376,2.491586166360297,7.095381874844853,-154.59813726838632,160.7485372535115,172.47391669004966,378.52808474253317,76.46350692684298,-1.6894428745455925,4.779739545973837e-06,1.6894476542851384,1.2025246566933876,2.068504306262009,5.391956581528998,6.795878419776325,13.12506109406457,16.75720134877893,40.23992495490892,15.317305035388467,-1.489210768639915,1.72431943815263,3.213530206792545,2.462077692599708,3.9313897384984724,11.972920491661782,5.175953814463445,7.052619506565835,9.296170022926868,27.46308228001009,7.721934939230287,-0.02979304936310281,2.2989476580168855,2.328740707379988,1.5739468161471022,2.7986160619566722,5.781895850713148,-0.9664858991907866,2.979117824706294,3.14071705535427,5.010748320297978,2.9883120031982227
1050,7,family_1,50_percent,1323,4.703265,-1.7458196691506203,1.5695495936164706e-06,1.7458212387002139,1.0643594874508289,2.206219005534541,6.040908061069105,-2.304640279962598,44.74350889972673,65.20280478779756,250.06059325449414,65.16206247024117,-1.4697073760203114,-0.3826467689744913,1.0870606070458202,0.9649701458800722,2.522661782726404,6.616723268668671,104.07991604042513,105.63734466656601,119.55003852083097,324.0140403080752,58.818218158579256,0.746994190026437,1.7199319379584541,0.9729377479320171,0.71248116615712,2.4923756147703005,7.091872589697144,-152.8408270236152,158.81207404840674,170.97173256573822,380.2241231124814,76.62254845192538,-1.6894429013276895,4.658679531172555e-06,1.6894475600072207,1.2025172635665125,2.0683357828084956,5.39133626769305,6.69799565258664,13.001706298202686,16.699279735965796,40.2807335251668,15.29714999396843,-1.4892058468894935,1.7243274627900513,3.213533309679545,2.462078725478796,3.931611157221909,11.973635488163849,5.260571582761637,7.032580118435814,9.259229050525516,27.456001569184217,7.619692200655901,-0.02979310292125374,2.298860110940692,2.328653213861946,1.573911566762748,2.7996885507158584,5.777257097594547,-0.9067838512882345,2.923843247062466,3.11152800965417,5.040015403670157,2.9764659584657305
1050,8,family_1,50_percent,1323,4.703265,-1.745819389381926,1.5518076366434366e-06,1.7458209411895627,1.0643579991136585,2.206561613737452,6.040768287735324,-2.141624936525353,44.16994127848486,64.96386477336107,249.58414810387436,64.92855434185175,-1.4697073430073548,-0.38264522384892613,1.0870621191584287,0.9649717187181316,2.5227314791588706,6.616961238615391,103.91640129430802,105.49270586808176,119.43151536195029,323.90450435933553,58.8665304200282,0.7469972837739085,1.7199302651873152,0.9729329814134067,0.7124858027626808,2.4924058636085213,7.091992623602453,-152.39420197343213,158.40856011176095,170.74196561636123,380.5175541365226,76.9988702996313,-1.689442867554551,4.717329404708962e-06,1.6894475848839556,1.2025216378745782,2.0688960650539263,5.391651691129192,6.696157302542993,12.999007733319605,16.703469749210146,40.613934802543916,15.302528517940381,-1.4892058516993743,1.7243301306298715,3.2135359823292458,2.462079531053082,3.9315765161401455,11.97360542251099,5.2596207514473035,7.017394797751592,9.256041597735043,27.497280465174736,7.616475274688838,-0.02979410758928367,2.2988204890425328,2.3286145966318164,1.5739243192782841,2.7985416815095667,5.777918074459721,-0.9113321128210012,2.9233310524702762,3.112935488862966,5.024707936917346,2.9765485277353902
1050,9,family_1,50_percent,1323,4.703265,-1.7458194805187186,1.354788568641213e-06,1.7458208353072873,1.0643491821506645,2.2069737642689087,6.040269215628951,-1.5012408953481524,42.90424197204101,64.44949758722183,247.1858338839561,64.4320107944758,-1.4697074188567096,-0.3826467597325931,1.0870606591241165,0.9649700381535167,2.5226317148374067,6.616676583581389,104.09876518134361,105.6722796642533,119.56932855170295,323.44809618874154,58.82407175659108,0.746995396446491,1.7199318984699627,0.9729365020234717,0.7124908835203848,2.4924033957521283,7.0919109954375354,-152.2518988494213,158.2987465500778,170.83914784914165,381.2153221198144,77.49434646841316,-1.6894426545857673,4.753646207899012e-06,1.6894474082319753,1.2025182498786593,2.0685115885707237,5.391327085971604,6.701384111681212,13.062053838999814,16.785526875464132,40.405752201055385,15.389781137970587,-1.489205857302423,1.7243198464681604,3.2135257037705833,2.4620766135081857,3.9315493001066906,11.97346634957311,5.270071571421656,7.033360702361736,9.274381893333814,27.341924600508836,7.63154670663106,-0.029793073700380958,2.2989200297938868,2.328713103494268,1.5739325284612835,2.799518190168873,5.7799254598302685,-0.907789722029804,2.947119440682234,3.144318975981484,5.0619847015688295,3.0104251598892637
1050,10,family_1,50_percent,1323,4.703265,-1.7458193864345426,1.3061344447799114e-06,1.7458206925689874,1.064356700574369,2.2072431755646504,6.0409477853457165,-2.3063753648805805,43.57763485627756,64.56585976181911,247.93949318070915,64.52465326880233,-1.46970734294509,-0.38262899870870243,1.0870783442363876,0.9649673060830732,2.5219776506362632,6.616377440310885,104.68460907238901,106.1943116660575,119.7876939445193,323.5865591263367,58.22563218984331,0.7469963828201664,1.7199297976445327,0.9729334148243662,0.7124889985097437,2.4923293901190955,7.095377589758826,-152.8849801153631,159.11612771868948,171.3149566872223,376.8925766250152,77.2981063149019,-1.6894428740692087,4.866882720625625e-06,1.6894477409519293,1.2025237104096518,2.068512917879195,5.391612491965182,6.811688065429982,13.4477629941141,17.218182810885043,41.55411922028579,15.813498190101265,-1.489210767179105,1.7243335693422779,3.213544336521383,2.4620731558251,3.9313268503634933,11.972572242610418,5.161105250452253,6.978282623977881,9.220198269827707,27.246202533606617,7.6403565838701555,-0.02979309224077537,2.2989539680008804,2.3287470602416556,1.5739413126941817,2.7988925161147846,5.780221895985525,-0.921577881351701,2.930348001580334,3.101147920776399,4.95951223597371,2.961049245645721
1050,11,family_1,50_percent,1323,4.703265,-1.7458194802817233,1.451487960691602e-06,1.745820931769684,1.0643504495909715,2.2066262779872785,6.040299204598616,-1.488787227563084,42.68848987878864,64.36999964953927,246.90345880674258,64.35278057296927,-1.4697073430063177,-0.38264662845969055,1.0870607145466271,0.9649724899537188,2.5222440897449356,6.6165873362042475,103.83361842488677,105.49394021159704,119.46889012689196,323.5581791729554,59.088030877212375,0.7469876190487705,1.719931597755338,0.9729439787065675,0.7124950645886816,2.4924035008345973,7.092191303917051,-151.97815001223972,158.0318640526852,170.66139136646342,380.09945168958666,77.6398893739188,-1.6894429045641488,4.648285870980967e-06,1.6894475528500197,1.2025220072131908,2.068748618498836,5.391465938316885,6.70430764391992,13.027868419451844,16.72036765181248,40.53733689848546,15.317406876735177,-1.4892058570591966,1.724330096362252,3.2135359534214487,2.4620771644277437,3.9316822102083604,11.973216829775852,5.256558569511595,7.050173146003497,9.291811169969959,27.43042486147343,7.662006709973094,-0.02979206429565463,2.2988759320890226,2.3286679963846773,1.573953558799593,2.7991739235277997,5.779786438364758,-0.9103376310655363,2.952281634451245,3.1519628654511744,5.091645523164945,3.0176406848147392
1050,12,family_1,50_percent,1323,4.703265,-1.7458196599405107,1.0767408591158789e-06,1.7458207366813698,1.0643499628695479,2.207323550295775,6.040535309814169,-2.3117753161032923,43.53057110175394,64.53862403164263,248.15228812785594,64.49720681382702,-1.4697112901828555,-0.3826303830683426,1.0870809071145129,0.9649720500857072,2.521277551721401,6.616065462995316,104.64938076283414,106.23024921619033,119.87270946457559,324.1880785751671,58.46343797908154,0.7469818479394431,1.719931432091649,0.9729495841522059,0.7124981626064594,2.492437226201994,7.095492385636203,-153.3019085385872,159.51950277413388,171.75361754668114,377.8342442184011,77.44565823077653,-1.6894426046092386,4.654660340857978e-06,1.6894472592695795,1.2025258140713397,2.0687166249114033,5.3917765660555395,6.773203624295,13.37383709226717,17.11422692641141,41.34673570347832,15.716885058832181,-1.4892107686467086,1.72432614115117,3.2135369097978788,2.4620812789573803,3.931410047191292,11.972181094590535,5.184953291605054,7.015261543063853,9.284007101713645,27.2840889057357,7.701236733703445,-0.029792062524499757,2.2988183124803965,2.3286103750048963,1.5739315687173538,2.7983584856078303,5.775759946734705,-0.9144529612102238,2.9511935922393358,3.131095684530513,5.0849079799993415,2.994584439854628
1050,13,family_1,50_percent,1323,4.703265,-1.7458197539740652,1.4260668537290789e-06,1.745821180040919,1.0643477595937125,2.2066247825344156,6.040002390255649,-1.4635826661760143,42.589692993848075,64.30567658115339,246.90524867389422,64.28901901832978,-1.4697073433114913,-0.3826467581597899,1.0870605851517015,0.9649716888017764,2.5222386372497527,6.616419846548076,103.86035684741961,105.5348577354335,119.4846187338543,323.9029601208899,59.072839693899816,0.7470016403275574,1.7199306925625624,0.9729290522350049,0.7124893546408323,2.4924023788001737,7.091991342047129,-151.80811380764808,157.84436467048536,170.3844780979747,379.4527788468435,77.36386080647334,-1.6894428758146187,4.731154887024151e-06,1.6894476069695057,1.202524263307068,2.0687301310131883,5.39150934824521,6.677820492822455,13.097642997914065,16.834344312564053,40.8374780868296,15.453215260896293,-1.4892058525092449,1.7243195096880908,3.213525362197336,2.4620839501658103,3.9316307214946065,11.973234824918737,5.251894288299412,7.070520429954037,9.345222448991787,27.41596014719348,7.729863453235644,-0.029792084951299112,2.298949098007312,2.328741182958611,1.5739612106107579,2.7991568608963853,5.780170771035444,-0.8538363750146544,2.92100233255944,3.1450869886541946,5.155201976942654,3.0269680558115812
1050,14,family_1,50_percent,1323,4.703265,-1.7458194806662386,9.649355147455287e-07,1.7458204456017534,1.0643520024701416,2.2069738211796905,6.040291401871909,-2.0677985152575475,43.358704007389264,64.45469553115556,247.16051754318272,64.42151803019132,-1.4697073354651904,-0.38263053157003646,1.087076803895154,0.9649753988697387,2.5209440782023105,6.6157443142271495,104.52037899284757,106.15709946688047,119.84149777301798,324.70680822216104,58.629983486879695,0.7469908687613317,1.7199314074014573,0.9729405386401256,0.7124851682171023,2.492436115363459,7.095763288945991,-154.18914151454777,160.34526135545826,172.31694957808605,378.55217329735484,76.9339960674305,-1.6894435886050656,4.501206679448822e-06,1.689448089811745,1.2025276045390556,2.06876624853699,5.391942247877416,6.76830583173524,13.344189785689599,17.06233429186646,41.34153578781504,15.662480252357891,-1.4892108622716898,1.7243402557420042,3.2135511180136938,2.4620913120712555,3.9316451108187467,11.972650039802344,5.183593112456371,7.068384411004256,9.37096207390201,27.516380682254646,7.806746610144635,-0.029793055911882804,2.2989215232789073,2.32871457919079,1.5739608087853154,2.7992561427467932,5.778888286675736,-0.9686044897617292,3.0452732762145636,3.2186241358809577,5.138243034671177,3.0694212272819223
1050,15,family_1,50_percent,1324,4.70682,-1.7458194856636513,1.4662898655798417e-06,1.7458209519535168,1.063900844607234,2.2069722558633815,6.045134437874885,-1.2669596801247418,42.18803723558132,64.19902346828167,246.37097907077091,64.18652060557513,-1.4697112874310954,-0.3826481429035324,1.087063144527563,0.9646287078702172,2.5220030354291714,6.611668852615218,103.9023870263002,105.60924369557807,119.55108241854956,324.76929035608146,59.13336856364393,0.7467245286197091,1.7199415383746022,0.9732170097548931,0.7122473612133092,2.492405445064247,7.087336730237046,-151.69466051249285,157.6968280863586,170.27446885710512,379.5479620543618,77.34419639875249,-1.6894863982793689,4.692170939983274e-06,1.6894910904503089,1.2020983001956185,2.0686494039165915,5.383587973323585,6.714788203209501,13.154638983940703,16.87325255284425,40.84085472076216,15.47960823464546,-1.4892057601797806,1.7243301404426132,3.213535900622394,2.4612035993345627,3.9318478730939694,11.962140762117366,5.264652155186239,7.070484283859628,9.344698535080953,27.446360566221017,7.720545861300028,-0.02979275100687509,2.298853318957588,2.328646069964463,1.5733687191743386,2.799102042734936,5.783219358371523,-0.9208671389226345,3.0223754818657693,3.2354343686018017,5.199417056736215,3.101618813778086
1050,16,family_1,50_percent,1323,4.703265,-1.7458194856634726,1.5417501651950058e-06,1.7458210274136376,1.0643465216322197,2.2069722563723664,6.040022410624003,-1.3200226244067272,42.11898597371573,64.14810866098297,246.64268377429025,64.13452568665596,-1.4697073430154923,-0.3826467758270007,1.0870605671884916,0.9649772848167619,2.522288085310542,6.616653777867851,103.75157402898854,105.52432883589795,119.55106509308607,324.82954366976736,59.39754246935313,0.7470048870555162,1.7199306925631708,0.9729258055076546,0.7124875295486145,2.4924040102098552,7.091933812581336,-151.39810996817914,157.42090240847884,170.0376089081975,377.8404768525445,77.40413904488746,-1.6894438953318942,4.933849915511968e-06,1.6894488291818097,1.202518473457862,2.068269977285424,5.391370153557383,6.737685451402926,13.273508703205339,17.016047837047537,41.3447830197209,15.625283317451993,-1.489205857062294,1.7243442315406121,3.213550088602906,2.4620803776229367,3.9315637480995007,11.972947872435936,5.2479978628426815,7.068209539352234,9.335321007472317,27.51255737747602,7.720539925688656,-0.029792063750565465,2.2988543741670076,2.328646437917573,1.5739615712266808,2.7988309482610156,5.778164244660025,-0.8702184467570789,2.9698807150051576,3.1973376296031164,5.212709366075628,3.076635788097085
1050,17,family_1,50_percent,1323,4.703265,-1.7458194854674696,1.4459013323203353e-06,1.7458209313688018,1.0643474969502402,2.20697225637221,6.040032678313613,-1.4824668191756498,42.261928567533154,64.2016474406583,246.447553676349,64.18452949289751,-1.4697112811674746,-0.38264817797891554,1.0870631031885591,0.9649726609281872,2.5227165292108245,6.616546604344966,103.7029990991048,105.45017709225843,119.44032920813,324.80380602872054,59.2594314788586,0.7469995103532245,1.719941538791725,0.9729420284385004,0.7124858948343354,2.4923970852508273,7.0918675639420545,-151.46918493807493,157.45387698027875,169.94736365351525,378.69530471261015,77.06615617101593,-1.6894438649712344,5.015028475294042e-06,1.6894488799997098,1.2025271742688892,2.068304959690098,5.391688141226807,6.713231472633245,13.287766965792914,17.069285791119604,41.22734036668562,15.693726154542269,-1.4892056382711631,1.7243261559867584,3.2135317942579213,2.462080355298232,3.9314179981482966,11.973281169576621,5.24025314236972,7.0813700938729625,9.357944415911174,27.591509323060976,7.753120061960049,-0.029793076433531664,2.2988382191610937,2.3286312955946253,1.573961601027809,2.799565088350164,5.77771945171115,-0.9264714021954484,3.0314557534372564,3.238266031723802,5.179080312398685,3.102904708999331
1050,18,family_1,50_percent,1323,4.703265,-1.7458197543700529,1.1768759776460978e-06,1.7458209312460304,1.0643493630479668,2.2069722565094345,6.0402074808236295,-1.9750617496169578,43.12017916067818,64.39543449246763,247.26780650969215,64.3651389694677,-1.4697073286996982,-0.38262903146673033,1.087078297232968,0.9649764194570634,2.520668864865146,6.61570888430008,104.44539438134247,106.14060715037253,119.88348401097113,324.92859461381573,58.84903848946562,0.7469869517071382,1.7199297988132818,0.9729428471061435,0.7124789273433101,2.492335645618199,7.095084138149266,-152.82028871849724,158.97796466729818,170.98555407878177,374.8593011637349,76.69432221242425,-1.6894534623303,4.995181127437516e-06,1.6894584575114273,1.2025292284898197,2.068531255770207,5.391820146081429,6.8361972751043885,13.67566909271038,17.463608679002718,42.028077712332035,16.06997308364872,-1.4892108608657433,1.72433010584565,3.213540966711393,2.4620890498681085,3.9317211887829124,11.972659262706657,5.149910300853788,7.0394353998939545,9.328216190520394,27.41125961932311,7.77779153682116,-0.029791061186005285,2.298910043465286,2.3287011046512913,1.5739397003242817,2.798797397556685,5.777080200279812,-0.9234161961016925,2.9666072825147474,3.146596515449849,5.03353294266332,3.0080512229379033
1050,19,family_1,50_percent,1323,4.703265,-1.7458197589694555,1.4072772971295592e-06,1.7458211662467527,1.0643461332424886,2.2069722693237503,6.039864306039765,-1.5361017721707115,42.32366437768531,64.21923843609865,246.51471208946472,64.20086429837237,-1.4697112874488836,-0.38264639030380143,1.087064897145082,0.964975908126531,2.5222694289152194,6.616483076213963,103.68466682562546,105.50360134889468,119.51542179156907,325.38748087843385,59.44262705563831,0.7470017181391441,1.7199309685876318,0.9729292504484878,0.7124869904615111,2.492401843821705,7.091696414113016,-151.33734593679236,157.31128633538472,169.79994483838902,377.7216646557356,77.0001882590399,-1.6894428753245205,4.84769729027833e-06,1.6894477230218108,1.2025255119245775,2.0684751495129516,5.391606774453737,6.738803189223926,13.315055967410641,17.05167612751958,41.284943434257045,15.66359442576086,-1.4892058573938287,1.7243300953733542,3.2135359527671827,2.4620806994311697,3.9316395731968306,11.972922339423919,5.245285511992689,7.0823071422792365,9.35715684205329,27.521485033290677,7.748765325164021,-0.029793039396013358,2.2988221147645618,2.328615154160575,1.5739429684912938,2.7993200366692013,5.776229865176353,-0.9034095298735924,2.9526263454811645,3.159359628566565,5.091710615845617,3.027441904306313
1051,0,family_1,50_percent,1354,4.81347,-0.29030642940081464,0.2501908527381478,0.5404972821389624,0.6783495251959686,2.460220547665235,5.604151500297342,6.206724164866956,32.29979629222162,44.616344609051666,176.37633365410304,44.182516693992326,-1.0213816173901098,-0.38262732898364604,0.6387542884064638,0.7426687197163164,2.5207641842029727,5.95967698241147,88.63456519933791,90.36462810815638,102.06885078479283,325.00754892205225,50.61584882675207,1.2690937414818622,1.8183622111685414,0.5492684696866792,0.6782689060527972,2.4923427315606896,6.439033995930882,-137.81897724462604,144.64495982677064,161.72975246766148,376.095913206013,84.63121377184838,-1.6166436632804778e-06,1.8399473380413942,1.8399489546850576,1.406752905266659,2.328754852504971,7.117319262082443,-3.161296019267175,12.725141997989684,16.411950696154396,38.28581287239654,16.104605960145946,-1.4892107401781964,1.6713854945464595,3.1605962347246557,2.406211895532407,3.938721698835591,11.440813574459773,6.616360064198124,8.4910540313458,10.593005510640717,24.24004014311389,8.272577908327538,-2.7853034853503447,-0.01133017593644338,2.7739733094139014,1.8760816642174643,3.3857726948385305,7.057063670313502,-0.0380500114290794,3.3252455567472428,3.560978187454359,5.672693107907393,3.5607748943391497
1051,1,family_1,50_percent,1354,4.81347,-0.290288393950897,0.2501922345781908,0.5404806285290877,0.6783282247856208,2.4600412136174503,5.60463505492635,6.455021825524409,30.786305422452283,43.46312096431959,172.27226123393217,42.981107212251764,-1.0213816566049336,-0.38262734480411975,0.6387543118008139,0.7426536225836076,2.521149719367479,5.960123400124389,89.29859493709137,90.64603369604731,102.21705380593984,322.6911601000802,49.740195325588346,1.2690937414879668,1.8183666230801396,0.5492728815921728,0.6782513607785617,2.492421103560063,6.43871428406425,-137.66920837688963,144.23952281178745,161.18548850831374,379.1324484726116,83.83287404440031,-2.89892665751288e-06,1.8399255027912753,1.839928401717933,1.4067517420320588,2.328995042828454,7.117400377723238,-3.1739375967956014,12.045866613003199,15.509834694329506,36.79834731401892,15.181603748519937,-1.489210768563409,1.6713856855639893,3.1605964541273983,2.4062056432144794,3.939736191874627,11.441070502759812,6.638976697404295,8.487632585922755,10.549730375426918,24.249079106087695,8.198829148453344,-2.785266001093282,-0.011330817714868607,2.773935183378413,1.876010934015008,3.386008013351448,7.056252948615582,-0.052431218992139456,3.08707188562588,3.291279062029302,5.239277133372271,3.2908614117625006
1051,2,family_1,50_percent,1354,4.81347,-0.2902911250947673,0.2501925238453477,0.540483648940115,0.678331522363988,2.460089318209322,5.604733011753862,5.98580424612239,30.29417335084865,43.29880900944686,172.40686955607117,42.88306203110571,-1.021381617170086,-0.38262662639909484,0.6387549907709912,0.7426537049475291,2.5208137329044953,5.959861460140158,89.64349597602418,90.97559432736419,102.473850867645,322.9074537532514,49.64809906573349,1.2690937414822636,1.8183666491294865,0.5492729076472229,0.6782440206341301,2.49242066624643,6.438246258638042,-138.4524686256266,145.06637208966131,161.56816331974372,376.1457986753309,83.27776011628357,-2.43623197379348e-06,1.8399351215179722,1.839937557749946,1.40675010460446,2.3288349246389544,7.1177695033875485,-3.2251838309227114,12.206524397626248,15.690383629708895,37.03905666028092,15.355335480027508,-1.48921073531626,1.6713865907367296,3.1605973260529896,2.4062013774848627,3.9385999589191307,11.440648315160445,6.612810815209694,8.445361345588402,10.491604126983805,24.132699506220384,8.145212721567763,-2.7851997052179063,-0.011330047307565594,2.773869657910341,1.8759897130807397,3.3858742846089753,7.055586168853165,-0.032099508447167545,3.0920566710332746,3.290369380776648,5.224572551120567,3.290212802161883
1051,3,family_1,50_percent,1354,4.81347,-0.2902884632175394,0.250192753314652,0.5404812165321915,0.6783255577883426,2.460179587875284,5.604687485328051,5.7488054874971635,29.882586338348144,43.0804241467728,172.1081544715272,42.69513063726082,-1.021381617365105,-0.3826273688745007,0.6387542484906041,0.7426522061855996,2.521598966536886,5.9605156989718715,89.6056612426405,90.85639522093373,102.38611173487324,322.6530125063424,49.53525360241031,1.269093740716636,1.818366626469608,0.5492728857529718,0.6782305083489591,2.491788369844071,6.4387275479140085,-139.81428726544388,146.33099824281828,162.52528256105236,381.1291120574091,82.86393997394677,-3.1658562996663507e-06,1.8399257742761201,1.8399289401324197,1.4067479241329155,2.329501002749078,7.11761845562983,-3.274341947768922,12.073343193794054,15.385741936227214,36.19366755891301,15.033287722160496,-1.4892107685631828,1.6713782287620764,3.1605889973252594,2.406203960424332,3.9387818198907323,11.441455579170384,6.6275235593657715,8.4944738797153,10.548621383438887,24.185939985322918,8.206664642910408,-2.785192986047218,-0.011330953627376591,2.7738620324198413,1.876015226144272,3.3860375947028185,7.056195738597394,-0.07733337922296082,3.1706714757130614,3.3689779293153403,5.354902666870469,3.3680902358268012
1051,4,family_1,50_percent,1355,4.817025,-0.29039453892055495,0.250192404107958,0.540586943028513,0.6780844934299556,2.460216243494873,5.601855350648419,5.822702473152296,30.09235981722716,43.239491729272466,172.13428050463114,42.84565066509048,-1.0213816172845587,-0.3826259559176867,0.6387556613668719,0.7423806617990135,2.5212339450516024,5.957882171742303,89.69745900971053,90.95962789701206,102.45530234625573,322.3015674839659,49.512168464570145,1.2690937414819479,1.8183666771817824,0.5492729356998345,0.6779786992992026,2.490992393744068,6.436573444605655,-139.20055338523704,145.81758507139227,162.18273397198652,379.41715762061307,83.22526741243864,-3.266223214180052e-06,1.8402476419426703,1.8402509081658844,1.4062428368055828,2.3287169680186746,7.110177234808258,-3.2217565777206074,12.14251269769131,15.453903816187937,36.287251754196745,15.114345097089126,-1.4892107341479217,1.671385730982116,3.1605964651300376,2.4053205976005163,3.9390766976937175,11.434627112679827,6.615048461436019,8.483132227221416,10.52994796535917,24.2577575845635,8.19273690570036,-2.785235025512112,-0.011330138053474121,2.773904887458638,1.8753292041973728,3.3852834373983742,7.056259171884743,-0.03220093307258881,3.1554161492280093,3.367237377207179,5.3362791729512065,3.3670834047243825
1051,5,family_1,50_percent,1355,4.817025,-0.29029519115829355,0.2501923529657719,0.5404875441240655,0.6780670278707606,2.4603347371359345,5.602260141036797,5.133883214857019,28.834604342780676,42.50871733641429,170.4921890993195,42.19756263960489,-1.0213816567307137,-0.3826280043664856,0.6387536523642281,0.7423780921586571,2.521109580088221,5.957923281573693,89.86156246562975,91.15305950882059,102.671939620969,323.137826255214,49.66313297374245,1.2690937407164942,1.818363386547982,0.5492696458314879,0.6779604947210858,2.4916093283336833,6.4362109275867665,-140.42116818189496,146.66996347790212,162.48951798931665,377.95480938606266,81.76025307465984,-3.0763610602459115e-06,1.8399218405927042,1.8399249169537646,1.4062281205859049,2.328924163986699,7.1148626894391755,-3.229760402074414,12.146807442259526,15.428947248814508,36.30421340247838,15.087115726734945,-1.4892107685728588,1.6713663307213895,3.1605770992942483,2.4053122882302924,3.938346433170463,11.436991055885592,6.612240244688641,8.485509258045957,10.527491265246859,24.077714206449713,8.191846634695306,-2.7851993326751683,-0.011330050767442364,2.773869281907726,1.8753187455370035,3.386052464797941,7.052526003929584,-0.0937344596470589,3.172954429266562,3.370188097263416,5.353023993082603,3.368884334911289
1051,6,family_1,50_percent,1354,4.81347,-0.29029486625793216,0.2501923454277025,0.5404872116856347,0.6783164168273476,2.4601727495632537,5.6042669642121155,5.243628893825535,28.948902150570458,42.54339138804023,170.33602951856085,42.21900646414851,-1.021381656629735,-0.3826273325206168,0.638754324109118,0.7426564795154326,2.5211489639113966,5.960521178682524,89.74433526581532,91.08392162441847,102.63387302620258,323.48216343706684,49.79624664626451,1.2690937407164664,1.8183648617088473,0.5492711209923808,0.6782109787674766,2.4915415843546054,6.438505374431952,-140.26427919929367,146.51791803985796,162.29966617708627,378.16228950275644,81.65239507752507,-3.1634258666830894e-06,1.8399221113017328,1.8399252747275994,1.4067449803220604,2.328735980932156,7.117503577866803,-3.199605674607225,12.134819885090677,15.453807034375878,36.331685890276994,15.118950869116105,-1.489210768316374,1.6713797360554883,3.1605905043718625,2.4062041049731517,3.9385770254349053,11.441217760185502,6.629221253389852,8.493279433097127,10.542279806173896,24.07050619879268,8.197139079292619,-2.785162312330484,-0.011331244937887414,2.7738310673925963,1.876023104080257,3.386927064971659,7.055103268059643,-0.0785101871071009,3.1312323505984847,3.340520216397637,5.329570783633904,3.3395975007000054
1051,7,family_1,50_percent,1354,4.81347,-0.29030064402326783,0.25019269960895163,0.5404933436322195,0.6783070060158641,2.4603599958410256,5.603963816622502,4.995343165890251,28.43641883264397,42.23107600752578,169.7937300199953,41.93459582979682,-1.021381656330595,-0.3826280014149511,0.638753654915644,0.7426537186371851,2.5207942028479424,5.960031448809037,89.79053043644207,91.14361541894057,102.70702713118753,323.7177050732046,49.86375503378042,1.269093740716708,1.8183664844012575,0.5492727436845495,0.6782223461869585,2.4924189186701944,6.439101468081666,-139.89503305121718,145.99790734713122,161.7788827619275,378.2815968335327,81.25137928242404,-3.378711913623292e-06,1.8399315068384368,1.8399348855503503,1.4067431535856794,2.3289538046531164,7.117134284428426,-3.213009159942584,12.115477092474581,15.421025820060168,36.23375576124972,15.082592929635389,-1.4892107350816126,1.671364839010266,3.1605755740918786,2.4062004446901097,3.9381626754527006,11.44126231645687,6.63448470194655,8.44760766805446,10.496463404201892,24.049937667597654,8.133840220669864,-2.7852020523218237,-0.011330380031389623,2.773871672290434,1.8760156894977067,3.3863046218728767,7.05543142032591,-0.04865590732430552,3.1858904177987912,3.3879233999523324,5.32910524829732,3.387573994265959
1051,8,family_1,50_percent,1354,4.81347,-0.29030887109634523,0.25019231155219873,0.540501182648544,0.6783022847043765,2.460319193819986,5.603734295396972,4.298084667680559,27.643419815123636,41.92206241775519,169.05691682268386,41.701148491949375,-1.021381617510231,-0.382625957172984,0.6387556603372471,0.7426544723488567,2.5208947243548288,5.960267103104045,89.64838466637678,91.01078895240673,102.55985869670047,324.089081655803,49.81658100067196,1.2690937407166663,1.818366482704716,0.5492727419880497,0.6782243829956965,2.4924122138006544,6.439088111572692,-139.64893288460544,145.81331394242292,161.71247534413982,378.4831743056273,81.54201509724905,-3.1797263059720853e-06,1.8399260559582433,1.8399292356845494,1.406742353182754,2.3287161375634513,7.117186981586942,-3.2270600195887793,12.156094299847894,15.478304318849174,36.5627899715487,15.138163303943998,-1.4892107350667192,1.6713864598433643,3.1605971949100837,2.406208134673335,3.9386201439854545,11.44142601647915,6.644661868129894,8.471469963063686,10.523980160116839,24.07146294756119,8.161043258600786,-2.7853014634947697,-0.011330163644735033,2.7739712998500345,1.8760157968644238,3.386619070204635,7.055326561486219,-0.06670761531434348,3.181575631920733,3.3825495030154844,5.339754086493168,3.381891665090615
1051,9,family_1,50_percent,1354,4.81347,-0.2903133794191504,0.25019338134606794,0.5405067607652183,0.6782879362626563,2.460178797473556,5.603114333761669,3.6982466118528943,26.582225549384987,41.339288244835934,167.22731972687774,41.17353184495531,-1.0213816567034462,-0.3826280033582903,0.6387536533451559,0.7426529637239208,2.520640393985468,5.959803089722055,89.78486519214101,91.16058436938424,102.69907582317705,323.53476528094006,49.857578735471456,1.2690937407168865,1.8183567255029696,0.549262984786083,0.678230126374395,2.492420526207395,6.438990028005694,-139.53463215006212,145.76959898847042,161.83988671964394,378.53226694738913,81.98923931940115,-3.349735461278798e-06,1.839931228253884,1.8399345779893452,1.4067436143826366,2.328123144416288,7.117357933810898,-3.2021433663835053,12.186446584302892,15.512488550952945,36.46625195295269,15.17839184184452,-1.4892107339889973,1.671385821547564,3.1605965555365616,2.4062060077777003,3.9389375462824923,11.441531564733392,6.6373764796845105,8.465545865638031,10.525472434566238,24.12230051792408,8.168892424175054,-2.785204830125699,-0.011330163115533755,2.7738746670101655,1.8760276856012208,3.3865793477397177,7.055347420498909,-0.06875269379142378,3.1843331315791814,3.3946971531984516,5.410684387423899,3.3940008587255974
1051,10,family_1,50_percent,1354,4.81347,-0.2903150155229014,0.2501935034162196,0.540508518939121,0.6782863804912362,2.460404002251468,5.603189942539263,3.5471159116930826,26.3209192295196,41.29563423801243,166.8842309160812,41.1430112635028,-1.0213816172522845,-0.3826267525275799,0.6387548647247046,0.7426508726887886,2.5209091538479345,5.960144428788184,89.75064503899497,91.07402902198177,102.57807811796744,323.62187801279913,49.669747588045524,1.2690937415433583,1.818364056719344,0.5492703151759857,0.6782412213917531,2.492345167120273,6.438992086992416,-138.66899195671303,145.02365373746858,161.27347842683469,375.46057831221526,82.34103177395684,-3.510191482896695e-06,1.8399356408650482,1.839939151056531,1.406748676756107,2.328233949454257,7.117104647901217,-3.1146939277264933,12.483068399056243,15.860153888404286,36.922455236989265,15.551307440226667,-1.4892107685766252,1.6713652861760826,3.160576054752708,2.406221486612751,3.9399050348273734,11.441452498617,6.602769481890569,8.409609966872553,10.463713847089219,24.081521221869146,8.11743448650996,-2.7852047300263068,-0.011330152712462557,2.773874577313844,1.8760204576363044,3.3862035733580487,7.05394607029005,-0.016927143339046578,3.106056276434195,3.325131924883034,5.299608145792018,3.3250888393687665
1051,11,family_1,50_percent,1354,4.81347,-0.2903137003937875,0.2501935048705946,0.5405072052643821,0.6782838362315897,2.460299270732239,5.602865825432485,3.4920075790912377,26.28572570997918,41.1897516838498,167.18550851953898,41.041461071028856,-1.02138165661148,-0.38262733961998047,0.6387543169914995,0.742656715333886,2.5208934698424885,5.960229197164262,89.52283401123839,90.92562090350475,102.50066288033184,323.91081372680776,49.92041748126408,1.2690937407168859,1.81836495426739,0.5492712135505042,0.6782325522686956,2.4924197645660744,6.439318847589943,-139.52518560200676,145.7943912927254,161.91275651271135,379.97932073294476,82.14903106105463,-3.059692556576967e-06,1.8399316649008335,1.8399347245933901,1.4067487426963756,2.3287316854541023,7.117328660743529,-3.2011011626416117,12.237953549262295,15.581569710848376,36.58517894126657,15.249205421941237,-1.4892107341551017,1.6713849181879887,3.1605956523430905,2.4062040715203574,3.9385953755899776,11.441135264131105,6.6416151108903785,8.494659389455672,10.559910866294443,24.183496040241813,8.209790875709079,-2.7853380908570653,-0.011330283916033376,2.774007806941032,1.8760556473649783,3.386123236843018,7.05693096325362,-0.07945637393891736,3.223465393046292,3.436938399005782,5.403860057749695,3.4360198257869388
1051,12,family_1,50_percent,1354,4.81347,-0.29031463542007424,0.2501933582350086,0.5405079936550828,0.6782864262086179,2.4602683641487326,5.603087636883286,3.442428621523294,26.326355456273888,41.302604033205114,167.18864375274325,41.158896791695575,-1.0213816566437677,-0.38262800612590214,0.6387536505178655,0.7426548529109599,2.5205174129908663,5.959930827945658,89.77720908117139,91.17075613535357,102.69052619426321,324.0728110369208,49.853755120856185,1.269093741543335,1.8183576534273602,0.5492639118840252,0.6782363882883824,2.4923471664008394,6.4387932620655945,-138.812479886755,145.15599842055232,161.41547658542115,376.79640587086783,82.37749394699917,-3.4053707005941094e-06,1.8399351145199518,1.8399385198906524,1.4067434208597458,2.327437490479348,7.116895743097301,-3.196670785806386,12.443086654305086,15.861581564177374,37.050288848692496,15.536121317890883,-1.489210735260391,1.671379760303933,3.160590495564324,2.4062029349399796,3.939085229472392,11.44163539246653,6.5875355311600785,8.446207320741465,10.502694339717944,24.25891740948137,8.179912225644406,-2.78523641049365,-0.011330043847477699,2.7739063666461723,1.8760498975327935,3.3860550210791476,7.05605302471331,-0.007564609166848154,3.1022778035792746,3.336742536398657,5.346143457111038,3.336733961660758
1051,13,family_1,50_percent,1354,4.81347,-0.2903168872794544,0.2501936645216066,0.540510551801061,0.678281072965998,2.4602337263017633,5.602863089922045,3.3623061730937884,26.115569063714492,41.09793919699584,166.7299162607587,40.96016971935471,-1.0213816566132545,-0.3826273386982909,0.6387543179149636,0.7426583221167035,2.5209155791738254,5.96023827173485,89.48776993399899,90.91819529867105,102.5089528483804,324.09001552892624,50.00024446251381,1.269093740716467,1.8183634295057076,0.5492696887892405,0.6782300542611455,2.49242052611027,6.439120655536665,-139.6217541950055,145.865307002291,161.90960064673845,377.07299098802287,81.97856144807484,-3.228554378328993e-06,1.8399353424466725,1.8399385710010507,1.4067460123854056,2.326980216321787,7.117421466869864,-3.1912100195357027,12.257492913138499,15.613571300910639,36.53825738786128,15.283971583977618,-1.489210768403206,1.6713853438130888,3.160596112216295,2.4062128379583916,3.9387349876244597,11.441650985339905,6.619364316307999,8.513738329074721,10.587212987336025,24.221019826397,8.262753468862844,-2.7852409664346354,-0.01133053179039818,2.7739104346442374,1.8760622518959638,3.3863123912581994,7.055664020616968,-0.028873327470901225,3.212011547738493,3.445893624022883,5.52635078020458,3.44577265631996
1051,14,family_1,50_percent,1354,4.81347,-0.2903186395400617,0.25019348451230033,0.540512124052362,0.6782861924800353,2.460390543187294,5.602962907080905,3.553062990970224,26.38741270778344,41.22472508426631,166.90670424900185,41.071324566606485,-1.021381656654681,-0.38262800171947714,0.6387536549352038,0.7426560534857555,2.520332067036092,5.959786059172548,89.56480270628454,90.99911595520108,102.57850334485781,323.64417677000074,50.004954401092384,1.2690937407168923,1.8183581732077447,0.5492644324908524,0.678227079732658,2.492413487451038,6.438948190843806,-139.48306379794127,145.72860026496767,161.8452416851102,376.83054656309235,82.08749703609666,-3.471691963518144e-06,1.839935365670627,1.8399388373625905,1.4067465053277624,2.3282183637795466,7.117089373677409,-3.1923945686490742,12.39364306012389,15.794111647725845,36.861790728312606,15.468114935533972,-1.4892107684156695,1.671384011941003,3.1605947803566723,2.4062157601636645,3.9384733899073505,11.44157123180685,6.639281244937029,8.539232315725329,10.62135729697024,24.412190275992277,8.290547351081857,-2.7852227770085434,-0.011330466839622178,2.7738923101689212,1.8760641022378979,3.3856137712848886,7.056485828490314,-0.04341171233713818,3.1940242986413123,3.4269513961296543,5.497098363760051,3.4266764210626808
1051,15,family_1,50_percent,1354,4.81347,-0.29031725383138113,0.25019414815756935,0.5405114019889505,0.6782798691763411,2.4603571030823663,5.60273999644674,3.1746366653463363,25.822429761517657,40.9779217328977,166.46963496499353,40.85476412354535,-1.0213816567372342,-0.3826292310817576,0.6387524256554766,0.7426590493342398,2.5205522113163936,5.960049659077022,89.6223897154717,91.08975440335341,102.71002834869076,325.4113878434482,50.17147780439572,1.2690937407168859,1.8183582668433864,0.5492645261265006,0.6782303316662356,2.4924106369781565,6.439095348792173,-139.32743238727505,145.5427946427659,161.57648922087074,378.1077534873156,81.82193137118833,-3.2105747716842314e-06,1.8399356658289654,1.839938876403737,1.4067480197232458,2.328104741427357,7.1174478034405935,-3.1574799402029248,12.270881525981622,15.667476724733788,36.483117094686854,15.346014054056223,-1.4892107339820084,1.6713666170357364,3.1605773510177446,2.406210093000097,3.9393018859527715,11.441436062389018,6.6289482509573245,8.497711295976963,10.581945191008884,24.42348994680801,8.24830946992448,-2.785301915322436,-0.01133028566387434,2.7739716296585617,1.876069241762553,3.387468949362776,7.056763493608089,-0.08041434997188605,3.280434713024613,3.503347350179387,5.605046351616841,3.502424330135847
1051,16,family_1,50_percent,1354,4.81347,-0.2903209789301231,0.2501935008104941,0.5405144797406172,0.6782770673168735,2.4603203188952523,5.602584573802754,3.087953916192867,25.77286446139643,40.987379055482265,166.36889608143932,40.870891627774114,-1.0213816175514476,-0.3826280150164188,0.6387536025350289,0.742659591985955,2.5211096379672857,5.9601132165123305,89.41757628485995,90.91182064168852,102.55119239967621,325.03805326153207,50.211991734411974,1.2690937407168505,1.8183633313262657,0.5492695906094152,0.6782273921049546,2.4924962097877543,6.4387935056983086,-139.60492430090102,145.85456581780377,161.9872341009357,376.5833618419808,82.16038657778475,-3.253014191355828e-06,1.8399436146572998,1.8399468676714912,1.4067476318099088,2.328731538449581,7.117260913613993,-3.1747704360528424,12.334870930385186,15.763718302062887,36.54399740411996,15.44071395321982,-1.4892107339892133,1.671365098046378,3.1605758320355912,2.406210063746989,3.9395721954328216,11.4416404201051,6.618604130832375,8.491475279823026,10.565436160440303,24.397650551242982,8.235442952244169,-2.7852634975307407,-0.011330398914393856,2.7739330986163466,1.8760845776632356,3.3863888152751813,7.057935885056547,-0.038847524676367845,3.264988328125285,3.501085822105001,5.563414707465584,3.500870292308924
1051,17,family_1,50_percent,1354,4.81347,-0.2903211743375531,0.25019362192101935,0.5405147962585725,0.6782799302071569,2.4602138861499543,5.602719474110994,2.9644085421450113,25.768227410045387,41.066549818981855,167.005221789712,40.95941645128964,-1.0213816173379482,-0.38262801244132516,0.638753604896623,0.7426564944919604,2.520958213664575,5.960029116676284,89.39022330224441,90.86134662626536,102.48546634338513,324.390031111538,50.126428055428065,1.2690937407265621,1.8183634306498029,0.5492696899232408,0.6782242183714551,2.4924571472441497,6.4386748331243036,-139.31361826683593,145.48203157806134,161.44756902807268,376.3290226851983,81.59064474850415,-3.3054935684962015e-06,1.8399356541003988,1.8399389595939672,1.406747353722749,2.3287378983581486,7.117338532428674,-3.1631415260686033,12.45351073224992,15.869372345980148,36.937247323239205,15.550932909038606,-1.489210768397907,1.6713731547214339,3.160583923119341,2.40621207074715,3.939550174884864,11.441660660772989,6.6349550254881935,8.534923404669799,10.615610715433554,24.404846678994858,8.286649665056238,-2.7852998015458508,-0.011329084633858537,2.7739707169119923,1.876091829075007,3.386527201262989,7.058629126556414,-0.09550920976250833,3.2838454958177157,3.5152911906728703,5.565000383817484,3.513993475530771
1051,18,family_1,50_percent,1354,4.81347,-0.2903185420283126,0.25019359848153416,0.5405121405098468,0.6782825488273985,2.4603353686907785,5.602810455733128,3.4235505079035073,26.179783209854538,41.132452023534015,166.67685117578694,40.989729340264745,-1.021379943552259,-0.3826266023195807,0.6387533412326784,0.7426586120738361,2.5208360185323158,5.960198892520657,89.46405146142477,90.94527066150924,102.53282483081243,325.0788379708829,50.09155281974802,1.2690937415376589,1.8183599373758443,0.5492661958381855,0.6782387377424732,2.492406379032043,6.438675195734035,-138.2326247271873,144.49354242595632,160.60651967073431,375.6515861633395,81.76916057890399,-3.3498286799956716e-06,1.8399475804970864,1.8399509303257664,1.4067495307850248,2.3274536459695456,7.117150502179008,-3.1759001062746566,12.653545768045383,16.15599482659791,37.679827032601395,15.8407647338133,-1.4892107341471845,1.6713650884340494,3.160575822581234,2.406208492674895,3.9389510926616693,11.440833925753193,6.591735601616459,8.462424740433804,10.538777601157797,24.2166707421915,8.222825249574951,-2.785234440843166,-0.011331005118653311,2.7739034357245127,1.8760564248653475,3.3859699307278484,7.056402121214055,-0.0459864592396809,3.1516533455282962,3.3847317298588053,5.434002200506895,3.3844193192746634
1051,19,family_1,50_percent,1354,4.81347,-0.2903208495456049,0.2501934721987562,0.5405143217443611,0.6782780117114594,2.460154713451507,5.602601655072263,3.0009545356857172,25.83556645246336,41.07889651321817,167.0451742365978,40.96913485318472,-1.0213816175461052,-0.38262801552915693,0.6387536020169483,0.7426603158138829,2.521180203988151,5.9601530288632585,89.39685695665553,90.92511579908229,102.59334484894231,325.8515861773488,50.33484254038417,1.2690937407164424,1.8183633851309304,0.549269644414488,0.6782196510935997,2.492582999773985,6.438383458509954,-139.37337338094432,145.53282520654858,161.49363713089312,375.7858834756084,81.5797623567295,-3.1984104283135473e-06,1.839935310779338,1.8399385091897662,1.406747479352373,2.3274382330816086,7.117252017038491,-3.1738483541376383,12.43489049286952,15.857319181683131,36.88940220554824,15.536449345159708,-1.489210733973873,1.6713755028976034,3.1605862368714766,2.4062099831709354,3.9394212523078433,11.441595803595298,6.614679614280697,8.501204884241549,10.576737436574435,24.388416507147774,8.253083569348762,-2.785351461116421,-0.01133277094432398,2.774018690172097,1.8760843994194614,3.3863918178952126,7.056819301215694,-0.09183844546781936,3.1978479367612573,3.432270171846645,5.469762534904341,3.4310412752519097
1052,0,family_1,50_percent,1835,6.523425,-1.7458457210471652,1.5708058478757105,3.3166515689228757,1.8701216088251582,3.1464716885434236,8.232492529883697,10.362812091655652,51.23371787874659,74.29609571590704,247.07148370894225,73.56984412230503,-1.0562971178235832,-0.3826125232218804,0.6736845946017027,0.815209661644636,2.52311531451554,7.089357780052756,101.58821598202135,105.52825145775871,119.50256937994942,346.2834272259258,62.93408029041027,0.8278908987563762,1.7199314246497872,0.892040525893411,0.7441742340354217,2.4924470167813113,7.422282553421758,-165.5002291240381,175.7786020940827,191.4217012845275,631.1288492364721,96.18701514525628,-1.6313316717805275,5.8464901170446e-05,1.6313901366816979,0.9125695184780943,1.7512392103158467,3.543348887811077,5.247950589307776,10.643436619795494,15.078079602482385,41.56054960865316,14.135328051056316,-1.4892084363947535,1.7562118653375036,3.245420301732257,2.2250875573030764,3.9049753826075966,12.806759449112647,2.414464589128638,6.987138065048498,9.02300861251945,25.331418379207012,8.69396602072058,-0.029790339834688453,1.9550575319452752,1.9848478717799636,0.8537521467530237,3.1441577601669337,4.557016900314128,0.23785281345960335,2.6256333026560865,2.767390437220411,5.301493375518963,2.7571499544182085
1052,1,family_1,50_percent,1835,6.523425,-1.7458441595134988,1.5708058237092686,3.316649983222767,1.8701187344928465,3.146626200990783,8.233685451100465,9.80331702569896,50.03802035325733,73.33876377087243,243.5003502255503,72.68059745718571,-1.0562971100381613,-0.38261344193632935,0.6736836681018319,0.8151916245997807,2.5233018964026583,7.089746948637829,102.47116544703326,106.07509600751463,119.97437246608106,345.44972779707064,62.39799917110073,0.8278964346219173,1.7199314258179386,0.8920349911960213,0.7441206949090998,2.492466007834361,7.420951195640326,-168.45259367430972,178.53902254388083,193.14333528587923,635.2620882641424,94.4884736343617,-1.6313268004961823,4.427260688345057e-05,1.6313710731030657,0.912561570959372,1.7521668982226182,3.542859014692407,5.386316937705237,10.28967929375805,14.546262744040066,40.263864194943594,13.512266636846597,-1.4892084523379,1.756193611757986,3.245402064095886,2.2250791581433282,3.905120587823755,12.807553401335039,2.4135129039944463,6.966343553275483,8.966874550337689,25.308022315996865,8.635959394516975,-0.02978931811342075,1.9549207825703103,1.984710100683731,0.8536806354574249,3.1447261156627464,4.553560001536512,0.15007052258517373,2.58323632149692,2.7076427128664395,5.0360030164757354,2.703480700650505
1052,2,family_1,50_percent,1835,6.523425,-1.7458190198324957,1.570805848263189,3.3166248680956847,1.8701236279641766,3.14665592085553,8.23454650681778,9.992843118903238,50.221495348672086,73.51571122511179,243.867588558311,72.8333912661975,-1.0562971100611052,-0.3826134371181254,0.6736836729429798,0.8151905524434726,2.523165190051309,7.089616301506824,102.81276933162368,106.41736353683534,120.26099658994431,345.40867756195365,62.3878334546804,0.8278973113488785,1.719945528660015,0.8920482173111365,0.7441341340458413,2.4924335673599254,7.421256603031567,-167.25564244352725,177.37789179639094,192.03737204586184,633.4989651085722,94.3604913779264,-1.6313268865231307,3.678799128923866e-05,1.63136367451442,0.9125615301088211,1.7517974857133625,3.542564395308541,5.28493426012023,10.461142394047897,14.743990417920365,40.40267244674531,13.764255276255776,-1.4892084533214058,1.7562085595219,3.2454170128433057,2.2250841474239724,3.9051249228722185,12.806914132566307,2.4106597207937037,6.912609371110224,8.9023146562076,25.162347125635538,8.56970979372531,-0.029789317132393942,1.9550190036704436,1.9848083208028375,0.8536966435714494,3.1446547304767516,4.554531770855486,0.17792782329838217,2.561895782912101,2.692092085857747,5.069241004162551,2.6862057792422043
1052,3,family_1,50_percent,1835,6.523425,-1.7458184918934025,1.570805848262358,3.3166243401557605,1.8701192987557165,3.146282790352663,8.234419762074953,9.534585599081682,49.561362666271414,73.17462665435046,242.94388346674177,72.55079367903126,-1.056297110061531,-0.3826124732456923,0.6736846368158387,0.8151897816987862,2.5242896148981653,7.090341585953707,102.8104428041575,106.3027692455579,120.19658333526876,344.89906432510134,62.26741921651534,0.8278914267553367,1.7199314236607728,0.8920399969054361,0.744110456324551,2.4924358212771844,7.420841169067031,-169.0388522580717,179.10744193554908,193.40806760476875,635.3403363286042,93.9816314068053,-1.6313267489914178,1.607983301900476e-05,1.631342828824437,0.9125634354469252,1.7523096466971375,3.5435501711118396,5.176210827429063,10.522498880399313,14.732421174459661,41.10538393055581,13.793153197571376,-1.4892084365790799,1.756148793008492,3.245357229587572,2.225083380265754,3.905077910156854,12.807210366432141,2.413599257340264,6.958148680088286,8.942085816646633,25.22488955189811,8.610193806020828,-0.02979021816018437,1.95496545156672,1.9847556697269044,0.8537194493222295,3.1444258504937745,4.5550166358939475,0.18279686055381916,2.613387792461238,2.747925714475352,5.112791751671468,2.7418389887166135
1052,4,family_1,50_percent,1836,6.52698,-1.745819022670565,1.5708058464038512,3.316624869074416,1.8696130729521832,3.14615800838066,8.232471087293133,9.800425434783076,49.927007916999194,73.36732405066202,244.2995879460098,72.70980607629282,-1.0562971100368836,-0.38261347537724805,0.6736836346596355,0.8149709836325436,2.524386952276126,7.088592745899443,102.69255239175902,106.23345219650405,120.13567697433324,345.3759057378459,62.34437075909236,0.8278922007444302,1.7199354148061965,0.8920432140617663,0.7439267150853549,2.4915286137528603,7.419623390074662,-168.4399159451689,178.57828082988846,193.0069192861878,634.7105060080296,94.23197763354777,-1.6313252568852907,1.9008204686820592e-05,1.6313442650899777,0.912316367985116,1.7523433242369066,3.5424286615181786,5.277544222629236,10.646367713957437,14.89135225247661,41.20795126791384,13.92479439293568,-1.4892084390834583,1.7561623714016978,3.245370810485156,2.224474523476481,3.9051240683619133,12.803866661081141,2.4012927647111404,6.939687742723974,8.928395438065234,25.177638723403266,8.599420803554736,-0.029790054039819016,1.9549668935645925,1.9847569476044116,0.8534656169688184,3.144502032450064,4.553657738649279,0.13916303508374323,2.642508324633815,2.7658348933358345,5.147851615054449,2.762331679371673
1052,5,family_1,50_percent,1835,6.523425,-1.745819232035357,1.5708058464062515,3.3166250784416085,1.870115325505044,3.1458799510263815,8.23405974077928,9.246556550711697,49.107132034364334,72.81934664828877,241.2373044956077,72.22989989082178,-1.0562971100386347,-0.3826124064800222,0.6736847035586124,0.815191173067956,2.523436711250286,7.089941357989103,103.00261041394212,106.55150079289851,120.42366123693611,345.5169567619652,62.38846394664651,0.8279005321484421,1.7199314244122947,0.8920308922638527,0.7440863515210125,2.491643729989141,7.420265770244656,-169.83144196811725,179.76700876941302,193.58564309404053,633.9087672571374,92.91223025610388,-1.631317318320718,2.0730324120426363e-05,1.6313380486448383,0.9125593172832378,1.7525181458857815,3.5428772625608715,5.272103805979094,10.679224695665788,14.84579709875179,40.89523394438364,13.878134347104723,-1.4892084393835128,1.7561933867147697,3.2454018260982824,2.225080845473848,3.905067603773134,12.807143007110856,2.419150900059583,6.952405896151816,8.935273802902554,25.240652429924815,8.601559559497192,-0.0297899982338469,1.955057513971886,1.984847512205733,0.853731748538667,3.1442134352981057,4.556586730249633,0.23013054587447151,2.5636751960391004,2.699291383042339,5.0482293948431325,2.689463497135096
1052,6,family_1,50_percent,1835,6.523425,-1.745819239936951,1.5708058464037542,3.3166250863407054,1.870118794167258,3.1458653990149807,8.234651807772487,9.338592037393441,49.14432358835643,72.81845624363697,241.24505757581187,72.21716048464937,-1.05629711004091,-0.38261345816808434,0.6736836518728256,0.8151934522938539,2.524215432093478,7.090118031099488,102.93640984779866,106.51414606378701,120.40427254274309,345.9298919762967,62.46026236090573,0.8278963043952482,1.7199314244131536,0.8920351200179054,0.7440920700526169,2.4916308580861912,7.420419331876945,-169.65498431381582,179.59178551236423,193.39160450593474,631.6717600944248,92.8304852451973,-1.6313267126496158,2.5106809177790077e-05,1.6313518194587937,0.91256639923506,1.7523837979816719,3.543545909708604,5.3688008690347075,10.686680778576445,14.89618520983259,41.08448239456686,13.895046276795458,-1.489208439342199,1.7561474781318978,3.2453559174740967,2.225077972327005,3.904598617240481,12.80696225735349,2.410377284250574,6.95037392171214,8.937338866427327,25.254764492148254,8.606166821583306,-0.02979046931123443,1.9550583195959026,1.9848487889071371,0.8537289613519925,3.1439279492080168,4.55710486604718,0.2516921739284795,2.5643993723209064,2.70409587448839,5.058253180382601,2.6923568760489913
1052,7,family_1,50_percent,1835,6.523425,-1.7458192235601424,1.5708058483183396,3.316625071878482,1.8701120363500803,3.145974363098619,8.233796741643419,8.94067971880835,48.618162322074184,72.56707797271802,240.6037586420492,72.01420034732196,-1.056297117853254,-0.38261039854242285,0.6736867193108312,0.8151950519862646,2.523323759094203,7.08981249797813,103.00360753125743,106.58865228593145,120.46611985780604,346.12144694806545,62.46873513320065,0.8279003052868388,1.719931470347879,0.8920311650610402,0.7440766349962994,2.492302395221108,7.419748626397832,-169.12225313897014,178.87750536343623,192.7365749894544,630.8898317226808,92.43944413432875,-1.6313243978932914,2.1502523278450798e-05,1.6313459004165698,0.9125649624673322,1.7524593073336387,3.5435043368677617,5.229064124401989,10.639285719508788,14.85024894045455,41.19836524817018,13.899164794201253,-1.4892084366411928,1.7562076795864192,3.245416116227612,2.2250845320670125,3.904341046237917,12.80731957322393,2.43222325572383,6.9212691260102,8.90787459716178,25.207655335527235,8.5693943702619,-0.029789812050452558,1.954965433707987,1.9847552457584394,0.8537272081665083,3.1441444773877127,4.555618514214477,0.2588578427084587,2.630303586796532,2.7498525076560916,5.115965482942986,2.737641581933401
1052,8,family_1,50_percent,1835,6.523425,-1.7458189500645367,1.57080584797866,3.316624798043197,1.8701114306726399,3.1456766935167457,8.233498799239358,8.336550846271072,47.90704208532523,72.28854145954679,239.8958678397324,71.80623333900861,-1.0562971100633896,-0.38261343831343725,0.6736836717499524,0.8151965850801501,2.523285762834556,7.090063320889995,102.79261716023115,106.40385267772041,120.31848204842399,347.15345481121886,62.53171179319402,0.827891364187725,1.719931471516276,0.8920401073285509,0.7440803716934259,2.4923292189786066,7.419783541969577,-168.6798733072896,178.49483128274335,192.42802871065948,632.1598953680871,92.60478699563602,-1.6313334389043472,2.4749022519696025e-05,1.6313581879268668,0.912566701292257,1.7526158197157056,3.5435829731573523,5.228353769294647,10.618621405191814,14.855447399113338,41.27983424156061,13.904985950763333,-1.48920843664058,1.7561629549213789,3.245371391561959,2.225079239596138,3.9045340286084294,12.80690897426791,2.420944695256133,6.921569420576471,8.91277242442631,25.380827904515257,8.577676787576296,-0.029789894741296827,1.9550237517764442,1.984813646517741,0.8537394960609139,3.1442506371602312,4.557890486298618,0.17157601384771862,2.590993151855002,2.717762745921381,5.075387478018175,2.712341426625758
1052,9,family_1,50_percent,1835,6.523425,-1.7458142865859032,1.5708058475888538,3.316620134174757,1.8701028745999193,3.145889898474591,8.232881828618435,7.051244590470349,46.37027509891857,71.79372226456815,238.1198438296042,71.44661298009382,-1.056297109726221,-0.3826134291496219,0.6736836805765991,0.8151969655671208,2.5233875582555627,7.089902504696923,102.8655921824375,106.48274427364805,120.36213162814218,346.6917194472251,62.49570125237959,0.8279005821760529,1.719931432089995,0.8920308499139421,0.7440933828349212,2.492332841448988,7.420815234644186,-168.88148896300888,178.754348415257,192.80660349996575,634.3182891549079,93.02380898904386,-1.6313244044227113,2.0947486493966576e-05,1.6313453519092054,0.9125660251244779,1.7523468640187982,3.5435855825196225,5.259364800198421,10.68969713830512,14.937870292427009,41.40368585146176,13.981382291168753,-1.4892084365982707,1.756206503448737,3.2454149400470076,2.2250862788371695,3.904520561586526,12.807056146895025,2.411535407684254,6.944296379569694,8.94190145056627,25.36357059013552,8.610580615099328,-0.029789540470460042,1.955065126069367,1.984854666539827,0.8537571887892814,3.1441028218605838,4.557514931485424,0.2504535184079515,2.589145899114897,2.724985678578939,5.140362265631629,2.7134516733447454
1052,10,family_1,50_percent,1835,6.523425,-1.7458142705841302,1.5708058838722845,3.3166201544564147,1.8701057484281713,3.1457889804086103,8.233231419680969,6.856233098923538,46.237985356135276,71.77310521208902,238.7042618980775,71.44487874913656,-1.056297110061693,-0.382611353595861,0.6736857564658318,0.8151894760970302,2.523123244600883,7.089691066650665,102.97117989675209,106.53860126912079,120.37371105585693,345.7891198312483,62.343936545823404,0.827892451261471,1.719931471580175,0.892039020318704,0.7440990030784043,2.492400133148408,7.419999569738621,-167.956245437851,177.9079645697147,192.03534289810423,631.1875208006095,93.1035581511943,-1.6313319865628904,2.1336241903208748e-05,1.6313533228047936,0.9125674695277532,1.7524239076426777,3.5434160105461467,5.2901422611482625,10.938354205418264,15.23633764981461,41.92158707458991,14.288470171294454,-1.4892084393840996,1.7561857713783742,3.245394210762474,2.2250759961786692,3.904880216274867,12.807094203356145,2.3999829197077056,6.8879666997727735,8.878283282092557,25.146690344688864,8.54774800881469,-0.02979006357207402,1.9550531424869553,1.9848432060590293,0.8537299798442713,3.1442384772238197,4.556280620122109,0.22822948281170075,2.5463603390017724,2.681084706607882,5.109678770500427,2.671352935720433
1052,11,family_1,50_percent,1835,6.523425,-1.7458143224904235,1.5708058370130789,3.3166201595035023,1.8701008750929864,3.1459031193559115,8.232614691615604,6.682590117365281,45.90197094655536,71.63532654043078,237.55606039009783,71.32294860616348,-1.0562971100390728,-0.38261343051422936,0.6736836795248434,0.8151961043579995,2.523527654374953,7.090040206104654,102.69580162148193,106.32723098552769,120.26917997839385,347.3025885417758,62.59591026573955,0.827890993044928,1.7199314320908237,0.8920404390458957,0.7440840105666928,2.4924152771487296,7.419921149146296,-168.91663984457622,178.78295361922906,192.8419407695389,632.9229860421491,93.0332354773286,-1.6313334357939395,2.2478855672274715e-05,1.6313559146496117,0.9125680665163972,1.7522649199249531,3.5438031879863514,5.27972633495227,10.692072840952877,14.919952614703567,41.556279101162076,13.954550363698978,-1.4892084365981708,1.756144999839029,3.2453534364372,2.225081675976204,3.9053100374815295,12.807054254209833,2.405594966450997,6.968047333533928,8.965285412854637,25.379267337662046,8.636518707866601,-0.02979061945883301,1.9549654676553672,1.9847560871142003,0.8537343973869578,3.144216677228115,4.55645632985867,0.1765085924715102,2.6413459262529173,2.7692208401250236,5.153276966808897,2.763589835371101
1052,12,family_1,50_percent,1835,6.523425,-1.7458145440921349,1.5708058838722947,3.3166204279644296,1.870104956720906,3.1459349817419966,8.233131572683966,6.949314753104923,46.30078636346726,71.76059522241056,238.46656511010696,71.42331587889862,-1.056297110040612,-0.38261343024019845,0.6736836798004135,0.8151911987154385,2.523383554991785,7.089526371675706,102.93834212201784,106.57492051075789,120.43155859523932,346.1038508938648,62.50966346773089,0.8278985153592063,1.7199314258184633,0.8920329104592569,0.7441023059805448,2.4923787390393577,7.420528000907196,-168.16669318006785,178.11020018795926,192.2686877619364,633.4546102331062,93.20521229297171,-1.631326774693686,2.3686267593135848e-05,1.631350460961279,0.9125652421153772,1.7526913101647437,3.5430414444693143,5.216833943816363,10.881720954494103,15.17275837137618,41.871833402893685,14.24770999841067,-1.4892084393919622,1.7562078787767272,3.2454163181686893,2.2250785331160223,3.9045230377876736,12.806834342611978,2.396563713113997,6.935075122368561,8.938530108459597,25.188190293442425,8.611260236970194,-0.029790327178871992,1.954999868227246,1.984790195406118,0.8537285128093487,3.144622168163693,4.55471268724025,0.18885742516212917,2.5692050064016256,2.7018466471724873,5.144197071306807,2.6952380558678564
1052,13,family_1,50_percent,1835,6.523425,-1.7458142865944053,1.5708058367062885,3.3166201233006936,1.870099240587481,3.1459488094986265,8.232472839184942,6.483587343483049,45.665937707415495,71.5027998240473,237.66160301626167,71.20824023831234,-1.056297110037785,-0.38261348463514966,0.6736836254026353,0.8151990765897182,2.5236565168060867,7.090204610239459,102.63056364429195,106.3092409577308,120.25841655011428,347.3964244941182,62.68216777677475,0.82789725695016,1.7199314320908228,0.8920341751406627,0.7440813365069752,2.4924152774477246,7.4198190941856,-169.09636295260424,178.90998552008017,192.82232809417113,631.1548270753523,92.6653670356801,-1.631326863567732,2.1422314462665386e-05,1.6313482858821946,0.9125628326407477,1.7522808629053472,3.5430911081654,5.270891829957647,10.755219294491742,14.982641563566654,41.60607015582147,14.02487959089848,-1.4892084397329162,1.7561977534533877,3.245406193186304,2.225088910229354,3.905306424131529,12.807629215649065,2.402030430706499,7.000274640951709,9.021885925346313,25.56342606150962,8.696244905700498,-0.029789699900801606,1.955015653260111,1.9848053531609127,0.8537358838036491,3.144362248668109,4.5552558706482165,0.25423182162461033,2.5575626576399944,2.703547601506867,5.228458242110865,2.691567538533441
1052,14,family_1,50_percent,1835,6.523425,-1.7458145600967123,1.570805837060691,3.3166203971574033,1.8701009410731795,3.145871200333275,8.232784959475495,6.90076260011037,46.07616793234859,71.60223963485731,237.77698640325536,71.26892868750343,-1.0562971100413834,-0.38261342580942553,0.6736836842319578,0.8151940409249091,2.523270811946084,7.0898161001045255,102.82374845544369,106.4677362464472,120.34032687382009,346.24796474301337,62.52256413223557,0.8278956804275682,1.7199314320908747,0.8920357516633065,0.7440821247515473,2.4924130080566735,7.4198703508922055,-169.1867287429101,179.06067825360546,193.07992330384315,633.2196834546817,93.03605537796037,-1.6313267846979125,2.5010762883288777e-05,1.6313517954607957,0.9125664076499246,1.7522748638032883,3.5433242854437923,5.232791567674482,10.856812670078952,15.138244260769516,41.83040684669206,14.205081193291223,-1.4892084398033139,1.7561905943642053,3.2453990341675194,2.2250934681715333,3.9045110552367324,12.807403279825103,2.401256094729947,7.010194596100259,9.038094488664363,25.424587910098907,8.713272700515427,-0.029790463721547557,1.9550583564073365,1.984848820128884,0.8537575181141093,3.1442703348982803,4.557355101615387,0.221116682925744,2.5986718944688887,2.7349515622785834,5.220166257639959,2.7259984337013075
1052,15,family_1,50_percent,1835,6.523425,-1.745814631920681,1.5708058367111701,3.316620468631851,1.8700965356201678,3.145987760365506,8.232173057025816,6.3646491630214985,45.477522134004914,71.40758215790447,237.18722798921976,71.12337190171405,-1.0562971097213487,-0.3826134858760377,0.673683623845311,0.815204282405377,2.523024335419163,7.090257702742563,102.82946851997852,106.53423100807294,120.42946418405779,346.4846183895439,62.684577429843166,0.82790040614032,1.7199305268986602,0.8920301207583402,0.7440817519050866,2.4924152773713675,7.419671341668358,-168.79440597175304,178.58703594406217,192.544657345751,631.0594870944982,92.63851026995033,-1.631314832666818,2.7622630319187514e-05,1.6313424552971372,0.912564305804724,1.7524362829690703,3.5434930635956663,5.257168374097212,10.727270232626061,15.017977860921835,41.73180708912589,14.067758873307803,-1.4892084397042398,1.7562063096799634,3.245414749384203,2.225095424184191,3.9052672919999885,12.807246805823123,2.4114673741581396,6.9726605455959225,8.992890191430153,25.411850471734798,8.663538486005098,-0.029789929548076445,1.9550881099559405,1.9848780395040169,0.8537659871652289,3.14403896537321,4.559701350697713,0.17143869415663684,2.6410749618718,2.7780395709254697,5.246382497593208,2.7727446026948885
1052,16,family_1,50_percent,1835,6.523425,-1.7458131398270158,1.5708057981931627,3.3166189380201785,1.8700970616924542,3.1458953362560242,8.232055248289836,6.11036363760886,45.21573656945967,71.37338828607749,237.2989282394004,71.11134938708005,-1.0562971096862308,-0.382613336461558,0.6736837732246728,0.8152004275744462,2.5231159400529806,7.089719320691134,102.57032316718907,106.28268550272938,120.25001172363618,347.83351634420063,62.76459292398089,0.8279004646515149,1.7199314320908232,0.8920309674393083,0.7440783439571176,2.4924153769510338,7.419925335499787,-168.9861349372669,178.8360690643731,192.78012162958512,630.9151930940886,92.77856161032813,-1.6313135096113844,3.0138186185764172e-05,1.6313436477975702,0.9125645623391959,1.7521314996297006,3.543146838055097,5.262217930370845,10.803129670471423,15.113266218765556,41.71163381775316,14.167564302044433,-1.4892084366406622,1.7562116576173714,3.2454200942580336,2.2250936333766087,3.905631689358471,12.806489132162207,2.4061514087081255,6.972641571592597,8.981133286061803,25.441103070153716,8.652814022061214,-0.029790434711911992,1.9549663127865977,1.9847567474985097,0.853735944232066,3.1446307400252134,4.554863795143381,0.2122224031535007,2.6382924152332854,2.7679448906602984,5.262634553843434,2.7597971971382615
1052,17,family_1,50_percent,1835,6.523425,-1.745813112026878,1.5708057981931633,3.3166189102200416,1.8700969758892962,3.1458500772591145,8.232104669580096,6.396121052622637,45.532064070090016,71.43174400492744,237.2590256909359,71.14480787145106,-1.056297109739312,-0.382613436385372,0.67368367335394,0.8152024614971685,2.5233551414351076,7.090175890871929,102.60236627049947,106.28655478549494,120.2304955467768,347.42954080885437,62.67476761119888,0.8279015245197637,1.719931518693743,0.8920299941739792,0.744082563272715,2.492400526783587,7.42036770106603,-168.59101855195976,178.3907885427985,192.24999292746568,631.9091614620331,92.39658134489265,-1.631324489270811,2.275441522046163e-05,1.6313472436860315,0.9125625392276083,1.7523207925868338,3.542912842622706,5.2499542110318895,10.890960670087717,15.182193236204892,41.763406043558,14.245594836423438,-1.4892084369524474,1.756213371532259,3.245421808484706,2.2250971907200188,3.905391257387748,12.807292144558874,2.3940274856127197,7.005811584121308,9.024652907442189,25.378873671649863,8.701321307590911,-0.029790763522413444,1.9549648039826908,1.9847555675051043,0.8537427749976526,3.144749280192831,4.555214232059768,0.19480096989127163,2.655798471141919,2.785748870078092,5.250673816871389,2.7789295329804222
1052,18,family_1,50_percent,1836,6.52698,-1.7458131039264202,1.5708057981931325,3.3166189021195525,1.869521883595122,3.145850799759062,8.242736050968661,6.3798246275329555,45.606003719449625,71.6016047085089,237.85748910467737,71.31681172455403,-1.0562970659671749,-0.38261343105867207,0.6736836349085028,0.8149904544604035,2.5234911282435446,7.086592719652709,102.46485356081185,106.16010783043757,120.12891581717066,347.5072177569974,62.70494557983656,0.8278922486184963,1.7199314320904817,0.8920391834719854,0.7439021351212997,2.492516209843562,7.415515865233172,-167.6075160262922,177.4718122653148,191.466927744132,628.5769558950899,92.55973742007299,-1.6313455547784996,2.2741798699274895e-05,1.631368296577199,0.912344906287653,1.7524761801999558,3.538037558062634,5.253751855577858,11.093688332269657,15.44453574384252,42.404311057308114,14.52349048207219,-1.4892084391379223,1.7561889604062295,3.245397399544152,2.224542873702483,3.9056375004204322,12.79453160278673,2.4073558324778994,6.949245667030587,8.963301751185115,25.44513053245909,8.633968738571667,-0.029789679420839165,1.9551188880639916,1.9849085674848308,0.8535171796482016,3.144480472340967,4.556124559339315,0.25105093564464176,2.5613376448891616,2.6911220658732815,5.174646186278431,2.679386385190092
1052,19,family_1,50_percent,1835,6.523425,-1.7458131120268825,1.5708058366714182,3.3166189486983004,1.8700977118001296,3.145701861354305,8.232064820525,6.428302238768026,45.5757967764234,71.44497320953104,237.39970811412502,71.15519044481337,-1.0562971097211222,-0.38261358366526005,0.6736835260558622,0.8152025963430979,2.5229874832499486,7.090026058139343,102.64151584001792,106.3725204763945,120.32947332460782,347.43426298960145,62.800488665621494,0.8279004481124937,1.7199314790250275,0.8920310309125338,0.7440726692523464,2.4924152980542758,7.419697428837802,-168.71514460177312,178.49311585643608,192.30438319024935,629.137522419034,92.2831283398274,-1.6313146768698006,2.2740260998642843e-05,1.6313374171307993,0.9125668630600431,1.7522722603097618,3.5433716190288638,5.251073049600827,10.867401462806694,15.167677495444503,41.76993942188785,14.229710904778406,-1.4892084369530163,1.7562120285685248,3.245420465521541,2.2250937117302243,3.9052616850276243,12.80694590553551,2.400052580759719,6.984856741635226,9.007727812034128,25.431476137164992,8.682102737544733,-0.029789831764585415,1.9549518688764667,1.9847417006410522,0.8537378704222623,3.144746888637117,4.554639432851026,0.2291829459918743,2.565256766402989,2.698152684758688,5.179564452705669,2.688401585986923
1053,0,family_1,50_percent,1534,5.45337,-0.25019891944695255,1.5708064182080623,1.8210053376550148,1.1041117912533218,3.1423390782905907,7.105222180230335,-11.555438434380614,38.414894627753284,53.006229403948105,206.51170423287024,51.731346379281604,-1.0213814077503667,-0.38262975807062855,0.6387516496797381,0.6977392687511667,2.5213323309074327,5.599378127758006,90.01245182538598,91.6058962972381,101.95559241561998,325.5800977302047,47.882160991360806,1.269086506177015,1.8184056768699703,0.5493191706929554,0.6372776335170419,2.492314079335294,6.050253569806982,-142.55579489948065,148.5575836453788,164.13758798198216,375.434192605887,81.35719469795,-1.8399734411989128,4.1950715318882445e-05,1.8400153919142317,1.3216426421874263,2.3285123538377546,6.686500238681639,2.50385197052211,12.165030906032419,16.135385233839997,38.281537202278216,15.939930425009212,-1.4892107654113138,1.6713641599102484,3.160574925321562,2.2606411277102834,3.9350401490310563,10.748256408474633,5.024791216823785,8.302426279506793,10.263088412507457,25.04663016731406,8.94888020873424,-0.02979308470918487,2.8478425909776495,2.877635675686834,2.0528900084412416,3.5435930076583313,8.431967671961814,-1.252943130539662,3.323266920578353,3.5840658373734806,5.732509607885746,3.3579251686511924
1053,1,family_1,50_percent,1534,5.45337,-0.2501948460236466,1.5708095481468896,1.821004394170536,1.1040963697249788,3.1423348646910165,7.105686700896505,-11.091230733561238,36.773299270992965,51.811020707683475,202.31127740345792,50.60994435471069,-1.0213814079046404,-0.38262963419313967,0.6387517737115007,0.6977262399534265,2.521406000300866,5.59969847580118,90.57170079024864,91.82981119173657,102.0555491781609,322.88243548792235,47.03298984774084,1.2690855984067062,1.8184072747133366,0.5493216763066304,0.6372512415258036,2.4923156540852194,6.050292641776776,-143.895251892775,149.62254752248896,164.67936001269564,379.6817058600376,80.08400649883754,-1.839946376106119,3.398077124115784e-05,1.83998035687736,1.3216353084554011,2.327837699634084,6.686583849291587,2.4267271215657087,11.673576231168008,15.360408652628369,37.278822625346706,15.167503072463768,-1.4892107658802325,1.6713638779923852,3.160574643872618,2.2606284885463204,3.9352840712532173,10.748251422505117,5.036958903579775,8.333589104077099,10.255977998109094,24.889351384553937,8.933875402161497,-0.029793061904909195,2.84789972318354,2.8776927850884495,2.052802487850877,3.5436162617716405,8.428298342722357,-1.1641475526371285,3.1269416984966933,3.3616034938932393,5.371963932117685,3.1535913695094075
1053,2,family_1,50_percent,1534,5.45337,-0.25019418687411393,1.5708095481233417,1.8210037349974557,1.1040986896653031,3.1422706310237802,7.105877780239238,-10.866110726403404,36.60917317513377,51.78169551351908,202.79765224309892,50.628762852121355,-1.0213814077569265,-0.3826293366696617,0.6387520710872648,0.6977245471159315,2.521074303251198,5.5995301889859395,90.89218297583942,92.10941603405922,102.27874126907277,323.22459946931286,46.89938154680139,1.2690895442742618,1.8184013304031181,0.5493117861288563,0.6372355787049808,2.492420701874627,6.049500117746929,-144.5375305407759,150.3056205679846,164.94378604392247,376.6924101565105,79.4692067386956,-1.8399734626466946,5.291305327712335e-05,1.8400263756999717,1.3216406014249915,2.3284586573423094,6.686763081928735,2.3170972418343347,11.799374492527436,15.546864919522667,37.57713538344912,15.373225725194054,-1.4892107659261542,1.6713621045016027,3.1605728704277567,2.260629529309793,3.9351057681536155,10.748528182173574,5.016425656734341,8.272528168394603,10.182901748568563,24.718805364233308,8.861543976726523,-0.029793103498050113,2.8478628909873667,2.877655994485417,2.0527751162610084,3.5424262261476356,8.427822691042127,-1.1679800025436744,3.1016186486583046,3.333164766203981,5.319435507475996,3.1218280017197806
1053,3,family_1,50_percent,1534,5.45337,-0.25019376242371694,1.5708099083943676,1.8210036708180846,1.1040927206464561,3.1423719980735085,7.105816997675794,-10.445738911842211,36.01213444427059,51.445057043459,202.00782244446847,50.37340997778865,-1.0213814074387801,-0.3826287073668125,0.6387527000719677,0.6977226381398093,2.521916024615412,5.600074939609789,90.84909725996972,91.99892994137359,102.19040300808122,322.78560949419875,46.79016984370347,1.2690895442757417,1.8184003522016634,0.5493108079259217,0.6372311862715683,2.4924041365902116,6.050266157181094,-144.5148304744374,150.2097573537243,164.98423381873147,380.1284413850808,79.59435395615994,-1.8399734360132327,3.034448966750009e-05,1.8400037805029001,1.3216405804187314,2.3288696779265594,6.686306466619896,2.5550061139718636,11.887554728034335,15.571314958477059,37.48553211315977,15.360266706462417,-1.4892107659006864,1.6713283254320643,3.1605390913327507,2.260629711672473,3.9347322079905345,10.748836711416324,5.02051132012665,8.333208501005398,10.236651063736485,24.721044659898514,8.920957969028747,-0.029793809508998778,2.8479004690272833,2.877694278536282,2.0528298283818556,3.543098671170163,8.430602264780692,-1.2542325229324631,3.257255938762182,3.4719067823070864,5.534161979784747,3.237443047135874
1053,4,family_1,50_percent,1534,5.45337,-0.250194267985095,1.570809385987889,1.8210036539729841,1.1040951455601675,3.1423481720522775,7.10599292422852,-10.76860476247789,36.48426353979034,51.73138463645341,202.78851707485325,50.59815518251852,-1.021381407583563,-0.3826293952005913,0.6387520123829717,0.6977254771035443,2.521782379543016,5.600109521032291,90.83732614889693,92.0039772785175,102.1784900663238,322.3526703295316,46.78700685396272,1.2690895442759624,1.81840154208993,0.5493119978139676,0.6372248160781635,2.491625088856497,6.049611492629406,-145.48347404061803,151.23775575587268,165.72981826919337,379.1189747787994,79.37840666461305,-1.8399464152674108,3.370296760226943e-05,1.839980118235013,1.3216400952537934,2.328522269037561,6.686685991124641,2.657227622291586,12.023657956058804,15.724814913400156,37.65373941677766,15.498675602257844,-1.489210765912422,1.6713623079197795,3.1605730738322015,2.260631957844464,3.9358387082505253,10.748761409881174,5.024263514268776,8.293885681595004,10.203148932864705,24.901755008764717,8.880372981210064,-0.029794980469883464,2.8478965251558375,2.877691505625721,2.052818540767756,3.5429748937921612,8.429789409973651,-1.2217717208569947,3.203443981022756,3.4333181764144514,5.504466579815412,3.208574069989969
1053,5,family_1,50_percent,1534,5.45337,-0.2501939562768587,1.5708103120242747,1.8210042683011334,1.104087435929149,3.1422760332584954,7.1057015389032285,-9.982383081206256,35.24852965359294,50.98167155127971,200.96177319529065,49.99482835436691,-1.021381407934474,-0.3826310214752806,0.6387503864591935,0.697723904378744,2.521307872572544,5.599708159350159,91.14321301313757,92.32054187297827,102.51693302757648,322.93907832990203,46.93225201311391,1.2690855985746736,1.818401531293871,0.5493159327191974,0.637212726709923,2.491627041851724,6.049732144047305,-146.68860667416527,152.21447520471858,166.27979566457324,377.8530210688272,78.30340425705803,-1.8399591765393553,3.136154047106404e-05,1.8399905380798263,1.3216376045503442,2.3288645880542633,6.686391985439656,2.6353233295226732,11.986413825815099,15.67614290765704,37.57335134938241,15.45304265865333,-1.4892107681466593,1.6713405161311778,3.160551284277837,2.2606282977170773,3.934691207365511,10.749202679729432,5.028217326469811,8.31159402343242,10.220999799590215,24.713117524016553,8.898644133856124,-0.029794047497612247,2.847862025037939,2.8776560725355513,2.052835384830787,3.543131340404195,8.430486879476742,-1.270215507578569,3.262403352284678,3.4696144641045277,5.517152538027258,3.22874233933745
1053,6,family_1,50_percent,1534,5.45337,-0.2501939890839295,1.570809198192071,1.8210031872760006,1.1040878420291997,3.142286719761584,7.1053991292889345,-9.989403424937102,35.25227805802924,50.96985879244429,199.70710867876764,49.98137977822907,-1.0213814078668673,-0.38262952820183926,0.638751879665028,0.6977262848409929,2.521208995391418,5.5997466275291945,91.09215715974436,92.3043358086017,102.50717250297288,323.7160426718059,47.00999168834934,1.26908954284919,1.818390948637895,0.5493014057887051,0.6372104468533687,2.4915596800075077,6.049865001743402,-146.52410393594937,152.0526766230875,166.07568760945315,377.3209204887648,78.17813620648532,-1.8399734329875694,3.191628097402777e-05,1.8400053492685435,1.3216386433104144,2.3288613320631626,6.686639371178631,2.696005124787974,12.040984831543664,15.726349889472983,37.546640969299226,15.493535336173082,-1.4892107332686377,1.671328319449589,3.1605390527182267,2.260625469549334,3.9342792559434505,10.74904777816595,5.014868502793487,8.334476934047153,10.236126345972696,24.71308192971945,8.923529372978281,-0.02979309739133002,2.847903440801302,2.877696538192632,2.0528322688468297,3.5430213452317307,8.430010043064641,-1.2223303184031997,3.212969209339018,3.4386350193360027,5.485680472632512,3.214050309020729
1053,7,family_1,50_percent,1534,5.45337,-0.2501941178582158,1.5708092042446433,1.8210033221028592,1.1040773961527846,3.1423400003124495,7.104682682500519,-9.7667979007037,34.841905452094935,50.707434400996924,198.93806089748813,49.75794973969703,-1.0213814077519334,-0.3826308684402778,0.6387505393116556,0.697725804145024,2.521020950806779,5.5996402324370615,91.14112994704762,92.37657868306728,102.5831036622536,324.1713567475538,47.08064983574518,1.2690895428489848,1.8183792147812872,0.5492896719323024,0.6372179138748086,2.4923898477328197,6.050171241368583,-146.11091649315915,151.5442675059578,165.5617687414071,378.512019977728,77.86076900668421,-1.8399586541296888,3.6183523709184616e-05,1.839994837653398,1.3216391375353627,2.3296508970655085,6.686894899576965,2.677497576118424,12.013570464478226,15.711751571461681,37.582502350554755,15.481929601093288,-1.4892107654110023,1.6713636162454428,3.160574381656445,2.2606305663513484,3.9342645849452635,10.749229030525685,5.0493181448103925,8.287930062848584,10.206467326110635,24.764964529797254,8.869969647718786,-0.02979309464239606,2.8478114474942036,2.8776045421365994,2.0528249380176202,3.5431282067138254,8.430682575565452,-1.2401827780967283,3.242136638359588,3.4743334583862633,5.545939581893412,3.245449068615087
1053,8,family_1,50_percent,1534,5.45337,-0.2501940269591993,1.5708090554241172,1.8210030823833165,1.1040647069969693,3.1423222655476755,7.1041501340293305,-9.482662331024876,34.44507625511136,50.49638110777525,198.15393404334188,49.5980203243783,-1.0213814079347532,-0.382629649450095,0.6387517584846583,0.6977274253403495,2.5212349094452087,5.599897187852756,90.83847867793945,92.1057063578058,102.33191771418478,324.57479547655583,47.11891525215991,1.269085598406219,1.8183646962761093,0.5492790978698903,0.6372107646079855,2.492516783019761,6.049638600831861,-145.50624859475056,150.95400499894603,165.0983239543773,378.9522884782741,78.00889816185823,-1.839958700874633,3.714851352530785e-05,1.8399958493881583,1.3216387924584978,2.32886662475809,6.686678807075128,2.618122412359442,11.987621361729765,15.715534637227154,37.686640228474964,15.495917654911166,-1.4892107654256257,1.6713641489401097,3.1605749143657356,2.260631713052236,3.9352652215203943,10.748901259217455,5.044018427675833,8.290791820581251,10.207160298509383,24.73039923016409,8.873781576122594,-0.029793690977728635,2.847896498955633,2.8776901899333613,2.0528376004012148,3.543135255088243,8.43007647330859,-1.2432210423337458,3.236966507313576,3.461191852931466,5.491277492261935,3.230209046284427
1053,9,family_1,50_percent,1534,5.45337,-0.2501931212303027,1.5708087470296845,1.8210018682599873,1.1040552664872842,3.1423375120722525,7.103470031869165,-8.263471303910917,32.897198260334186,49.8035832379918,197.32884623882586,49.11325630980926,-1.0213814079403392,-0.3826297850454644,0.6387516228948747,0.6977274822961747,2.521278295113903,5.599666002838274,91.06212564479226,92.33943065550113,102.53135116268214,323.4717192931227,47.12077295946354,1.2690865036057917,1.818379488283985,0.5492929846781933,0.6372283866072324,2.492417574366779,6.050125428135276,-145.7804882134152,151.29869350221915,165.61525276853314,378.7613139604636,78.59046510769251,-1.8399591766191492,3.801944766008506e-05,1.8399971960668093,1.3216387790566149,2.3288668390567735,6.686882536978306,2.683504362824178,12.066912747507681,15.809618772347994,38.06808566177278,15.580206996753342,-1.4892107654244482,1.6713641302751874,3.160574895699636,2.2606352546199235,3.9338924606296226,10.749111168170733,5.051770949105403,8.292869490392395,10.213482687091108,24.633241237244466,8.876645699659557,-0.02979358664489912,2.847797212575064,2.877590799219963,2.0528416744815097,3.5439996950165393,8.431132437168909,-1.2811166057168453,3.296945733196364,3.5206761983454906,5.582095724432159,3.279314125873429
1053,10,family_1,50_percent,1534,5.45337,-0.2501944776563993,1.570808774828785,1.8210032524851842,1.104051205662058,3.1423391544539983,7.10335389518207,-8.202200510166085,32.67761843342715,49.70011061759577,197.22759403821766,49.018617913934364,-1.0213814077480416,-0.3826293227858181,0.6387520849622235,0.6977239486309159,2.52137908148184,5.599767793531074,91.0246162457612,92.2330568291133,102.40043208722102,324.09131036835805,46.90807743834183,1.26909044804134,1.8184013195864768,0.5493108715451367,0.6372337213336208,2.4923854297546937,6.050076520668281,-144.79396158921804,150.39119068070937,164.81459408249842,376.8527477284321,78.7309285470378,-1.8399734357681685,4.628005419142817e-05,1.84001971582236,1.3216420443457397,2.3288697754242844,6.686737502513181,2.7342543379983137,12.368437880273252,16.17507196260624,38.92161328928635,15.942296139848484,-1.4892107653996705,1.6713356149089476,3.160546380308618,2.2606515128205182,3.935852904562709,10.74886639664202,5.013698575683776,8.243462715810756,10.146051162822005,24.72535022285312,8.820724504868533,-0.02979281198094814,2.847904713901498,2.8776975258824464,2.052820088899473,3.5430990127454387,8.428275000173993,-1.1686794889360599,3.1490315952205585,3.398914620468875,5.482573590342313,3.1916780616749594
1053,11,family_1,50_percent,1534,5.45337,-0.25019436408616275,1.5708087122152692,1.821003076301432,1.1040466750802889,3.142326479814554,7.102903226465196,-8.050636587866112,32.599713765325276,49.64013551864465,196.63941732011662,48.982959331174726,-1.0213814079257577,-0.38262979329075947,0.6387516146349983,0.6977294455811802,2.52147986043533,5.600054536368379,90.76463640266098,92.05972079997517,102.31611411710554,323.9460263736785,47.22677192776693,1.269086503605992,1.818364645443968,0.549278141837976,0.6372347624100162,2.4924108198203334,6.050086824646133,-143.8109925881104,149.3151113321547,164.095589348892,379.12179897323364,79.03012624678425,-1.839973958289014,4.154353678982295e-05,1.8400155018258038,1.3216392862684052,2.327803365629809,6.686829877843681,2.6678459451638057,12.07076320129539,15.80283205244688,37.66092954512964,15.576010365004109,-1.4892107654114888,1.6713341143866056,3.1605448797980946,2.260634074614434,3.934500896651753,10.74879599286839,5.025894498107739,8.3201999870393,10.232043818404907,24.5778894133477,8.912637387196252,-0.02979446872599037,2.8479253377356875,2.877719806461678,2.052869483433383,3.543636780713148,8.430671241418924,-1.246118055546163,3.2880158645220554,3.5264981093627443,5.601608736811638,3.2989966212442323
1053,12,family_1,50_percent,1534,5.45337,-0.25019324453498853,1.5708087748298303,1.8210020193648189,1.104050576793852,3.1423208251559096,7.103271688623632,-8.253773074795225,32.794542970544185,49.74081152502439,197.455195393961,49.051234043577175,-1.0213814078774661,-0.38263083757233435,0.6387505703051317,0.697728353404281,2.520918849205797,5.59960899886002,91.04130209164866,92.31109875085872,102.5026899058275,324.2588254152263,47.098649146099746,1.2690904480529812,1.8183794814836598,0.5492890334306786,0.6372358357076159,2.4924157893619423,6.050008395495694,-145.1119890212098,150.71059978060705,165.13772866560274,376.0268376652052,78.82245917974465,-1.8399734356757504,4.553546466833721e-05,1.8400189711404187,1.3216435920425207,2.328512291860296,6.686800250193297,2.652693241729654,12.324704632668967,16.122624549185478,38.72801118424672,15.902900393301847,-1.4892107654257367,1.6713734890782979,3.160584254504035,2.260638574802269,3.9358303614090544,10.749464690564295,5.009695389739463,8.281800525178417,10.201638089987997,24.83482936117589,8.886865129004553,-0.02979106978964652,2.847968323552707,2.8777593933423535,2.05284023912515,3.543866394533651,8.428854509730089,-1.1705403752801937,3.1630353995968665,3.417449508436043,5.531410600003021,3.210731438870068
1053,13,family_1,50_percent,1534,5.45337,-0.25019430145299787,1.5708087122163086,1.8210030136693065,1.1040448316899627,3.142274570315414,7.102742773269251,-7.946879141069209,32.40557676920909,49.52196106441684,196.43466715129614,48.88017736856994,-1.021381407985454,-0.3826298158912903,0.6387515920941637,0.6977306916932519,2.521409417273134,5.599961962173958,90.79174192706478,92.13444323714405,102.37066968162019,324.4445072412572,47.29284944801547,1.269085598417859,1.8183794882894908,0.5492938898716317,0.6372290721181534,2.4924175745659634,6.050197957050547,-145.88861245338387,151.36866278399634,165.61699198955247,376.8678804014514,78.39324455649137,-1.8399734356358206,4.546065246480791e-05,1.8400188962882855,1.3216415180001178,2.3285121361192407,6.686715937749324,2.665804703189924,12.174040562578313,15.908839392670405,38.14315916773897,15.683897988262743,-1.4892107309944889,1.671373748578884,3.160584479573373,2.2606432343459324,3.9340140375429042,10.749283766006084,5.016764802853423,8.344515413585421,10.27841784069434,24.76997638320761,8.970950017738074,-0.029792698254020263,2.847938772328723,2.8777314705827433,2.052872323809242,3.5436272558191946,8.430220533756374,-1.2038895090812178,3.2422842554106315,3.5080734909913627,5.659102996368751,3.295031057231557
1053,14,family_1,50_percent,1534,5.45337,-0.25019437201042183,1.5708088139751537,1.8210031859855755,1.1040475097552631,3.1423278263750327,7.102941392885462,-7.914374969747891,32.40964837731806,49.555597382638176,196.899637498937,48.919524740009116,-1.0213814079470707,-0.38262974883887335,0.6387516591081973,0.6977288042900454,2.520985941712109,5.599592426842274,90.95739026030132,92.26031624448288,102.4775010565895,323.8367625843752,47.20584052676685,1.2690865036100236,1.8183909496189776,0.549304446008954,0.6372312566009899,2.4924101171520614,6.0502091157095395,-145.89511467751646,151.43565970297317,165.79047169739403,377.27455853968365,78.74703815940458,-1.8399586542739055,4.605795468943051e-05,1.840004712228595,1.321643584801745,2.32850897787739,6.686608969863405,2.6719539516526303,12.298102486337248,16.089986118979333,38.33205563436186,15.866578565941541,-1.4892107654295745,1.6713626403692508,3.160573405798825,2.260638418762477,3.934253865982962,10.74930357630065,5.017955805980542,8.352190395494485,10.288783954397696,24.870925462611275,8.98215980649964,-0.029793045553959733,2.847833337295859,2.8776263828498188,2.0528648834911407,3.5435288080122946,8.430781412692248,-1.2620426798008768,3.30166205677653,3.5463969494619487,5.663021327721159,3.314238916782258
1053,15,family_1,50_percent,1534,5.45337,-0.2501945557260784,1.5708087054499922,1.8210032611760707,1.104041019945729,3.1423234525192463,7.1024871499247375,-7.677862990618058,32.0452763176389,49.383839744582886,196.11310155717354,48.78333780929654,-1.0213814079600994,-0.3826297391720931,0.6387516687880063,0.6977331525976237,2.521314807294102,5.599827885278701,91.05413839480359,92.40205007400924,102.67103058925935,324.75433786743986,47.43927068832933,1.269086503598576,1.8183646997727656,0.5492781961741895,0.6372345186248861,2.4924076851032813,6.050314673657531,-143.69984599002453,149.16661214445693,163.88581828229866,377.74819138757636,78.79667313092504,-1.8399586542832607,4.13252604820439e-05,1.8399999795437427,1.3216422664783063,2.3285091284472106,6.6866974352367645,2.650771919574856,12.141856505865961,15.928877406183112,38.16851866962277,15.706767447555983,-1.4892107668218124,1.6713452922785197,3.1605560591003323,2.2606387878245755,3.934518713462259,10.748815653949128,5.028856472501519,8.33126115385384,10.260792898161723,24.842529378062377,8.94396296268861,-0.02979396017633146,2.847924255374168,2.8777182155504994,2.052904439504449,3.543205651597743,8.433004939649955,-1.28468756712322,3.365109972181643,3.6067220366860218,5.711120655098582,3.3701664209346673
1053,16,family_1,50_percent,1534,5.45337,-0.25019441112994434,1.5708087026989486,1.821003113828893,1.104037698428566,3.1423290154435044,7.1022909937289125,-7.558526071637407,31.94860562901836,49.363699459138665,195.7366313113267,48.78158984613503,-1.0213814079173322,-0.3826295080937868,0.6387518998235454,0.6977342674088122,2.521532680832066,5.600047937639921,90.73769904077966,92.11672236732636,102.40935608497024,325.6543429347533,47.47995562890854,1.2690855984064133,1.8183906711276814,0.549305072721268,0.6372283428115164,2.49232525824232,6.05044140213553,-145.81471539632074,151.305681793801,165.55956773126755,377.24047623685425,78.40943336904147,-1.8399734360915867,4.9544297868982543e-05,1.8400229803894557,1.3216448100709968,2.3278019726271713,6.686773622662135,2.670229866355261,12.328670026516459,16.104461504510486,38.421176342585895,15.881547557183605,-1.48921073099416,1.671343450576536,3.160554181570696,2.2606391448641063,3.935221313181357,10.74908665837033,5.024556409244941,8.33454899360882,10.26583477031901,24.909233752419063,8.95216155025178,-0.029793114221708827,2.847935468700062,2.8777285829217707,2.052892586603665,3.5439985534324467,8.431701148721823,-1.209659568336238,3.280830600846232,3.556327728796216,5.7140463420794205,3.344277297614155
1053,17,family_1,50_percent,1534,5.45337,-0.2501946327564682,1.570808702698951,1.8210033354554191,1.1040384260135125,3.1422940083285993,7.102357738371479,-7.773144676581932,32.21384613946464,49.477983383330866,196.0557611589232,48.8635760205707,-1.0213814077855734,-0.38262961870129963,0.6387517890842738,0.6977297142381691,2.521555028263488,5.599748118586495,90.7955190754335,92.14944324438336,102.41421074413907,324.82912661824474,47.37978765431012,1.269086503602604,1.8183630453055601,0.5492765417029561,0.6372241249799073,2.4924103762112835,6.050137745297894,-145.4644696689174,150.90224523261344,165.0412175070272,375.67109921308423,77.96596398520622,-1.8399734313035914,4.921778461906862e-05,1.8400226490882103,1.3216413348023626,2.3271075679874276,6.6867008975847195,2.6712026635956123,12.367184925242787,16.167647047658033,38.59579609136093,15.945453502100376,-1.4892107654109372,1.67135556657652,3.1605663319874573,2.2606449961855737,3.9351474450376878,10.749517673361177,5.027871424605147,8.344532704025685,10.279415082800757,25.038676103678267,8.965873263779203,-0.029792399316822468,2.8478958063702327,2.877688205687055,2.052902489243788,3.5439753424903864,8.431058108810968,-1.27906544004454,3.3627761825764466,3.610918492400114,5.759408581786093,3.3767919626238125
1053,18,family_1,50_percent,1534,5.45337,-0.25019456912900934,1.5708087122163075,1.8210032813453167,1.1040442405249877,3.1422998015799677,7.102683887036594,-7.8139436645333324,32.27293370040794,49.518697352817696,196.8246786729255,48.89829927438637,-1.0213814077593761,-0.3826293185129096,0.6387520892464665,0.6977324968755276,2.521064251918702,5.599817041322116,90.62527364109306,91.98603179484137,102.24551778050305,324.96556303581286,47.34137390993389,1.2690895428431548,1.8184013196599256,0.5493117768167708,0.637229641596181,2.492378961088959,6.049905900677654,-144.59267715445915,150.1214711719162,164.4202844894927,374.6961839764292,78.27507690773643,-1.8399733965853586,5.273477920342351e-05,1.840026131364562,1.3216452705125872,2.3278039265370913,6.686748792402715,2.7292921661129057,12.66965228400928,16.54199879418934,39.39571518095677,16.315290018230026,-1.4892107654357345,1.6713738287485844,3.1605845941843187,2.2606419379489378,3.934569781290893,10.748792287162148,4.986774490768378,8.301106858110659,10.227728176751206,24.804249305510805,8.929641864920022,-0.02979278312766683,2.84787098923383,2.8776637723614966,2.0528391051916053,3.54243957729083,8.42934890253194,-1.2103475785314783,3.206834270218726,3.459357090771791,5.570990963316565,3.2407113757038064
1053,19,family_1,50_percent,1534,5.45337,-0.2501944573603589,1.570808712197526,1.821003169557885,1.1040405628576668,3.14232733576195,7.102415242000959,-7.808616723008927,32.252663623291234,49.47649400962205,196.68501270211297,48.856411701610995,-1.0213814079211434,-0.3826297867507896,0.6387516211703538,0.6977292401650554,2.5213893493973623,5.599654824981478,90.75898092978387,92.14923675271883,102.44530104487141,325.86416708973724,47.51680846565204,1.2690865037740557,1.8183779785711742,0.5492914747971185,0.6372225225663861,2.4924009390766964,6.049802863541362,-145.50043751592608,150.91788286272515,165.0478902379935,375.51031568115326,77.91295626971699,-1.8399734358086,4.890148057017729e-05,1.8400223372891702,1.3216418397242489,2.327806368848486,6.686640378297102,2.6515300625599303,12.352199753763156,16.175139166115745,38.386871571539835,15.956331513557632,-1.4892107654157116,1.6713533813999906,3.160564146815702,2.260635077170786,3.9356489593085717,10.749375634568732,5.0214521846359625,8.341731410486588,10.271071115511432,24.987257974872794,8.95990623931456,-0.02979310496833251,2.847951811507452,2.8777449164757845,2.052889304538624,3.5438597525274997,8.429985041761766,-1.2237404270350563,3.2478104798761844,3.5038393903450578,5.628876293330299,3.2831920200581752
1100,0,family_1,100_percent,1118,3.97449,-1.7458145211767602,2.952489947850144e-06,1.745817473666708,1.3763388207494538,3.3073442672124194,8.594031628989464,2.2761084793546584,70.32247374466023,104.71590695271512,346.9335754992685,104.69116724499683,-1.4698077218460446,-0.38278171331964667,1.0870260085263979,1.2771317979687156,3.7011229625234656,11.652254381777063,103.18806258453992,118.491469240682,138.85998791818236,447.9966786105795,92.921041668111,0.7471100304640148,1.7181498227132033,0.9710397922491885,0.9304638940819024,3.7070671454464503,12.19264085050072,-139.24855966201866,165.36721555178084,193.1245481530247,540.9252996394392,133.81677671862818,-1.6893451987465586,6.761428278228727e-06,1.6893519601748368,1.5893022287473688,4.106443104590387,8.18356628760124,8.34248226530272,15.748418583597227,21.190714391693326,51.388703296657894,19.47946010759611,-1.4892075614155251,1.7242562870906128,3.213463848506138,3.2901773563943735,7.800268597086654,21.417235661208867,4.942138439253945,8.77931385109109,12.219952208927275,37.327432111288786,11.17597868804854,-0.02978903421319629,2.2968405630135136,2.32662959722671,2.0977473063517973,5.548452630010976,9.49601134848455,-0.15003176665124107,3.3030866106411088,3.8968134672031827,8.36566394087163,3.893924198950411
1100,1,family_1,100_percent,1118,3.97449,-1.7458204364901666,2.168215565680497e-06,1.7458226047057324,1.3763198821409564,3.3076361532939687,8.594383474322473,-1.5269942010336324,71.7936397300534,104.08078257818218,345.2904468411618,104.06958052570812,-1.469807721400495,-0.3827629462860546,1.0870447751144403,1.2771116871841115,3.69993543736398,11.650973668699434,104.1217017383045,119.2140872313166,139.05610255694762,445.40363470336393,92.1697937800009,0.7470847255523728,1.7181478835348227,0.9710631579824499,0.9304898134543718,3.7059868797102955,12.192171839107184,-139.18481211885046,165.49266338499766,193.56169733377334,541.3515584422831,134.51289436396638,-1.6893480124351459,3.2499209023101367e-06,1.6893512623560483,1.5892967933562197,4.106594434518003,8.183699698337682,9.165226337175097,15.349463626597814,20.47270377291041,49.71050776268773,18.306562374233238,-1.4892094674869667,1.724228714875823,3.2134381823627898,3.2900683342907224,7.800201394198803,21.41595861267852,4.806233223050403,8.237878843094014,11.511735757526502,35.00177911923986,10.46041023845436,-0.029791054300353417,2.2969732458625316,2.326764300162885,2.0977176734350063,5.546113861926138,9.498035619746888,-0.8706120327679964,3.066575912809228,3.5420003816351393,7.349595648442294,3.4333367722818933
1100,2,family_1,100_percent,1118,3.97449,-1.745824853120232,3.5195646172645348e-06,1.7458283726848494,1.3763038373762146,3.3070689419260177,8.595360732132098,-1.3022164180192606,72.40008248714088,103.10367764860723,341.7363928277306,103.09545371677916,-1.4698076923955514,-0.3827831851650134,1.087024507230538,1.2770799144166025,3.700455309953886,11.651267989759535,104.45285649081308,119.45741955307979,139.05454450858963,440.8349448464024,91.7919774239609,0.7471109707700966,1.7181494867614648,0.9710385159913683,0.9304876644944386,3.707933849249004,12.196384581578592,-141.1387968216823,167.68177285280538,195.48401481579037,548.9955650927758,135.2547229498033,-1.6893357103521751,6.047259916911069e-06,1.689341757612092,1.5892894366857773,4.106743144304479,8.18365603488921,8.272032778255884,14.679900139335036,19.85069741868561,48.53895477776179,18.04504535111153,-1.4892074254035312,1.7242273098624992,3.2134347352660306,3.290103045047431,7.800175343805982,21.416298785407978,4.9057708589604685,8.482944162733823,11.847174513111188,35.88498187788122,10.783735726708326,-0.029791056536116602,2.2968129226418785,2.326603979177995,2.0974465566671596,5.548667285070261,9.492104838561334,-0.22586922195746464,2.9551933763106026,3.3647707446740074,6.8197405285368715,3.3571811477467826
1100,3,family_1,100_percent,1117,3.970935,-1.7458219977821152,3.6973471750632648e-06,1.7458256951292903,1.3769178953250556,3.307205772047497,8.599602413625863,-0.899549609328022,71.4734396440341,102.65055177891698,336.6379512292132,102.64661022662402,-1.4698076912288982,-0.38278238654718766,1.0870253046817107,1.2776478846328276,3.700199709782946,11.656714322929355,104.74515811434816,119.76213216403441,139.27257395074497,440.1332256996944,91.78944223855991,0.7470968854536604,1.7181498454211637,0.9710529599675033,0.930924352533529,3.708393631918482,12.203397409269286,-141.92664861738822,168.5470326280727,196.1488674303002,550.0080446664261,135.39277900399975,-1.6893356856546031,6.400737954657397e-06,1.6893420863925577,1.5899966532850456,4.106701794634753,8.18732385225368,8.264496885247503,14.451887122749154,19.537208041137312,47.7569279676667,17.703123715220844,-1.48920551741938,1.724211113881678,3.213416631301058,3.2915617056763877,7.800238008198211,21.424803601646893,4.928234269471772,8.46327841827499,11.819895522785643,35.79080349458763,10.743483473937683,-0.02979175642615925,2.296905825776127,2.326697582202286,2.098450337252638,5.547333079869963,9.498675156493425,-0.29785630705900185,3.0138619704402334,3.465272950353464,7.092550970505071,3.4524481517897665
1100,4,family_1,100_percent,1118,3.97449,-1.7458224239345448,4.170348301715143e-06,1.7458265942828466,1.3763022468572725,3.307170895763327,8.595828603744799,-0.7875323055455699,71.61387054881423,102.729075075424,337.41582887873074,102.72605637675294,-1.4698076912271905,-0.38278253304470855,1.087025158182482,1.277068977153733,3.7000387004967643,11.651223200398778,104.72320623258393,119.6860164961722,139.18685977248398,439.2757077021691,91.68441530430793,0.7471061661570657,1.7181489913039956,0.9710428251469299,0.93047502322709,3.708368996988755,12.196930676979266,-141.64414731812087,168.30092214535443,195.63802276985058,548.770129898645,134.94877355433445,-1.6893357735992822,5.850804996449146e-06,1.6893416244042787,1.5892902386570489,4.106576798025143,8.183760612271902,8.19879675675878,14.580126023670315,19.744163618392705,48.12993223529851,17.961395511797623,-1.4892074057751545,1.7242110877729049,3.213418493548059,3.2900991941447186,7.800367040895213,21.415644994094926,4.948556758488213,8.493453958296897,11.869322033326094,36.11754688560725,10.788539824221854,-0.0297910537235327,2.2969108978519235,2.326701951575456,2.0975172577692165,5.5473869126170365,9.49596660076558,-0.30822515147790003,3.057639986951318,3.5083430292708266,7.242671786312886,3.4947772557102437
1100,5,family_1,100_percent,1118,3.97449,-1.745823106354439,4.38936613975632e-06,1.7458274957205786,1.3762951568959467,3.3071469223220293,8.59530548341939,-1.0760997402185826,71.43252899869188,102.50696323837911,335.2702017636429,102.50131473158532,-1.4698068138369358,-0.382782404264417,1.0870244095725188,1.277074813699269,3.7001982053605587,11.651351837886597,104.78570087507202,119.78286912118467,139.3630342600946,439.93264555777796,91.88042343339647,0.7471057108780537,1.718149572083204,0.9710438612051504,0.9304713739431603,3.7083936318588018,12.196817715095689,-141.45288855857183,167.99082760193187,194.8765331594846,546.3846350080261,134.04455787049312,-1.6893370387903242,5.836153293488015e-06,1.6893428749436177,1.5892906828736384,4.106802178488271,8.183678461192546,8.219693433886519,14.80479561226696,20.062889234753893,48.84957328946168,18.301807678448775,-1.4892073975713058,1.7242110645771445,3.21341846214845,3.2901091343417836,7.800069345970907,21.416240719551137,4.915607667130341,8.54316229604895,11.926621639363765,36.203380823684526,10.866513009764878,-0.029791044577682675,2.296838904760609,2.3266299493382916,2.0975032000754763,5.546736149807715,9.492705301424413,-0.24109269781835646,3.0824164202848436,3.5426834214575527,7.278114859231023,3.5344702765377525
1100,6,family_1,100_percent,1118,3.97449,-1.7458222409701574,2.23361102496452e-06,1.7458244745811824,1.376282241994323,3.3074565838616024,8.594996583542553,-2.380193621715418,71.94696510069585,101.67538222617418,332.94521454882425,101.64751855880084,-1.4698077188241883,-0.38276643090363255,1.0870412879205558,1.2770736013094954,3.699311505720108,11.650855260589632,106.04763784127321,120.92650450802951,140.18665857135343,441.1911820441346,91.68531916117965,0.7470684894964935,1.7181476232660429,0.9710791337695494,0.9305168635561429,3.7080051141984702,12.195845417188588,-141.3760333451793,167.8596148036859,194.94034354926617,543.6941623894763,134.21830999788617,-1.689339142921837,3.885274820536436e-06,1.6893430281966575,1.589272147391045,4.107179137344588,8.183225441793516,9.216174149675048,14.26700049999641,18.950687299462214,46.45871932508768,16.558704151136336,-1.4892070731156577,1.7241913896114616,3.2133984627271195,3.2899923198918204,7.800740129688254,21.41504338326253,4.8014865323512925,7.858141944579377,11.036225899955772,33.53005293680419,9.93700202246652,-0.029793049780798126,2.296795691435647,2.326588741216445,2.0975108051124653,5.548168750168137,9.49553066725038,-1.04171942184233,3.040129864974884,3.3302686085722755,6.522227779682681,3.1631486925844006
1100,7,family_1,100_percent,1118,3.97449,-1.745821430690646,3.53964512960983e-06,1.7458249703357758,1.3762918130910842,3.3072053093901426,8.59516401605797,-0.9013809210991276,70.88728035827639,102.28976127961614,333.5217332310876,102.28578970255809,-1.4698076923955543,-0.38278412020480584,1.0870235721907484,1.2770838647595484,3.7002996009583837,11.651833289698102,105.0514224545368,120.02937466432675,139.59820170457536,441.6514645384277,91.93397935165078,0.7471073408897307,1.7181489899384417,0.9710416490487109,0.930475771983142,3.708278260018513,12.195761519454654,-141.2176505468221,167.70322083203527,194.96718257902546,546.3510728311912,134.4238723472832,-1.6893360495815255,5.585490049398861e-06,1.6893416350715749,1.5892910003673388,4.1068577950321465,8.18373463653368,8.18985111703292,14.889995292181226,20.19120080306046,49.13104783285469,18.455647605823643,-1.4892073974963314,1.724211116886483,3.2134185143828145,3.290076523186085,7.800038895255957,21.414480651719014,4.910563910621675,8.470989402835206,11.849425362723855,36.103902264010614,10.784027239694051,-0.029792108431676817,2.296897919429916,2.326690027861593,2.097513823135823,5.547442940841759,9.494529161477534,-0.30045708101563756,2.9886705219580487,3.445324737006871,7.114280034533753,3.43219872470972
1100,8,family_1,100_percent,1118,3.97449,-1.745821506909029,2.5801811703459164e-06,1.7458240870901993,1.376278963132934,3.3075125329473636,8.594508789704829,-1.9093704346177267,71.21541657014585,101.57236055907384,332.79900350436327,101.5544126765839,-1.4698076910240259,-0.38276490007404346,1.0870427909499825,1.2770811803738775,3.699432548058067,11.650953470264072,105.66310551935094,120.57553295969718,139.96176562275272,441.71652850237797,91.78564140564077,0.7470802481077142,1.7181492972045551,0.9710690490968409,0.9305209071363645,3.708003537716628,12.196106992637814,-141.0814507091166,167.64095341874727,195.11721488970878,546.1504787253573,134.784093320124,-1.689338941936391,4.019386863696925e-06,1.6893429613232547,1.5892769520733179,4.107239641661381,8.183424400579899,9.180891322373352,14.479579230459223,19.22709250583882,47.14028483818032,16.893558558067415,-1.4892070812173945,1.7242120266707717,3.213419107888166,3.29002634836129,7.800618872516205,21.41567718533591,4.83184260704886,8.0106594059988,11.248834050374843,34.070118612890006,10.158226445279693,-0.029795084983184367,2.296836146146783,2.3266312311299675,2.0976097215085416,5.545931441647068,9.500039552899413,-1.1444992639347948,3.1944685328965163,3.4813047971096025,6.699407266712358,3.2877963022716363
1100,9,family_1,100_percent,1118,3.97449,-1.7458215149243217,3.7578036673294904e-06,1.745825272727989,1.3762836011133943,3.3075765167062237,8.594694851841153,-1.2747930269373982,70.05495948250952,102.00136197709614,332.8523679083026,101.99339560932886,-1.4698076910273692,-0.3827832415661775,1.0870244494611918,1.277078918946759,3.7003353410725492,11.651438341626404,104.9037997831642,119.89710276009849,139.44086091239006,440.3066010347718,91.86373867333242,0.7471156727949574,1.718147540332674,0.9710318675377166,0.9304738395055284,3.708288376573364,12.19547523795645,-141.21649935705824,167.66424040270257,194.90401229540677,545.870928955215,134.3334445258739,-1.6893377025929721,5.555489403469834e-06,1.6893432580823755,1.5892958705193052,4.10671499046204,8.183821998455251,8.21572973486248,14.974365518804035,20.31188389101041,49.37061326964002,18.57617862009258,-1.4892073975199545,1.7242289049128274,3.2134363024327817,3.290057408179275,7.8003404038595,21.414157423061138,4.8749373070251085,8.381103276421298,11.749967220825834,35.98127368124026,10.690964219519975,-0.029790053255593297,2.2969128579717175,2.326702911227311,2.0974850212211265,5.548001300870733,9.494735261505047,-0.2416583357345276,3.105526057454233,3.5667030414250185,7.3035291509331035,3.5585069670411626
1100,10,family_1,100_percent,1118,3.97449,-1.745814532576812,3.977830014610246e-06,1.7458185104068267,1.3762749186174918,3.307505303997248,8.594140934362992,-1.1673840616690287,68.9312156908164,101.63217105560801,331.19477083612685,101.62546633560373,-1.4698076923957328,-0.3827860105475252,1.0870216818482077,1.2770858951594077,3.700270854374805,11.651759814736415,105.02219581357426,119.9930003470616,139.58723712222516,441.04772089398773,91.95072133437331,0.7471044436859375,1.7181489910309822,0.9710445473450446,0.9304685786469752,3.70848561195707,12.195423181272458,-140.9851068305516,167.36612016322437,194.45453615181,543.9060265606631,133.92447977122606,-1.68933623642354,5.77725201046443e-06,1.6893420136755506,1.589298836184501,4.1069026918795215,8.183646803567699,8.189562062596385,15.034635099828462,20.349971794568134,49.495205679678804,18.629343124828655,-1.4892074057341425,1.7242111264771613,3.213418532211304,3.290056725681971,7.800376390663145,21.41430501128947,4.887653774616083,8.362616258972022,11.728493650027415,35.808041218669494,10.661538532417099,-0.02979096866290666,2.296853574466467,2.3266445431293734,2.0975098560338177,5.547336907261031,9.493186686523215,-0.2920239328234199,3.0702164712356543,3.5354501411753545,7.234626871864121,3.523369087023836
1100,11,family_1,100_percent,1118,3.97449,-1.7458145544018637,3.391332261917607e-06,1.7458179457341256,1.3762693251332858,3.307658105496753,8.593398090369904,-1.149590344116696,68.87274196776963,101.51492680864101,330.28476817717774,101.50841741946554,-1.469807720197465,-0.38278249621698646,1.0870252239804787,1.2770863451777543,3.7004955074698067,11.651775625226136,104.76310690979383,119.77956658664957,139.4600924960066,441.3453016317654,92.05329342072355,0.7471025899932561,1.718147817452659,0.9710452274594029,0.9304781918470436,3.7084393242023186,12.196037265384666,-141.20840635906563,167.61916247422892,194.64694396775144,543.8515314541944,133.96872310176718,-1.689337196087373,6.0171375951113845e-06,1.6893432132249682,1.5893012564732296,4.106756458088045,8.18377839708264,8.20337858227322,15.074769216378932,20.463278102112827,49.64202668313725,18.747008575245047,-1.4892075679673893,1.7242565538376944,3.2134641218050835,3.2901439272983004,7.800649421274427,21.417450621728445,4.888901398547814,8.72589287560979,12.133043661394748,37.059263876284156,11.104476196768063,-0.029791046336159987,2.296913512133373,2.326704558469533,2.097554585448302,5.547470328513356,9.494975991967847,-0.2723731356262509,3.1386908930495347,3.646152514951661,7.5127393520251795,3.635964938950518
1100,12,family_1,100_percent,1118,3.97449,-1.745814516314292,3.227493208116516e-06,1.7458177438075,1.3762680907148752,3.307419761649219,8.593169228041214,-1.4317162175358673,69.02548035587598,101.62132868370617,331.2243289416138,101.61124264624604,-1.4698077201974655,-0.38278343799330905,1.0870242822041565,1.2770855383127973,3.700157747620947,11.651629656240452,104.81274492744929,119.83303862150902,139.55413313830897,441.6136667452303,92.13926729010996,0.7470955842072562,1.7181475416447196,0.9710519574374634,0.9304673181743387,3.708458856924188,12.195322501922055,-140.96021986497857,167.344224883772,194.58830572373893,545.0358189892205,134.14479169931343,-1.6893484019873142,6.082936985188805e-06,1.6893544849242994,1.5893016293308502,4.1068649386018485,8.184051722097072,8.172905087641169,15.223351696809084,20.66639791572112,50.16932981567112,18.981665502250625,-1.4892097964821949,1.724227062926645,3.21343685940884,3.2900814773278935,7.800521831848787,21.41494132433904,4.886137678236252,8.509496337005038,11.897462312389976,36.339438850220354,10.847823194727129,-0.02979108250368177,2.2969822337326575,2.326773316236339,2.0975916757932604,5.547258126483318,9.496923673269132,-0.268310998126635,3.169569392652013,3.687177396222538,7.693268865177023,3.6774021209950245
1100,13,family_1,100_percent,1118,3.97449,-1.745814562021842,2.357995820706768e-06,1.7458169200176625,1.3762629313173913,3.307374580446761,8.593369048951397,-1.5065716764991126,68.97091095283851,100.63870712844655,327.5478584781939,100.62742973100728,-1.4698077108193275,-0.38276639758180236,1.0870413132375252,1.2770856476158006,3.6993424511599113,11.651345901146078,106.02950829783262,120.97964258355788,140.34940541554028,441.98078340886815,91.9548746430309,0.7470595033132056,1.7181501146330684,0.9710906113198629,0.9305275738763944,3.708030947362364,12.195670932920946,-139.87300576093946,166.3396870214217,193.92590197406005,543.4928230562663,134.3234816249674,-1.6893380108914782,3.985337154265197e-06,1.6893419962286325,1.5892761869843364,4.106965178513111,8.18341109242051,9.2560452279187,14.44695225516564,19.171034196894976,47.12537343364273,16.788513302768656,-1.4892070730964746,1.7242210458178784,3.213428118914353,3.2900026660382484,7.800788775496182,21.415175847871748,4.800116296771149,7.895354707232924,11.086351019165676,33.45955071190873,9.993300878970263,-0.029792070738076343,2.2968521138457234,2.3266441845837997,2.0976042695012356,5.544933038233896,9.498249594841875,-1.084958685313281,3.1516123730725143,3.4578661095412624,6.762454159601507,3.2832457542312157
1100,14,family_1,100_percent,1118,3.97449,-1.7458148070010315,5.970848616939946e-06,1.7458207778496484,1.3762778193012677,3.3073322353119705,8.593887937692834,0.6930320219887266,67.78389026114094,101.55084469920456,331.1452922055171,101.54847987901375,-1.46980771902925,-0.3827861804733014,1.0870215385559487,1.2770945176153765,3.700248614374543,11.651888646856682,104.73349715314379,119.77658708281287,139.4983654649525,442.0129630520622,92.14493226144278,0.7471057397623174,1.718150750497617,0.9710450107352996,0.9304866524320959,3.708409495790192,12.196013330022636,-140.79141251933115,167.20660482561172,194.28218389243693,543.835486780225,133.8780980550075,-1.689348911552299,4.995241505040365e-06,1.6893539067938041,1.5893022869746378,4.106572861534348,8.18398223794509,8.22704930942795,15.396497946885198,20.925191424990675,50.45424126123068,19.24004407044704,-1.489209568405389,1.7242565044133285,3.2134660728187177,3.2900747949792883,7.800723817482354,21.414911823687145,4.909726564420768,8.490793464656113,11.869703647186226,36.393030204445864,10.80668541851048,-0.029791097606082305,2.296822789805346,2.3266138874114284,2.0975674510803843,5.546589259787611,9.491979626049856,-0.25161893849631184,3.227932196815789,3.7286932711135536,7.624527725743258,3.7201937341807194
1100,15,family_1,100_percent,1118,3.97449,-1.7458148475345532,1.8860301854057611e-06,1.7458167335647385,1.3762650109783627,3.307231395767786,8.593146741067748,-1.819872613948474,69.28807533836414,100.77069922563533,328.7388866180078,100.75426485311905,-1.4698077108196463,-0.3827661826222498,1.0870415281973966,1.2770846143790204,3.6993822083639882,11.650825861140266,105.73006388998398,120.62397029426725,140.01522882725845,442.99113133937465,91.79007513543856,0.7470663176856533,1.718149838613066,0.9710835209274127,0.9305035911732633,3.7080877499734863,12.195198138738252,-140.73720426509615,167.1954056780523,194.58937441857927,545.7753569908,134.38029607148007,-1.6893499729817243,4.407467361012216e-06,1.6893543804490854,1.589284046382831,4.106283344271301,8.183567842040583,9.255744014412684,14.82871640898469,19.697105191882017,48.27493609790268,17.386982362668036,-1.4892070879828594,1.7242287674388455,3.2134358554217046,3.2900631480695917,7.800765656928686,21.4169773697069,4.82402585078104,8.05812311444069,11.32856251651114,34.407998302185874,10.250126988554701,-0.029793118374061525,2.296754852425117,2.3265479707991785,2.0976563495561957,5.545238838884678,9.495661801323553,-1.091337686167359,3.2560483350394023,3.5979941941788054,7.1019017578660755,3.42849008691804
1100,16,family_1,100_percent,1118,3.97449,-1.745814515371561,3.543718254991212e-06,1.745818059089816,1.376265969119075,3.3075153198854763,8.593075592970207,-1.1566206720378231,68.87840977603831,101.5728493496399,330.85379904574444,101.56626385579837,-1.4698077204353752,-0.38278720533764754,1.0870205150977277,1.2770994454901061,3.700193127454546,11.652132417073304,104.89213959729614,119.89563483258569,139.6260951976127,442.15098979258084,92.15793786122899,0.7471226047075084,1.7181507504977875,0.9710281457902792,0.930472608467393,3.7084095203946705,12.195660741470732,-140.85975602330396,167.24593849618333,194.08562456052508,541.6255376435188,133.52063059356925,-1.6893499757985666,5.601001975802229e-06,1.6893555768005424,1.5893011699390307,4.106245501709649,8.1840399053574,8.184199299123303,15.326951900479097,20.81395650852492,50.52317080996945,19.137389251697748,-1.4892097964734512,1.724258044392253,3.2134678408657043,3.290072211390944,7.800446871905577,21.41491484033337,4.908657734822267,8.465717826707516,11.862554588984498,36.28560500279644,10.7993185256759,-0.02979005248478108,2.296914803341867,2.326704855826648,2.0975968234253615,5.546506258349602,9.496373534321856,-0.28402787897000886,3.208185600090599,3.7317958752743765,7.782049871911116,3.720971461686135
1100,17,family_1,100_percent,1118,3.97449,-1.7458143272319417,3.7060772262006284e-06,1.745818033309168,1.3762709226787524,3.307285659302083,8.593432194585915,-1.0248990231043593,68.74052348699323,101.56531190935715,331.20464877785815,101.56014063222563,-1.4698077204280962,-0.3827875111107588,1.0870202093173373,1.2770915489539927,3.7002797111820755,11.65166880987972,104.6779695506418,119.72980954387552,139.50117396812036,442.216480041823,92.21225639381508,0.7471061127366352,1.7181507504985132,0.971044637761878,0.9304660177646273,3.708409424759997,12.195315503178165,-140.464076222548,166.84341237242361,193.6738671251362,540.5046893422566,133.33945439423076,-1.6893489362275529,6.139671636322095e-06,1.6893550758991893,1.589306010414955,4.106933534476555,8.183954325052413,8.260193384695587,15.37499817365321,20.959028164703597,50.91696192071959,19.2626599112446,-1.4892095683960556,1.7242273104064005,3.2134368788024563,3.2900591309522134,7.800523720377982,21.41437125514341,4.870721842274948,8.425179700873166,11.78630078772807,36.003994372239,10.732798097140607,-0.029791051660965857,2.2969115438064542,2.3267025954674203,2.097590650095812,5.545875785582407,9.495415656178004,-0.3305499585197899,3.167811405497582,3.7052760486193703,7.720241785477304,3.690502312883023
1100,18,family_1,100_percent,1118,3.97449,-1.7458145003625334,3.90494070739085e-06,1.7458184053032408,1.376263781636721,3.3075201042088125,8.592658681601012,-1.1254875301321479,68.85695794505551,101.4990876920441,330.28764337625375,101.49284743338703,-1.4698068070348609,-0.38278730609935196,1.0870195009355088,1.277091536906023,3.7003325745103086,11.651706079845487,105.0096530263349,120.01688721891539,139.7320215940274,442.53229654118763,92.18465506819719,0.7471043769862901,1.7181507504976468,0.9710463735113567,0.930474344853652,3.7084094909956526,12.195538840546257,-140.97301454050628,167.32871807677844,194.20753097080754,543.4311922985994,133.57834501572245,-1.689348877132456,5.828584790043671e-06,1.6893547057172462,1.5893007763248643,4.106805576098188,8.183941650427613,8.240068045893372,15.208748548698413,20.650582639881467,50.39833143389262,18.93535956789891,-1.4892096075553336,1.7242273760264666,3.2134369835818,3.290044834643223,7.800574156683395,21.413937340778833,4.888704212050869,8.318882298815911,11.663099765562691,35.58278424513678,10.589073012711955,-0.029790052956468683,2.2969604271575976,2.3267504801140664,2.0975506792420338,5.54576920750546,9.497671164297044,-0.32045540445816056,3.0549670051266866,3.5705905737921944,7.474518462050937,3.5561812916958027
1100,19,family_1,100_percent,1117,3.970935,-1.7458143139924158,2.738849046264961e-06,1.745817052841462,1.3768809955228911,3.3075148384333892,8.596202078149298,-1.55631401305016,69.06656479915844,101.56333565004904,330.16029085180696,101.5514107979663,-1.4698077190292542,-0.38278387680983494,1.0870238422194194,1.277658714566958,3.7004415051243917,11.656205774080364,104.40359538791857,119.42165319258056,139.1987846490686,441.992705393978,92.0662311483074,0.7471053493005085,1.7181451045446705,0.971039755244162,0.9308735417011692,3.7091684294915734,12.20041575880571,-140.1511885147873,166.40935673015096,192.9566283113701,538.6526293380522,132.62693831640988,-1.68934684172633,5.552069909164479e-06,1.6893523937962391,1.5900119137293887,4.1066021278758935,8.187507342440703,8.223414016567125,15.15575143684238,20.63494790573144,50.24100400429031,18.925552488220198,-1.4892073975120181,1.7242178834893598,3.2134252810013777,3.2915783080518426,7.800793370158534,21.42587957918812,4.877534025222239,8.572044263405568,11.918569765088364,36.33489578469104,10.87483181838128,-0.029790048705134162,2.2969142505421676,2.326704299247302,2.098439214757101,5.546807234283136,9.500541737162093,-0.280997613874822,3.0002185566376607,3.4721530415455493,7.267774063424512,3.4607639452743184
1101,0,family_1,100_percent,1144,4.06692,-0.2904198607740884,0.2501929874595531,0.5406128482336414,0.8068147488259454,3.274152631371988,7.85473044716657,2.709315065691967,37.71059342950008,60.44743068442032,222.3131145871516,60.386683037095295,-1.021400440487263,-0.3827669406398884,0.6386334998473746,0.9818375770315457,3.7015769322969123,10.80387565580331,87.6866763298802,102.15625030223678,121.46930162100398,445.6766112401424,84.05853930751633,1.2690943871414668,1.816650167008859,0.5475557798673922,0.8933107222891891,3.70619588628821,11.675561179214489,-129.89243170508394,158.2290345172551,185.88853884917793,540.6208381926657,132.97558069518792,-1.623816100477592e-06,1.8400277910140672,1.8400294148301677,1.842393689579438,4.5373830047545916,10.617958547650831,-4.381935979353858,15.216591785357831,20.62816467430596,43.613365389784775,20.15737619094133,-1.4892067243862288,1.6715345713463445,3.1607412957325733,3.2343803086531677,7.781063956471307,20.705009801179205,6.929158066441797,9.537988916037216,12.119633406759736,27.437258881270576,9.943454249128477,-2.784541476635375,-0.01134090752466382,2.773200569110711,2.512137397960485,6.702668511760357,11.34633755701178,0.19368066879483142,3.3789057391993085,4.023256001366644,9.019427383120137,4.01859137647359
1101,1,family_1,100_percent,1144,4.06692,-0.2904154662373075,0.2501925202392104,0.5406079864765179,0.8068293650340844,3.274294825892506,7.855321054045649,4.363023230362796,39.03870282595543,60.35229161250238,223.2195189421221,60.19437790335439,-1.0214004715809648,-0.3827676348922708,0.638632836688694,0.9818208455995997,3.7003713817357364,10.802563242206089,87.7814093388127,102.1953887172871,121.43837773582445,445.0891142940187,83.91486019532292,1.2690943803929193,1.8166632385137584,0.5475688581208391,0.8937205908345282,3.706054213164282,11.693728347652803,-129.56858283385398,158.28601364190922,186.1257296233555,542.6415166509548,133.6217406347229,-1.6708875932865288e-06,1.8400292688506743,1.8400309397382677,1.8423874342411244,4.537738937981553,10.618264667533468,-4.303011295146071,14.671837926945637,19.933210420682002,41.96053741697953,19.46322099419905,-1.489209452068461,1.6714887559657543,3.160698208034215,3.2342880287515223,7.781927363594566,20.703721152622197,6.865721815799201,9.22526688585557,11.608860551928851,26.137684283210156,9.360956535642538,-2.78454923730401,-0.011340744209606693,2.7732084930944034,2.512001165397173,6.703040208892252,11.343691524972817,0.17867344362403773,3.292549874947905,3.8558636953287677,8.419452128256717,3.851721775712512
1101,2,family_1,100_percent,1144,4.06692,-0.2903462203177643,0.2501879136266371,0.5405341339444014,0.8067570859326615,3.273975103802941,7.855243387774384,6.66321721135297,40.06689979069218,58.99043882145599,211.16662959575817,58.61291162143603,-1.0214004654834967,-0.38276635324402875,0.638634112239468,0.9817960662659703,3.7005946718066673,10.802737917112404,88.7725251863944,103.25271111366354,122.07633342402605,441.420818142657,83.79779206091861,1.2690945635829418,1.8166087287342592,0.5475141651513173,0.8937442156701043,3.7079462649037565,11.699052617310434,-130.98923985236863,159.603480395461,187.34945866938426,547.3122339218556,133.94640236531163,-2.2918099770082292e-06,1.8400028470546272,1.8400051388646042,1.8423819025711263,4.537792115337024,10.618355584024467,-4.288033400352134,14.175795197780745,19.157101355698803,40.55161877604748,18.671028410614703,-1.4892085981588747,1.6715350145928738,3.1607436127517485,3.2343134013100636,7.780572866044477,20.703665211336986,6.935637686049774,9.408617456841608,11.859051889436666,26.66222522835251,9.619461606773921,-2.7846362950122314,-0.011340646693340112,2.7732956483188915,2.5118134272921497,6.7020805993176396,11.344564141800777,0.22547943078826477,3.157322067416186,3.6015566074158163,7.731863170720563,3.5944914831881194
1101,3,family_1,100_percent,1145,4.070475,-0.2903441824667054,0.2501929270732046,0.5405371095399101,0.8063911105304297,3.274121012493375,7.852148082800342,6.165972935023261,39.044756149926705,58.41501746059963,208.67740496817257,58.08868256972885,-1.021400440793212,-0.3827677949726799,0.6386326458205321,0.981358753247065,3.7006949364335386,10.798189207067349,89.15500731598782,103.60437488988659,122.19494417021609,439.0416019047728,83.56428095333787,1.2690943333259297,1.8166368855832462,0.5475425522573165,0.8933745897969203,3.707828439804962,11.69604069714309,-131.79854559792108,160.41915249202881,188.12619908607522,548.8899660279483,134.24086621013112,-2.042600320256087e-06,1.8400029280015644,1.8400049706018846,1.8415690551443409,4.537638101126653,10.613164704808899,-4.3464460258382855,13.907010190735672,18.7495963360854,39.69042741056724,18.238853300320766,-1.4892086614177764,1.671501715142578,3.1607103765603544,3.23289572101705,7.780694292534509,20.694100453012464,6.929219493611568,9.385445597773645,11.820797123585185,26.448738510290937,9.576907739260792,-2.784554422286114,-0.011340896284280939,2.773213526001833,2.5107531313717804,6.703013839224777,11.337865300940708,0.12150066094172395,3.2474685911657253,3.6915658874806248,7.920816997450217,3.6895658675515386
1101,4,family_1,100_percent,1144,4.06692,-0.2903334324015916,0.2501903350536718,0.5405237674552634,0.806744436099063,3.2740112635249714,7.855730339043056,6.453800568661362,39.415603704096824,58.578253660392804,208.59677362186846,58.22164769328732,-1.0214004469087015,-0.3827663356607698,0.6386341112479317,0.981780376695479,3.7005512616729828,10.80278884056178,89.13122598139617,103.61109476127245,122.18369172192646,438.9106397398706,83.57319592938909,1.2690945555858233,1.8166207464570001,0.5475261908711768,0.8937483195880015,3.70831707799357,11.701310923271535,-131.6709088983843,160.05885120044707,187.6791333503334,548.519265989892,133.739406477693,-2.02672992056419e-06,1.839986714446661,1.8399887411765816,1.8423720997587463,4.537733787990227,10.618468618707523,-4.424176837844086,13.832045286506228,18.60121682575334,39.768388397395384,18.067427229856857,-1.4892086614251803,1.6715288723006665,3.1607375337258468,3.2343150690590314,7.780994969911963,20.703320244608843,6.949438170692067,9.415908586279047,11.864795594998458,26.587959251749563,9.616583781303156,-2.7845115640551827,-0.011341660884028614,2.773169903171154,2.511834631894716,6.703241439868844,11.34176849399516,0.15577147837775093,3.2980474432891977,3.7310182312054416,7.979002298244965,3.7277650526973116
1101,5,family_1,100_percent,1144,4.06692,-0.290348346934156,0.2501891080380807,0.5405374549722367,0.8067292125944127,3.2740335113029095,7.855151585408708,5.667958347212349,38.39131902701632,58.13172783473353,208.03767745515015,57.854749409411475,-1.0214004653019264,-0.38276777790648425,0.6386326873954422,0.9817921094531283,3.7009669713879703,10.803473251064784,89.08517835410629,103.58157900615987,122.3325223544267,440.45027655640837,83.83959102484565,1.2690943891295356,1.8166047539374635,0.5475103648079278,0.8933285314526818,3.7083169040915145,11.68027380745787,-131.4698932165941,159.3546303287415,186.89330460882843,545.7006014671925,132.83363461573157,-1.8148247636303678e-06,1.839998933519979,1.8400007483447425,1.8423745267871143,4.5369808147397315,10.618149541030608,-4.414559146511356,13.93751665718175,18.820046643080442,40.96500383442038,18.29496715464874,-1.4892086027054554,1.6715083279919933,3.1607169306974487,3.234327206173917,7.781129270234418,20.70384018496317,6.9408859239568725,9.455736778455737,11.930215989382253,26.934122466674186,9.703306454190207,-2.784496156742971,-0.011341319518452991,2.773154837224518,2.5118863194817638,6.702633252210365,11.342200547645296,0.2027868897602946,3.2916227074274236,3.7681438586896445,8.174008416461644,3.7626833001359326
1101,6,family_1,100_percent,1144,4.06692,-0.2903266927004569,0.2501921223117101,0.540518815012167,0.8067023481686469,3.273939268146249,7.85522187156776,5.335889064184715,37.286598506335,57.37640112588056,204.89570694146013,57.12774889712234,-1.021400471767071,-0.38276954792506185,0.6386309238420091,0.9817852991474716,3.6998645343573076,10.80265214394334,89.43991907714644,103.88629245863599,122.6519877073415,440.7763501493487,83.92860635108477,1.2690943746103451,1.8166217325635772,0.547527357953232,0.8937576396440079,3.7079890695750812,11.698208964253384,-130.39263287650007,158.5052597963709,186.13243797180263,544.3159803114322,132.8271273379848,-2.8445880870407854e-06,1.8399891767437255,1.8399920213318126,1.8423569192761091,4.537458985989225,10.618525332723042,-4.330897202521088,13.211524362302024,17.651016317955456,38.813529834824585,17.111449572666974,-1.4892070888377222,1.6714748799523742,3.1606819687900964,3.2342061062981875,7.780056564373323,20.70122520930048,6.868584848332968,9.073756180955781,11.238162473328504,24.52140305483118,8.894877062566959,-2.7844488927278004,-0.01133990949354302,2.7731089832342573,2.5117096865937687,6.701689461939738,11.341179181441511,0.15491515075960183,3.2334821913785277,3.5818611161501077,7.406555165073903,3.578509515350382
1101,7,family_1,100_percent,1144,4.06692,-0.2903450364602329,0.25019277235662724,0.5405378088168602,0.8067178942976182,3.274023498580615,7.854981200424671,5.367197690756629,37.918290053848565,57.87185200942586,207.27060386100453,57.62243004203506,-1.0214004655194215,-0.3827676700759777,0.6386327954434439,0.9818050443104781,3.7009767063264234,10.803837010507847,89.40996938937113,103.84877011556779,122.61229416951821,441.4158221605633,83.90251519057213,1.2690943888473638,1.8166209562101736,0.5475265673628098,0.8933191545032235,3.707825345642186,11.679341686908643,-131.22860707276632,159.2380880653481,186.90438606305477,547.3070683897038,133.08757348208331,-2.3098570136307655e-06,1.8399906975367522,1.8399930073937658,1.8423775174663086,4.537732282479213,10.618358746254398,-4.322945629438185,13.997594627168057,18.897857377201085,41.13226542824594,18.396770220176005,-1.489208598696224,1.6715015209504673,3.1607101196466916,3.234313579094468,7.78112021094541,20.703780644177048,6.9320510358291285,9.412181016735452,11.872209905629916,26.765409530453766,9.638258996312425,-2.784555920927769,-0.011340824584294225,2.7732150963434745,2.5118482911138615,6.703045475092167,11.341865365134494,0.15889319410359268,3.240747004402473,3.6974535874964705,7.948644033325782,3.694037897011626
1101,8,family_1,100_percent,1144,4.06692,-0.290336587534386,0.25019189554735416,0.5405284830817402,0.8067088012363657,3.2740523826900025,7.85507191572093,4.740891848082602,36.76177205302859,57.288595708429234,205.3675739309672,57.09209352203368,-1.0214004717503973,-0.382769423297983,0.6386310484524143,0.9817937719618266,3.7000650863595825,10.802785233629807,89.13848240616936,103.55462480583398,122.37686468257048,441.6105962976902,83.84764733647096,1.269094571892751,1.816620947245783,0.547526375353032,0.8937507344958147,3.707970810900996,11.69863713357814,-130.66995293784586,158.9001603193912,186.58975421250415,547.4737583595272,133.19571981225164,-2.806394527288439e-06,1.8400003073883386,1.8400031137828659,1.8423653416168697,4.537210323441508,10.61862389060785,-4.3522361990125615,13.411360471614815,17.950488703639778,39.55970885856482,17.414881129870047,-1.4892085790160638,1.6714748336082053,3.160683412624269,3.234233056151781,7.78093146202558,20.701706881962497,6.897624362170544,9.161421938884347,11.396382354707288,25.133208662927387,9.071951770874614,-2.7845518510348652,-0.0113399712236913,2.773211879811174,2.51177957228462,6.702266578774197,11.343303228481085,0.091678583123478,3.3565214009809115,3.7223717118716633,7.729929490704423,3.721242561126438
1101,9,family_1,100_percent,1144,4.06692,-0.290359325449656,0.2501924149051495,0.5405517403548055,0.8066990110688361,3.2739332871201205,7.85445138769669,3.7991072324438577,36.18768118537897,57.2969572554879,207.06769196119436,57.170867537353324,-1.0214004408172652,-0.38276883315571075,0.6386316076615545,0.9817986459273015,3.7009536781100683,10.803432491326756,89.30691918586795,103.75899603974254,122.47575418803747,440.5505952783056,83.81279466440328,1.26909438885246,1.816608586947889,0.547514198095429,0.8933108441344239,3.7079459436264806,11.678214966043909,-131.40772938333242,159.51371493172945,187.1656655382646,546.9642324084673,133.2778864429444,-1.573894444837553e-06,1.8400028619144992,1.840004435808944,1.842371921687902,4.537493156199769,10.618314842401945,-4.4297115707028105,14.05770328981282,19.006108954377428,41.62365265671666,18.482690090623915,-1.489208561981236,1.6715239931571422,3.1607325551383783,3.2342890385484573,7.781198767725565,20.703615185682967,6.924753305327716,9.351104388570946,11.788813211370323,26.6279092449968,9.540645082641548,-2.7845527739644362,-0.011341582825516151,2.77321119113892,2.5119056029453173,6.702987910131243,11.344300092552759,0.19478847187358306,3.3064764651915426,3.796191174273728,8.237607847356292,3.791190430835531
1101,10,family_1,100_percent,1144,4.06692,-0.2903617198291843,0.2501930893977865,0.5405548092269707,0.8066803757918819,3.2738067116037395,7.853948532215914,2.5957435487074028,34.69872278481952,56.81297293710978,206.46681890750222,56.75364313753005,-1.0214004470252844,-0.3827683099826885,0.6386321370425959,0.9818073602486961,3.7009631541366264,10.803624187593575,89.26093995206861,103.69736733400424,122.5065089955301,441.2176733892889,83.90667044487643,1.2690943888522352,1.816604766025709,0.5475103771734737,0.8933151076135322,3.7079066350741305,11.67878606239879,-130.9129065710878,158.85889763969354,186.41031276078624,544.967047192803,132.70499461845353,-1.8052221551920096e-06,1.8400028992730884,1.8400047044952434,1.8423795454707015,4.537036973178156,10.61841942154445,-4.424729391174708,14.09599277874342,19.041080123414414,41.72264844987264,18.51984076824534,-1.4892095002739634,1.671501457631715,3.1607109579056782,3.2342788900544455,7.7817161718972,20.702925584125445,6.930662283019231,9.333370942596257,11.768934499355616,26.32907086965618,9.511768477462931,-2.7845827870325985,-0.011340645352826473,2.773242141679772,2.511908230698456,6.703217711933053,11.344305003802546,0.1387394267684596,3.286377605075516,3.7665049970750575,8.138289178101758,3.76394889238036
1101,11,family_1,100_percent,1144,4.06692,-0.29035977103715743,0.2501931092805188,0.5405528803176762,0.806684173600135,3.273762165569774,7.854109590326964,2.3958583638164876,34.5341878299669,56.77788128293834,206.6375580891878,56.727309698944566,-1.0214004719086403,-0.3827681805908727,0.6386322913177676,0.9818135436937558,3.7011038750006233,10.803937265692662,89.10946068680512,103.5822850121138,122.45755809041015,441.74910997108174,83.99617580326442,1.2690945684919965,1.816624434391371,0.5475298658993744,0.8933147925636877,3.708008991665032,11.678482707576109,-131.46506846052532,159.40336595691363,186.96823649445307,544.9967465353179,132.94381231375576,-2.2495175395678797e-06,1.8400029086630665,1.840005158180606,1.842375716995191,4.536841916224148,10.618252855475259,-4.4198479662959285,14.169968246080778,19.1580017468986,41.8188016546745,18.641190275543014,-1.489209566982851,1.6715224807623201,3.160732047745171,3.2343600214940396,7.781868495144862,20.70493817526419,6.916738152816845,9.539941949634397,12.071956267768948,27.652695209371046,9.893981072161692,-2.784592526927658,-0.011340758417672863,2.773251768509985,2.5119775157933923,6.702375363374684,11.3449226049946,0.17840792974687647,3.3822463260599287,3.900461339518827,8.45588623617697,3.896378994872603
1101,12,family_1,100_percent,1144,4.06692,-0.2903694744134035,0.2501931670305584,0.5405626414439619,0.8066828528028482,3.2737509670455833,7.853850893442078,2.3512502147330956,34.56296686595209,56.83421289602457,206.80705776709058,56.785556067880165,-1.0214004719082812,-0.38276695255045806,0.6386335193578232,0.9818111300732498,3.7009232509886267,10.803736220743446,89.04165882454025,103.5056636448136,122.4432109916772,442.16370074546643,84.04714695768413,1.2690945696590983,1.8166246744752088,0.5475301048161105,0.8933165615438065,3.7080089916633767,11.67840486301946,-131.5487254132992,159.54789050669578,187.1276188958249,546.1033445768271,133.0852305695771,-1.9440397241086447e-06,1.8400029121657162,1.8400048562054403,1.842375798881601,4.537214383131629,10.618472397866139,-4.415943895270072,14.237277026105383,19.309955467307326,42.48152574507114,18.79823980225859,-1.4892086297349099,1.6715350580792014,3.1607436878141115,3.2343127407899344,7.781424741807969,20.70360236500341,6.927235333067662,9.412796796211504,11.898013500408927,26.825814566655666,9.67347589526185,-2.7846572779862555,-0.011340812628138443,2.7733164653581173,2.5120078045463785,6.703575659365867,11.344720593615955,0.15505252494296967,3.3861581239130354,3.928497421221538,8.616757534145341,3.9254363710361027
1101,13,family_1,100_percent,1144,4.06692,-0.2903445288506653,0.2501930727488773,0.5405376015995427,0.8066655470579915,3.273949470927621,7.854087031431709,2.6824516314309736,33.94389901104122,56.198458308406046,203.89043478372528,56.13440272672976,-1.0214004631433595,-0.3827685238196869,0.6386319393236726,0.9818054052286831,3.7001899010527315,10.80311446683515,89.46404419900725,103.90579590633229,122.77139412373941,441.8677906501548,84.07734540674223,1.2690946112799653,1.8166511792075648,0.5475565679275995,0.8937557711851564,3.7086291224642203,11.698160096735737,-130.06937047701976,158.2922409372298,185.98521730401717,544.9374858336664,132.93780470330577,-2.8736221340228156e-06,1.8400031023821226,1.8400059760042566,1.8423621134160129,4.537154097973313,10.618713033991718,-4.308506979022974,13.358660748148443,17.886290420775463,39.39328388045209,17.359612686578995,-1.489207087735886,1.6714855714151646,3.1606926591510507,3.2342200120714386,7.78080145872743,20.701508238781233,6.84738271085287,9.077458310147897,11.271030023098646,24.79893367738324,8.952623514518201,-2.7845254243461155,-0.01134066704607049,2.773184757300045,2.51179301817406,6.702657067874137,11.343256103090466,0.13840364480288142,3.3368913370477786,3.7133912850051747,7.731106944157346,3.7108111332507425
1101,14,family_1,100_percent,1144,4.06692,-0.2903679054330054,0.25019319789155964,0.540561103324565,0.8066875401228714,3.2737794112399445,7.85402754954294,2.6857973281468217,34.96197741753993,56.91883075501665,206.9496303803589,56.855428828128176,-1.021400465383613,-0.3827686476749737,0.6386318177086394,0.9818153042724433,3.700978370220965,10.803841563246285,89.08651829301759,103.55199567935817,122.49367174655909,442.7643825184247,84.07313409396374,1.2690945710651258,1.816604736086967,0.5475101650218412,0.8933132697290642,3.7079990332662756,11.678334137263708,-130.92095630936228,158.70124606064206,186.25768195889535,544.5027467989511,132.48255465435082,-2.1188145526069535e-06,1.8400151811849117,1.8400172999994644,1.8423797840613583,4.5368916608115315,10.618208208632625,-4.325105659667498,14.302014813870036,19.381197663836073,42.99287451609736,18.892439861420677,-1.489208139835709,1.671541241371985,3.160749381207694,3.2343102642689505,7.781519230954836,20.703603324919882,6.932442683459291,9.400332340475005,11.89337070694606,26.81601780956534,9.664031519681336,-2.7846482464278366,-0.011341558247582545,2.773306688180254,2.5120222219429973,6.702399508963135,11.346740546565794,0.14191399539084082,3.3973319633527903,3.9402420290640845,8.620204218271128,3.937685572200409
1101,15,family_1,100_percent,1144,4.06692,-0.29035754236501105,0.2501934605837896,0.5405510029488007,0.8066777836289937,3.274007140185378,7.854037317579498,2.671306299985691,34.30863662241445,56.44851665119463,204.51126335474476,56.385274272382986,-1.0214004718377916,-0.3827684426506898,0.6386320291871017,0.9818035214136973,3.7005688745935283,10.803078171980045,89.30566559427793,103.72600988480244,122.56584791064081,441.9765914154169,83.94572750782103,1.2690943894955682,1.8166086784097268,0.5475142889141587,0.8933174607108181,3.708688699843631,11.677272333974722,-130.73737529853835,158.77115651003498,186.49999463713385,547.3258447950344,133.00370934564228,-2.790674918494341e-06,1.8400003157589,1.8400031064338185,1.8423711528885962,4.53736976189771,10.618751005517046,-4.332978376285454,13.661936023172924,18.3192572822174,40.71097587527087,17.79945183882689,-1.4892085791342982,1.6714872701969457,3.160695849331244,3.2342401958128426,7.781242292392083,20.702076326514206,6.890935625327217,9.199411686766256,11.467470245332109,25.48422503764383,9.166126773898203,-2.7846108629944912,-0.011339994080031989,2.773270868914459,2.511894703292646,6.701853861001535,11.345840673741709,0.1532938990368427,3.429470382416369,3.8590697832241116,8.142059192249734,3.856023933057402
1101,16,family_1,100_percent,1144,4.06692,-0.29036668503042057,0.25019317329439206,0.5405598583248126,0.8066831961954244,3.273821516224539,7.853845010929026,2.197399075494375,34.47455279134548,56.849607303753004,206.60566907937942,56.807123566450215,-1.0214004653000968,-0.3827692149432425,0.6386312503568543,0.9818192046648376,3.7009383103020417,10.803849472426137,89.28017467762153,103.74109552916119,122.65789482646525,442.59694764106183,84.10713152161117,1.2690945696541318,1.8166120743017027,0.5475175046475709,0.893311714065384,3.7079789876872016,11.678351591855023,-130.7846197096421,158.39743873935868,185.83080517703786,542.1724723408212,132.0169360353076,-2.244307565138177e-06,1.840015149865067,1.840017394172632,1.8423781928933114,4.536568726848761,10.618045630580141,-4.358745394340524,14.314991486963958,19.390226704961318,42.62981736419443,18.893973384577166,-1.489208112883771,1.67152913279582,3.160737245679591,3.234305221862877,7.781401365162695,20.70328766582462,6.9509364293389835,9.389252686328437,11.877937931618597,26.864427336572934,9.631712841580779,-2.784548892320683,-0.011341015455678404,2.773207876865005,2.512022987960977,6.70251054984689,11.344784471771279,0.12419547086343778,3.3820768964975714,3.9400628632502364,8.621199225589496,3.9381049822701097
1101,17,family_1,100_percent,1144,4.06692,-0.29036292455386914,0.2501930917338824,0.5405560162877515,0.8066816365737954,3.2736973181095514,7.853668483745122,2.3808226365406884,34.67021729201136,56.8860653571489,206.76631096215743,56.836221860633486,-1.0214004653541011,-0.3827692400320328,0.6386312253220683,0.9818166717562254,3.7009164115914737,10.803614056405527,88.9553523857543,103.44205610206633,122.44284379682571,442.45843677397556,84.13795385543995,1.2690943890238757,1.8166085036072923,0.5475141145834166,0.8933147661105839,3.707997892777447,11.678253966150967,-130.50671648437344,158.06887196473141,185.4880210530664,541.6006619483938,131.80972235252668,-2.2862070251469964e-06,1.8400029687488164,1.8400052549558417,1.8423821893206722,4.5372481791149095,10.618550494491332,-4.350232876245438,14.345037277214866,19.47012923309264,43.1322645278394,18.97791891319387,-1.4892067543050589,1.6715414060049887,3.160748160310048,3.2343074989286817,7.781545323965767,20.703647789971026,6.938052157277483,9.379998955481748,11.850592839801735,26.74804948911742,9.60728801054998,-2.784651468874783,-0.011340944003311041,2.773310524871472,2.512005521349712,6.704287723988853,11.345703660981682,0.12827774116988983,3.428486965274417,3.949544290221876,8.553732480806993,3.947460566179804
1101,18,family_1,100_percent,1144,4.06692,-0.2903657775947607,0.25019308642842913,0.5405588640231898,0.8066778195437777,3.2736317008094344,7.853697815616363,2.2959790877732886,34.51708974708111,56.807761102680395,206.71375548407303,56.76134425405829,-1.0214004653045314,-0.382769135174761,0.6386313301297704,0.9818151456875474,3.7007024923938188,10.80380968905676,89.02780280684283,103.49454526445278,122.46324888225672,442.9041505806286,84.0910081648654,1.2690943878537415,1.8166124565276516,0.5475180686739101,0.8933131445747597,3.7078775103292894,11.678811597997827,-131.22580644609218,158.92777474986502,186.36573129771634,543.0314308325919,132.33281348443157,-2.8254700518110093e-06,1.8400151777979994,1.840018003268051,1.8423791071383577,4.536399510240181,10.618556098692446,-4.3129903808821535,14.243066224487698,19.25013183499358,42.64853414702228,18.760748642819436,-1.4892080562798735,1.6715013086179662,3.1607093648978397,3.234275651510324,7.781764877668672,20.70280140295084,6.925435082524705,9.325870453689031,11.755818319980126,26.48382731524146,9.49934804553009,-2.784486826021857,-0.01134072578866351,2.7731461002331934,2.5119261884364277,6.702467224978178,11.342776738180639,0.12419174976556466,3.3230995686538582,3.8127881890260427,8.28170149829685,3.810765039157709
1101,19,family_1,100_percent,1144,4.06692,-0.29037321549214273,0.2501934609418487,0.5405666764339914,0.8066802573349257,3.273568873354281,7.853373125877876,2.526118346102587,34.78486374366608,56.78698322227851,206.53683318643718,56.73076933718443,-1.0214004406115487,-0.3827691623172505,0.6386312782942982,0.9818022896047471,3.7007228923286624,10.802996038874836,88.63980347667321,103.03834032049458,121.99541548256398,442.3642885663382,83.82044284290177,1.2690943878535195,1.8166090782896958,0.5475146904361763,0.893322076720528,3.708806110944257,11.679240018263819,-129.9927270106664,157.41882847712304,184.68683720272801,538.186560242254,131.19115351378431,-1.967975350645394e-06,1.8400029189495883,1.840004886924939,1.84238003251468,4.537178386111231,10.61852501326703,-4.427988836376633,14.294362851817043,19.359822629549548,42.15110133862296,18.84663490155584,-1.4892080545600372,1.6715084349801244,3.1607164895401616,3.23432812420713,7.780688645250728,20.703947833606808,6.88806318412154,9.443691250413462,11.92312481889847,26.82340584425941,9.732188398226892,-2.7845553579522826,-0.011340632306635403,2.773214725645647,2.5118748354485185,6.70070421992612,11.342351077565953,0.17917399427114633,3.246735627826295,3.710073330264952,7.969107738935583,3.7057442971311705
1102,0,family_1,100_percent,1564,5.56002,-1.7458151472134928,1.570805273666937,3.3166204208804295,2.3119568812825553,5.113627132809821,11.495708368439105,7.723427280381321,70.4273192443765,105.72043319419153,335.7178536516544,105.4379375073895,-1.0562300758359027,-0.3827052001803367,0.673524875655566,1.0394574421298464,3.7010849455564103,12.259854480206444,105.52382208385166,126.46565157764412,145.03922052347716,446.2652598235301,99.50426354118427,0.8279316190555507,1.7181464615623696,0.8902148425068189,0.9485432781463374,3.7054462977283045,12.741890528900877,-157.72997883726092,193.37586418630937,219.5089269152508,745.1819415467431,152.66113706992408,-1.6310108589831824,7.710359220544099e-05,1.6310879625753878,1.1168802284942794,2.684034342391823,4.61034092325366,6.450584488783278,13.738259140002171,19.05867785582989,45.54771250257766,17.933855172978543,-1.4893048344977018,1.7556798162050289,3.2449846507027305,2.7963982225011885,5.788748967812468,21.368280172094902,2.263010975931728,8.551912962451045,12.235652258611562,42.2134721529323,12.024556853226597,-0.029788242687690276,1.951786525306347,1.9815747679940374,1.1032941299778725,5.119908204237475,6.969289470163277,0.38940602133158736,2.522885121807538,2.827991487188779,7.251753991223078,2.8010531594675077
1102,1,family_1,100_percent,1564,5.56002,-1.7458151061108125,1.5708057887356863,3.3166208948464986,2.3119592092891943,5.113730675711359,11.495871744391962,8.990692881840637,71.64350780086104,106.15780761948439,337.53891651181914,105.77640360723122,-1.0562300318215756,-0.3827057136083531,0.6735243182132225,1.0394532074001788,3.7009213123316718,12.25967177704062,105.67079199530599,126.53570478364382,145.04649884227018,445.66552022016975,99.3587970211267,0.8279365293836934,1.7181453935203004,0.8902088641366069,0.9485918340002778,3.7061171512674256,12.742846221085268,-157.59459776281525,193.46409566196238,219.74761718153061,747.7849530279972,153.14358626118494,-1.6310115124351523,7.625497844491425e-05,1.6310877674135973,1.116881254212038,2.6829443216080473,4.6109494475152575,6.479531937921218,13.025294275966237,18.260710579634218,44.038218342049625,17.072469555943684,-1.4893054425542374,1.7556570903732636,3.244962532927501,2.7963136891531004,5.787136145416658,21.36678174143634,2.2135511699282464,8.274967706328908,11.794689088114401,40.74307710981541,11.585114669410666,-0.029788875937908754,1.9518658804069706,1.9816547563448794,1.1032515857649303,5.1195081829980875,6.9694315281012305,0.24398746291792908,2.506683071110725,2.7750854618774277,6.956295510534043,2.7643388791286654
1102,2,family_1,100_percent,1564,5.56002,-1.745822858788905,1.5708058484991538,3.316628707288059,2.3119280690993285,5.113116661993196,11.496336770743344,10.585913815952079,74.05305210681561,104.31851234415203,329.5083507943502,103.78000985921246,-1.0562300399592772,-0.38270524734789685,0.6735247926113803,1.0394300961955425,3.700877421529443,12.26023709043182,106.62657222308798,127.64328261097994,145.90227589450274,442.708184820306,99.5904021838962,0.8279405898048972,1.718145140072862,0.8902045502679649,0.9486024169936688,3.7065107360465706,12.746198624916378,-159.62957758915707,195.66169153287774,221.73683987013925,755.445107567653,153.901345394714,-1.6310092561417937,7.124660569029942e-05,1.631080502747484,1.1168777456723307,2.6837257849225775,4.610835249526325,6.464760002141774,12.757682163363231,17.84436219276312,43.10191215933475,16.632141779735456,-1.4893061089132353,1.7556956430406754,3.245001751953911,2.7963628620596768,5.787207554342906,21.368093520836155,2.2188426448584613,8.466456741424606,12.050233210869688,41.43583113951428,11.844190886409436,-0.029789680698229862,1.9516840732540377,1.9814737539522675,1.1031605807534788,5.120649591620356,6.967450044853259,0.15849578438704642,2.543668176208687,2.751251906785003,6.349072617205676,2.7466827521429646
1102,3,family_1,100_percent,1564,5.56002,-1.7458222691210254,1.570805836187186,3.3166281053082116,2.3119187465220636,5.113473433093153,11.49625379079836,9.96196925488391,73.48750450606153,103.94565259431577,326.2332042873558,103.46718253544422,-1.0562298704773816,-0.3827059318554733,0.6735239386219083,1.0394165708760064,3.700640244162745,12.260248240665243,107.12677074130873,128.16824265497877,146.2354175927792,440.5684670978596,99.54221390482327,0.8279348558857773,1.718145135268327,0.8902102793825497,0.9486246675704921,3.7071833907095924,12.74805988500269,-160.56531039308462,196.72331227787421,222.70921627679,755.1189779226587,154.33138408306462,-1.6310116309047218,7.872935844436921e-05,1.6310903602631661,1.1168756161408782,2.682929832285631,4.610831546180261,6.559492776769357,12.676408927908259,17.6771437783413,43.06208790795093,16.41506828105388,-1.4893059055145728,1.755659905247196,3.2449658107617685,2.79632466220816,5.787161733963878,21.367592792512507,2.207208029534695,8.444798083647042,12.016870189576638,41.54446654013589,11.812425740189575,-0.029789456646306018,1.9517978192875958,1.9815872759339017,1.1032037508605887,5.119942220036201,6.971478561007446,0.2566107713816017,2.5896061982113237,2.8021089695770534,6.521922816221855,2.7903343149872053
1102,4,family_1,100_percent,1564,5.56002,-1.7458206997244277,1.5708058361873243,3.3166265359117517,2.3119222618806403,5.113211047573482,11.496702122101787,9.881481821466549,73.49717370661112,103.9477029575667,327.718743674343,103.47696007888204,-1.0562300397813287,-0.38270564223598136,0.6735243975453473,1.039409528914364,3.7005825370770498,12.260199946856998,107.10401119766391,128.14769165500624,146.24756000096406,440.874573723052,99.58453490179222,0.8279413042348157,1.718145130715825,0.8902038264810094,0.9486039684742379,3.707837957442679,12.747914098921559,-160.2298939395759,196.31418583521688,222.02328157097747,750.980322960521,153.6903336181486,-1.6309958317709186,7.525002213818205e-05,1.6310710817930567,1.1168787222169445,2.6829666754505,4.6110485779272,6.5517270989826715,12.81004960543381,17.77406862339667,43.26590620670346,16.52248127399968,-1.4893061090822355,1.75565973753293,3.244965846615165,2.796367070526938,5.7874154276874785,21.368263795224756,2.2100406917253634,8.470156941633329,12.043650336415784,41.454955725861964,11.839139899788588,-0.029789855147139138,1.951798871271786,1.9815887264189251,1.1031826185984743,5.119629841144826,6.969885732515255,0.2562699401504709,2.5596684218686954,2.782619478317624,6.545235377727361,2.770793546781846
1102,5,family_1,100_percent,1564,5.56002,-1.7458221190714438,1.5708058814840158,3.3166280005554594,2.3119146749288104,5.113401276659161,11.49595743249277,9.35926297249757,72.7832743226135,103.69259971765419,326.32834925869497,103.26935379296849,-1.0562300397925517,-0.382705264051517,0.6735247757410348,1.0394237941924847,3.700526096545008,12.260414094086205,107.17372221331166,128.2250766159518,146.37955218592808,442.19816093963266,99.70339294676359,0.8279445412919125,1.7181465292468912,0.8902019879549786,0.9485606441455942,3.7080637807118113,12.745811911481058,-160.0937053426377,195.94892671178994,221.37891266806918,751.3570530459494,152.90071446452205,-1.6310105890660096,8.114303011401155e-05,1.6310917320961236,1.1168779288984383,2.6840501979145,4.610708833856081,6.568905147362054,12.92172093610893,17.971444994620647,43.37427396445406,16.727890493413565,-1.4893058809593405,1.7556738909116403,3.2449797718709807,2.796367567866783,5.7875436003184815,21.368030570121434,2.209069279710889,8.504662551202806,12.104338528973907,41.664635069131435,11.901051388068192,-0.02978956457980357,1.9517648165811723,1.981554381160976,1.1031979366426743,5.12042319570665,6.968386966753621,0.24944728611392078,2.564065652841069,2.7978382243933417,6.648804386667657,2.786696033177441
1102,6,family_1,100_percent,1564,5.56002,-1.7458154784025435,1.570805872291502,3.3166213506940454,2.3119092938447374,5.113413256456469,11.495957687392455,8.973592524447781,72.5501604737005,103.25966084522659,324.2172812038563,102.86900502618072,-1.0562300316490516,-0.38270691374281895,0.6735231179062326,1.0394141753178376,3.7002046856883974,12.260094548253958,107.46253745520136,128.4581247517685,146.66440425484274,441.95145185057356,99.81107413066637,0.8279421342578092,1.7181384567264921,0.890196322468683,0.9486062691953587,3.7061519505251654,12.745880890715915,-158.9983030663715,194.93437184773924,220.60019658420944,754.2214239225208,152.9182342136023,-1.630987027354151,6.142011261615267e-05,1.631048447466767,1.116868413792422,2.6837236600163883,4.610548954065416,6.496978197795606,12.307349933278578,17.09084731363097,42.20014120619256,15.807793527093384,-1.4893053017941902,1.7556143697528235,3.244919671547014,2.796252850181114,5.78847522802292,21.365831320060483,2.161022756260299,8.070987105754751,11.427984756061944,39.21537635008436,11.22180093530933,-0.029789777158888527,1.95177463859913,1.9815644157580183,1.1031342431354834,5.119883679773034,6.968948013466896,0.15381647165477458,2.54388459458223,2.732687403959416,6.135555340325061,2.7283549880479505
1102,7,family_1,100_percent,1564,5.56002,-1.745815432577945,1.570805842338684,3.3166212749166286,2.311902533738678,5.113362101701041,11.495274428472186,8.128652671291475,71.37152250599492,103.19056299261003,324.0181240065613,102.86990471698378,-1.0562298283054699,-0.3827071764069505,0.6735226518985193,1.039436058301369,3.7007079549052744,12.260845907529811,107.3785756944512,128.38979832559895,146.4913067529399,442.93544590170364,99.64709948621154,0.8279400502837129,1.7181451280796791,0.8902050777959662,0.9485679214497253,3.708074921827596,12.74495888283418,-159.72070959167837,195.60797936562352,221.32495443859742,752.9360695528356,153.21237020808067,-1.6310108579362794,7.933932843347477e-05,1.631090197264713,1.1168797058241886,2.682962917729908,4.610915808764551,6.543324626957235,12.946373716993278,18.056453921696995,43.69337068878321,16.82915419896739,-1.4893058808196211,1.7556599036762779,3.244965784495899,2.796322795924841,5.787165339780696,21.367627939595245,2.202840060827444,8.482483140702412,12.087980538701942,41.63907789634207,11.88556978737034,-0.02978969805911569,1.9518158335304336,1.9816055315895493,1.1032095809940603,5.120395928737252,6.969475239394239,0.21606814950855693,2.5362819838311044,2.760946897527033,6.485981978197342,2.752479305232302
1102,8,family_1,100_percent,1564,5.56002,-1.7458155004191123,1.5708058460331273,3.31662134645224,2.311901889756493,5.113414733097625,11.495244190538653,7.790774366391955,71.07062157374152,102.9505304079464,323.9979236885457,102.6553240024572,-1.0562300316512936,-0.3827069444415656,0.673523087209728,1.0394222433903362,3.7003408420922392,12.260163379840666,107.06237827636627,128.05694277771954,146.3327683639768,443.1119852067044,99.7543295044057,0.8279414055271299,1.718145114062932,0.8902037085358021,0.9486116127675162,3.7075481953878846,12.746612011899991,-159.59504882128783,195.54785510274166,221.3909592018361,755.6012032244297,153.43851279271385,-1.6309851282554753,6.38111647231084e-05,1.6310489394201984,1.116867882041453,2.683779331065781,4.610327246130661,6.477375958822292,12.487690382076467,17.343889124388323,42.77177611450588,16.088943117779568,-1.48930589265291,1.7556390973221574,3.2449449899750675,2.7963297491563543,5.794660113129,21.367743192076603,2.1884955860642656,8.206318137909346,11.643288240622686,40.04476850957414,11.43576180776776,-0.029789350431418345,1.9517871615628226,1.981576511994241,1.1031599850056115,5.120456632582609,6.9698771510376005,0.1316384877257477,2.607298099500293,2.7931240288248866,6.405581672680772,2.7900202775156036
1102,9,family_1,100_percent,1564,5.56002,-1.7458152810550045,1.570805680096866,3.3166209611518704,2.311903036599838,5.113334046506211,11.494881212892304,6.908815376381411,70.0082548419703,102.88672440086691,323.3130595145337,102.6544997943832,-1.0562298281478681,-0.3827067916135626,0.6735230365343056,1.0394317005271025,3.700589112890486,12.260519132885182,107.26019095879646,128.29489777222966,146.4337555964701,443.2896808283675,99.69000056961208,0.8279400310509275,1.7181451348850623,0.8902051038341348,0.9485668644136581,3.7072914308221887,12.744694400284452,-160.15285157326005,196.06372561395602,221.67119644861052,750.8890646715085,153.2618134693434,-1.630995847746709,7.266405119334746e-05,1.6310685117979025,1.1168829032209524,2.683104345904939,4.6110051903477105,6.4486817828626695,12.962930547441166,18.10143801283974,43.73801160682471,16.91379795894626,-1.4893050923865614,1.7556777758610245,3.244982868247586,2.7963538212108725,5.786920963119641,21.36791845908101,2.211649899952306,8.445312154206253,12.017113175564411,41.4487890761893,11.811842099959039,-0.029789203057373703,1.9517325353373023,1.981521738394676,1.1031860647241547,5.119556063779581,6.96857631367331,0.26433026390180575,2.542262488440295,2.7841598575737097,6.738725927517008,2.7715835950067356
1102,10,family_1,100_percent,1564,5.56002,-1.745815199178751,1.5708058390085884,3.316621038187339,2.3118959844144644,5.11331186232876,11.494137587038873,5.515942406857519,68.57361348502616,102.55499966715837,321.5436079506722,102.40655416571288,-1.0562298283358456,-0.38270681948486396,0.6735230088509816,1.0394341619573362,3.70061002418923,12.260608232232956,107.23826195740583,128.22700567688165,146.39319282116085,442.8871323480309,99.65401184462364,0.8279419222202071,1.71814512859159,0.890203206371383,0.948565293303575,3.7079712770781477,12.744572883250223,-159.43095946273758,195.24583005853785,220.78899809979816,749.968956417814,152.74014156960706,-1.6310100084268864,7.726230948857118e-05,1.631087270736375,1.1168815616140582,2.6829818409838078,4.610884549704647,6.523849499553483,13.031709349448596,18.16642516711,43.806252193859216,16.954597932696117,-1.4893056251827868,1.7556740480640252,3.244979673246812,2.796344605019375,5.786958649537872,21.367609076639496,2.2065830998080203,8.427174241671066,11.994958647460686,41.40374635517979,11.790251226243381,-0.029789154908442524,1.9518017523128333,1.9815909072212758,1.103233678328969,5.121007943732412,6.969831981464543,0.21831646019705683,2.513814352010408,2.7651226520178915,6.692845493838729,2.756490740762516
1102,11,family_1,100_percent,1565,5.563575,-1.7458162161876822,1.5708058390103665,3.3166220551980485,2.311159480413271,5.113386366657439,11.49046418475662,5.516421814300464,68.46967934415865,102.4537705675825,321.8467198770203,102.30515233301568,-1.0562300397911162,-0.3827069565502598,0.6735230832408563,1.0391076619335176,3.700751533556948,12.256739973425798,107.00575808636023,128.025176416258,146.2777739641583,443.4110059779852,99.73442180246869,0.8279389346791147,1.7181468000051046,0.8902078653259898,0.9482690343199427,3.7079444833060395,12.74100284526903,-160.03076737766804,195.81797646400383,221.29514753360198,749.3256003935185,152.8453329821796,-1.6310100083634584,7.757396427201172e-05,1.6310875823277304,1.1165241652903055,2.6841518983159682,4.609401856331251,6.4776075197703324,13.01497504368684,18.23178626096968,44.26420588831694,17.04226015191347,-1.4893062705289482,1.755687730064621,3.244994000593569,2.7955013354356155,5.787829066786885,21.361749800887107,2.2025541830687954,8.597111588676603,12.226107497657777,42.130662512936944,12.02607415638744,-0.02978903123148108,1.9517300828323179,1.9815191140637989,1.1028739558581462,5.120058186914948,6.967753536406734,0.3175677821503794,2.5812392399478394,2.8306180045510856,6.941127986498248,2.8127475875785333
1102,12,family_1,100_percent,1564,5.56002,-1.7458152342178619,1.5708058390103674,3.3166210732282293,2.3118981983578544,5.113455044939972,11.494290928844203,5.895053338020692,68.79050902684635,102.4993410100357,321.70557499538654,102.32967924132997,-1.0562298283054377,-0.38270538761348494,0.6735244406919527,1.039437101081235,3.7005586025082677,12.26038827957358,106.88126939910907,127.89784795917724,146.2232160482647,443.7784375268478,99.78789086423548,0.8279370389079576,1.7181451285872076,0.89020808967925,0.9485632543031841,3.7079713509561665,12.744403572113026,-160.1159029292813,195.93500527641964,221.53104218397047,750.7618964010832,153.09768215181143,-1.6310109135901731,7.355159735860826e-05,1.6310844651875318,1.1168824575275222,2.6829440647114957,4.610922164860179,6.383068759476738,13.098903118905024,18.373191247115,44.73617409793661,17.228772150529334,-1.4893056254341361,1.7556636578457785,3.2449692832799144,2.7963341980082923,5.786945289501807,21.367570369089915,2.202979883065469,8.503246777296916,12.119086049045803,41.951792291375405,11.917177782469533,-0.02979009440224094,1.951782577545969,1.9815726719482099,1.1032564156836595,5.119903924105201,6.971567003899198,0.20118125472931966,2.6217468138069635,2.868990337997994,6.993963993244309,2.8619279624531746
1102,13,family_1,100_percent,1564,5.56002,-1.7458153184252903,1.5708056997659692,3.3166210181912597,2.3118952335637637,5.113422619665801,11.494529919982154,6.219823381207668,69.29991037843247,102.21551150337807,319.59576132452094,102.02609758784168,-1.0562298200046767,-0.3827075107329465,0.6735223092717302,1.0394267725164734,3.7002737844639504,12.260213709473025,107.46693237784284,128.43909790642724,146.67583092334078,442.3299748377725,99.82313270153672,0.8279421985077491,1.71814588398873,0.8902036854809809,0.9485997360096845,3.7064567284131997,12.744654178771603,-158.74933528898546,194.6460211835125,220.44507538505266,751.5935107354752,152.95319482386373,-1.6309858389497298,5.8952413320345615e-05,1.6310447913630501,1.1168713651678446,2.6843697231735097,4.611046661859289,6.5282161927159965,12.421556649060824,17.24504586652388,42.48094431858631,15.961641528353939,-1.4893053678577404,1.755642678542197,3.244948046399937,2.7962477486497987,5.788321806445212,21.365976060131512,2.1493156801845807,8.07577244093904,11.448627060486322,39.35831330660005,11.24506574800754,-0.02979045474466853,1.9518067875836977,1.9815972423283663,1.1031941388561537,5.120971623231344,6.969493567248163,0.24851051205430913,2.5327768368251857,2.7481339694684395,6.375866000087808,2.7368746481241826
1102,14,family_1,100_percent,1564,5.56002,-1.7458152365787536,1.5708057296354618,3.3166209662142156,2.3118955915058863,5.113439636295397,11.494155786433152,5.868558221680341,68.71278675152556,102.49777544025683,321.21040962478946,102.32963400012757,-1.0562298281461129,-0.3827072691456222,0.6735225590004907,1.0394429569310004,3.7005183360950444,12.260520250491945,106.92916440131467,127.93836939679824,146.25725926391232,444.06699873412305,99.78647046482749,0.8279406399013945,1.71814652646825,0.8902058865668555,0.9485455118979393,3.7080291094970455,12.743779116424406,-159.48799270649175,195.19463445298382,220.64342619547392,747.836506821421,152.47000264226264,-1.6310095806472111,7.771081156081383e-05,1.631087291458772,1.1168793726689983,2.68417858974803,4.61080406813593,6.455639511869466,13.190793504002366,18.489376137949126,44.481239785952646,17.325753907502907,-1.489305975540254,1.755679619868322,3.244985595408576,2.7963230233479037,5.7871433043340605,21.367068061262458,2.2316872892025943,8.515875278494415,12.135414879582028,42.08617093338941,11.928447767534234,-0.0297890087658596,1.9517184893004105,1.9815074980662701,1.1032578412351701,5.119435564197398,6.967742169256692,0.24989351687115036,2.587824466296978,2.8387696000778844,7.075722406614321,2.8277492945012153
1102,15,family_1,100_percent,1564,5.56002,-1.7458152735355004,1.5708056787458962,3.3166209522813963,2.311899130478005,5.113492401424513,11.494536677416365,6.219764094392133,69.06491193540384,102.21730456296257,320.9875137203991,102.02789759045102,-1.0562300316509363,-0.38270732662813595,0.6735227050228003,1.0394289597392719,3.70031001071461,12.26001807840308,107.2951734986305,128.18514321823534,146.37770018148785,443.5534594958434,99.56995959786431,0.8279404074665516,1.7181451140182022,0.8902047065516506,0.9485778480459911,3.707540993056139,12.745133244474394,-159.52219616970834,195.34705225033903,220.9214846313171,749.8178743403274,152.83642007354914,-1.630994803192438,6.982605722570001e-05,1.6310646292496636,1.116870032743313,2.6839941349943865,4.610096693132241,6.502253765922035,12.856321382294226,17.764624393257975,43.31293898871524,16.531865466337702,-1.489305497127236,1.7556453610647775,3.2449508581920137,2.796333662602793,5.794181200657077,21.367689224423554,2.202561880612658,8.25928818603159,11.721543693109522,40.45087720249806,11.512745446310696,-0.029790349437180674,1.9517148172590721,1.9815051666962529,1.1032250516107978,5.1212665595687685,6.968454771386188,0.23902670640147808,2.667274645080874,2.8677541034871505,6.719149918217825,2.8577753291142836
1102,16,family_1,100_percent,1564,5.56002,-1.745815039096022,1.5708057296358746,3.3166207687318967,2.311895415582986,5.1134937037566885,11.494009559719077,5.745943919779187,68.57890857222046,102.43977445517469,321.3156228868224,102.27849978806793,-1.0562298281468474,-0.38270791335904397,0.6735219147878034,1.0394468288221503,3.7005823099351782,12.260619425017659,107.21725797707371,128.21626121227652,146.4743025719982,444.18577642608676,99.79569582818141,0.8279434660884741,1.7181467789364195,0.8902033128479454,0.9485468250761988,3.707961709529269,12.744048661080901,-159.28051049378792,194.93380896563744,220.23373503372187,746.1651999970826,152.0941058152548,-1.6310100083959223,7.624738981741956e-05,1.6310862557857397,1.1168812666264818,2.6841504324366983,4.610947987652738,6.383301354492913,13.144278779531296,18.49152659711398,44.80447989665462,17.35482698587061,-1.4893056139592855,1.7557009831882184,3.245006597147504,2.796349905521862,5.78703438204715,21.36730660950046,2.220729735692004,8.479348932054005,12.079033169295734,41.78249963965729,11.87313782224227,-0.029788466633203625,1.9518111761377692,1.9815996427709728,1.1032680651186155,5.120303972517336,6.969334180539813,0.22165488613197176,2.57941359306846,2.8427010265795,7.086184147420146,2.834046266024951
1102,17,family_1,100_percent,1564,5.56002,-1.7458152365774584,1.5708058378421412,3.3166210744196,2.3118946458196676,5.113367071833145,11.493912387128033,5.678127831485399,68.50356252346694,102.45562607201961,321.32042479524193,102.29816312201709,-1.0562298200165343,-0.3827071616454595,0.6735226583710748,1.0394407742711476,3.7004250432989747,12.26017254092892,106.96385127843173,127.96662058177202,146.28460099248719,443.863284062227,99.78937321787684,0.8279421667724746,1.7181465265030873,0.8902043597306127,0.9485388292619257,3.708026416103264,12.7432642773837,-159.16141286315872,194.7905711500562,220.0042058393957,743.9212995492163,151.886455098624,-1.63100995693243,7.924726091475688e-05,1.6310892041933447,1.1168847622316402,2.6844278784813334,4.610847459482011,6.513546509824828,13.285260556431941,18.62223697149021,44.533491490535354,17.445957173129987,-1.4893058133798494,1.7556872606386957,3.244993074018545,2.7963161402955885,5.787039130635077,21.36683351159308,2.2176302555257723,8.481550850542016,12.079392038071708,41.70300462982634,11.874082198604103,-0.02979054751048744,1.9518112085070545,1.9816017560175418,1.103283741963109,5.121586401680199,6.9707800189241995,0.28296562497915395,2.5461717574689,2.810935475493284,7.006998108492872,2.796656700860299
1102,18,family_1,100_percent,1564,5.56002,-1.7458161952350713,1.5708057282346222,3.316621923469693,2.311893873422369,5.113410211462098,11.493887598237839,5.71627215961802,68.55255945901263,102.46086863854966,322.0039245060474,102.30128950684495,-1.0562300316538757,-0.3827071355264941,0.6735228961273816,1.0394413503592845,3.700540922744988,12.260442280722636,107.07042587974148,128.0591143619367,146.33809259516002,444.1778073529285,99.75350242633299,0.8279401086229295,1.718146526468274,0.8902064178453445,0.9485403848385004,3.708029101509779,12.743474096539469,-159.54662276335512,195.1771399899389,220.468061015893,744.640729501211,152.15466175216312,-1.6310102345905788,7.596456048569648e-05,1.6310861991510646,1.1168764865212604,2.684357105769717,4.610459137619984,6.403259498678065,13.01457965675621,18.316223199925542,44.12795548415373,17.16048659281198,-1.489305880844812,1.7556752267522375,3.2449811075970496,2.7963413708245017,5.78669545964655,21.367735106554594,2.2052888294913764,8.420774448138067,11.98012945208674,41.280580315081814,11.775406696470261,-0.029790027152132675,1.9518663756944472,1.98165640284658,1.1032424894859227,5.119739353272463,6.971573552145357,0.25940096766810594,2.4905516397565957,2.747017290152462,6.817958172821841,2.734742242034782
1102,19,family_1,100_percent,1564,5.56002,-1.7458161895605633,1.5708058378421437,3.316622027402707,2.311896597058139,5.113505826700047,11.49380912565091,6.03197105496227,68.65610476202792,102.2865972079666,321.65655855996624,102.10858579755622,-1.0562300316579736,-0.38270551662990676,0.6735245150280669,1.0394278519016467,3.7003401188070946,12.259624341825315,106.44501541513144,127.38785113799484,145.69651105604083,443.8487521775671,99.48332537252394,0.8279413875814025,1.7181448525628182,0.8902034649814158,0.948522642415335,3.7080275674301806,12.742390147266924,-158.62795869716922,194.09399616055083,219.11326210549663,739.9462357005768,151.1548621450241,-1.6310095826185493,7.586582999752605e-05,1.6310854484485469,1.1168761980013844,2.6845128203726416,4.610502944307478,6.368254969790251,13.23521322104204,18.48858892134778,44.48301486578107,17.357224690091606,-1.4893055210933936,1.755675583205677,3.244981104299071,2.7963682043408413,5.787445151856753,21.36779466582031,2.1859103237798934,8.500990738936002,12.107918458817185,41.691598119226384,11.908966599237669,-0.02978896823490404,1.951743816810055,1.9815327850449589,1.1031969351909114,5.120038790738456,6.968854060908252,0.28161855217439036,2.4732353529207125,2.7143182518151456,6.651158790806971,2.699669343310034
1103,0,family_1,100_percent,1287,4.575285,-0.25019306743935016,1.5708066744456397,1.82099974188499,1.403241703281705,5.113132506079639,10.529211014917996,-10.586045510651191,48.8152386720316,73.93150466007519,252.41174056698316,73.16968649481247,-1.0214006716717245,-0.38276510331045,0.6386355683612746,0.9256840073047269,3.7002204022039846,10.185120477143574,89.71417019803238,102.57953967404848,120.03218877595356,446.44529550493604,79.74392771882152,1.2689945219474208,1.8166645691785712,0.5476700472311504,0.8426368737186296,3.7065928534542407,11.027320858771729,-134.70695453856678,160.10638951523188,184.86944235176742,540.015658443835,126.61258671395176,-1.840029003780785,6.683706046954641e-05,1.8400958408412544,1.7370377767469656,4.537711599421211,10.01151363818731,3.5335627837755026,15.383712257211268,20.86045442818195,44.89456882568784,20.559000291925006,-1.4893033077338973,1.671488258182441,3.1607915659163384,3.049347833239746,7.774408975850209,19.52022464432023,4.918960232030148,9.533443150842738,11.99018757970353,26.29662006078703,10.934734950248346,-0.029792865623314638,2.847277706888576,2.877070572511891,2.7445872178406536,7.015430370632032,13.475401028818855,-1.3388881336946625,3.5891639780587705,4.196052720379756,8.845149421798784,3.976711832363262
1103,1,family_1,100_percent,1286,4.57173,-0.25019314213075117,1.5708081407974015,1.8210012829281528,1.4038075867994935,5.113358681519915,10.533730829107308,-11.287780931591591,49.27663458319084,74.22261649277978,254.62708740172138,73.35927208386587,-1.0214006718530377,-0.3827636166755754,0.6386370551774623,0.9260372250162736,3.700011327588386,10.188783958195026,89.84334498021687,102.68629583140137,120.13890210890852,445.7014955041107,79.75919484736316,1.2689941496513455,1.8166645691026615,0.547670419451316,0.8429823035994061,3.705990305063093,11.031744532901486,-134.34619767068045,159.86334900462234,184.7904380799274,541.875908803667,126.88027891363554,-1.8400304621616976,5.955261248668914e-05,1.8400900147741843,1.7377015501208553,4.537386483963402,10.015032303120709,3.483249640163926,14.712886250438176,19.95589497167125,42.870817277167994,19.649547477351014,-1.4893055357600922,1.67150937205688,3.160814907816972,3.0504965768360846,7.773923708478523,19.526673186858243,4.890583741269166,9.430447122435718,11.76370410851067,25.136833925014873,10.69892167567482,-0.029791105622304127,2.847316775531597,2.877107881153901,2.745482672463495,7.0146012075379485,13.478838144209432,-1.312884073599481,3.473932976413728,4.018358070504982,8.306501201679907,3.7978331969797408
1103,2,family_1,100_percent,1286,4.57173,-0.2501919772604685,1.570805719974526,1.8209976972349944,1.403744224817063,5.112928194597654,10.533687906377018,-12.652558832149722,50.86772276627962,72.90823102497326,242.6830822757443,71.80197007178747,-1.0214016823439418,-0.3827657681159988,0.638635914227943,0.9260165086046104,3.699922961900686,10.188936097965723,90.76149558643357,103.6593255195075,120.7491800996387,443.0091104176621,79.64116657639305,1.2689943716881846,1.8166526958733922,0.5476583241852075,0.843008788698786,3.708073967800365,11.035871776956627,-135.9159145076816,161.42466325039658,186.23620831732256,546.5278092702877,127.32159860743874,-1.8400296358732922,4.093147270810055e-05,1.8400705673460003,1.737700097086214,4.537543952599969,10.01510323183655,3.5608533707170404,14.253154966446257,19.24798483301001,40.923772183952366,18.915740625310878,-1.489305023271616,1.6715114885328308,3.160816511804447,3.050504663232102,7.773766964989296,19.5275181254433,4.923370716935629,9.58988157186489,11.96740995707973,25.830601463329195,10.907764292669318,-0.029791066534027143,2.847271525710537,2.877062592244564,2.7453104219360562,7.014559016950465,13.47845394824406,-1.3480600729451124,3.3697835795303592,3.7704490570255134,7.613863662336917,3.521224237584963
1103,3,family_1,100_percent,1286,4.57173,-0.250191626726675,1.5708067416904132,1.8209983684170883,1.4037327532531565,5.112741743992488,10.533851290726755,-11.664704649357708,49.806717163313415,72.37361750597569,240.8717604613292,71.42741193928647,-1.0214006933768267,-0.38276575851508415,0.6386349348617426,0.926008984228091,3.6998338467424734,10.189100073922967,91.1802670938392,104.04802093307138,120.92953866620314,441.40947850505773,79.43621475571996,1.2689942953786788,1.8166687950488984,0.5476744996702196,0.8430240466665706,3.7078359730684576,11.037947034457478,-136.70132779928383,162.2382851148722,187.10093646275013,549.4461961043711,127.7478273911177,-1.8400256132547528,4.667289758154251e-05,1.8400722861523344,1.7376883771788403,4.53756366527781,10.014677552086495,3.434995880573216,14.049104272193023,18.880758336982336,40.059691090968485,18.5656628936317,-1.4893052445686195,1.6715110420868347,3.160816286655454,3.0504958685494974,7.77376068412648,19.527796030627837,4.919505175616021,9.585633867515,11.945762542389883,25.82955861304258,10.885757279411129,-0.02979227806808074,2.847207621777095,2.876999899845176,2.745359553875976,7.014080705054109,13.479154419438638,-1.4386117301256334,3.4983701991268226,3.893438872251846,7.763833732574751,3.6179085867261294
1103,4,family_1,100_percent,1286,4.57173,-0.25019104143292137,1.5708081589502558,1.8209992003831772,1.4037382009537633,5.112830863134136,10.534211857054958,-11.797524197692285,50.082848417919884,72.4358915660918,239.51474763220799,71.46871210382537,-1.0214016825388041,-0.3827665739340683,0.6386351086047358,0.9260055392519404,3.699832299008412,10.189130983314396,91.0715172121516,103.95830122684075,120.84461796147556,441.04717195512836,79.43173448271013,1.2689943472833423,1.8166746756288166,0.5476803283454743,0.8430176422988844,3.7083086524364903,11.038664538940166,-136.57843975173375,161.83162465158324,186.54813724021895,546.9091138313738,127.06902574104198,-1.840016441620437,3.652501633377431e-05,1.8400529666367706,1.7376910058506085,4.537855639673479,10.015029952289506,3.640072504946695,14.207877159605001,19.06950895512973,40.77648403207056,18.718868661019663,-1.4893055253476026,1.6715124560343646,3.1608179813819675,3.0505055731084907,7.773791153144195,19.527642351328826,4.933234035774289,9.570857518470431,11.945829828852265,25.88780153416983,10.879616364935606,-0.02979204957024678,2.847161660287151,2.8769537098573976,2.74534773711836,7.014255885092672,13.478811611557939,-1.4237694011015565,3.4794435976528884,3.890784597554178,7.7919086394575405,3.620923290688681
1103,5,family_1,100_percent,1286,4.57173,-0.2501935140959139,1.5708067490652102,1.8210002631611242,1.4037206140036562,5.112915088062075,10.533589397946585,-11.378377372568226,49.48002791721613,72.12632882634959,240.15811864160244,71.2231692522464,-1.0214016825064418,-0.3827661933710495,0.6386354891353923,0.9260159243518866,3.6997974303023335,10.189319523328237,91.21894807893952,104.1242217647319,121.09420537820533,442.51125746539606,79.64238876095261,1.268994232084209,1.816647408209331,0.547653176125122,0.843006603680061,3.707817340503643,11.037483701824291,-136.81385840475002,161.75967226960861,186.34429230777332,544.8695119333976,126.5154671338247,-1.8400247212356966,4.8660648670783264e-05,1.8400733818843673,1.7376930676730857,4.537890723648258,10.015096195483185,3.55132836238556,14.443134240040948,19.401698675403374,41.640552032456405,19.073908313548774,-1.4893053449618596,1.6715119524502382,3.160817297412098,3.050511386137432,7.774335681596337,19.527628735721002,4.929181337048965,9.59636769231954,11.984493576076666,26.196994007472846,10.92388473124424,-0.029792977385537794,2.847212058002741,2.877005035388279,2.7454060808359144,7.0143136028756246,13.478570470378491,-1.4042182016904536,3.491275654965928,3.9384497654657418,7.957223928836783,3.6796138108690677
1103,6,family_1,100_percent,1286,4.57173,-0.25019365616635647,1.5708099853609887,1.8210036415273452,1.4037122140338478,5.113034143973477,10.533925664042375,-10.603310419398653,48.35065820572649,71.47070449562965,236.81163583727786,70.67978076686066,-1.0214016888485515,-0.382766914596497,0.6386347742520546,0.926006286274029,3.6994136614802833,10.18912572553908,91.41091707111524,104.27418369929335,121.2061775828792,441.1798319097099,79.59259842768135,1.268994271245266,1.8166685341144466,0.5476742628691806,0.843008036479534,3.7079890693624367,11.035391138399056,-135.0950298023797,160.10967632484133,184.8425021166851,544.3434464060803,126.15896128080192,-1.8400001416484586,3.789703659869892e-05,1.8400380386850572,1.7376694483957105,4.537499275444027,10.014869218853054,3.6764700408937014,13.773156821319173,18.252043813561986,39.07939565847227,17.877938119665746,-1.489305771846352,1.6714839944143614,3.1607897662607134,3.0504122029928378,7.773508404580171,19.524551152692027,4.859561986835437,9.321575530694178,11.50782726147827,24.20676039813623,10.431430658166045,-0.02979309885413393,2.8471943446273498,2.8769874434814837,2.745265832763387,7.013887664476274,13.478248894877655,-1.4024015396964509,3.381538525946046,3.740288056653505,7.483835524216945,3.4674233471270672
1103,7,family_1,100_percent,1286,4.57173,-0.2501923919518694,1.570808128693608,1.8210005206454773,1.40370141909918,5.113058685057816,10.533078849555887,-10.2082819739625,48.11101647388342,71.52462861988933,238.87157848058132,70.79239703776926,-1.0214016825398569,-0.38276719296725203,0.6386344895726048,0.9260192761294783,3.699919844815209,10.189600461928352,91.18608110523087,104.05323559360788,121.06352531103808,442.81490303573236,79.6333835360938,1.268994232090258,1.8166261185269272,0.5476318864366692,0.8429889004579738,3.7079400773117954,11.035952416363818,-136.00442270149878,161.1108653866398,185.87562741039397,547.6836817962642,126.69864194552227,-1.8400124851244364,5.54134012431471e-05,1.8400678985256795,1.7376946591505014,4.537645660811942,10.015059106225747,3.6196411431142845,14.584610281285388,19.529015088444183,41.66859909215938,19.19063908054536,-1.4893053449600138,1.6715181685217892,3.160823513481803,3.050502945545673,7.773463132408036,19.527300906288524,4.9161169542993175,9.572204037641502,11.957737266122164,25.924416210525425,10.900425432856169,-0.029792545614526246,2.847261369866878,2.877053915481404,2.7453338723481506,7.0129258220386665,13.477342573890224,-1.4193144039596668,3.4757880218497332,3.892170748818261,7.800896804354632,3.624160559449473
1103,8,family_1,100_percent,1286,4.57173,-0.2501932361606328,1.5708064509796136,1.8209996871402465,1.403694968983408,5.113301966572159,10.532990950406175,-9.706276646833802,47.391962743274675,71.21131072429634,238.0807045559192,70.54671479755392,-1.0214016888729243,-0.3827669008238752,0.638634788049049,0.9260134435548967,3.6996766329817263,10.189227731651373,91.0529110125966,103.92546797530576,120.92753794798828,441.739935283135,79.57912308070699,1.2689942712455797,1.816638716167619,0.5476444449220392,0.843003422546047,3.708303502083179,11.035781494259759,-135.74276134799612,160.88411482392607,185.7449249952927,547.5800129975376,126.78753843784447,-1.8400118063596602,4.672408485678163e-05,1.840058530444517,1.7376780894454424,4.537639529832283,10.014687297771417,3.6907412297991424,14.00502660380302,18.6098123056386,39.5803476374427,18.240162916645193,-1.4893056929001391,1.671484330535883,3.1607900234360224,3.050447513933049,7.772865520002449,19.526148906976566,4.903167298405207,9.425362802785958,11.664697921522906,24.7020091297542,10.584145125811087,-0.029794009344599165,2.847271166175614,2.877065175520213,2.7453501492200623,7.0138524469937105,13.480427108419052,-1.4437475881229596,3.4885473238007956,3.868172878685044,7.717593635570754,3.588642406423866
1103,9,family_1,100_percent,1286,4.57173,-0.2501931968668537,1.5708078978271487,1.8210010946940023,1.40368959846752,5.113252107713627,10.53255523078788,-9.296527279907467,46.98501377583089,71.1299613596202,238.9099093351393,70.51982688262216,-1.0214006996546325,-0.3827654182678351,0.6386352813867975,0.9260205910421837,3.699933150572049,10.18938858184781,91.27021592529407,104.14784904530369,121.10528393978113,442.93602182776453,79.60048670130858,1.2689941848318746,1.8166645991668813,0.5476704143350066,0.8429919681099277,3.707937238465869,11.03579449193746,-136.77441307605775,161.92793447165448,186.66440009104855,546.9130060359022,127.02896594498029,-1.8400286871344615,5.6773253957887e-05,1.8400854603884194,1.7376956206204563,4.537976407607935,10.015257206195553,3.529347497634407,14.621501115266787,19.62804370647876,42.08100143776101,19.308127977211626,-1.489305309061636,1.671482327551895,3.160787636613531,3.0504835680779174,7.773306694074244,19.526914370211397,4.923950576872446,9.541799146080532,11.918483407031518,25.92454921240126,10.853799216873469,-0.029791096018946677,2.8472374743024167,2.877028570321363,2.745403177845433,7.014108364465017,13.479086932527467,-1.3943445315545058,3.4920412346918535,3.9479421662342222,7.9705421919769615,3.693514677817622
1103,10,family_1,100_percent,1286,4.57173,-0.2501935388740249,1.570807891857322,1.821001430731347,1.403679789699329,5.11304904400802,10.532232041142601,-8.095285918538016,45.577735559848925,70.6670738904232,238.36912918600788,70.20186377961522,-1.0214006996348757,-0.3827657712718666,0.6386349283630091,0.9260197013142117,3.699763787435282,10.189233466505566,91.21306507286191,104.07313960415439,121.06274634154116,442.84667472397103,79.60128963635073,1.2689935485898394,1.8166189233481502,0.5476253747583109,0.8429823118325155,3.707939518927015,11.035573907324224,-136.1045583662611,161.12444875908102,185.74705242427663,544.9267307295271,126.40220202287617,-1.8400286657135907,5.491676162941391e-05,1.8400835824752202,1.7376956700530064,4.537428550460851,10.015114825476346,3.5053267299254585,14.623067194493427,19.65950578610141,42.264703824921526,19.344478599078982,-1.48930534495761,1.6714879401658622,3.1607932851234724,3.0504780848099213,7.773389641394402,19.52664898228896,4.910990667008097,9.524834657846498,11.889877672018699,25.636830011858144,10.828266792249263,-0.02979303771012755,2.8472815457954392,2.877074583505567,2.7454077381579083,7.014624200121781,13.478980127761778,-1.3895577466716829,3.477774201151422,3.936399796066012,7.989273209279451,3.6829842007716045
1103,11,family_1,100_percent,1286,4.57173,-0.25019331813582135,1.5708078918572659,1.8210012099930872,1.4036795954088468,5.113262488806283,10.532294452119341,-7.988852688603323,45.486084121741065,70.60368587188893,238.23798323243776,70.15025795687544,-1.0214016822169216,-0.38276558820437717,0.6386360940125444,0.9260237717161706,3.6998442557498534,10.18932240511795,91.17032425506864,104.07125094710375,121.11324236828416,443.11447006092425,79.72696816124633,1.2689947295509432,1.8166523360658466,0.5476576065149035,0.8430039512813585,3.7079284246962456,11.036474634975118,-136.77455312345663,161.86454642828102,186.49673897726692,545.2465772354335,126.78231448839215,-1.8400272321459128,4.9347414145205e-05,1.840076579560058,1.7377013438568651,4.5371889010922875,10.015398174360124,3.5356632611633536,14.66070332245719,19.793168936658873,42.096307422537926,19.474820200935802,-1.4893041979984127,1.6715333924706484,3.160837590469061,3.0505322056044895,7.77316762670165,19.5280327250603,4.910937899268336,9.620243917258868,12.049323228606934,26.43433882511615,11.003130428063486,-0.029792746468193406,2.847208213294904,2.8770009597630977,2.745472824347429,7.0144373864720935,13.478482693605132,-1.4310835345621005,3.5884393481066934,4.072526045640703,8.292042223663861,3.8128032088644632
1103,12,family_1,100_percent,1286,4.57173,-0.250194502319821,1.5708078918572654,1.8210023941770865,1.4036804538132528,5.113198993317264,10.532236771821895,-8.258934014955809,45.755461490690756,70.67801432237366,238.2920304786903,70.19381537920746,-1.0214006996293965,-0.38276679651562845,0.638633903113768,0.9260216623214,3.6997391072029595,10.189182916955813,90.98173075868041,103.88652026923425,120.9592481670133,442.6260508038584,79.7086217750884,1.2689931514371504,1.8166176829447014,0.547624531507551,0.8429837048180312,3.707938378696551,11.035549023754832,-136.80410773004684,161.9486395140503,186.62226900445242,546.3326525807776,126.93505188306318,-1.8400272287574935,5.480446965539909e-05,1.8400820332271488,1.737696899825761,4.537274171388924,10.015323072320658,3.5409730263726584,14.78396482486869,19.94574541545293,42.77332733841088,19.628914137174345,-1.4893053374057172,1.671516196862624,3.160821534268341,3.0504931137689018,7.773474762108386,19.527029016605326,4.910105923877855,9.546501187133634,11.944632457292617,25.990830985812376,10.88876046003896,-0.02979003781794849,2.8472512450778336,2.877041282895782,2.74552047969659,7.014767934222727,13.480362569449909,-1.463638138300775,3.6560725169165025,4.144119003492482,8.470361868599548,3.877046003753239
1103,13,family_1,100_percent,1286,4.57173,-0.25019448174386133,1.5708079430460018,1.821002424789863,1.4036702380588066,5.1134298421252815,10.532304739178999,-8.133594316107148,45.277272962327686,70.29663641253299,236.5763381280874,69.82450668939128,-1.0214016888719566,-0.3827683276890842,0.6386333611828724,0.9260161001163474,3.6994573245293623,10.189257144110245,91.38515415625457,104.23985765881592,121.24224578077347,441.5220304011711,79.67707174465605,1.268994487554805,1.8166526112913828,0.5476581237365779,0.8430178955210786,3.7079954395779344,11.035409185650792,-135.20724652705184,160.30502427408067,185.11962141801123,545.674322448609,126.44474967558294,-1.8400133716241946,4.757468625515788e-05,1.8400609463104498,1.737671455763799,4.5369011465078515,10.014584947494965,3.709957061365694,13.902565672732122,18.449716293074697,39.345999297378114,18.07285948315232,-1.489305473574274,1.671494690982082,3.160800164556356,3.050422430911859,7.773691943234056,19.525159158045266,4.860231910716264,9.306968373663704,11.518343711393644,24.3364549120692,10.442719359815088,-0.029794051510972704,2.847209925234981,2.8770039767459537,2.7453427434248883,7.014450063763284,13.478491115506376,-1.4148390554429775,3.4616184894173156,3.8584498660939115,7.739897235720507,3.589688818874604
1103,14,family_1,100_percent,1286,4.57173,-0.25019332944796735,1.5708078981339477,1.821001227581915,1.403683280761023,5.113017361796438,10.53223638453215,-8.246441667672494,45.787212613993255,70.72418691760103,238.56454963231462,70.24177400220928,-1.021400646050725,-0.3827669246455164,0.6386337214052086,0.9260277480270521,3.700006068263234,10.189427546191332,91.19176763457043,104.11087427650159,121.18458224008448,443.7708092982314,79.81080433366347,1.269093017592483,1.8166471431956992,0.5475541256032161,0.8429953856452486,3.708562137831596,11.036413995530399,-136.09931600872457,161.03717591601085,185.5855474535797,544.2739370503156,126.17040701211282,-1.840027226000966,6.743392011935189e-05,1.8400946599210855,1.7377000833062166,4.537082483180705,10.015367164374323,3.497015924389464,14.967066638551989,20.064384163213884,43.20333452370049,19.757287047405942,-1.4893048801117903,1.6714840017375892,3.1607888818493795,3.050491031331253,7.773434125597885,19.526883670621817,4.916705141113314,9.538602007710693,11.934228732139974,25.87432121755489,10.874365544085098,-0.029791049482870754,2.8472768175828285,2.877067867065699,2.7454997471771203,7.014502623896245,13.47877364755383,-1.38883262150305,3.565850145878367,4.093668750966727,8.341297307549775,3.8508788337326907
1103,15,family_1,100_percent,1287,4.575285,-0.2501951926491022,1.5708078978873703,1.8210030905364725,1.4031336844663995,5.113172772974348,10.527623366137458,-8.274332673094605,45.56913517106918,70.42918656829879,237.53291035714489,69.94144507720154,-1.0214016885385142,-0.38276813511455665,0.6386335534239576,0.9256609112677007,3.6995976535361925,10.184876200728095,91.20690396719488,104.0321905974734,121.05151420972385,442.61484772430185,79.59126686506421,1.2689949582796272,1.816654099248389,0.5476591409687619,0.842657495014286,3.7079719491424896,11.031066903157626,-135.85696629972225,160.87959979564073,185.6269556198578,546.4590451179301,126.49209999257972,-1.8403199033759812,5.2907633368635595e-05,1.8403728110093498,1.7370259565499107,4.536890868035311,10.007595888346941,3.7748218715446344,14.303846890773942,19.071954634827627,40.63899196425188,18.69465628009863,-1.4893052163277265,1.6715186498285033,3.16082386615623,3.049289819202478,7.773153524463611,19.517595724709704,4.9204425020176705,9.446907742295574,11.708799678039785,24.830940785343305,10.624746372728277,-0.029793080056346337,2.8472377478625863,2.8770308279189325,2.7443802381852818,7.014294883228258,13.475190411080876,-1.4564457284240482,3.592625092619755,4.031462902654278,8.084737795038228,3.759183285719519
1103,16,family_1,100_percent,1286,4.57173,-0.2501946228411442,1.5708078918573636,1.8210025146985078,1.4036764339608538,5.112940937972004,10.532071446383567,-8.109631960663837,45.58661501852382,70.61737908827111,238.4954067188009,70.15018245706257,-1.0214006462020921,-0.3827673358920146,0.6386333103100775,0.9260295479865085,3.699884123172859,10.189398529836016,91.28442099410563,104.16710609738762,121.26526882721275,443.88465668456473,79.82743831231882,1.2690022640715466,1.8166660507571641,0.5476637866856175,0.8429787628637931,3.7086448024275023,11.035415892846402,-136.1139965832582,160.93411533228357,185.44678077394374,542.9931323279717,125.95034114107008,-1.8400257824230895,7.14064157048862e-05,1.8400971888387943,1.7376997336295008,4.537673831098627,10.015235256539794,3.462251709775705,15.009710691900054,20.14874515049709,42.868723764446734,19.849048950461963,-1.4893041608570088,1.6714839823756926,3.1607881432327014,3.0504874772115937,7.773123509451192,19.526678274827802,4.933894521089298,9.522370385256817,11.910712216009133,25.884431137882455,10.84074491662608,-0.029791038947672526,2.8472977505363763,2.877088789484049,2.745540162000427,7.013701114835967,13.479453748843435,-1.4182887743484827,3.617121894705182,4.133639484591922,8.450885883156966,3.8827094072483
1103,17,family_1,100_percent,1286,4.57173,-0.2501944483458502,1.5708078916106403,1.8210023399564905,1.403676571847712,5.1130925238393665,10.53188459811757,-8.200306537594491,45.71090524023652,70.72630056947315,238.96104472439364,70.24930294980118,-1.0214006933029387,-0.38276856903753387,0.6386321242654048,0.9260251777680947,3.6997062605701383,10.188956843065487,91.16128657461185,104.05785398067154,121.1709178497785,444.0113428537017,79.82487809335674,1.2689903696055198,1.8166665661136885,0.5476761965081687,0.8429694240951243,3.7085636887660045,11.035208270173761,-135.8375362769924,160.5770950149709,185.05210863217374,541.3474231970483,125.66800168463973,-1.8400272212065008,5.936502395926266e-05,1.84008658623046,1.7377001324045838,4.53708800461115,10.015163661099947,3.519835891756836,14.94085786572945,20.182434331845027,43.229097902827995,19.873132889766957,-1.4893033078392544,1.6715019586095323,3.1608052664487865,3.050485112609251,7.773255329679976,19.526693781317555,4.9082500220115115,9.52026292083048,11.900616280467815,25.803455563666738,10.841298334441296,-0.02979206081970093,2.847255647920248,2.877047708739949,2.745508347262071,7.01373603318363,13.47824865323958,-1.3874334571216527,3.559346405989686,4.08187369535012,8.401249574252265,3.838843740874419
1103,18,family_1,100_percent,1286,4.57173,-0.2501932941019552,1.5708078978872473,1.8210011919892024,1.403680357720405,5.1133441878176935,10.531997512028783,-8.264129075853026,45.79743478590419,70.80851727820799,239.222881537384,70.32460657377274,-1.0214006996385039,-0.3827671124227198,0.638633587215784,0.9260246368656867,3.699818320929208,10.18929804207099,91.06953596232493,103.95442266891544,121.06509607905258,444.143312441986,79.76902348804983,1.268990369605522,1.8166476471990771,0.5476572775935551,0.8429609971739779,3.708685880749743,11.034929349549268,-136.071147693422,160.86288163613304,185.41441910793938,543.6559303165344,125.9489959409345,-1.8400286929354797,6.955877435363564e-05,1.8400982517098332,1.7376988739066785,4.537614673015835,10.01539137910288,3.4284845138077857,14.859362538128774,19.93743699801801,42.70543431353208,19.640440116975935,-1.4893041768502568,1.6714840019233033,3.16078817877356,3.050472244113251,7.77362400745077,19.52641903973107,4.912666021647727,9.491582984044259,11.837751088138818,25.564091621935322,10.770239708775273,-0.029790965464744367,2.847229038402773,2.8770200038675173,2.7454377978230604,7.014365113648081,13.478469339187157,-1.3896558580106837,3.4833148370086935,3.955838818397187,8.10868982455624,3.703716694542746
1103,19,family_1,100_percent,1286,4.57173,-0.25019323318532805,1.570807897887082,1.8210011310724101,1.4036760120362348,5.113169628674979,10.531739493994332,-8.25415139324485,45.70325482960287,70.62665477353165,239.0111911695821,70.14266425847406,-1.02140062757559,-0.38276688342999576,0.6386337441455943,0.9260151785969792,3.6998355359540818,10.188588184535027,90.55080574052215,103.40948255263392,120.53313107133803,443.5371027049512,79.55367537457069,1.2690852182678016,1.816656008352673,0.5475707900848714,0.8429595396960247,3.7085482121759057,11.034223944842733,-135.3424477327371,159.9120676133762,184.2453108928011,538.4380016147635,125.0150248078056,-1.840027232169913,5.840324820578026e-05,1.8400856354181188,1.7376981299905512,4.537216635664014,10.014969697796975,3.544111495938178,14.89021156019732,20.124020459814727,42.94732885940303,19.809479376586367,-1.4893048789461005,1.6715225177062933,3.160827396652394,3.0505081209409464,7.7733713260337725,19.52732556806927,4.885191143947643,9.553891491573944,11.96071534391996,26.068241650359276,10.917583021226717,-0.0297900443311884,2.847255189275537,2.8770452336067254,2.745395558874554,7.0134541010882385,13.479233880015737,-1.344863641385467,3.384930731156362,3.8399127306102545,7.9486383047302684,3.5967028741309894
2000,0,family_2,not_applicable,244,0.86742,0.8960600000000002,0.8960600000000031,2.886579864025407e-15,1.4530311005863537e-13,2.1860931567865249e-13,2.0686404129542743e-11,13.837052282071673,13.837052282071673,13.996870843609818,17.602963506123555,2.10911771978467,-1.1148014722978596,-0.906769445003934,0.20803202729392567,0.5203603177842678,1.6079697696436166,7.1842691598973945,131.68863002224515,138.14537292322154,157.39785749757235,390.17283488922226,86.21015176700664,0.8641094501459144,1.047555505385417,0.18344605523950264,0.48302802528584354,1.5943367653390677,7.556893952604405,-210.00840245519697,220.89642247470476,249.66818377494923,649.6976274504888,135.0210090604341,3.141600000000009,3.141600000000009,0.0,0.0,0.0,0.0,2.3312011027315545,2.3312011027315545,2.403016093386541,3.24098447624371,0.5830846968476358,0.9795277463475728,1.3707055846147764,0.39117783826720365,0.9648389738011613,2.9460025662498834,12.87934682612526,3.172485863783489,3.5495038897077134,4.164757328842331,11.647953554696263,2.698247033212458,0.9156493549529624,0.9234705628818115,0.007821207928849105,0.01930921553970559,0.05872659594284239,0.2570469656123072,1.946513646087175,1.946513646087175,1.9575012311055233,2.273453634918319,0.20711276005126006
2000,1,family_2,not_applicable,244,0.86742,0.8960494335493473,0.8960605664506561,1.1132901308830156e-05,6.299922584003852e-05,0.00040628333315236687,0.00418504959058296,15.74467538570604,15.74467538570604,15.930148159584869,19.64343600428471,2.42380225783117,-1.1148014250578593,-0.9067694449698762,0.20803198008798307,0.5203728344470524,1.607920034921322,7.185071122580139,132.57763807860127,139.14794497039958,158.18766479488656,391.02869470535126,86.29314674270951,0.864109450555397,1.0476121948893473,0.1835027443339503,0.4833300468719941,1.5959335690022962,7.573754239342432,-200.6957945797641,212.04702001196654,243.95814157076595,649.2767165041032,138.69669382021695,3.141600000000009,3.141600000000009,0.0,0.0,0.0,0.0,-0.09105720668227005,0.10626460525441436,0.14143415163749193,0.4616805395023259,0.10822293823695334,0.9795196467150603,1.3707056325381652,0.39118598582310493,0.9649684333254009,2.944668666329906,12.881057192712266,2.898098223875893,3.5941867210787573,4.3314682163000775,12.459091061216515,3.219106023973919,0.9156397113899629,0.9234705654421691,0.007830854052206182,0.019310722116267002,0.05887972934784556,0.25802666543608155,-1.7880242954506032,1.7880242954506032,1.7972031050236068,2.1963723411844707,0.18140595245158592
2000,2,family_2,not_applicable,244,0.86742,0.8960600000000002,0.8960600000000031,2.886579864025407e-15,1.4530311005863537e-13,2.1860931567865249e-13,2.0686404129542743e-11,12.006557981563402,12.006557981563402,12.184906928539018,15.851124973895786,2.0771428194792736,-1.114801473352129,-0.9067694695585072,0.20803200379362174,0.5203731575353016,1.6076731915127862,7.18649140440357,132.46316118379707,139.38414183354257,158.32296866087736,390.7163099874294,86.71605004143439,0.8641094344671636,1.0475555672482186,0.18344613278105504,0.48302735702711436,1.594472306188404,7.563277898600256,-210.12952039791452,222.28429016467993,250.842638927143,651.066454685506,136.99494210106982,3.141600000000009,3.141600000000009,0.0,0.0,0.0,0.0,1.9902941996318326,1.9902941996318326,2.1108342438762273,3.0371235152009297,0.7031004224379385,0.9795276624532595,1.3707057170902397,0.3911780546369802,0.964886029242034,2.9459893262937915,12.880894879141096,3.189993386736588,3.595605281105652,4.15384019730115,11.117163893187682,2.6605132168985155,0.9156496093312719,0.9234705621765045,0.007820952845232543,0.019305187494851012,0.05869340837970562,0.25693349258600434,1.8636373131965758,1.8636373131965758,1.8742033912664693,2.176538257956885,0.19873177072672726
2000,3,family_2,not_applicable,244,0.86742,0.8960598508732834,0.8960614781745816,1.6273012981571355e-06,1.5154620021948564e-05,7.953312079871074e-05,0.0014751509177431078,11.223632600451266,11.223632600451266,11.417961629433808,15.08836848904943,2.097598393713695,-1.1148014826107757,-0.906769469749101,0.20803201286167472,0.5203614712399429,1.6076834437631555,7.186971176227016,131.79249662574705,139.00004560508754,157.76395804824713,389.35473195308225,86.7191114587871,0.8641094357104797,1.047555565256881,0.18344612954640138,0.48304692762475354,1.5949015122840102,7.565960244249474,-210.07631083785353,222.58092955039174,251.0334514622112,651.1700169890111,137.4253884032637,3.141600000000009,3.141600000000009,0.0,0.0,0.0,0.0,2.0443067119155707,2.0443067119155707,2.15752519355066,3.032142913302124,0.6897282279439915,0.9795277991566721,1.3707057172779975,0.3911779181213254,0.9648685326538449,2.9460718828153105,12.880007872497554,3.1741001037698253,3.576739618086674,4.145098814146955,11.16400256890687,2.6658831013926467,0.9156495861618216,0.9234705638471662,0.007820977685344621,0.019306303860459086,0.058730052745478364,0.257109465842722,1.8543734067770414,1.8543734067770414,1.862840250689497,2.162595304326745,0.17740650446648917
2000,4,family_2,not_applicable,244,0.86742,0.8960600000000002,0.8960600000000031,2.886579864025407e-15,1.4530311005863537e-13,2.1860931567865249e-13,2.0686404129542743e-11,10.246685766756576,10.246685766756576,10.454606237313529,14.104022351907089,2.074661990451255,-1.1148014826043198,-0.9067694499734618,0.208032032630858,0.5203680267587355,1.6077173701512177,7.187004365979825,131.89988476493707,139.0123989878506,157.94635891165007,389.6738742462275,86.88770161791656,0.8641094458171926,1.047540737291684,0.18343129147449144,0.48291334293366506,1.5936834255852899,7.557540281946547,-210.3844874329196,223.37081320445208,251.34667646224378,648.2402202160634,137.52643097311716,3.141600000000009,3.141600000000009,0.0,0.0,0.0,0.0,2.1568900442863983,2.1568900442863983,2.256754649513357,3.134596549430236,0.663902767698985,0.9795276787570025,1.3707055846288965,0.39117790587189394,0.9648704654494552,2.946071769297926,12.879927909683415,3.1519826817030387,3.5682826834300396,4.128403425298107,11.051949658511342,2.666218298687725,0.9156495949508122,0.9234705639501459,0.00782096899933371,0.019309617933825955,0.058727649948498384,0.25720008325521104,1.8272631162613193,1.8272631162613193,1.8378589808330013,2.147477525181636,0.19706632736084484
2000,5,family_2,not_applicable,244,0.86742,0.8960584214233529,0.8960603030634388,1.8816400858545634e-06,2.5509871830616576e-05,8.831377303152436e-05,0.002569522470376958,9.690153098385855,9.690153098385855,9.89417184252279,13.349580910868612,1.9988920379084536,-1.1148014826130404,-0.9067694500078999,0.20803203260514047,0.5203599342093314,1.6076763905857354,7.1866127878601755,131.81257144851034,138.81359699350315,157.76140620848224,389.7008276021375,86.68395063106604,0.8641094446469483,1.047555354773192,0.18344591012624367,0.4829606346237214,1.594752736685231,7.561436273250982,-209.9346715169103,222.6716416819236,250.86733832187,649.6524831438215,137.33846923490364,3.141600000000009,3.141600000000009,0.0,0.0,0.0,0.0,2.1694481068621663,2.1694481068621663,2.265837549172583,3.1783037290356972,0.6538460911197514,0.9795230701109816,1.3707057172456951,0.3911826471347135,0.9648871031530426,2.945988984732538,12.880782962069693,3.0423919116868596,3.4588573579274007,4.062167278673786,11.219645621302359,2.691663882365398,0.9156494940083907,0.9234705628273018,0.007821068818911092,0.019310830618395218,0.05870656858939898,0.2572814171203646,1.8699799314242147,1.8699799314242147,1.8798266287132226,2.184155566538446,0.19215413107713683
2000,6,family_2,not_applicable,244,0.86742,0.896049474006719,0.896064299171551,1.4825164831977489e-05,7.6630724416481e-05,0.00040495129518751773,0.0059703674865385185,7.710771946494443,7.710771946494443,8.022540671173397,11.76838304590952,2.2147584088982684,-1.114801481469807,-0.9067694708468804,0.20803201062292664,0.520362917892507,1.6083756661881838,7.186568520193142,131.7999660903091,138.7301853296263,157.77217207252534,390.6018572727909,86.72270301988927,0.8641094445517729,1.0475554399524145,0.18344599540064166,0.4829163801431633,1.5940702809650722,7.55697010607311,-208.9281994367135,221.52105826967212,249.87088704006723,647.4657171950208,137.05643972584036,3.141600000000009,3.141600000000009,0.0,0.0,0.0,0.0,2.297767379828692,2.297767379828692,2.378641065821377,3.2416005601165585,0.6149783640153884,0.9795278521199259,1.3707057170555408,0.3911778649356149,0.9649206062220902,2.94575310629736,12.883052229336958,3.116333790619414,3.5204040453590473,4.100214687867047,11.35268130280489,2.664624587450228,0.9156493349267846,0.9234705639467982,0.007821229020013587,0.019304962318762317,0.05873106929686277,0.2571445307945728,1.8168290048149638,1.8168290048149638,1.8273037253367872,2.127734418889987,0.19537469614248493
2000,7,family_2,not_applicable,244,0.86742,0.8960497090852378,0.8960642991742527,1.4590089014832053e-05,6.714427926436431e-05,0.0002713826505915145,0.004873672790903397,8.899225834145868,8.899225834145868,9.266245041775711,13.545250813107083,2.5820683041127572,-1.1148014721810469,-0.9067694709714516,0.2080320012095953,0.5203800367590089,1.6084898104175858,7.187343717535917,132.16352142396957,139.14646341078338,158.10089031646774,392.7586766772385,86.76805358930041,0.8641094700906641,1.047541104691479,0.18343163460081502,0.4829567525451272,1.5942041729895595,7.562808787728227,-209.82083040250333,222.46304345403686,250.69183635754243,648.9851484004223,137.19189460577016,3.141600000000009,3.141600000000009,0.0,0.0,0.0,0.0,0.07099674226999464,0.490619863329336,0.5387879065159904,0.7887873634362031,0.534089759118195,0.9795196396327265,1.3707057170002956,0.39118607736756916,0.9649842293450414,2.944302812878574,12.881282204064266,2.804786241771327,3.524546756577549,4.2621463028963795,12.420539163974938,3.20921567446994,0.9156494257816931,0.9234705629914208,0.007821137209727769,0.01931182364016819,0.05864284816621196,0.2571905225977577,2.009917521836807,2.009917521836807,2.018990689625158,2.3493214765890666,0.19119351507428126
2000,8,family_2,not_applicable,244,0.86742,0.8960494360926458,0.8960655230616054,1.6086968959605485e-05,8.434103839961392e-05,0.0004062767033095755,0.006741996634591817,6.086100615697053,6.086100615697053,6.550870935237178,10.42412809455438,2.4234870137360294,-1.114801472189882,-0.9067694696833614,0.20803200250652065,0.520375040809151,1.6084483435048569,7.186699417798838,131.96128808212532,138.88027099054196,157.87928396913622,389.69379340631707,86.67229519467841,0.8641094651786689,1.0475410906889255,0.1834316255102566,0.4829745482345416,1.5944318803460773,7.56214679433955,-209.84150781010618,222.22376284369938,250.6272952541796,650.3690397197294,137.04226620428773,3.141600000000009,3.141600000000009,0.0,0.0,0.0,0.0,2.176185127762195,2.176185127762195,2.2755747897418726,3.1550759673428486,0.6651758514974847,0.9795247469942772,1.3707055847834182,0.39118083778914103,0.9648862829987731,2.9459023610490966,12.881908619769426,3.0898413920849217,3.491790281026322,4.095867383983318,11.370639077940323,2.688681795775964,0.9156494956421591,0.9234705638663493,0.007821068224190153,0.01930840415482696,0.05872706170240333,0.2570766387491158,1.9462643181380952,1.9462643181380952,1.955554412201076,2.2560966022598548,0.1903897660630738
2000,9,family_2,not_applicable,244,0.86742,0.8960494335499606,0.8960667469508602,1.7313400899610087e-05,0.0001007193474548685,0.00040628258477460455,0.008720224745897509,5.949219507568542,5.949219507568542,6.470508375081201,10.61989357533333,2.544457876004607,-1.1148014261019992,-0.9067694488221447,0.20803197727985445,0.5203809517753273,1.60768420945387,7.186607638599847,132.8010378873834,139.638980326922,158.54941011756665,390.4791112448701,86.61293081672108,0.8641094658678392,1.0475410709073472,0.18343160503950795,0.48300010015233125,1.5946691610005708,7.563550324472493,-210.48200847231502,222.82177541825905,251.10035353592755,649.7858631321407,136.92593492588654,3.141600000000009,3.141600000000009,0.0,0.0,0.0,0.0,2.2622564840993338,2.2622564840993338,2.3513568610617472,3.231989782175288,0.6411510650483797,0.9795276516827981,1.3707055847836083,0.39117793310081017,0.9649074335770854,2.9459079273604094,12.882235958606607,3.138841440081041,3.5367363465608985,4.136505327904376,11.42077724967973,2.6941326511163584,0.9156495822347673,0.9234705638473226,0.007820981612555289,0.019304118866047923,0.05873912446686464,0.2568764276677746,1.7561380986612618,1.7561380986612618,1.7670640591444877,2.0668463700843107,0.19619981536841852
2000,10,family_2,not_applicable,244,0.86742,0.8960494335502901,0.8960686668166999,1.9233266409846017e-05,0.0001164712404073688,0.000419852140177356,0.008942405177083227,4.556914052403829,4.556914052403829,5.31254788880921,9.29496812125991,2.7308788676716715,-1.114801426102225,-0.9067694500067758,0.2080319760954492,0.520380335843204,1.607683262799051,7.186589017157875,132.58616925897329,139.39839290652276,158.3522838485003,390.3952219515619,86.58148486406834,0.8641094938911146,1.0475410664953355,0.18343157260422094,0.4829905881147622,1.5946634843601504,7.562994714409492,-210.42716095983113,222.7459456615181,250.9077247548649,648.826255228511,136.65685592771536,3.141600000000009,3.141600000000009,0.0,0.0,0.0,0.0,2.36891545600662,2.36891545600662,2.450358931860468,3.315029189069648,0.6264969730504062,0.979527825703488,1.3707057558389206,0.39117793013543267,0.9649169886531082,2.946477888331406,12.883495063150292,3.213790582651338,3.604412000120363,4.185032541530855,11.486315400267006,2.6806804107416062,0.915649483158293,0.9234705639467985,0.007821080788505519,0.01931096741687583,0.058709438995327864,0.2574492626184348,1.9457051613528236,1.9457051613528236,1.9549919515246956,2.2579634051356603,0.1903285464961062
2000,11,family_2,not_applicable,244,0.86742,0.8960492910618768,0.8960693355438083,2.0044481931491553e-05,0.00012391806253193996,0.00044058421436883794,0.009288936970912827,4.909707816026431,4.909707816026431,5.672917298334927,9.73635877705536,2.841964080525407,-1.114801700977397,-0.9067694703673072,0.2080322306100898,0.5203942264445988,1.6083787817006574,7.186226737202587,132.38970390393584,139.0262169867662,158.20861124146947,391.68241644355874,86.61946069551932,0.8641094953764545,1.0475553406240632,0.18344584524760865,0.4829644048846391,1.5946979019519931,7.560793510241495,-210.57036715076185,222.8616883415889,250.97331896270825,647.7594961018752,136.55668167157054,3.141600000000009,3.141600000000009,0.0,0.0,0.0,0.0,2.054887948274906,2.054887948274906,2.14685763769955,3.012587025815989,0.6216375443805161,0.979527667341609,1.370705358022072,0.39117769068046304,0.9649262057293634,2.9457975875963296,12.882819720361345,3.21593404757181,3.602383705072442,4.1949611430805005,11.538584657583861,2.6935974446126236,0.9156494956420863,0.9234705628571406,0.007821067215054267,0.019309000148325685,0.058726812691246265,0.25704562129218933,1.8956542126736355,1.8956542126736355,1.9062175475070566,2.2176805620298814,0.20040070957089126
2000,12,family_2,not_applicable,244,0.86742,0.8960494335506638,0.896066746951346,1.731340068222842e-05,0.00010212506558267541,0.0004062823122000178,0.007709488217526623,5.173443377517168,5.173443377517168,5.799367995530738,9.763356615125153,2.6207160790917365,-1.1148014249551945,-0.9067694441037237,0.2080319808514708,0.5203858960557561,1.60840543612541,7.18676162613313,132.5946352396776,139.35252283228104,158.3555043871165,391.10082275439856,86.57441004913012,0.8641094659290455,1.047537122514707,0.1834276565856615,0.48298664093266425,1.5945923724192794,7.562949221158882,-209.6457765665101,221.97624638576636,250.2483209711924,647.9893313028674,136.64871209318392,3.141600000000009,3.141600000000009,0.0,0.0,0.0,0.0,2.2793219182995292,2.2793219182995292,2.366992544470998,3.2350822166626076,0.6382360835463965,0.9795275793617534,1.3707055862450037,0.39117800688325033,0.9648740808195111,2.945958372177728,12.881489195520661,3.1193136030754918,3.502012747530514,4.1229091652379415,11.574966639112104,2.6959715559462447,0.9156493549531529,0.9234705628272991,0.007821207874146197,0.019307652936677442,0.0587270408761028,0.257139195809224,1.9672640983336673,1.9672640983336673,1.9775285198127144,2.285359641154877,0.2012237910389502
2000,13,family_2,not_applicable,244,0.86742,0.8960593214961367,0.8960693355450496,1.0014048912987406e-05,8.868970905391247e-05,0.00044058442403078666,0.007527011372245191,5.445231240089479,5.445231240089479,6.395202439834815,10.71549308067883,3.353814393854072,-1.1148014261594488,-0.9067694500213961,0.2080319761380527,0.5203777109654706,1.6074424724140766,7.186380356709618,133.00477415224393,139.69796403374787,158.70806876366146,392.1316962255889,86.59088371994869,0.8641094650917753,1.0476198825124339,0.18351041742065854,0.48313852762195597,1.5957317893058287,7.563087932621683,-200.4517711881312,213.07389123983657,244.11889978899237,641.2461351148941,139.33098959574357,3.141600000000009,3.141600000000009,0.0,0.0,0.0,0.0,0.03352078212191946,0.21655043349399988,0.23765293895029535,0.547756411544108,0.23527702088739483,0.9795195010020711,1.3707057170554502,0.3911862160533791,0.9649810883652367,2.9446594739417207,12.881523068076087,2.8517897427650234,3.5630303174680558,4.316803808810559,12.480140772233622,3.240692886840953,0.9156495223188247,0.9234705639467954,0.007821041627970704,0.019316524410480065,0.05864001761655576,0.25744323606244984,2.1071972673594797,2.1071972673594797,2.114618708589374,2.449683740135509,0.17700835898039913
2000,14,family_2,not_applicable,244,0.86742,0.8960495469174913,0.8960686668057516,1.9119888260310525e-05,0.00010888866227564926,0.00041984895792839254,0.008742749445918647,4.849805463214436,4.849805463214436,5.542624102020319,9.367160388113218,2.6832944127083715,-1.1148017009642264,-0.9067694500034991,0.2080322509607273,0.5203880983825735,1.608446192820819,7.186164142856068,132.5487735320942,139.2419223858521,158.32997401319565,391.4467441412036,86.59794054223696,0.8641094945920275,1.0475367849970896,0.18342729040506212,0.48287561285878683,1.5933478463398385,7.55277750666633,-209.56167275929008,221.88252528519882,250.1304086756608,646.7306560991897,136.56180525528106,3.141600000000009,3.141600000000009,0.0,0.0,0.0,0.0,2.1649723733481476,2.1649723733481476,2.24410603443021,3.0806385956437583,0.5906830930417529,0.9795276409496761,1.3707055860821855,0.39117794513250936,0.964874442217988,2.9464117089515676,12.881298920993258,3.25876090711088,3.642971656325453,4.222662809361731,11.529409196499623,2.6853972800784214,0.9156494956421372,0.9234705629441357,0.007821067301998497,0.01930771140160574,0.05872703422318111,0.2571304030616982,1.9560227189204142,1.9560227189204142,1.9658501188203912,2.265926337187496,0.19632068850056886
2000,15,family_2,not_applicable,244,0.86742,0.8960499059864079,0.8960667469515883,1.6840965180398015e-05,0.00011199104751918319,0.0004101330563492568,0.010164432748155663,4.72887505861669,4.72887505861669,5.385137175057833,9.192800402363726,2.576323557743254,-1.1148014249373583,-0.9067694500036235,0.20803197493373482,0.5203788297864371,1.6084367372297035,7.186182410736105,132.8623526208069,139.48318436777345,158.54365862581844,391.503309914918,86.50830565052365,0.8641094675770395,1.0475365087095478,0.1834270411325083,0.4828636511238755,1.593993223216189,7.551927211015669,-209.56453133659343,221.86653979339835,249.90241942284638,643.8060549525857,136.13936403210562,3.141600000000009,3.141600000000009,0.0,0.0,0.0,0.0,2.2025962593209765,2.2025962593209765,2.276997197769751,3.0747027405423486,0.5773092386897509,0.9795277458581241,1.3707055870714884,0.3911778412133643,0.96488166343361,2.9465095184766974,12.882428979248651,3.2016691743026455,3.5827442924373627,4.181407244145671,11.560584787057133,2.6895131603533957,0.9156494899108162,0.9234705628273029,0.007821072916486704,0.019308050397556262,0.05871296462370283,0.2571454626120029,1.7272893870852835,1.7272893870852835,1.738955149069546,2.0433385810863083,0.20108799998516183
2000,16,family_2,not_applicable,244,0.86742,0.8960494404097644,0.8960693355424819,1.9895132717495656e-05,0.00011731290173752901,0.00044058423459019964,0.009075164103667061,3.383115161849491,3.383115161849491,4.407568892056634,8.152405216857288,2.8251009433097156,-1.1148014261303822,-0.9067694497484405,0.2080319763819417,0.5203749840649721,1.607564637281391,7.186055884315341,132.60591704522005,139.3058234297811,158.31694408431835,390.3733607273159,86.48656282217142,0.8641094945538833,1.0475368266236378,0.18342733206975448,0.48293778147378197,1.5944043371439935,7.559298504191762,-209.53907766607082,222.07769114832934,250.2110418739456,646.8348903303283,136.74406899934522,3.141600000000009,3.141600000000009,0.0,0.0,0.0,0.0,2.149065925203824,2.149065925203824,2.243716407262508,3.117204890696495,0.6448092472559701,0.9795276456872354,1.3707055860827693,0.3911779403955339,0.9648950654465502,2.946008780973259,12.881726546811374,3.1757533012566093,3.5701992491271155,4.152725552418328,11.30287532442258,2.6757654013881447,0.915649496269794,0.9234705628745653,0.007821066604771332,0.019306186962804422,0.05873523358546729,0.25706316973928917,1.7518643960472546,1.7518643960472546,1.7637277700719483,2.068097458688035,0.20422239050837032
2000,17,family_2,not_applicable,244,0.86742,0.8960494334694592,0.8960686761753786,1.9242705919353398e-05,0.00011103592666195954,0.00042072052878576,0.009667471611136468,4.843070524373913,4.843070524373913,5.558974507728931,9.770242450328807,2.7288945515575915,-1.1148014733821952,-0.90676944877696,0.20803202460523518,0.5203532900299878,1.607533353164072,7.185177155963819,132.01240081138056,138.81720038358324,157.7474549176387,389.55828164383894,86.3538393182831,0.8641094675807753,1.047555160757796,0.18344569317702064,0.48283188274111777,1.5932013022389964,7.548447026210875,-209.03375830145507,221.6990322169757,249.59474165928276,643.2711998660199,136.39069966215789,3.141600000000009,3.141600000000009,0.0,0.0,0.0,0.0,2.1630239877906323,2.1630239877906323,2.260969777052347,3.1460882515312987,0.6582640511120517,0.9795276761496224,1.3707053571955996,0.39117768104597717,0.9648937705514602,2.946614146224888,12.881520702302362,3.195760643355989,3.593832479781368,4.157797263816972,11.218490059068897,2.6597729221459527,0.9156493549531178,0.9234705639490006,0.007821208995882789,0.01930779908689556,0.05872696127539172,0.2571220774555081,1.9505565393143127,1.9505565393143127,1.9609178696764045,2.2653894989090495,0.20131586761708614
2000,18,family_2,not_applicable,244,0.86742,0.8960494335448702,0.8960705221721477,2.108862727745464e-05,0.0001505095129600636,0.0004899965940732304,0.012051655306880842,5.831124585777502,5.831124585777502,6.775531161156738,11.05438433660094,3.4504794711673257,-1.1148014734068856,-0.9067694708243089,0.2080320025825767,0.5203569534550885,1.6073974474581922,7.185487805240115,131.71009776335706,138.54204102957695,157.48070316853153,389.7187372834499,86.32857011222917,0.8641094660425597,1.0476115002220823,0.1835020341795226,0.483085475772056,1.595241815488254,7.561273537552363,-200.1001939360454,212.96764432376705,243.6513281885717,639.39702883188,139.01756045482927,3.141600000000009,3.141600000000009,0.0,0.0,0.0,0.0,-0.040756980341080565,0.23279861089879694,0.2811779131569422,0.554059376859034,0.2782083525000098,0.9795196265206191,1.3707057171685653,0.3911860906479462,0.9650107415944416,2.9453121656989647,12.884280422194237,2.895447982672192,3.6142265408226337,4.239913513045293,11.887464418300086,3.097296817830609,0.9156396467656142,0.9234705635969107,0.007830916831296553,0.019311498663528444,0.05895025215431808,0.2581578887289484,-1.6730931241329876,1.6730931241329876,1.6824066476597164,2.0770562779117063,0.17678101161754844
2000,19,family_2,not_applicable,244,0.86742,0.8960501819793065,0.8960686668044707,1.8484825164200025e-05,0.00011790093497468885,0.0004198489346933453,0.010377892885786673,4.422515170530722,4.422515170530722,5.15187005372498,9.000135331564286,2.642560239028403,-1.114801426103227,-0.9067694499898723,0.20803197611335478,0.5203783193494488,1.6076553854681963,7.18638702978713,132.32523738204202,139.2278806457922,158.14605507860134,390.2443527505707,86.60373137867805,0.8641094387150264,1.0475365028674821,0.1834270641524557,0.4828474942526523,1.5938130708076488,7.553447730082601,-210.42656901087182,223.45550338090018,251.14788217962607,644.0516601940916,137.09820486652671,3.141600000000009,3.141600000000009,0.0,0.0,0.0,0.0,2.1014211665158657,2.1014211665158657,2.2108224991333363,3.1050963969462324,0.6868516605448869,0.9795276793014523,1.3707057170001973,0.39117803769874493,0.9649266075225941,2.9459313019397873,12.882460951929778,3.203790483448181,3.6142385460994695,4.159365215589527,11.079623679741843,2.6525545300375977,0.9156494812370767,0.9234705628516254,0.007821081614548753,0.019306688901749313,0.05872331704788718,0.2570564987861319,1.7301394552395475,1.7301394552395475,1.741620064036398,2.044455926378695,0.1996444661831339
2100,0,family_2,not_applicable,356,1.26558,-1.0911049630609073,0.896050801807289,1.9871557648681963,2.500723797348665,4.610652168070236,13.555701808563532,-33.04203801670908,75.71714583951628,116.810001489347,342.8877329076919,112.03927959266608,-0.9067710864920022,-0.7150794596365795,0.19169162685542274,0.2412823739067349,0.4466776203363704,1.309982771468428,128.61668430329436,128.61668430329436,129.7681722779338,160.34204320011776,17.24897258338084,0.8641098871514793,1.1833057993730822,0.31919591222160293,0.40175281425299225,0.7458406343162077,2.1806790497567667,-85.10009964100374,88.53316320119339,104.32588156571902,204.45267251611378,60.347846735038225,3.141490394307719,3.1416059637714344,0.00011556946371538146,0.0007803748223495442,0.0043679365391697455,0.0554234761917521,0.5982113876160701,8.02263025992853,12.19861868449192,31.214070145462706,12.183941929661428,1.2431939873135682,1.3707041137278249,0.12751012641425663,0.1602756400122865,0.3017048473552006,0.8777653949914791,3.447370440461138,6.137005961433476,8.513952818456463,17.24849231631027,7.784794771934423,0.9234610110742724,3.0985047591882453,2.175043748113973,2.7373000776756795,5.046701753613153,14.822286902802102,3.8456020346553434,3.8456020346553434,4.11176058890556,6.854644162660208,1.4553075728283962
2100,1,family_2,not_applicable,350,1.24425,-1.0074047440042075,0.8960604816167711,1.9034652256209785,2.4656025362610765,4.6266475343959375,13.802676444005828,-32.35598564051962,74.82415762448026,116.16737050378917,339.79830743823777,111.57037314177592,-0.9067713182138315,-0.6615895015640523,0.24518181664977923,0.3176319631878204,0.5969566557604812,1.7791779610320893,127.15565445095105,127.15565445095105,128.701940535777,164.69966829504995,19.890425808036646,0.8641098906967377,1.2684056127212102,0.4042957220244725,0.5237709694447122,0.9853931625399003,2.931306662239108,-81.47371093146607,88.38328441414595,102.52389577447414,203.42700378000052,62.23490685966473,3.141600000000006,3.1416000000000146,8.43769498715119e-15,3.203680911220583e-13,4.9967843583692e-13,3.9140548049011466e-11,0.16948686040431896,7.323807627840403,11.427887255948995,28.914366381381207,11.426630358020327,1.2115947760191783,1.3707035328645008,0.15910875684532244,0.20587665549337658,0.3927635780328125,1.1508875261433011,3.176999918613579,6.035532502632042,8.33556560610792,16.726485910229393,7.706382127227965,-2.7049058348629558,0.9234824712842621,3.628388306147218,4.699853892258916,8.82033005253769,26.27490936427646,-4.245509794863285,4.245509794863285,4.7897284174766765,8.931163999752673,2.2174636174926388
2100,2,family_2,not_applicable,336,1.19448,-0.7862604759151457,0.896054591417687,1.6823150673328326,2.3587926133324677,4.66666400122853,14.645505086908843,-30.743780310912,70.96358293914162,113.92684317260905,327.0655432776003,109.70025326985638,-0.9067704547376387,-0.4608396123263131,0.44593084241132563,0.6253225552160385,1.2375196085950655,3.880597818443147,117.1138652222858,117.1138652222858,121.41328136319412,178.17867694780773,32.02385773254719,0.8641097754358135,1.5702057982533362,0.7060960228175227,0.9900280041721645,1.9605219013542234,6.145947076602635,-78.6232579494986,99.37878659134219,109.60285262313678,205.53965825872933,76.36208884345456,3.1414999571335045,3.1416067249434794,0.00010676780997487256,0.0007827298524354266,0.004476457210974674,0.06364917287667533,0.02391584412399955,8.04784131774305,12.146233072945765,31.439639219907694,12.146209527861823,1.1105946982055184,1.3707038574940875,0.26010915928856915,0.36433433405837745,0.722848617753026,2.2465802961869485,2.339597790027561,5.836784039004225,7.944657723536431,17.213167821574874,7.592355927183948,-1.0006049957908612,0.923470754592003,1.924075750382864,2.698460259035203,5.338593227990012,16.733528294441676,-3.209227300740428,3.378235920720132,3.685295887719636,6.221909257481239,1.8117024899871301
2100,3,family_2,not_applicable,349,1.240695,-0.866260531367957,0.896054398112889,1.762314929480846,2.2707631728599096,4.458055511264685,13.575184385692749,-28.790966876681175,55.45755123415267,89.32791260620422,284.6422270362281,84.5609614236233,-0.9067703072515871,-0.032769961494396545,0.8740003457571905,1.1263150896329104,2.2107856927916925,6.7369207715816115,93.74895856227886,94.01034385825369,108.41003338339307,206.83857475922022,54.44141903621285,0.8641097236754882,2.0999047055207316,1.2357949818452434,1.5926011874375339,3.1253082572553144,9.539215785238808,-73.28461504065612,103.31756578709643,119.25272974859594,316.4512449160959,94.0775145868262,3.141600000000009,3.141600000000009,0.0,0.0,0.0,0.0,-0.5937871947464395,7.151827201686209,10.27657517366825,25.962033472587212,10.259406126448537,1.0088943157054033,1.3707064384298158,0.36181212272441243,0.4657507877445638,0.9156533921389604,2.7528570775534553,1.252234939778028,5.7422677742700445,7.297154593073747,19.023920528106164,7.188906231883708,0.9154494314079544,0.9234704149743961,0.008020983566441653,0.010197885766117404,0.020556581188105286,0.05727835045340656,-0.569845449249125,1.2122037957699403,1.2794533146800258,1.7135257226957925,1.1455465719104432
2100,4,family_2,not_applicable,330,1.17315,-0.691890530974041,0.8960521458709119,1.587942676844953,2.2944693009682373,4.692482404681968,14.789048502637721,-27.79451813239716,65.95086983216373,104.67147087449594,292.41246584856634,100.91373334099923,-0.9067710250286969,-0.2513494175188932,0.6554216075098036,0.9471963340206977,1.9371397532343908,6.104943095965776,105.04777160847411,105.04777160847411,114.70211556250834,194.41222204535504,46.0601888251544,0.8641097236891624,1.8506045637045394,0.986494840015377,1.4256065003127796,2.91581614518393,9.197421874856058,-77.28679190783144,105.70130739220822,117.53758073254157,267.5904348386258,88.55413418386681,3.141600000000006,3.1416000000000146,8.43769498715119e-15,3.199650896722992e-13,4.9967843583692e-13,3.884375704573696e-11,-0.059694521321140205,8.130090554078302,11.785036182255398,30.01673773479954,11.784884996519613,1.03959538771627,1.3707064507619844,0.33111106304571436,0.4779869361426837,0.9793599754381892,3.0526336484192966,1.6184449811550956,5.969332961918819,7.944024298750179,17.004859455433927,7.777413316913738,0.32322946068272457,0.923470161582545,0.6002407008998205,0.867690736251046,1.780544588629653,5.581806087566577,-2.549118149255875,2.7429803179940917,2.840110020918053,3.986930722438396,1.25228654550524
2100,5,family_2,not_applicable,359,1.276245,-1.1713056349901445,0.8960520894736582,2.0673577244638026,2.57235354853282,4.679832662051461,14.083850653341944,-26.63609472097829,66.74935450397832,112.33737611426808,337.047106767412,109.13388351127985,-0.9067707966091001,-0.529609426260803,0.3771613703482971,0.4693458772532377,0.8538544288586107,2.5695758244138065,121.77118018674824,121.77118018674824,124.49156733641522,167.94251424497617,25.883006274459337,0.8641098234369463,1.470104944448796,0.6059951210118496,0.7540885552438811,1.371757442878183,4.1280247723562935,-78.27753943849969,90.0459202271296,103.88664208498537,206.51694230693477,68.30125345224623,3.141513331965651,3.1416068097289336,9.347776328239021e-05,0.0006846501718323359,0.004198489943143516,0.05986716560272543,0.10434014537665895,7.986708545946053,12.009948326320679,31.18767781851763,12.009495074105141,1.1417943341618306,1.3707028730446522,0.2289085388828216,0.2844906846533555,0.521706509099519,1.5531225949182057,3.246127438739246,6.576703081634941,8.778295940061218,17.69886207286753,8.15604905960965,-1.5585047773248868,0.9234708466758236,2.4819756240007105,3.0889684434378757,5.618560981061415,16.90023994163758,-3.7089859325904184,3.867995409322184,4.136493982239933,6.5659037569027,1.831394500634301
2100,6,family_2,not_applicable,341,1.212255,-0.8966378181599827,0.8960523089328684,1.792690127092851,2.4329388123583366,4.749076444853644,14.646589320260821,-24.904701887596534,61.17692637145301,101.08012807543906,289.05207667969665,97.96401439118912,-0.9067708690541934,-0.21222957045119473,0.6945412986029986,0.9427515810113225,1.8402471257757103,5.67623086019955,103.8923808636669,103.8923808636669,114.0507765123908,193.60741284812354,47.05266009013827,0.8641097393810465,1.8986045902803648,1.0344948508993181,1.4041859860319814,2.74129492770282,8.463308309127491,-73.36033407032926,104.49818395252385,115.6692629799706,254.72928647576464,89.42952411491011,3.1416000000000044,3.1416000000000097,5.329070518200751e-15,3.357946544832861e-13,4.9967843583692e-13,5.547831784299671e-11,-0.18312511830677394,7.929566020767272,11.447902099274906,29.10694608860388,11.446437335067532,1.030694239368868,1.3707040894792941,0.34000985011042606,0.46104107967805136,0.9011014207304353,2.75188669281812,2.0546154089434605,6.316906700641225,8.281787202258734,17.141654330299932,8.022876964333221,-1.99250458913971,0.9234746541642557,2.9159792433039655,3.9585811980237002,7.726055780731393,23.821741019598537,-3.6208547261134676,3.775189208015981,4.27733901353156,7.38312789293372,2.2770683101437483
2100,7,family_2,not_applicable,341,1.212255,-0.8551504520537058,0.8960521937642194,1.751202645817925,2.3756442087793213,4.76250380718157,14.461500310201206,-24.90528582668658,59.467687963737895,96.43868918995861,283.1655609584029,93.16730923756724,-0.9067712528496079,-0.13892951789348207,0.7678417349561258,1.041821954070015,2.088341708899975,6.342712799004576,100.17516409019721,100.17516409019721,112.30699161642819,197.92167761470097,50.77200868032045,0.86410971267214,1.9847058000347717,1.1205960873626317,1.5203273768776326,3.046005124223831,9.268323258696913,-76.40083311412172,106.8047576401097,120.18807988965531,290.2207614893163,92.77977822257547,3.141494502920816,3.1416868289428823,0.00019232602206642468,0.0010373877301618915,0.004276141251499208,0.08218809839633903,0.3254706828873227,7.133778385368453,10.702835668429081,30.008740750903343,10.697885780843738,1.0179953136954007,1.3707057605429331,0.3527104468475324,0.47809053942709767,0.960984238802038,2.8791798642182678,1.528742743825812,6.178577496891839,7.96044244460204,16.36192802856606,7.812271727034437,-0.1252205774746771,0.923470479592268,1.0486910570669452,1.423316395659472,2.8522853943672843,8.65897217184499,-2.851079015198488,3.0516684431094068,3.1881987261883773,4.516016787009432,1.4268705501074765
2100,8,family_2,not_applicable,321,1.141155,-0.7656205847796361,0.8960575470567164,1.6616781318363525,2.4109355498893232,4.705465690052191,15.60575569593227,-25.433385949099172,66.00367478319025,111.61955040452506,316.9832732744119,108.68333318256519,-0.9067733954698107,-0.2875294355689329,0.6192439599008779,0.8986036745554861,1.753727193049972,5.815077551949078,108.29348866322096,108.29348866322096,116.89590440425644,195.7147952186958,44.013325023654986,0.8641075198542804,1.8050057583588062,0.9408982385045258,1.3652266061906786,2.6646154060330045,8.842141254226298,-73.08313108974282,103.88725034707807,114.74004640899598,255.14536379146628,88.45413613878105,3.141594520078449,3.141711329013101,0.0001168089346519352,0.0007913344360192755,0.004080817708443065,0.05025720142351014,-0.3028340889372849,9.152472448958775,13.23792587665527,32.70180452123907,13.234461569342242,1.0490941872611224,1.3707039058987955,0.3216097186376732,0.4661978431606139,0.9125792029384301,2.99026317979862,2.0000938608314502,6.3793472903372175,8.376401475040602,17.52182278172545,8.134108815286819,-2.986905089986385,0.9235006971994711,3.9104057871858564,5.6751447605572265,11.073565936767753,36.70733094719407,-3.8070044368338007,3.9885682167273147,4.893613324499767,9.740202636761014,3.0747631758640237
2100,9,family_2,not_applicable,345,1.226475,-0.9453705345194784,0.8960519945072213,1.8414225290266997,2.459805438401023,4.689591148847127,14.560237243110155,-25.031329310161574,64.91373873127336,111.67519781862319,326.2271634142891,108.83373723618458,-0.9067712598219468,-0.4475494440193542,0.45922181580259264,0.6135074626556599,1.1696095318413047,3.6306963127225598,116.79636929329438,116.79636929329438,121.21069415799691,177.63232508910932,32.413585086624835,0.8641098443428774,1.5891056870056073,0.7249958426627299,0.9684243656556077,1.8463655396826173,5.733423264353803,-75.70694966709188,95.1610511295894,106.26508086461568,207.02684478955703,74.57027010322362,3.1414920990030857,3.141605562606576,0.00011346360349051565,0.0007409081526108841,0.003992290117809068,0.046705151162709214,0.12004155098353307,7.974560887234274,12.040599890635068,31.256492005564706,12.040001484734074,1.104995010887024,1.3707051309019098,0.2657101200148859,0.3546092062503748,0.6796590948056973,2.0884973989639017,2.636756328398867,6.17048545861806,8.282109994502886,17.373320188157024,7.851169468664723,0.09272890554188298,0.9234703281707916,0.8307414226289086,1.1101004837572324,2.11824645675673,6.5674506186703505,-2.8547950955676753,3.0284066123225744,3.124502721867775,4.262831819708847,1.2699063828809913
2100,10,family_2,not_applicable,341,1.212255,-0.8507904415981552,0.8960520804788862,1.7468425220770414,2.366170058315838,4.600154888710368,13.773484579851408,-25.696272101828505,71.98071102118044,116.87117859000357,334.8097197322119,114.01128884932974,-0.9067703932938718,-0.7298894240001366,0.1768809692937352,0.23965506324220884,0.46637640402786923,1.396639078747767,128.81265972673165,128.81265972673165,129.8673103641758,160.71425392362707,16.517172740829484,0.8641098249026843,1.159405697208004,0.29529587230531973,0.40006166856417724,0.7809672123894643,2.3300251392344844,-90.64154354129278,91.08028110498933,105.8082006742299,206.5378760314941,54.584667392684814,3.1414999571335076,3.1416067249434785,0.00010676780997087576,0.0007769701725766845,0.004476457210849755,0.06318081350776898,0.6433529583908767,8.270521387381311,12.578868783297604,32.16082658910144,12.562405694704683,1.2522939700804445,1.3707038344219376,0.11840986434149303,0.1601996197771592,0.31477753003345904,0.9312025886165375,2.851854662657102,5.859070038437257,8.116026087384945,17.01248321500918,7.598473822695841,0.1936994341795392,0.9234703291588272,0.729770894979288,0.9889668867426109,1.9267390669624431,5.757036105850371,-2.8158763849839237,3.0164762121968116,3.107868979469355,4.274840610150841,1.315176709814221
2100,11,family_2,not_applicable,354,1.25847,-1.0884045338003976,0.8960520099935413,1.984456543793939,2.521078299285826,4.653939172523945,13.953429382016834,-24.662884739611076,66.58721573566805,112.9956729223056,335.2415022990975,110.2713209111296,-0.9067705636480428,-0.5937495269303078,0.31302103671773496,0.3977158926474989,0.7352243832468757,2.201555829999253,125.3041959539729,125.3041959539729,127.28522543204822,165.21291730350143,22.369333687342955,0.8641098185942094,1.3737056565410872,0.5095958379468778,0.6473510691093666,1.196574392350353,3.5815142622877456,-80.92371129298796,89.2215238495668,103.6154999692306,207.12303470493168,64.71108702875235,3.141600000000006,3.1416000000000146,8.43769498715119e-15,3.1965809052400095e-13,4.9967843583692e-13,3.893278786020518e-11,0.12125306967569013,7.886125044585865,12.042090221747566,31.473379562348434,12.041479751334657,1.1741952613438176,1.3707044394281152,0.19650917808429758,0.24938848408968864,0.46724590899236657,1.3816482087403235,3.1634081210689473,6.426350876047449,8.621318475667314,17.152524481836142,8.019973897615726,-1.5433049598968651,0.9234715317246655,2.4667764916215305,3.1346437884716063,5.7847931651321876,17.337595523547584,-3.626685977723274,3.7886073503322573,4.148454649310326,6.955636412807738,2.014156100298545
2100,12,family_2,not_applicable,343,1.219365,-0.9028504487550668,0.8960520349990962,1.798902483754163,2.4235539720820944,4.65843096073133,14.322044588354482,-22.472956300639297,64.83369574003244,113.24451748602226,333.18900506238725,110.99228340633216,-0.9067705910231554,-0.539999433116688,0.3667711579064674,0.4941886349698254,0.9500389420209623,2.9197033772649266,121.48858886442108,121.48858886442108,124.4606665847765,172.2738939203451,27.036647396793878,0.8641098559360962,1.4547051792195353,0.5905953232834391,0.7957013887854975,1.5297577943478264,4.700532527923933,-81.72151300036953,93.60257166605443,106.30125661904316,205.75735089461753,67.98199373156177,3.1414920990030875,3.1416055626065726,0.00011346360348518658,0.0007430650950399564,0.003992290117996448,0.04684111987230263,0.29659996452428855,8.039153335447722,12.199597785671944,31.639729967353706,12.195991742913568,1.146894836904828,1.3707047518414157,0.22380991493658775,0.30120621166008493,0.5811559895828367,1.7672363780897027,2.7985620648268767,5.900001345206541,8.13379282828022,17.268702430509745,7.637187711631466,-1.3602057592605223,0.9234721503807793,2.283677909641302,3.077573982751343,5.913898848207701,18.17032760688549,-3.4846742554105457,3.659106383522371,4.052636945000046,7.040369821714245,2.0690363799745666
2100,13,family_2,not_applicable,347,1.233585,-0.9648804668204363,0.8960570982004644,1.8609375650209006,2.464941945849736,4.68089446997321,14.432225639478887,-24.35670132575714,64.47279166934226,111.85827952021388,329.9367138009809,109.17429091938341,-0.906771052841294,-0.4834595404469008,0.4233115123943932,0.5607830858931355,1.065059366436177,3.282856157347807,119.45179037649812,119.45179037649812,123.16718154025708,175.43462152200743,30.023730354834292,0.8641098147555125,1.5377057981650746,0.6735959834095621,0.8921949446950843,1.6949516328570429,5.222180995721628,-80.17689706938081,94.42507469327363,106.87743117530141,206.5473544951833,70.6714261279423,3.1416000000000133,3.1416000000000133,0.0,0.0,0.0,0.0,0.40873112551784957,7.690026640744522,11.719472507232265,31.784195841623035,11.712342836290519,1.1204951094651527,1.3707044734812515,0.2502093640160987,0.33112655108609634,0.6314624161072098,1.9240141491547145,2.556342922774935,6.178865580185908,8.209650446585648,17.088817005404113,7.801504426474578,-0.234620519601012,0.9234703826881779,1.1580909022891899,1.5346171908124502,2.913920207575657,8.974025200643728,-2.9113467505024513,3.118691549911466,3.267059866270441,4.807071637790075,1.482477746252486
2100,14,family_2,not_applicable,351,1.247805,-1.0297058259018563,0.8960520528066179,1.9257578787084744,2.491803891202361,4.66209977437645,14.113165628924012,-26.0216744852708,67.22177847582311,112.80530589370578,334.02904476591794,109.76296959701455,-0.9067706855308053,-0.5600695510580691,0.3467011344727362,0.44867801709823435,0.8399390708105191,2.540634975991156,122.92006548964986,122.92006548964986,125.49353822094024,167.4816231030269,25.2840984658496,0.8641098121042999,1.4247053773802663,0.5605955652759663,0.7253855795747334,1.357370288133897,4.108095837462767,-81.04209398263056,91.00916088388114,104.74488520929206,205.96928045344794,66.36015355933294,3.1414952336652218,3.141605698282025,0.00011046461680308539,0.00073921999234931,0.004069184772290964,0.04970820678927571,0.19397910878716002,7.731686367754217,12.05840409391755,31.994257773775065,12.056843757698848,1.1567943654304393,1.3707043990808019,0.21391003365036254,0.27645481709206304,0.5216652656016693,1.5576017740682526,3.1350228587189446,6.10453913652661,8.382700194503169,17.088792824025067,7.774399927083321,-2.115605748323737,0.923476203152554,3.039081951476291,3.933375897049727,7.355376002393181,22.257732399775865,-3.63115521635425,3.795621824693527,4.351921721901219,8.000479014355601,2.3987360147167074
2100,15,family_2,not_applicable,332,1.18026,-0.7274605705567689,0.896051989611322,1.6235125601680909,2.319896926396771,4.653604466808488,14.642840627971458,-22.814175344966817,65.47723400947541,113.30054089320824,324.7905908304064,110.97984488195439,-0.9067705194722369,-0.4881495395950493,0.41862097987718755,0.5982759166260494,1.1996880780390073,3.7752571298753432,118.34721114320082,118.34721114320082,122.41401327825109,179.33841993864093,31.29102525508673,0.8641098493208849,1.5309056077323748,0.66679575841149,0.9527910025623068,1.912711068298748,6.01135435986968,-82.48609300086723,97.58139262059264,108.95123947010404,206.92560488148843,71.17876820741029,3.1416000000000133,3.1416000000000133,0.0,0.0,0.0,0.0,0.10847592633522164,8.200398548777304,12.251820628609915,31.609248561139406,12.251340403769586,1.1225944974704767,1.3707041699017397,0.24810967243126303,0.354223789843336,0.7116510079077908,2.2208458678892704,1.9709517857139138,5.853615134358737,7.784635146497315,16.96160491385142,7.53099551337487,0.9234639718231709,2.0822047857895125,1.1587408139663418,1.6561424108432838,3.323983041743371,10.446078025945676,3.287330249508793,3.287330249508793,3.467297085599995,5.502329429427313,1.1025465570553803
2100,16,family_2,not_applicable,343,1.219365,-0.9002705063783029,0.8960521457537854,1.7963226521320883,2.4071170570144935,4.774821493358248,14.43816098378918,-21.501961440588147,55.689876158256496,94.90786418624432,280.11287768463467,92.44007971979501,-0.9067712045863192,-0.13702072966112003,0.7697504749251992,1.031672180906707,2.0461988136266807,6.189517565971081,101.40344320841096,101.40344320841096,113.26301009848098,199.18393825123084,50.45642835206606,0.8641097270561892,1.9868045303824766,1.1226948033262873,1.5046703130750112,2.9861453714574497,9.037742272571322,-73.22107532614746,104.00943440109155,117.09951953313421,280.12036175615907,91.38365063277742,3.141495292444958,3.1416148846596186,0.00011959221466062431,0.0007548164586934591,0.004046376551968394,0.0505766289615439,0.10944722335189187,7.328056988887059,11.004714230346828,29.868293855599585,11.004169964013576,1.0176943672140644,1.370705095901641,0.35301072868757655,0.47261708132642266,0.939625068020804,2.806919716203197,1.7445495857839906,6.315422086027935,8.128285063240941,16.256029283928058,7.9388642016378315,-1.7260048632682512,0.9234737029907237,2.649478566258975,3.55154035225201,7.041604860256354,21.296612244031927,-3.4680322385241453,3.615451508849959,4.058400042598623,6.6089370574121595,2.107928674865854
2100,17,family_2,not_applicable,338,1.20159,-0.8108952140375177,0.8960519794489464,1.7069471934864642,2.351024648719511,4.614628417730049,14.005403233572903,-23.833514849464592,69.56472116598336,116.2644765425693,334.5126114562868,113.79539566976337,-0.9067708728588808,-0.6739594960955079,0.23281137676337293,0.3207144551122403,0.630505294457794,1.9111818762250106,127.10513505350826,127.10513505350826,128.5204049702352,163.3864521126584,19.0204925473206,0.8641099129734262,1.2489053266405097,0.3847954136670835,0.5300165163646203,1.044624759239785,3.1548349015217663,-90.3891772066172,92.72913046574705,107.51113653764318,206.5755055995874,58.21031801602278,3.141600000000006,3.1416000000000146,8.43769498715119e-15,3.200022536080257e-13,4.9967843583692e-13,3.8983365176969774e-11,0.31001028757953314,8.250755688241277,12.535692083389755,31.732818281662933,12.531858187481832,1.2186942201289768,1.370702869771272,0.1520086496422952,0.20906136893915947,0.419174405035181,1.2489509711583535,2.5276116292410746,5.9281047688641575,8.028966719506414,17.043074632517406,7.620727395378137,0.9234651415945138,1.9888052247666999,1.065340083172186,1.4675157220112092,2.881727007613267,8.73311864719421,3.0026666538360636,3.0026666538360636,3.149153957378867,4.910242007057823,0.9492963779641818
2100,18,family_2,not_applicable,318,1.13049,-0.7079605116338883,0.8960579160773824,1.6040184277112708,2.3651775922276888,4.700996074565508,15.587425033982173,-23.94945608745312,63.71628456324478,108.60149664783337,314.8543320805127,105.92784632599928,-0.9067716480535915,-0.2446394381460736,0.6621322099075179,0.976514355373849,1.9412907599325926,6.43408775978666,105.18578742159515,105.18578742159515,115.5047865060331,202.2917052542343,47.72112561856939,0.8641074667963333,1.859005689691599,0.9948982228952656,1.4671140909259341,2.9165980862757097,9.675429998696973,-73.5839685962599,104.22077049756739,116.39697400167543,280.15176034401,90.18677908857454,3.14148966019569,3.141605696572305,0.00011603637661483646,0.0011058167360917597,0.004074527889457054,0.07193543587670434,-0.3208216128187592,8.793631967263986,13.218820662536839,33.81109932396957,13.214926908653684,1.0379955447180294,1.3707052624891718,0.33270971777114244,0.4901920349627117,0.9769354193675399,3.2006865961478637,1.689027538871701,6.385070829532329,8.325712771003927,17.30556295150331,8.152587265291363,-2.421011460185956,0.9234996973527713,3.344511157538727,4.932079573435406,9.80428939006238,32.46443619877284,-3.9267542878512813,3.9402525617968647,4.5874905764663625,8.332003081679872,2.3718496056894622
2100,19,family_2,not_applicable,328,1.16604,-0.89826046046863,0.8960566641787083,1.7943171246473382,2.4850545851821177,4.652121382756148,15.06703704227759,-24.24414753885518,69.43324771747656,121.26941679831171,348.93017315993234,118.82126392492579,-0.9067713226923673,-0.5735794998326957,0.3331918228596715,0.4615126481716612,0.863968619125322,2.7975384090197943,122.9127600807421,122.9127600807421,125.55194320338792,169.5108959181252,25.607496001770127,0.8641096110051952,1.4043050729284356,0.5401954619232404,0.7481503731981707,1.400605771958586,4.529971828854139,-81.51666778986922,90.27875712346513,104.32199231026667,209.32372722410722,65.10077535651506,3.1414942935011227,3.1417112796309015,0.0002169861297787179,0.0011430706615658077,0.004263620637542739,0.07883365537267463,-0.5356902930024711,8.937631543709024,13.775076911607751,35.59884295303832,13.76465690929824,1.163694988214809,1.3707024883963563,0.20700750018154723,0.2863420785024905,0.5392174654969718,1.7331444330790235,3.1006501514367035,6.25665980146009,8.513177063003896,17.304559711631562,7.928439464639381,-2.735304655601556,0.9234967355710285,3.6588013911725845,5.068015132659531,9.485123490463328,30.68827416353367,-3.715199961204032,3.8379758866116815,4.495424344257878,8.846924276219688,2.531033244194144
2200,0,family_2,not_applicable,246,0.87453,-1.0910999999999975,-1.0910999999999953,2.220446049250313e-15,1.3550036394196525e-13,1.87379413438845e-13,2.2379373658200177e-11,-20.17233046973581,20.17233046973581,20.339109306918232,25.007602515725726,2.599317375492256,-0.9655004348063565,-0.7150798749030275,0.250420559903329,0.6331921428226478,1.983641373824993,8.945697824060296,79.74908122192379,104.34141026640225,114.9979564854751,255.21169580856062,82.85296639284697,1.1832995340664418,1.3320054251070017,0.14870589104055987,0.4008621667688565,1.330704765378339,6.445719906821514,-88.77569577609188,131.54814143403757,153.35348093306314,383.7921078146523,125.04465583845692,3.1416000000000133,3.1416000000000133,0.0,0.0,0.0,0.0,-0.005416388901763063,0.20863585146514127,0.22812208303981815,0.35250793405178565,0.22805777228959012,0.8440894255337572,1.243201641470614,0.39911221593685675,1.0007493065948145,3.077488946512745,13.828951853332562,-3.30619761923009,3.3547696978751262,4.09195392087919,12.261846335926183,2.411046285992009,3.090494330595791,3.0985040968812574,0.008009766285466569,0.02005737509158495,0.06241519427503948,0.28457302170925514,2.0332125061050568,2.0332125061050568,2.046989849348246,2.585644710204885,0.23709565232780955
2200,1,family_2,not_applicable,243,0.863865,-0.7862702533792272,-0.7862592482516069,1.1005127620311583e-05,0.00015268627415913647,0.0005016593394324744,0.01412534994365522,-18.000616785426722,18.000616785426722,18.249988327566726,23.813205137154966,3.006637540598383,-0.7687005611092301,-0.4608381747488006,0.3078623863604295,0.8165863484208646,2.6520748984912874,12.503125860906517,64.91969194860539,98.49028458189488,116.06653390378291,287.35723889955324,96.21264932292515,1.5701909007969923,1.7045055352904874,0.13431463449349512,0.3833938626498313,1.3222123769014131,6.774720079972804,-75.77642212450618,123.56438901735018,152.36875146106698,416.3338545617736,132.18990230654177,3.141600000000009,3.141600000000009,0.0,0.0,0.0,0.0,-0.12691147982275422,0.2539877311706032,0.30912392561050117,0.5865088465161293,0.28187067544185096,0.6683893465402774,1.1106004435008603,0.4422110969605829,1.1642104387382,3.712359659083719,17.453936606671203,-3.3036740102078594,3.5676526983528887,4.498530142894902,14.442629169248638,3.0532788082340505,-1.0094044918178198,-1.0005949961682457,0.008809495649574117,0.02325757119198569,0.07333108956154591,0.35213359541722045,-2.2709066310084354,2.2709066310084354,2.2717793469743506,2.4621502695192197,0.06296407373356704
2200,2,family_2,not_applicable,243,0.863865,-0.8662728888855392,-0.8662594333498582,1.3455535680995112e-05,8.607019186698428e-05,0.00040639334685390666,0.006153169479963669,-16.88982826268962,16.88982826268962,17.0255669231932,21.051438999504438,2.1456072131173705,-0.4726804740268067,-0.032769655077054406,0.43991081894975226,1.165204938819805,3.7600758207199902,17.660876207140518,34.63752166414729,77.34859746257467,103.87074279057781,269.0806308813918,97.92534554869897,2.0998949878582516,2.250305663124197,0.15041067526594532,0.4237503707216802,1.4492875591475667,7.294625776836262,-47.99717600508762,89.19745786716571,116.35708652262848,312.94715853533546,105.99642767363008,3.141600000000009,3.141600000000009,0.0,0.0,0.0,0.0,0.23186875617749972,0.23186875617749972,0.2463951109682773,0.3643037052515635,0.0833512484475719,0.41864929328653955,1.0089083119822544,0.5902590186957148,1.5464771402793156,4.889904140880197,22.79266147894203,-3.5564586435015135,3.9477578606454875,5.266396904035096,17.409972789554285,3.8841393213804554,0.9036495057667588,0.9154517680971456,0.011802262330386726,0.030929451384049515,0.09763932071900547,0.4539582420617948,-1.0846434296503216,1.0846434296503216,1.0975261205998326,1.4121304967234605,0.16766697920373697
2200,3,family_2,not_applicable,243,0.863865,-0.6919008653152934,-0.6918892958682971,1.15694469963179e-05,0.0001514142007275902,0.00047767165383309106,0.014824767883154332,-16.47434489213306,16.47434489213306,16.726295900448292,22.131270201833566,2.8922197227048114,-0.6168204710685656,-0.2513496771576975,0.3654707939108681,0.9787264301997726,3.2021688847707415,15.218321085954242,50.46385468613322,88.6524398597369,110.91805163255626,283.94755312597715,98.77354680368245,1.8506002617373263,1.9878056444663668,0.13720538272904048,0.3909423050104792,1.3564163684793935,6.905316731463717,-62.58116350888066,107.26616257905064,136.2429637337757,369.72796175016293,121.01959816838622,3.141600000000009,3.141600000000009,0.0,0.0,0.0,0.0,0.2616290778611734,0.2616290778611734,0.2720303539141887,0.4792049655232863,0.07450328226454768,0.536988801543568,1.0396080906206282,0.5026192890770602,1.3330467713270266,4.286654890283112,20.21914524636603,-3.108954595327839,3.3785495533942944,4.643748857806516,16.01161915943433,3.449464419090193,0.313189488572567,0.3232403602660115,0.010050871693444485,0.026670797110608647,0.08554584793197034,0.4043080755213271,-1.9737184722503,1.9737184722503,1.9770536258485314,2.1946005166916294,0.11478863958931286
2200,4,family_2,not_applicable,244,0.86742,-1.171299999999997,-1.1712999999999956,1.3322676295501878e-15,8.375568058318525e-14,1.2491960895923e-13,1.38928069376632e-11,-11.395261986403579,11.395261986403579,11.94709540368053,17.893771765503235,3.589023940554033,-0.8209504197995101,-0.5296097951305491,0.29134062466896105,0.7619775499490431,2.4510733921668413,11.402613693140324,69.68482741301389,100.64432584471732,116.25183022386553,281.03910345396633,93.05113034679869,1.4701001411488226,1.606107905540116,0.13600776439129336,0.38175392170733047,1.3054957082191978,6.576248003777706,-81.2375534914362,126.46004395620587,153.37014557776,415.5151986417656,130.08789896554308,3.141600000000009,3.141600000000009,0.0,0.0,0.0,0.0,0.15075795344110074,0.37561266951006156,0.416914719946139,0.672765482246313,0.3887028726186859,0.7145894119773314,1.14181809488173,0.42722868290439864,1.109419908314372,3.5042198997040495,16.264056735876483,-3.560817467616433,3.747584638959616,4.513475198835108,13.240539796418032,2.773452240947609,-1.56700409243608,-1.5584939006656762,0.008510191770403797,0.022203534613962912,0.07007728090287425,0.3280918248546093,-2.6185745676092966,2.6185745676092966,2.619289676543107,2.7610228692132326,0.06120166268231952
2200,5,family_2,not_applicable,243,0.863865,-0.8966488244892338,-0.8966391115396043,9.712949629481216e-06,0.00012775225528066983,0.0004697879223470461,0.012251978752550303,-10.91886782053877,10.91886782053877,11.376004061631303,16.783222762260223,3.1924589156095404,-0.5898704999781432,-0.21222984379495877,0.37764065618318443,1.0103049180041985,3.3021621833707058,15.669707512460464,47.43804645937649,86.5957310605999,109.47119663910382,280.30633102421905,98.65888019694616,1.898599859502979,2.0374059438339,0.13880608433092112,0.3950011270317071,1.3686542221244011,6.953570546200143,-58.34780015755717,102.36156547212302,131.3252125910873,357.03648179457133,117.65137346783524,3.141600000000009,3.141600000000009,0.0,0.0,0.0,0.0,0.5467186076540055,0.5467186076540055,0.5890176321623423,1.059316639850638,0.21918151163589952,0.5142788009732535,1.0307091591986366,0.5164303582253831,1.3692445685818586,4.392312993464316,20.720562395734728,-3.541505666811749,3.7844305561295353,4.921868226285797,16.25090812325258,3.4179708086614737,-2.0028040689742275,-1.9924960298953092,0.010308039078918307,0.027401656589575888,0.0859974721875364,0.4145162545855043,-2.2304575790345633,2.2304575790345633,2.232088457082293,2.38016208129453,0.08531042355588124
2200,6,family_2,not_applicable,242,0.86031,-0.8551615626824075,-0.8551494335081335,1.212917427395599e-05,0.00010261294073447094,0.00045242612911252104,0.009448507982867489,-11.746065086278051,11.746065086278051,12.116899163880145,17.30868584820964,2.9747605511299757,-0.5407205591035701,-0.13892971530243506,0.40179084380113506,1.0759495868608424,3.5043471824052825,16.636613041041215,41.11736156960507,82.08380775338726,107.32202043314732,276.1473009172493,99.13313597081077,1.9846851381341304,2.1274056025616255,0.1427204644274951,0.40599925491910943,1.3982349584682243,7.098789234026244,-57.36023577708027,99.76068010026488,126.98752763744717,334.9529945456751,113.29446379708573,3.1416000000000133,3.1416000000000133,0.0,0.0,0.0,0.0,-0.4324281318070954,0.4749729147517286,0.6323362845741278,1.2283469774620774,0.46136220869381755,0.47347908741855455,1.018005242899773,0.5445261554812184,1.4429987304535434,4.612106539596189,21.7294658232423,-3.506615845647974,3.7061431449274247,5.153775824353108,17.791639612008986,3.7769101867448605,-0.13610051704885232,-0.12520861497862978,0.010891902070222531,0.02886109615088165,0.09206105712001116,0.43353848787578286,-2.2468387992308774,2.2468387992308774,2.252785494956036,2.5531004685294514,0.1635784110298793
2200,7,family_2,not_applicable,243,0.863865,-0.7656318076938698,-0.7656193095867343,1.2498107135550107e-05,0.0001182978613852832,0.0004858426993735405,0.01028546907098038,-11.214207492992648,11.214207492992648,11.77306390136574,17.679783305616652,3.584213153503661,-0.6421604143764775,-0.28752969138926304,0.3546307229872145,0.9506837970404616,3.115533901583276,14.8171553946785,53.40383867580417,91.12884421290038,112.50182756496126,287.5782385233035,99.01864077104352,1.80498910097995,1.9409056841358339,0.13591658315588395,0.3880604876304507,1.3488385799068585,6.879129956213888,-62.268123028900455,107.85847199967642,137.6556967274154,372.52818659036825,122.76714420384583,3.141600000000009,3.141600000000009,0.0,0.0,0.0,0.0,0.13481044655818722,0.18306544260791538,0.21711403516813826,0.3855480279440055,0.1701900342727909,0.5585396584504522,1.0491002938263247,0.4905606353758726,1.3026505219371123,4.186375383806434,19.80303191522473,-3.5842330251056422,3.7921676925447825,4.840849851310247,15.465450115497068,3.253782553378836,-2.9967044521459125,-2.986895797211135,0.009808654934777561,0.02602161072912865,0.0842342052636293,0.39569468414368064,-1.7981137404176382,1.7981137404176382,1.8001143546912377,1.9945181279860442,0.08484495557628964
2200,8,family_2,not_applicable,243,0.863865,-0.9453809408795663,-0.9453691470037017,1.1793875864585246e-05,0.0001542573860168713,0.0004902612688375985,0.013810268959501742,-10.926969941550619,10.926969941550619,11.381778293020291,16.758149137570282,3.185310818101922,-0.7587304398402771,-0.44754983233647305,0.31118060750380405,0.8271643435583025,2.6926936087820184,12.71714676624343,64.11975687432101,98.34368929881356,116.31166513728763,289.28436927258383,97.04153865941376,1.5890916026931747,1.7232057919204995,0.13411418922732476,0.38395177943756825,1.3280111450149497,6.8158604570211825,-72.66944243039592,120.1972718146754,150.54367155323172,418.12513344807684,131.84289583281566,3.141600000000009,3.141600000000009,0.0,0.0,0.0,0.0,0.018969126803424382,0.37188774016313425,0.4112533169003004,0.6593656843633922,0.410815606920933,0.6596190402748017,1.1050001671155392,0.4453811268407375,1.175052529143229,3.756143752293005,17.689457616493453,-3.080453477085548,3.3227892203762113,4.355090714103091,14.23974070146169,3.0785745895752674,0.08382791119460173,0.09273534058889592,0.008907429394294189,0.02349403311987447,0.07515470943856556,0.3531202607243554,-2.3795125332612694,2.3795125332612694,2.382520876430101,2.6759551993999313,0.11969056219180076
2200,9,family_2,not_applicable,246,0.87453,-0.8508071507343281,-0.8507889313362117,1.821939811641471e-05,0.0001517900004304698,0.0004922324902577915,0.011879673065602364,-11.509466256549416,11.509466256549416,12.027425522856188,17.592130533869298,3.4915829071071527,-0.977160477198393,-0.7298898983975844,0.2472705788008086,0.623749595613656,1.9487987561291236,8.771091602623029,81.92280297015698,105.36484296409182,116.10061102125748,254.83227281619335,82.2678930872924,1.1593995912691388,1.3098052565389708,0.150405665269832,0.4019132801628672,1.3284340246018684,6.371222200188363,-91.1476579997984,131.39673977129925,152.57575155311335,370.76868083134536,122.35793559532277,3.1416000000000133,3.1416000000000133,0.0,0.0,0.0,0.0,0.074710758288622,0.19067141898511503,0.22431602742162066,0.40700281889584533,0.2115088242938256,0.854619410135064,1.2523002742043907,0.3976808640693267,0.9944144919912093,3.0508806700432545,13.673646537479941,-3.164929818038431,3.168445517741574,3.9497748798936705,12.015402907650316,2.3630363621261274,0.18575942485165697,0.1937108396308192,0.007951414779162225,0.019874522225036086,0.06112137749992518,0.2733346277143579,-2.464026290535865,2.464026290535865,2.4646874589949306,2.5629074595722234,0.05708511255093191
2200,10,family_2,not_applicable,244,0.86742,-1.0885056645065505,-1.0883943354934504,0.00011132901310006993,0.0008912779270610213,0.004062833332148266,0.05933412472946519,-8.549316411556951,8.549316411556951,9.286604038379231,15.129899976313034,3.6263209263280083,-0.8704705890075266,-0.5937494127759214,0.2767211762316052,0.7164629606750678,2.281875906934146,10.514781604833198,74.07220610209653,102.92141870281598,116.28656775346414,271.4526674549326,89.64303722570727,1.3736916745502805,1.512405228874937,0.13871355432465649,0.38485568075168214,1.301191278428255,6.47898408299514,-82.95100919574165,127.21393596142653,152.7446777622041,401.81299632632,128.2578132438237,3.141600000000009,3.141600000000009,0.0,0.0,0.0,0.0,-0.004562064311557171,0.1473682831404948,0.16574763839895576,0.29386547089205783,0.16568484301241382,0.758699481286714,1.1742066304627992,0.4155071491760851,1.0675441342463303,3.337937582245275,15.344712427514317,-3.289211100681523,3.3897267737987677,4.209764738257955,12.90836380093255,2.62739595162844,-1.5516048635581583,-1.5432944533033568,0.008310410254801504,0.02131856873775156,0.06670222516038095,0.30904071428491087,-2.569976519491762,2.569976519491762,2.5721418931968016,2.6823335284428675,0.10552065200250853
2200,11,family_2,not_applicable,244,0.86742,-0.9028694595061659,-0.9028494335493413,2.0025956824598623e-05,0.0001679831076589146,0.0005703995510019288,0.014128353780583844,-4.0892273335677976,4.105906637746059,5.623985036714847,10.996191756714973,3.861013792722645,-0.8289306138128614,-0.5399998659171016,0.2889307478957598,0.7542944728713176,2.4215795437693166,11.247198449797368,70.91118633704716,101.52343872832748,116.13475994135888,276.77863066990614,91.97220296866675,1.4546973891252544,1.5910048492175113,0.13630746009225692,0.3817974364854314,1.3040860621773904,6.546505397371801,-79.98306110024798,125.21020583335759,151.85846487284627,405.5402890379917,129.08796725710528,3.141600000000009,3.141600000000009,0.0,0.0,0.0,0.0,0.07527141864398383,0.40401157796602893,0.4409214903903626,0.6739439122298153,0.43444904675160784,0.721669483631737,1.1468998433172088,0.42523035968547185,1.1017859752430357,3.474619527905283,16.096026938290205,-3.29813161857158,3.42226555053449,4.288335042895704,13.384604535487775,2.7408293027304174,-1.3687057345078768,-1.3601941819880872,0.008511552519789634,0.022091390800117235,0.06948863974745843,0.3310189956963766,-2.047938347722496,2.047938347722496,2.053720070884601,2.352438840582773,0.15399562812594467
2200,12,family_2,not_applicable,243,0.863865,-0.9649013537919373,-0.9648794335522115,2.192023972580337e-05,0.00013100004263508452,0.000483066590963347,0.008985703964186825,-4.799825905960356,5.028790323033028,7.20088220666486,14.383325149934842,5.367902367474137,-0.7857804608152099,-0.48345853363031105,0.30232192718489886,0.7987925171110597,2.583272930020084,12.139319862075157,66.03868064709913,98.99486660314534,115.8164988495733,283.9590086589441,95.14385983427239,1.5376929858084922,1.6724057260821272,0.134712740273635,0.38262375293414724,1.3164909382665622,6.703051995562936,-77.73444384219287,123.88534746342953,152.18507078917693,412.6194341691268,130.8344450504215,3.141600000000009,3.141600000000009,0.0,0.0,0.0,0.0,0.06990898657336744,0.3234365358873562,0.3559957199109111,0.5561016882274357,0.34906401446034596,0.6834394334545527,1.12050027936837,0.43706084591381733,1.1461668165383014,3.6414047830665908,17.061578790527033,-3.2105828682538746,3.3592678346789664,4.44674620298446,14.059306643722277,3.076639309348992,-0.24335056986102704,-0.23460972323421414,0.008740846626812904,0.022907530025837355,0.07253446605583974,0.3403604517667239,-2.18767886842524,2.18767886842524,2.1879721838101043,2.282554926138016,0.03582521140784838
2200,13,family_2,not_applicable,244,0.86742,-1.0297000000000038,-1.0297000000000025,1.3322676295501878e-15,8.358847957112615e-14,1.2491960895923e-13,1.3918394857110583e-11,-12.11876087194459,12.11876087194459,12.578507217156034,18.330879515682188,3.369640743561733,-0.8443804619709334,-0.5600689841361681,0.2843114778347653,0.7399856561331473,2.36723541820805,10.968844178525789,71.80641350749424,101.76084082731731,115.98433889276328,275.3635807814471,91.08351029457586,1.424693967432856,1.5618047671062139,0.13711079967335782,0.38259971921708297,1.3027636315911002,6.516012323036679,-82.63162825169367,127.19998868204395,152.7579474307235,405.1463212772514,128.4795879341212,3.141600000000009,3.141600000000009,0.0,0.0,0.0,0.0,-0.2601112560506557,0.3868955618018208,0.4858585830411904,0.940349222539234,0.4103665400474843,0.7354194178984539,1.1568187129337446,0.4213992950352907,1.0887509737948882,3.4223915275059884,15.811706616032641,-3.3208768924022567,3.4742431627276353,4.3135766945526095,13.049556548913438,2.7529476139759996,-2.124005875157492,-2.1155662315333235,0.008439643624168713,0.021789641456946344,0.06839363912107752,0.3252030897178783,-1.9959154268193176,1.9959154268193176,1.9963135340808573,2.094039302806721,0.03986646885622914
2200,14,family_2,not_applicable,243,0.863865,-0.7274781360574744,-0.7274591589401577,1.8977117316687497e-05,0.0001480009313916527,0.0007141832346329232,0.012102359097217656,-4.063359483291268,4.121825851338683,5.992659724479503,12.159719325577669,4.404665740206136,-0.7893304714537063,-0.48814984953461676,0.3011806219190895,0.7951385181507276,2.5697642034481314,12.064518917809108,66.94818796690608,99.61427055200059,115.85725188660305,280.5566920933715,94.55603070488736,1.5308926698754544,1.6657053259780479,0.13481265610259352,0.38254643508794556,1.315429657767044,6.691456427603161,-76.70729167288486,123.02605817268076,151.52641293321165,411.85523352311196,130.67610807112806,3.141600000000009,3.141600000000009,0.0,0.0,0.0,0.0,0.16610894350383681,0.16610894350383681,0.18295366141700753,0.3782468680566814,0.0766802524378225,0.6865794369798208,1.122600447161552,0.43602101018173123,1.142352522509853,3.6262521168493875,16.97967235197539,-3.2623230179091585,3.4060719735107368,4.37708930510854,13.891239308280628,2.918245930643208,2.07349440632171,2.082205712979798,0.00871130665808817,0.0228587352079032,0.07317023272405378,0.3461580785080732,1.7338526223807986,1.7338526223807986,1.7602189511111617,2.385782709283117,0.3035223875006667
2200,15,family_2,not_applicable,242,0.86031,-0.9002886788662923,-0.9002693514226108,1.932744368149386e-05,0.00016419162627919243,0.000613045266090598,0.0158868877991319,-3.4314686003901675,3.5108629546334003,4.994126831820362,10.3310837864834,3.6285432416941705,-0.5394603894289179,-0.13701942489371086,0.40244096453520706,1.0776089419925674,3.5089715088489775,16.658129190256247,41.34089427830961,82.57391133674804,107.14780700589743,274.29348025817177,98.85131767681537,1.9868004770627263,2.129705628582867,0.14290515152014072,0.4062612739659423,1.399183119287656,7.1033928688045265,-54.226231806288745,97.14110833802985,125.43505935713581,338.53472692520563,113.10822207080625,3.1416000000000133,3.1416000000000133,0.0,0.0,0.0,0.0,-0.1199284702578554,0.34601872430712444,0.41684372267454417,0.8094995133843781,0.39921905159296067,0.4724482465819265,1.0177153499893248,0.5452671034073983,1.444833130964386,4.613076145826609,21.73600538062754,-3.55909425771651,3.852818144420241,5.105023913453974,17.14441269670394,3.6597974290425275,-1.7369044383069785,-1.725996469308539,0.010907968998439488,0.028910714675735385,0.09181533533024061,0.43420142646171966,-2.2716739019002046,2.2716739019002046,2.2756394526597896,2.5782390444760845,0.1342855238931069
2200,16,family_2,not_applicable,245,0.870975,-0.8109110049789974,-0.8108894335867557,2.1571392241681586e-05,0.00013064321487234098,0.00045373672706242464,0.010402964684070974,-5.893416044842547,5.893416044842547,7.26358060666118,13.399510901998418,4.245850980882023,-0.9331705554652452,-0.6739598545880915,0.2592107008771537,0.6606825825035256,2.0780476485271593,9.439713271602322,78.7989871662433,104.29102393840205,115.9345326519485,259.0202604495541,85.03843532662121,1.2488995236610085,1.393505765582801,0.1446062419217924,0.3910393533846041,1.3028364268317592,6.322491428015848,-88.17907932864408,128.95890035107365,151.4696146939629,377.91574288573173,123.15638085089329,3.141600000000006,3.1416000000000146,8.43769498715119e-15,3.182086570599979e-13,4.9967843583692e-13,3.899299794985682e-11,0.03198386063509086,0.14649981059175488,0.16586329390270507,0.30562109985998054,0.16275031466369028,0.8149495385961969,1.2187103443304312,0.40376080573423434,1.0209720427774156,3.1539463412903093,14.284327887990568,-3.305743586936834,3.318746980006939,4.1024934481008435,12.18667231990808,2.429508557123506,1.980694335488918,1.98880504974564,0.008110714256722051,0.020405171682763103,0.06357717883143427,0.2914405927260305,1.5833273276707287,1.5833273276707287,1.6052412821564195,2.1762549752169043,0.26433718503126785
2200,17,family_2,not_applicable,243,0.863865,-0.7079707977287207,-0.7079593641811645,1.143354755628323e-05,0.000152517069056773,0.00048491662331132286,0.015006614697967805,-9.427264376979497,9.427264376979497,9.813693829456126,14.504860539126991,2.7267696904650047,-0.6121605011924002,-0.24463976557038988,0.36752073562201026,0.9839618549227651,3.217555634056274,15.288026843237668,49.62728983621506,88.11097259396216,110.15908793430589,281.26215748971373,98.34712379134656,1.8589878532059805,1.9964058078699154,0.13741795466393492,0.39153317145947336,1.357992157686624,6.909868382980159,-60.559308173507766,104.65472028038937,133.70224223555465,368.39624990221665,119.2009218603659,3.141600000000009,3.141600000000009,0.0,0.0,0.0,0.0,-0.43710102949357205,0.5025465716255325,0.666215445303669,1.373905002230927,0.5027779923354099,0.5330489646512774,1.03800201736908,0.5049530527178027,1.33973213479921,4.303165649440453,20.32745484953911,-3.1943571741810417,3.374987495352475,4.706028830643087,16.13453204612114,3.455834139336269,-2.431004003303879,-2.4208964496246033,0.01010755367927585,0.026758771489765194,0.08584324915578528,0.404334286482339,-2.4838712545233084,2.4838712545233084,2.4857319532949145,2.703190029443994,0.0961609826497167
2200,18,family_2,not_applicable,244,0.86742,-0.8982815264420372,-0.8982590498662077,2.2476575829433187e-05,0.0001629885779573607,0.0006973454057989417,0.011785958094186822,-4.660180279986814,4.680604184025619,6.726821352036349,13.295798839741794,4.851066404434612,-0.8548204870184777,-0.5735798628387514,0.2812406241797263,0.7304214711248312,2.3326751551396856,10.781820347043938,72.78454940507376,102.02031296913346,116.02797111397071,269.74533724042243,90.35983316012042,1.4042971788189256,1.5420044044895458,0.13770722567062021,0.38058135162207113,1.28847296188868,6.384063382159493,-81.86822629881311,125.00892126157711,150.60761621135546,386.38370722739603,126.41300401285173,3.141600000000009,3.141600000000009,0.0,0.0,0.0,0.0,-0.297173283213477,0.4515338139836179,0.5793479943722369,1.2196706467463565,0.49732498260921504,0.7447392555361503,1.1637056227321954,0.4189663671960451,1.0797140496479707,3.385866652788655,15.619623539010867,-3.137938999765168,3.1720707680375804,4.071548403236328,12.841605459847923,2.594387255914018,-2.743705657742845,-2.7352962283658875,0.008409429376957434,0.02158646118226574,0.0677860880094229,0.31584084992667355,-2.2820345592614237,2.2820345592614237,2.2833443703932508,2.4400951265716055,0.07732906402557432
2200,19,family_2,not_applicable,244,0.86742,-0.9658570929620072,-0.9658390676407335,1.802532127370693e-05,0.0001889958449659588,0.00047951571439916067,0.016725916171525208,-9.067565627812003,9.067565627812003,9.682421832403492,15.287608517689693,3.3953712795401527,-0.8459304614753766,-0.5620696784437931,0.2838607830315836,0.7385379705436114,2.36233488388077,10.941636445600498,72.30865617095618,101.86121255363456,116.51986016981677,280.15069107378935,91.36922926644445,1.4216951337978565,1.5589057545945824,0.13721062079672586,0.3827446087992993,1.3024613341416742,6.517417329555967,-83.12371776724939,127.02304874657206,153.21752544599565,411.5753875979782,128.70919799433526,3.141600000000009,3.141600000000009,0.0,0.0,0.0,0.0,0.05912079000776751,0.25929409290646077,0.28297693393215273,0.474455321928235,0.27673214003165475,0.7367995076079465,1.1578155420022511,0.4210160343943046,1.0874476014391337,3.4156799812950736,15.780530561107549,-3.252617691816632,3.4379550251835487,4.252805363578199,12.811464214244413,2.739859779507146,-2.65720476387933,-2.6487959997678323,0.008408764111497824,0.021774486478013895,0.06892972475859355,0.31794966319975876,-1.7722587463372077,1.7722587463372077,1.7797262173769308,2.0539685264720324,0.16286296340809506
2300,0,family_2,not_applicable,243,0.863865,-1.0910999999999975,-1.0910999999999953,2.220446049250313e-15,1.3506239037372023e-13,1.87379413438845e-13,2.246060718240329e-11,-16.83904367217534,16.83904367217534,16.842448873801768,17.857480787949292,0.3386624768087495,-0.9655013060596908,-0.7150795480885525,0.2504217579711383,0.6400393165298991,2.005878805060447,9.136425728312567,120.25733909629724,130.8455413179896,152.39398046392202,404.0197036288491,93.60607712705638,1.183294235858373,1.3323056668655144,0.14901143100714154,0.4075224147875993,1.3956434663370383,6.86597859066113,-193.87514342257367,210.10673816487167,240.0351926617382,640.7471700244695,141.5249888854766,3.141600000000009,3.141600000000009,0.0,0.0,0.0,0.0,0.36519044269158013,0.36519044269158013,0.36833435292895333,0.4781794891827361,0.04802224603575349,0.8440894469345285,1.24320583570311,0.39911638876858146,1.0136934989510287,3.161032840285329,14.22828495306329,2.775670179995024,3.6266000450749725,4.350497134207587,12.16342472581441,3.3499970696457058,3.0904956847616405,3.0985046484037353,0.008008963642094802,0.02030050166570953,0.06275565365924368,0.2889958785548041,2.260395074691018,2.260395074691018,2.267013480919009,2.4464178173325397,0.17310178792002415
2300,1,family_2,not_applicable,243,0.863865,-0.9235499999999994,-0.9235499999999994,0.0,0.0,0.0,0.0,-14.046520346176548,14.046520346176548,14.06654178943153,14.906547196229079,0.7502426795856624,-0.6330703178577293,-0.27461942628732644,0.35845089157040283,0.950608794115447,3.071301759475398,14.468673636739968,87.97508062128848,107.16424551181838,134.1202560098977,400.88917738112036,101.2355088980062,1.8213941051067855,1.9581257162571064,0.13673161115032095,0.3939095143415911,1.411022922368377,7.271216670389364,-173.466977732019,193.82423862724482,218.05511494044254,570.0837690031074,132.12585208129718,3.141600000000009,3.141600000000009,0.0,0.0,0.0,0.0,-0.4347638273559991,0.4347638273559991,0.4587898510962275,0.6982333251719555,0.14652147245936903,0.5507791272179956,1.0456059045298605,0.49482677731186486,1.3060784731286452,4.196504684389409,19.633567297975233,3.0767602368933797,4.103522805118851,5.077535200203376,12.994013917013188,4.039171963902518,1.3699959455424568,1.3799057284915819,0.009909782949125034,0.026121829615665178,0.08402381357203147,0.39540559163097255,1.6132289234090174,1.6132289234090174,1.6151515055950343,1.8653441050774264,0.07878341641798044
2300,2,family_2,not_applicable,244,0.86742,-0.786260782664835,-0.7862486255591421,1.2157105692911507e-05,0.0002486337436884878,0.0004958109937772411,0.023853186986053418,-14.886369792227608,14.886369792227608,14.894876154004665,15.593996721992902,0.5033190361888769,-0.7687004851421515,-0.46083959885482556,0.30786088628732594,0.8123496260978477,2.6286559972009136,12.32633571845455,101.70661750872249,119.55898213269798,143.89191877767965,411.5916836717266,101.78726955988543,1.5701941843831624,1.7048305054569157,0.13463632107375334,0.386576139259386,1.3948564178814378,7.173534978874506,-178.87686621076915,202.67140147691592,229.73908216719954,619.8120489413947,144.16349263819137,3.141600000000009,3.141600000000009,0.0,0.0,0.0,0.0,0.03554540727645381,0.16052329922294997,0.18528228216359566,0.3403388512541692,0.18184072180152966,0.6683894203212478,1.1106059438283602,0.4422165235071124,1.1618525538679667,3.7437810861125067,17.42307992025372,2.87783061640607,3.8965950924287083,4.689825966536183,11.974501969531001,3.703047196522468,-1.0094040843525278,-1.0005954948956997,0.008808589456828164,0.02322324295088941,0.07372700898687289,0.34772430257425974,-1.6355257652949,1.6355257652949,1.652767407037411,2.189814343088832,0.23810832161371207
2300,3,family_2,not_applicable,246,0.87453,-0.8662666205447399,-0.8662593994271196,7.221117620304085e-06,6.165076164100675e-05,0.00034100782410373273,0.005992690570929782,-14.38188774266562,14.38188774266562,14.394307335133924,16.18838794411528,0.5978198856300317,-0.4726816550324294,-0.032769938983048974,0.43991171604938045,1.1403142936190864,3.6309874729093226,16.72007984709017,65.55576331800401,87.96693334441412,117.16465540025973,358.44084309171086,97.10817870218476,2.0998944383643887,2.2506966853309223,0.15080224696653355,0.4237599255314056,1.486327490401733,7.447228493224151,-166.92705949003005,181.4477689694855,201.62847917663052,481.386012933574,113.09023134246779,3.1416000000000133,3.1416000000000133,0.0,0.0,0.0,0.0,0.3225224154186394,0.3225224154186394,0.3301631111782339,0.46591191680365923,0.070618492871325,0.4186472253716077,1.008904197426775,0.5902569720551673,1.520718206853799,4.804395560787478,21.973526425366,2.9913370392995873,4.027701808872714,5.0081733598689135,12.173307985523833,4.016678120015973,0.9036498486148482,0.9154605693027005,0.011810720687852272,0.030403266694944562,0.09591236238770533,0.4380852991057297,-0.40622596501059555,0.40622596501059555,0.45721827224630596,0.9107923755558404,0.20983091723363265
2300,4,family_2,not_applicable,244,0.86742,-0.6918909060692581,-0.691882241516609,8.664552649029211e-06,8.942142065149525e-05,0.00039853271795349776,0.008485966718495068,-13.530392138875218,13.530392138875218,13.540192825313142,14.416743140508775,0.5150828233645172,-0.6168202435608919,-0.25134941458834253,0.3654708289725494,0.9661583473408194,3.1237381499389065,14.670214920095004,84.01226112008516,104.3965267539207,131.55743245157487,393.4837942505173,101.23881673914069,1.8505942210218678,1.9881617589259397,0.13756753790407195,0.3950046101955582,1.4179944528714428,7.282593501561967,-171.49492857220767,193.23108317428228,216.46290373322398,558.36492881402,132.08208874269212,3.141600000000009,3.141600000000009,0.0,0.0,0.0,0.0,0.26475347043783637,0.26475347043783637,0.2711475662596691,0.3987452036644777,0.05853718971443182,0.5369867037261844,1.0396046510263852,0.5026179473002008,1.3225735565637264,4.251562792538325,19.834695716945554,3.050242016636816,4.0682091182244005,4.9110505543795,12.187077830999634,3.848953258694443,0.31318963137561273,0.3232405723830479,0.010050941007435144,0.026434019888012285,0.08435746863376062,0.3956606395068837,-1.389867978905411,1.389867978905411,1.4041081863255571,1.8454411882407347,0.19946628817881365
2300,5,family_2,not_applicable,244,0.86742,-1.171299999999997,-1.1712999999999956,1.3322676295501878e-15,8.375568058318525e-14,1.2491960895923e-13,1.38928069376632e-11,-9.2249057119289,9.2249057119289,9.308273054966717,10.937176446652332,1.2430051777209148,-0.8209524671982569,-0.5296094662782329,0.29134300092002396,0.7616738371899052,2.4448741323890784,11.368866250916579,107.08146504038575,123.19765533709112,146.44700310407015,409.8824784389184,99.90137417957862,1.4700941869593143,1.6063845288941887,0.13629034193487444,0.38571611488710233,1.3745147416892411,6.975283174268489,-183.36871247222396,206.16830389562978,233.81282273211988,627.1809675765267,145.06671348121375,3.141600000000009,3.141600000000009,0.0,0.0,0.0,0.0,0.25135004318637005,0.3207565859543023,0.41002110175928463,0.7664844736969643,0.3239451491813198,0.7145880337075808,1.1418049075087653,0.42721687380118445,1.1120442276870184,3.5550280762881914,16.389332712200627,2.4938069149230673,3.52002839297121,4.4098210301536716,12.202380159247463,3.6369559509385705,-1.5670040006327057,-1.5584945857465706,0.008509414886135103,0.022189288562578437,0.07080336558586035,0.3293256439254468,-2.005959420172515,2.005959420172515,2.0237192458367526,2.5570810883444595,0.26751895370463424
2300,6,family_2,not_applicable,244,0.86742,-0.8966405664507662,-0.8966293454334594,1.122101730677283e-05,9.662772716836234e-05,0.00040857250025796695,0.007541728661225546,-7.852621458237136,7.852621458237136,7.877711343776035,8.700862971012292,0.6282294560837579,-0.5898709208845974,-0.2122295592667216,0.37764136161787576,0.9962858023779756,3.212681892510256,15.056745845152738,80.52604062203282,101.01502067368145,128.9273517135614,389.553977698681,100.68673597654796,1.8985943649487402,2.037824756935344,0.13923039198660359,0.3987089755504193,1.4248770487343594,7.292446964188959,-171.30091644306367,191.38982527289636,214.39126538604086,550.3694388206792,128.91706907773818,3.141600000000009,3.141600000000009,0.0,0.0,0.0,0.0,0.3528920853385553,0.3528920853385553,0.35468659133914193,0.4383952906458894,0.03563361027436424,0.5142789135354168,1.030705961284856,0.5164270477494391,1.355830682932628,4.345386434444067,20.23232982480297,2.7293189894555714,3.827357884986888,4.828017400616751,12.436017648888184,3.982533097722523,-2.002803576284575,-1.9924945248285333,0.010309051456041551,0.02712415982453762,0.08794055826391686,0.4099419395294581,-1.5750008487400982,1.5750008487400982,1.5885463365134427,2.097972310753197,0.20700673834020644
2300,7,family_2,not_applicable,245,0.870975,-0.8551501491267214,-0.855148521825423,1.6273012983791801e-06,1.5123660592302248e-05,7.953312075186589e-05,0.0014721373265135422,-10.192955833734105,10.192955833734105,10.226761778230586,11.073644284340752,0.8308476636687927,-0.5407202447243097,-0.13892951843878157,0.40179072628552814,1.0528096648558098,3.3809217359096864,15.742170092309957,74.70699171433041,95.7225807787182,124.00849639097092,377.56967990064487,98.97965733495148,1.9846961278923132,2.1278077960688817,0.1431116681765685,0.40676056331771077,1.444424985867329,7.3213401494415775,-168.7897014725252,187.20108628914406,208.51330087949725,519.5190438560186,122.42480680188783,3.141600000000006,3.1416000000000146,8.43769498715119e-15,3.182086570599979e-13,4.9967843583692e-13,3.899299794985682e-11,-0.049909093656200075,0.22027091573021507,0.24436000251545897,0.4128768858114841,0.23920889030253822,0.47347846128484006,1.0180044047208465,0.5445259434360065,1.4192575349674754,4.527281955703454,20.938389827876776,2.8548572880221568,3.841295209401873,5.047029195594218,13.094881319530261,4.162005954609772,-0.1361001586917146,-0.12519943354943955,0.010900725142275053,0.028348743467934003,0.08983838538093775,0.4169159075484182,-1.439221889600299,1.439221889600299,1.4637330721187043,2.0367956766641107,0.26674868117650385
2300,8,family_2,not_applicable,243,0.863865,-0.7656205297962663,-0.7656096524665306,1.0877329735703434e-05,0.00013394731586299427,0.0004446674125803268,0.012937081958454855,-8.167170343798263,8.167170343798263,8.199473719313506,9.10723676805641,0.7271161180272634,-0.6421609429803992,-0.2875294092606142,0.35463153371978495,0.941006173630029,3.042147873216678,14.343047402282426,88.03713690802672,108.05948507373645,134.45084694717312,397.5121160362997,101.6193523392544,1.804995432984537,1.9412625493069555,0.1362671163224185,0.39334887045661504,1.415203752870585,7.306671047414139,-173.30428439270227,195.56575498753975,219.96968368719507,577.1021954347733,135.47061213627856,3.141600000000009,3.141600000000009,0.0,0.0,0.0,0.0,0.32232864610494555,0.32232864610494555,0.34286075625110496,0.5329550016762005,0.11686634279052445,0.5585389357941835,1.0491046817395795,0.49056574594539604,1.2957406027933527,4.165878508358961,19.50651153670132,2.6435648968270224,3.7348633030514016,4.747215061759938,12.631363432962047,3.9430464718114013,-2.9967068826705723,-2.9868943083971145,0.00981257427345783,0.025923765195334604,0.08190932495210955,0.3941299906276066,-1.3723723879934246,1.3723723879934246,1.3780480394414139,1.6996529609354671,0.12494169712929747
2300,9,family_2,not_applicable,244,0.86742,-0.9453710754010145,-0.9453594632449771,1.1612156037399401e-05,0.00014292458811059164,0.0004929602480087128,0.01299319609872751,-8.430299902728821,8.430299902728821,8.461007093006923,9.32867406560964,0.7201975964718802,-0.7587303616333324,-0.44754949243032305,0.31118086920300936,0.8225150733606873,2.665619171463975,12.51914237374313,100.3819395033352,118.3908318132086,143.34535081454638,412.68766646349354,102.32964292761957,1.5890941694266838,1.723593771890896,0.13449960246421222,0.3870829264832555,1.3974874941757631,7.2054941572235975,-180.09305271118723,204.11430430609718,231.19130905473403,622.5957873451714,144.9686647093333,3.141600000000009,3.141600000000009,0.0,0.0,0.0,0.0,0.21443223192333868,0.26777858636356383,0.3408618956427747,0.6157935519776246,0.26496348769889283,0.6596193752698859,1.1050057455346867,0.44538637026480077,1.1723311952425737,3.783779093072466,17.637796275099575,2.747788916345669,3.7290970055002615,4.6321523649189915,12.160220685569035,3.7291408666115706,0.08382999817567317,0.09273904536106407,0.0089090471853909,0.023414137090803817,0.07508266540743445,0.3513127787373472,-1.5875775141421342,1.5875775141421342,1.6155634296124644,2.222327025994034,0.2994041277128116
2300,10,family_2,not_applicable,243,0.863865,-0.8507902940865787,-0.8507871113255004,3.1827610782464433e-06,2.9891824723915614e-05,0.00015761302744268996,0.0028904429392693047,-8.791433257200898,8.791433257200898,8.809587504369464,9.5734423628749,0.5652727494976492,-0.9771602421544454,-0.7298895030815322,0.2472707390729132,0.6308572838573878,1.9753539089850418,8.979951229899791,121.25048922381988,131.81604560974688,153.08633517443565,401.74757962291517,93.45450700808384,1.1593942052582544,1.3101291411376086,0.15073493587935416,0.41099026826227053,1.4043010227226311,6.892313701202221,-192.6488876503926,209.91582906639218,239.96289104006837,647.0536021449019,143.06849815166902,3.141600000000009,3.141600000000009,0.0,0.0,0.0,0.0,0.3997468534284745,0.3997468534284745,0.4043769472339833,0.5348542406305192,0.06101777305268937,0.8546195754553246,1.2523058094831137,0.397686234027789,1.007859699014736,3.137501424290354,14.091629205646331,2.882927051937469,3.701473974379821,4.397267513133531,12.357518917070932,3.320345342771845,0.18575931389700884,0.1937105827976871,0.007951268900678266,0.020146936452906414,0.06247386351523532,0.28156038191059907,-1.7595024148384104,1.7595024148384104,1.7872167623176618,2.4269039670683603,0.31352034652798505
2300,11,family_2,not_applicable,245,0.870975,-1.0884866680343512,-1.088393190271075,9.347776327617296e-05,0.0008287678657098737,0.004198489942706298,0.07246910188961224,-6.06593412090893,6.06593412090893,6.138717423298561,7.284739705234158,0.9424939490002733,-0.8704704194110963,-0.5937495179299109,0.27672090148118533,0.7156202430620789,2.2839227172457126,10.512415480094344,113.78225573891925,127.68534863777501,149.8553898728504,409.6705134348606,97.52043966731887,1.3736942469852136,1.5127379752199706,0.13904372823475697,0.38799512877820486,1.3692591102322174,6.855580220616822,-185.56638520884772,206.3556594874395,234.7274335184543,631.9936179295015,143.7431206238473,3.141600000000006,3.1416000000000146,8.43769498715119e-15,3.182086570599979e-13,4.9967843583692e-13,3.899299794985682e-11,0.11628739042165614,0.13511626376636873,0.16986158315871902,0.34826372588975235,0.12381518591072638,0.7586994919285208,1.174205784888514,0.4155062929599931,1.0693408634315142,3.398845439228965,15.494327718122436,2.702010545342563,3.6538266311243817,4.486962925913695,12.372713978110152,3.582174662321977,-1.5516051048980741,-1.5432945661676831,0.008310538730391004,0.02138555129742748,0.0674562969672216,0.31317007295310073,-1.7248828575369186,1.7248828575369186,1.7696364034845924,2.5602340181399694,0.3954644463326104
2300,12,family_2,not_applicable,244,0.86742,-0.9028500000000037,-0.9028500000000017,1.9984014443252818e-15,1.708193801575497e-14,1.2491960895923e-13,2.592480949401014e-12,-1.507106944760096,1.523315862719504,1.7452045957826794,2.712597649354178,0.8799816692391237,-0.828930549552157,-0.5399994912498924,0.2889310583022645,0.754281171805272,2.4181403207963474,11.229392238935214,108.3971551684648,123.89417857270874,146.95233612869882,408.4442241234341,99.22220439531591,1.4546943115465447,1.5913154345506324,0.13662112300408769,0.3860967429764646,1.3752355008600754,6.964945388787124,-183.80915541456713,205.9960402660256,233.6774766296197,626.2152937790736,144.2891453636411,3.141600000000009,3.141600000000009,0.0,0.0,0.0,0.0,0.23109519639912618,0.30377871316833466,0.38351003798054306,0.6906925118744762,0.3060636525840448,0.7216686769683432,1.1469058418277345,0.4252371648593912,1.1051597664371773,3.530115133376019,16.246088763127133,2.73553884754155,3.6924983315731654,4.535872159483904,12.301710514242407,3.6181436484435254,-1.3687043378224573,-1.3601958644752454,0.008508473347211831,0.022107602849441875,0.06998744333567172,0.3264073867269356,-1.6619262846484786,1.6619262846484786,1.6644400069080778,1.8888151978368863,0.09144157145776756
2300,13,family_2,not_applicable,244,0.86742,-0.964880596377141,-0.9648690394307707,1.1556946370228083e-05,9.426128042586899e-05,0.00043679365405126317,0.00669458788598677,-2.185481704252978,2.2635228852113305,2.6603707613158796,4.101290424376675,1.5169846103503926,-0.7857802015160468,-0.48345945702154003,0.30232074449450674,0.7953684160936894,2.5663477429431625,12.004972768434643,104.69607179816042,121.62086080721586,145.59301522735086,411.4572618229367,101.1734087249513,1.537694379294486,1.6727187663236904,0.1350243870292045,0.38579087200287504,1.3858259647319324,7.0944235331756635,-180.67565188333938,204.39501634889464,230.93592974690736,613.9683394601304,143.83223722308887,3.141600000000009,3.141600000000009,0.0,0.0,0.0,0.0,0.05628837237877492,0.3492221008023504,0.38870176559323877,0.6226546783181752,0.38460457837920947,0.683439352631199,1.1205058131743573,0.43706646054315823,1.1448484991099486,3.677208739969215,17.069559624307733,2.8738783652716413,3.7745451675116954,4.7899718469866075,13.137012471098195,3.8320560325428294,-0.24335067978564157,-0.2346094361771589,0.008741243608482663,0.02290081980846301,0.07306218325031379,0.34090290085880814,-1.4624489050299438,1.4624489050299438,1.4900437901466115,2.1674114270193012,0.28543597658879255
2300,14,family_2,not_applicable,244,0.86742,-1.0297000000000038,-1.0297000000000025,1.3322676295501878e-15,8.358847957112615e-14,1.2491960895923e-13,1.3918394857110583e-11,-9.36855214058475,9.36855214058475,9.384884821535627,10.113874189742045,0.5534382554853521,-0.8443804522860783,-0.5600695262489336,0.2843109260371447,0.7401708533125554,2.367477218204125,10.963192041045104,110.46033124748125,125.32683349565285,148.06748531792982,410.8478904556043,98.60271512018363,1.4246944697223238,1.5621146021258758,0.137420132403552,0.3865345186166412,1.3683701604094478,6.903586539213807,-185.74951705071842,207.39314274752093,234.71310595722017,623.8461118627164,143.48295725803166,3.141600000000009,3.141600000000009,0.0,0.0,0.0,0.0,0.12108450450223157,0.1734145261500398,0.209162477187058,0.40117685038703566,0.17055053395541042,0.7354194370293586,1.156804630165688,0.4213851931363294,1.0920681296443921,3.478274808005762,15.966459406794204,2.7482092646627545,3.6931515686852734,4.513859964538172,12.316524688502179,3.580820802146116,-2.124004521213197,-2.1154943354935045,0.00851018571969231,0.02185132912690429,0.06876015750890055,0.32196211352089893,-1.5245747950872268,1.5245747950872268,1.5356482115313175,1.9480984925563283,0.18408455601726992
2300,15,family_2,not_applicable,244,0.86742,-0.7274606818865912,-0.7274487071810501,1.1974705541040187e-05,0.00015420347813427507,0.00047168767521339495,0.013810147142383293,-1.3520212169073558,1.38932018768077,1.6118977067999192,2.4731067883280318,0.8776404994182929,-0.7893332742408071,-0.4881496002214091,0.30118367401939805,0.7918501696629139,2.5534236761407376,11.937317229426483,104.18423841242635,120.83530120931054,144.9111406041055,409.73421857608264,100.72181063506325,1.530894418513409,1.6660197755103794,0.13512535699697037,0.3857292756914953,1.3861724166583078,7.086519840861706,-180.45341754044858,203.96733326683645,231.20258866079172,625.0270107640224,144.53788811735063,3.141600000000009,3.141600000000009,0.0,0.0,0.0,0.0,0.2529875902604448,0.2529875902604448,0.25801909445506777,0.34991653391143135,0.05070633370326124,0.6865794708574494,1.1226057424093947,0.4360262715519453,1.1413960837011454,3.6658983570392043,17.001257505531722,2.8079322664443147,3.775684052415502,4.638089685675419,12.569947412569835,3.6915298074686587,2.0734955854562718,2.082204527804838,0.008708942348566229,0.022809289912627456,0.07307209595077188,0.3418494500098879,1.9711695930810889,1.9711695930810889,1.981572142615247,2.2119951985070254,0.20277719719267068
2300,16,family_2,not_applicable,245,0.870975,-0.9002701491267188,-0.9002685218254184,1.6273013003775816e-06,1.5123660607695309e-05,7.95331208767855e-05,0.0014721373283957027,-1.8686429389731314,1.9327604362546063,2.221302442163019,3.292302886375024,1.2009821423257094,-0.5394615480967094,-0.13701949287758738,0.402442055219122,1.0543431565421195,3.384974303761378,15.758930641723461,75.50500575250072,96.18298162351294,124.42019657797884,379.62692974472253,98.89074487947661,1.986794202826477,2.1300756816429587,0.1432814788164818,0.4071735112543627,1.4455834802383054,7.333180607942891,-168.28459843487298,186.28070566878858,208.01835281686834,522.7250981155191,122.27808077597828,3.141600000000006,3.1416000000000146,8.43769498715119e-15,3.182086570599979e-13,4.9967843583692e-13,3.899299794985682e-11,0.18915799250682927,0.23223481586984648,0.2914151187931864,0.49074383384618514,0.221680006613211,0.4724486896376009,1.0177047544522375,0.5452560648146366,1.420999073388943,4.531796454883691,20.957362292006813,2.763850806702115,3.811323752294753,4.8922617130293915,12.644940952709904,4.036750349856348,-1.7369057575361029,-1.7259942481161343,0.010911509419968546,0.028423494224770977,0.09043082732204771,0.4243508934655307,-1.5964970476132758,1.5964970476132758,1.6177547498573852,2.1179661927833346,0.2613955004360732
2300,17,family_2,not_applicable,244,0.86742,-0.810895622992872,-0.8108889767601126,6.646232759366377e-06,9.983637970007954e-05,0.0003025732192535145,0.009091255571575838,-2.9513121977155725,2.9513121977155725,3.068673848296625,4.085226414422527,0.8405447631357288,-0.9331701806043491,-0.6739595682890026,0.2592106123153465,0.6645173407931567,2.0966802176607895,9.573575841380864,118.16894163280588,130.15516858673746,151.50178321028926,403.0793931284849,94.8097650523405,1.2488942017931315,1.393806413761057,0.14491221196792559,0.3984651742000403,1.3811955638728177,6.823528632832431,-189.15293171425205,208.43606832586826,236.98119395997458,630.1316507915751,142.76293186467768,3.141600000000009,3.141600000000009,0.0,0.0,0.0,0.0,0.2718599363079909,0.2718599363079909,0.28201134326092214,0.41461552234426563,0.07498381664362509,0.8149495329088408,1.218704781341224,0.4037552484323832,1.0293361874402456,3.2300611554250387,14.600300781351503,2.444655994255464,3.343566377804326,4.19504468343994,12.190359159395873,3.4091138094537903,1.9806946111739625,1.9888047034536602,0.008110092279697723,0.020601329708310336,0.06382500919532258,0.2957079230975751,1.804642563470876,1.804642563470876,1.812359282397472,2.091696600283785,0.16706701230806767
2300,18,family_2,not_applicable,244,0.86742,-0.7079610015485015,-0.7079522137432017,8.787805299781404e-06,0.0001009147906023685,0.00040888942911337207,0.009922431139281747,-7.255254184141205,7.255254184141205,7.281832425145478,8.039776988184158,0.6215868333560528,-0.612162531771954,-0.2446394379357293,0.3675230938362247,0.9712463217893482,3.1385364465544128,14.734805908970378,84.13667962783137,103.96173075077853,131.09518325574916,394.3867619701546,100.53340844745154,1.85899562463056,1.9967612697349162,0.1377656451043563,0.3956346488716698,1.4186085430609874,7.282869642993817,-171.19168275167667,192.42404883839285,215.8641059706618,558.920692271145,131.49418239284356,3.141600000000009,3.141600000000009,0.0,0.0,0.0,0.0,-0.31343554479059177,0.4072399743789523,0.48440141279523036,0.814727072934322,0.36932761605360637,0.5330469711415121,1.038005633492396,0.5049586623508838,1.3281447488576736,4.267487500056584,19.901339343976932,3.101138216571742,4.090805736888018,5.014083784513607,12.772975225022837,3.940047964154818,-2.4310063787954506,-2.420894331418264,0.010112047377186517,0.026575192334880572,0.08397234427316637,0.4025516222581984,-1.6449962249344245,1.6449962249344245,1.6805572939916575,2.4246008401320225,0.34388986367739127
2300,19,family_2,not_applicable,244,0.86742,-0.8982609182510809,-0.898249130175168,1.1788075912844143e-05,0.00013063733150110948,0.0004678938519487893,0.011641338268433745,-2.6401495719845367,2.6409009039980225,3.02675811776857,4.527255405514636,1.4801604443531802,-0.8548228953574296,-0.5735795561914891,0.28124333916594046,0.7308350043413544,2.3345012557022913,10.789773087581128,110.20568441742878,124.87559655139086,147.58388398217159,408.36255237122674,98.1616520508349,1.4042942047521605,1.542338437343484,0.1380442325913236,0.38753991317213204,1.369841507916258,6.90839910145063,-185.83665614848132,207.92371939497164,236.17989928290672,635.4799237887569,145.7589861958263,3.141600000000009,3.141600000000009,0.0,0.0,0.0,0.0,-0.24353100791902763,0.3784219518254028,0.43283295059413857,0.678094724817959,0.3578225975283988,0.7447384665495664,1.1637053817036567,0.41896691515409024,1.0836455036174915,3.443840193420577,15.788709033356781,2.7896517236998135,3.7277917639204223,4.461685805498638,12.256263198618925,3.4820229016258195,-2.7437047802208205,-2.7352947610295497,0.008410019191270823,0.02166663337694913,0.06839549180386045,0.31869241919408065,-1.656286915988406,1.656286915988406,1.674720064079188,2.1906784049685832,0.2477921406239799
2400,0,family_2,not_applicable,351,1.247805,-1.091111424321716,0.8960504532753827,1.9871618775970985,2.518655627379351,4.611923686570778,13.649139701554498,29.85151611141906,76.44572918329162,116.42260652716232,339.5346308540054,112.53048607567705,-0.906770523750592,-0.7150799442170722,0.19169057953351976,0.24290073228097464,0.4455966152372145,1.3135582416993954,90.28776059762572,90.28776059762572,91.07486877173577,114.53505465957102,11.947887179527356,0.8641094180081171,1.1833052855696098,0.31919586756149265,0.40437947391163187,0.7428589630497788,2.1848467478730806,-186.06612745142576,186.06612745142576,189.863199230539,229.6474921734476,37.781353036718095,3.141493544604335,3.1416429660316845,0.00014942142734941655,0.0008165185905060807,0.004007902888457197,0.058239843975104295,0.07646614973740909,7.747096782383646,12.412496625488632,30.69463234562193,12.412261091586457,1.2431935929284728,1.3707058340596139,0.12751224113114112,0.16188258072403686,0.29934460025385906,0.9134512767486404,9.761487096895243,9.761487096895243,13.841774090491684,27.27942801574332,9.81366800077089,0.9234595405301061,3.098508257016325,2.1750487164862187,2.75773198632288,5.047459937452227,14.942459697560833,-3.4914556405755683,3.7198138931613096,4.0729074525899875,7.452934355280232,2.0972154460751327
2400,1,family_2,not_applicable,331,1.176705,-0.9235550820777843,0.8960504592458122,1.8196055413235963,2.497164779595757,4.737761274980611,14.939609317543619,29.283318712578335,73.11025372464877,106.94871394751436,306.434227354628,102.86162870674765,-0.9067704707930011,-0.27461792030302745,0.6321525504899737,0.8674204705829525,1.6459862958982754,5.182971798191555,74.96960168402073,76.53498704367563,81.7249236481712,128.57410419610719,32.53493458789626,0.8641094199056343,1.8214075938072702,0.957298173901636,1.3134262498761218,2.49520957478442,7.841430804870444,-198.23245233552535,198.23245233552535,205.44068978438435,385.9162550541946,53.94230121275248,3.1414946841389066,3.141605690295698,0.00011100615679149328,0.0007656036508693261,0.0040760803891704625,0.05168063236098359,-1.7958621101294658,8.61328617520994,11.676014379378392,26.175007634106045,11.537078966049089,1.0455861127203971,1.3707057372747733,0.32511962455437615,0.4463327790246311,0.8509236526627589,2.6765394432069316,9.10018924241602,9.455807777151358,13.679710572180207,29.479349377617574,10.213767037231401,0.9234594216359515,1.3799109655670232,0.4564515439310717,0.6270155668151571,1.1962621726899132,3.7820615719413793,-2.616814679100255,2.780476927001919,2.8717976683142274,4.485120603374845,1.1830058254211868
2400,2,family_2,not_applicable,325,1.155375,-0.7862605942828359,0.8960504515956611,1.682311045878497,2.398775195514048,4.668659680824844,14.870130973105164,27.39980286744261,76.09130245824205,114.48807992099034,333.02876458320543,111.1610149594738,-0.9067704666546069,-0.46083869607426664,0.4459317705803403,0.6357496788628104,1.238842082913275,3.9323561239437925,82.85213298788538,82.85213298788538,85.99362091298916,124.64358027940138,23.0309986124058,0.8641094261981429,1.5702010848786654,0.7060916586805225,1.0064061965294364,1.961308503382962,6.221581726872497,-195.04708330692563,195.04708330692563,200.0155488238007,313.84969486280244,44.30412017800864,3.1415133319656503,3.1416068097289345,9.347776328416657e-05,0.0007195720158720825,0.0041984899430810565,0.06292080073837109,-1.2528805463368657,8.529690471846546,12.813154687318471,29.96435553751057,12.751753737339893,1.1105902965892098,1.370705784558724,0.2601154879695142,0.3711091652894072,0.7261193636706067,2.3121848191729075,8.788444896280113,8.868115362089217,13.09686934063144,28.303329407623647,9.710366771168834,-1.0006014935714405,0.9234805664557179,1.9240820600271582,2.7441453279608403,5.342372090800548,17.001398447323922,3.198335605718207,3.3285799796948625,3.6789168479168897,6.692083945661979,1.8179874936538747
2400,3,family_2,not_applicable,341,1.212255,-0.8662672219442508,0.896050442717243,1.7623176646614938,2.2690328200713545,4.286891376849892,13.385273588452085,26.909731210011977,60.67772233606374,87.21291867255314,256.2995521454843,82.95757680640315,-0.9067704529217413,-0.03276898862137634,0.874001464300365,1.1252041843136582,2.1213964501977194,6.632029422510044,69.82828604031353,77.34482700041443,82.91325643795155,145.1038109444817,44.7059119336321,0.8641094198360078,2.0999041204620275,1.2357947006260197,1.5908520126918078,3.005428764809789,9.37219017247022,-207.9994336633571,207.9994336633571,218.83634936919074,492.6786285203503,68.01164165756647,3.14149343843272,3.1417080871958087,0.0002146487630887428,0.0010901097299441291,0.004517329389127966,0.07824002340089706,-1.5019110680243624,7.210953219477441,10.535938781396691,26.09673243660562,10.428339712009993,1.0088898267716866,1.3707056454605309,0.36181581868884427,0.46584968090882517,0.8812905140695496,2.750179097327359,7.57691406941118,8.375545038725347,11.084921784176775,20.601458969117218,8.091097833179111,0.9154590918032154,0.9234805679820058,0.008021476178790454,0.010224701646099328,0.02003332251455282,0.06348239035888141,1.5530393952786234,1.6539310851915359,1.7840278133074317,2.432561008233562,0.8779657597919779
2400,4,family_2,not_applicable,319,1.134045,-0.6918902852567915,0.8960504515261767,1.587940736782968,2.3307151197276537,4.6984289412177,14.9714961190852,24.75975267888436,69.27790839837988,105.07665308079412,300.9336971674289,102.11786165966284,-0.9067704471526119,-0.25134973975240177,0.6554207074002101,0.9618312549069059,1.9404143007036299,6.170864253921375,76.89590934041519,79.70676831987683,85.23143087796493,138.92403345977547,36.76160954332606,0.8641094267841583,1.8506092698009395,0.9864998430167813,1.4475497139918205,2.9174410262876407,9.28410635263907,-199.77018431067194,199.77018431067194,209.8407181039676,415.9337307273154,64.2261662787758,3.1414903943077115,3.1416059637714357,0.00011556946372426324,0.0008243903635087672,0.004367936539731884,0.05854953078634794,-1.9023761319881216,8.44634642041115,12.238833883762275,28.592394296608585,12.09007939952296,1.0395962353178583,1.3707057412020474,0.3311095058841891,0.4860396233168645,0.9823115372522434,3.1192714490491946,8.246094049335635,8.806349568520766,12.753747052457095,28.207545433067928,9.729336915102152,0.32323682188327113,0.9234805735987485,0.6002437517154773,0.8813721745099536,1.7810612751839383,5.667740455958478,2.670086836377318,2.7873335862825668,2.881422222992625,4.199345698889889,1.0831575662664803
2400,5,family_2,not_applicable,350,1.24425,-1.1712997130318918,0.8960504745226565,2.067350187554548,2.605690187364913,4.678982761707122,14.255317475585205,24.885060088958166,72.9048480819648,112.5854559827278,329.03140608782684,109.80081367279423,-0.9067704747099611,-0.5296099127643464,0.37716056194561465,0.4753130683984105,0.8541658672105896,2.595497657914855,86.20342026233766,86.20342026233766,87.96581658016419,118.28849329655034,17.520137604764525,0.864109417729072,1.4701079220907187,0.6059985043616467,0.7636015041806827,1.3759895850333015,4.166698650540541,-185.77656023738945,185.77656023738945,191.22063978028962,269.1064611265322,45.303451792847795,3.1414903943077186,3.141605963771427,0.00011556946370827603,0.0007870353256693673,0.004367936539107286,0.055896515859537727,-0.5120829420599875,7.664966697513581,12.284344381427497,30.405887413526766,12.273666442508551,1.1417966439814988,1.3707056661008081,0.2289090221193093,0.28876014858226695,0.5324160415640862,1.621649803132125,9.779284443133983,9.78595104871454,14.107154533178653,27.778930182946656,10.167467964211179,-1.558516537055562,0.9234805664230471,2.481997103478609,3.1290636283258735,5.61708251126933,17.109585547637224,3.4455034717360298,3.5954663752543166,3.9397485862282515,7.013753864153616,1.9105299654657262
2400,6,family_2,not_applicable,331,1.176705,-0.8966349086447696,0.896050463170642,1.7926853718154114,2.465753169820202,4.751112450164708,14.780960418015745,22.610813777568822,65.61805262657967,100.8903277049178,289.3805360654689,98.32400177333004,-0.9067704473187354,-0.2122285552676345,0.6945418920511008,0.9551903251661198,1.8413583860454963,5.720618676195972,74.9081442369673,77.81576361012837,83.21864384948476,134.45521708570607,36.25069118128769,0.8641094229247155,1.8986106592909593,1.0345012363662438,1.422640609985197,2.7451931530711713,8.517295529844375,-196.7833170954585,196.7833170954585,206.58252424610677,410.2138254906993,62.87022695045336,3.141488670986903,3.1416054799215662,0.00011680893466303743,0.0007792890688981168,0.004080817708567985,0.04949220698585107,-1.8961941924529329,8.274832634845412,11.872314260064512,27.578344776912655,11.719910130808978,1.0306961659453353,1.37070574384774,0.3400095779024046,0.4677404277963028,0.902449791357808,2.805004454125854,8.637723780710724,9.161891495407584,13.18554600423605,27.894772868250026,9.962346677262829,-1.9925330893218278,0.9234805664308838,2.9160136557527117,4.011918809829034,7.729656530274697,24.07229213277625,3.6187943736376345,3.73192257834736,4.270998803841599,8.921479244440789,2.268426340824179
2400,7,family_2,not_applicable,331,1.176705,-0.8551526848624427,0.8960504666985374,1.75120315156098,2.4006325635771515,4.740202336444332,14.561033843011181,21.99125342489026,60.8764580858943,95.72325168542291,279.80169457986807,93.16289865624123,-0.9067704474659134,-0.13892903695071868,0.7678414105151947,1.0524909720952043,2.078472990932674,6.379218059610711,72.50173671126616,77.84039751488072,83.07410808308892,139.00954545211977,40.5562030724152,0.864109417461282,1.9846994291636013,1.1205900117023193,1.5357829773731224,3.036632018009816,9.303027911469313,-199.29638208617772,199.29638208617772,210.824356285931,451.4299012290793,68.75944510201795,3.1414949576408913,3.141605696572305,0.00011073893141366753,0.0007636882243511299,0.004074527889457054,0.05153126436763517,-2.307008694916763,8.24685563614278,11.464015523675934,25.46325276789769,11.229486310987749,1.0179854953659995,1.3707056890535974,0.3527201936875979,0.4835789371697827,0.9573127465036986,2.933826906487313,8.281252294100772,8.958939199158202,12.68989002634954,27.013787645732016,9.615309112155273,-0.12521469120528508,0.9234805079838567,1.0486951991891418,1.4381421238525238,2.843587881335843,8.730033261392526,2.9108406824742548,3.016233052635644,3.1653475994122613,5.012777833633028,1.243556169361795
2400,8,family_2,not_applicable,310,1.10205,-0.765631870566166,0.8960504716374805,1.6616823422036466,2.4507546190149396,4.70828017066697,15.741189065523026,21.385037363405623,70.76809444142934,111.05835516450126,311.14053032263365,108.9799909561854,-0.9067704472484521,-0.2875263919629483,0.6192440552855039,0.9131515616259925,1.7554849976752473,5.85825022176059,77.81591768413324,79.75689052791485,85.16369511205802,139.64594369439018,34.60546084241293,0.8641094166362598,1.8049998223151713,0.9408904056789115,1.3872307695252282,2.6668115822640006,8.890916115453715,-197.10400739223883,197.10400739223883,206.47600056902152,394.81914808651436,61.500805530487355,3.1415139267376233,3.141708123282918,0.00019419654529473362,0.001047623016236826,0.004180283843037348,0.07984391998704751,-1.5863022726540843,8.90392486471041,13.116217089045465,33.03225829246585,13.019938395658437,1.049082540996704,1.370705661846917,0.32162312085021294,0.4744573509809498,0.9203902501972805,3.052241850783005,8.741775776650522,9.2467672090172,13.411596986654832,29.055114346933255,10.171149885987088,-2.986970864391934,0.9234805664369558,3.9104514308288896,5.76858750238888,11.07925959757879,37.063389222386554,4.048005323233971,4.140907227099812,5.047823379916731,11.909994229792378,3.015654784272133
2400,9,family_2,not_applicable,334,1.18737,-0.9453706324818159,0.8960504494607308,1.8414210819425465,2.500713375091085,4.688976382454915,14.791525320127349,21.55721383100673,71.1678141058663,111.94913274003018,328.0444086955385,109.85397058408562,-0.9067704672476066,-0.4475498759554085,0.45922059129219805,0.6235616061139542,1.1696724880625378,3.681086822851644,83.15340133571402,83.15340133571402,86.17526318518905,123.22084992039979,22.620517928161426,0.8641094261345589,1.58910166896002,0.724992242825461,0.9842072985515493,1.8475867106281665,5.80702491896655,-191.60610085124068,191.60610085124068,197.3286192376502,316.0893894758615,47.177177605508795,3.141496027685774,3.1416674344452176,0.00017140675944338213,0.0009827534864090554,0.004476080704897226,0.08150473398353064,-1.1806769370643284,8.391109362955111,12.701965530912803,30.818842615829283,12.646973168263678,1.104990015808937,1.3707057687931417,0.2657157529842047,0.3610931296071547,0.6818979872382339,2.154635972913479,9.221188271214853,9.29559105612838,13.608160903267295,28.45431432517926,10.007583626231769,0.092738176627978,0.923480552172886,0.830742375544908,1.1286378492440547,2.1219661781523045,6.672981929271185,2.742139333129646,2.8711037541572537,2.9990873853880626,4.494990491956823,1.2145768904837224
2400,10,family_2,not_applicable,338,1.20159,-0.8507911867933141,0.8960504668350213,1.7468416536283353,2.37689653181051,4.599781499376,13.833172918023385,20.906869239334604,71.41232640564745,116.31404512826926,329.444325031191,114.41966576035094,-0.9067704969039222,-0.7298899435632837,0.17688055334063846,0.24061618970410878,0.46667488543721886,1.3972758346349257,91.85461974000386,91.85461974000386,92.669215240815,115.78485583796855,12.260191098339202,0.8641094176729,1.1594064861210895,0.2952970684481896,0.40160017585987356,0.7803223762364794,2.3309634258422594,-189.42266443218034,189.42266443218034,193.51381864236885,229.64477197149478,39.58095760545998,3.141600000000006,3.1416000000000146,8.43769498715119e-15,3.200022536080257e-13,4.9967843583692e-13,3.8983365176969774e-11,-0.4765857514342293,8.13718531567267,12.704334725029899,30.057924466333944,12.69539234632512,1.2522938184094932,1.3707058631725992,0.11841204476310607,0.16147202934987842,0.315291105241855,0.9892787711273632,8.931506336561256,8.931506336561256,12.9267697430137,26.82565650644174,9.345029189299552,0.19370940750798224,0.9234805654256145,0.7297711579176323,0.9934796988223545,1.9283583913463407,5.785991264405505,2.7570295369778197,2.917651371305136,3.0257499053387606,4.496110736322168,1.2465755580346456
2400,11,family_2,not_applicable,347,1.233585,-1.0884107045154214,0.8960504521804226,1.9844611566958439,2.5468915115410034,4.652902861546559,14.092644979279768,22.139012516415445,70.69495443131484,112.98130899666165,327.04933591240155,110.79097574891709,-0.9067704755934424,-0.5937482479877457,0.31302222760569665,0.4016763757391393,0.7346691881000573,2.2183034562302084,87.71931137879432,87.71931137879432,89.02584668402751,114.76728286396524,15.196176790169881,0.8641094169646045,1.3737039101147106,0.5095944931501061,0.6537122574783005,1.195977444431721,3.607317862869098,-186.96405432961822,186.96405432961822,191.83942144092026,250.5415397734659,42.97448088596977,3.1416000000000133,3.1416000000000133,0.0,0.0,0.0,0.0,-0.7093681885883129,7.856401111159446,12.42532193448748,30.55188989001035,12.405056305743825,1.174192337667763,1.3707057051304985,0.1965133674627355,0.25251114933031893,0.47279026433257293,1.4440782927365614,9.589426842673138,9.589426842673138,13.810668661229272,27.619603425135242,9.938685109172148,-1.5433161811243095,0.9234805663828297,2.4667967475071393,3.166656843155723,5.783306210341366,17.5135322797942,3.5519019023463962,3.6717713323934786,4.081889093752741,7.335517245198366,2.0114202568845796
2400,12,family_2,not_applicable,334,1.18737,-0.902851047668227,0.8960504544833162,1.7989015021515433,2.4567081799489188,4.658787595377598,14.511753340229369,21.889723904341093,71.14634741651425,113.70826245477512,328.69556421799956,111.58140050149818,-0.9067704818570047,-0.5399996375646782,0.36677084429232654,0.5008233304866123,0.9507480598431519,2.9530291627949583,85.41654875850249,85.41654875850249,87.34521019313082,117.52759842122279,18.253737750624477,0.8641094189462407,1.454710388473835,0.5906009695275943,0.8062961803836721,1.5323313430456194,4.750513739929802,-189.7570993594369,189.7570993594369,194.59913512841726,279.2039310659819,43.14008154165691,3.1414999751678567,3.141703977404188,0.00020400223633121328,0.0011205491864339373,0.004476422738659064,0.08917993944384747,-1.1124218878614582,8.416463262699466,12.875940691448678,31.239012453764015,12.827796624249645,1.146893266494462,1.3707057281658652,0.22381246167140323,0.3059867744310222,0.5880239862821811,1.8344322786580776,9.160263039150246,9.161806098872468,13.384755219544541,27.890963442445297,9.759162532753654,-1.3602020952228306,0.9234805664616234,2.283682661684454,3.1197273240739958,5.913931128970043,18.426050768344,3.470998155530379,3.6148794323065774,4.029498197537836,7.383506599003152,2.0467113934957664
2400,13,family_2,not_applicable,336,1.19448,-0.9648805341445262,0.8960504760826894,1.8609310102272156,2.5058929904402127,4.680575630237964,14.669641598000586,22.00422314063195,71.11563766837968,112.48157558850866,322.62309443301797,110.30829076207584,-0.9067704819843684,-0.4834578119640128,0.4233126700203556,0.5699637117271495,1.0661701228197662,3.3304285911369207,83.26113097394807,83.26113097394807,85.78535297438692,120.10091300368289,20.65698075419596,0.864109416701256,1.5377025756746778,0.6735931589734219,0.9067189389487563,1.6961790964614378,5.294443203345337,-188.65283774563483,188.65283774563483,194.19274231220564,292.0285892234459,46.05353381939195,3.1414886956771872,3.1416055735511645,0.00011687787397729466,0.000784740985934502,0.004162744803524535,0.05126640251958952,-1.5842964018920784,8.867000803989324,12.876565496443598,30.81301949415392,12.778730136251944,1.120489019933246,1.3707057146500803,0.2502166947168343,0.3372787550381244,0.6421574463879506,2.0033878683638084,9.302608604973873,9.329862704201407,13.721924547344075,28.389422008314103,10.087253661213738,-0.2346131830017042,0.9234805664554661,1.1580937494571701,1.5600466274229932,2.916551248508196,9.135816496635236,3.044490260549173,3.1607680637385465,3.3211886172049088,5.122946591009097,1.327167240581488
2400,14,family_2,not_applicable,342,1.21581,-1.0297002041716994,0.8960504453800677,1.9257506495517671,2.5249505801643313,4.6612086567004685,14.293549517777427,21.544901027124506,70.67150461864837,112.64987907466507,329.03554388045666,110.57039610704155,-0.9067704757636829,-0.5600688070621246,0.3467016687015583,0.4545235300258368,0.8398510167750229,2.567661108410662,87.02788274750841,87.02788274750841,88.61997442849594,115.14818530148243,16.72266402799515,0.8641094255055178,1.4247041328567291,0.5605947073512113,0.7347664390841417,1.3581859878948292,4.148217343328935,-187.57502941767146,187.57502941767146,192.62763479285243,267.74765362565796,43.82937399562331,3.141506658452026,3.1416770481778653,0.0001703897258393816,0.0009818343953617887,0.004405565559432023,0.08535311466413713,-1.1442571857514832,8.270584516934223,12.653513639976953,30.989865335810304,12.601669846886915,1.1567975407130904,1.3707057011366155,0.21390816042352512,0.28072872183032643,0.5295964830922474,1.6190712536709664,9.49147221933198,9.49147221933198,13.711469600702047,27.741372161828007,9.895269259632382,-2.1155376065034712,0.923480566399422,3.0390181729028933,3.9855321124297265,7.356538724736759,22.548170435173937,3.7636641549989247,3.87965686210446,4.414196007283413,8.407506526963937,2.3065035267896428
2400,15,family_2,not_applicable,323,1.148265,-0.7274601216265794,0.8960504820087153,1.6235106036352946,2.353247905360081,4.655392159571817,14.855401777363188,22.18767118722819,71.82425259934155,114.35708729193398,324.22693402253975,112.1840035886688,-0.906770469474107,-0.4881489694165982,0.4186215000575088,0.6067166004635517,1.2034200552645555,3.8228048475422303,83.05734700300977,83.05734700300977,86.00100823704854,122.66085483179099,22.308082091710975,0.8641094251276928,1.530906324929815,0.6667968998021221,0.9661480895775346,1.9172778874050604,6.084296161091714,-193.86703228362316,193.86703228362316,199.13576586726617,305.42422785428334,45.50414311997609,3.141522967142559,3.141677032900837,0.0001540657582781435,0.0010046708435078376,0.0038388219717883673,0.0910311633127072,-1.1593278156715998,8.59929352516332,13.121706217864343,31.229740720524685,13.070391466354398,1.1225869781468578,1.370705785461978,0.24811880731512015,0.35994619773764014,0.7261072089177969,2.3115428250443135,8.731677372367795,8.782198397377476,12.983659337510796,28.26367845707503,9.609017642683956,0.9234595223615307,2.0822310805873934,1.1587715582258626,1.680756598667366,3.3249316441725147,10.630419226906014,-2.9819382271018,3.194286153482466,3.425374338182402,6.1335237739757895,1.685595967729961
2400,16,family_2,not_applicable,333,1.183815,-0.9002733266955377,0.8960504693642035,1.7963237960597414,2.4329314710398977,4.757099034711247,14.53135382840992,21.79991472505565,59.68190396064449,94.67117778313624,275.76866379636186,92.12706236946063,-0.9067704774307841,-0.13701965837865465,0.7697508190521294,1.0424901970001985,2.0394180005419145,6.224639071037851,72.63124784097263,77.98194324644186,83.17559936862736,136.67861140552006,40.532482867369644,0.8641095226967235,1.986813262106864,1.1227037394101405,1.5203398691709729,2.9746225739278707,9.072536408640408,-197.70417409419386,197.70417409419386,209.1942917192872,448.17967994945843,68.37624758398873,3.14149509908158,3.1416997133677818,0.0002046142862015543,0.0010677322289191801,0.004482625927145459,0.08062249298582115,-2.0335805584764666,7.962523575868873,11.617941514692077,26.24491204375882,11.438580119533727,1.0176981198995283,1.3707057339949797,0.35300761409545145,0.47814450046431,0.9410857803098883,2.8581779218140477,8.515665091108563,9.174666062435383,12.790169862673121,27.132113572511052,9.54315949631498,-1.726049319069675,0.9234805664644452,2.64952988553412,3.589626565025787,7.020353879145719,21.465381681605322,3.489775535210259,3.597348176429894,4.076950821351847,8.327959453695602,2.107841244868656
2400,17,family_2,not_applicable,333,1.183815,-0.8108935014275606,0.8960504522608717,1.706943953688432,2.369066207589823,4.614941463307086,14.11044497408257,22.234603991242363,72.39979250423826,116.48070593695476,327.86974545886727,114.33887021010815,-0.9067704989922943,-0.6739590009250448,0.23281149806724954,0.32305845393495985,0.630282013523546,1.920655830146517,90.26740981715271,90.26740981715271,91.26087775179019,113.78374225786915,13.429167246311035,0.8641094190173555,1.248905034004804,0.3847956149874485,0.5338297536154468,1.0418683532471604,3.1716747400488368,-188.5676072882467,188.5676072882467,192.70092278598474,236.49969672277544,39.697646330174585,3.141496016123879,3.1416429643330965,0.00014694820921734575,0.0008844520343023755,0.004476530433790202,0.07196040319132012,-0.6381594150216867,8.191646793249145,12.890891903421476,31.124296712231832,12.875086276476619,1.218696731944781,1.3707057460776861,0.15200901413290513,0.2112755183862611,0.4177405968170977,1.2940042821961146,8.83876442141381,8.83876442141381,12.908241918364531,27.286855810796688,9.40738820958148,0.9234594335333722,1.9888204897011381,1.0653610561677658,1.4793617412900437,2.883467626898136,8.820984881862419,-2.7639154007124813,2.9578706630578595,3.149744482570426,5.4642857185835885,1.5105171178067471
2400,18,family_2,not_applicable,307,1.091385,-0.707972515075182,0.8960504173400167,1.6040229324151987,2.4029756465789442,4.705025775191289,15.715191089439598,21.63680254620497,68.223269806087,108.0536470288609,308.1057642263136,105.86519452499105,-0.9067704472530995,-0.24463431816161402,0.6621361290914856,0.9918162196248812,1.944072861497735,6.4800853670416,75.84053270295811,79.4691596965456,84.89825497467612,140.9602157215624,38.15661537763354,0.86410941716883,1.8590044469258276,0.9948950297569975,1.4899819708416604,2.920723901299887,9.728782737826183,-197.30039386079127,197.30039386079127,208.55541578385788,428.3332883826381,67.58635983062312,3.14149494668188,3.1417028966385194,0.00020794995663964144,0.0011142837211192405,0.004421293338942095,0.0737500335927796,-2.002694268011414,8.920465199538654,12.915631203182526,30.245780322265627,12.759417896028657,1.0379812315026045,1.3707057931598619,0.3327245616572574,0.4985628851504404,0.9794786596716882,3.259977954212904,8.59657272198456,9.21675605531428,13.192331390213718,28.931232760653096,10.006824918266991,-2.4209778065005003,0.9234805646008588,3.344458371101359,5.011549184648511,9.811326983337185,32.78774761594367,3.8087361663376926,3.9134100229896176,4.654507510868721,10.71499880289505,2.675438091970096
2400,19,family_2,not_applicable,321,1.141155,-0.8982699035293398,0.8960504570733291,1.794320360602669,2.512179105003404,4.650827781109921,15.201498191083454,22.418658001428167,75.4103955912843,121.22917727526986,339.15990249315996,119.13822726670817,-0.9067704819498605,-0.5735758205004724,0.33319466144938814,0.46641573182509616,0.865313504974687,2.8154834303356546,87.88140572320921,87.88140572320921,89.5881720927327,119.92480903677178,17.40399686939122,0.8641094215614674,1.404311233497942,0.5402018119364745,0.7560400453458035,1.4052824617903557,4.560034213200504,-188.0615358025119,188.0615358025119,193.47802612004787,265.13881422101394,45.45993118022137,3.1414943532337785,3.141704715542429,0.00021036230865068006,0.0014809514811775408,0.005381545878654004,0.09532287800392188,0.29521044508141275,9.077905360833977,14.331439089495166,36.11482165013735,14.328398276465688,1.1636893351143607,1.3707056392854913,0.2070163041711306,0.2901723153022737,0.5512836830082631,1.8092224456139059,9.550517994432457,9.550517994432457,13.782410630645543,27.93717683987608,9.936923509303728,-2.7353356713817676,0.9234805663687544,3.6588162377505222,5.123239992413674,9.482572761756744,30.96578364500606,3.7040268506271175,3.8127310973616715,4.520821194901773,9.59130589541298,2.591912299076967
2500,0,family_2,not_applicable,249,0.885195,0.896057527284001,0.8960668620932095,9.33480920850549e-06,0.00010054232861991753,0.00038399746974919746,0.009440359129324788,14.98688454396081,14.98688454396081,15.308243275848072,20.30977151253956,3.120192920083037,-1.1148057433928693,-0.9067700351650017,0.20803570822786766,0.5105804977091885,1.571600126713139,6.898776619034214,87.14337006341745,104.51354800200136,113.66466063142236,244.07421579096388,72.97731243644627,0.8641093411779387,1.0473058389395584,0.18319649776161973,0.4738579179528976,1.5258410701731435,7.099115326470534,-104.17245999874181,143.94035213966998,161.10296520984852,366.7459128440403,122.89126892182456,3.141600000000006,3.1416000000000146,8.43769498715119e-15,3.1971125334800956e-13,4.9967843583692e-13,3.8714574660051476e-11,-0.01819093733852989,0.30468645699134417,0.35401021542147587,0.7552348309836123,0.3535425326909131,0.9795194303426071,1.3707066223945468,0.39118719205193964,0.945289249387884,2.829932968473774,12.296512996584996,-2.8196191722180357,3.154699051756769,3.902549520740608,11.703577274370817,2.698080889353251,0.9156394210557122,0.9234703044068412,0.007830883351129025,0.018931518465306843,0.05682182769792949,0.24724030548023526,-2.186160350396806,2.186160350396806,2.1896020673759518,2.4315289280119057,0.12271974498815653
2500,1,family_2,not_applicable,249,0.885195,0.8960571495868629,0.8960668409285617,9.691341698814249e-06,9.790163800575251e-05,0.000373565889442654,0.009067477639736322,14.893005903531911,14.893005903531911,15.163124861692934,19.779366828787257,2.849338647590703,-1.1148057383520298,-0.9067700351838683,0.20803570316816145,0.5105769530686738,1.5719510639556804,6.898140678581489,86.60599023192205,103.87782181831571,113.23147635149142,244.23754401882914,72.9436062495308,0.8641093541424686,1.0473058389416863,0.18319648479921768,0.4737857367176819,1.5257713881132557,7.096924244007066,-103.64195213997662,142.81696261705224,160.10151128388873,364.6972266319488,122.02802822302726,3.141600000000006,3.1416000000000146,8.43769498715119e-15,3.1971125334800956e-13,4.9967843583692e-13,3.8714574660051476e-11,0.07194903453558735,0.2597342122413012,0.3124062086446109,0.870914833963047,0.30400818349034125,0.9795196024345779,1.3707065856241423,0.39118698318956435,0.9453016035562414,2.829693880902217,12.296999090364075,-2.976811885615551,3.2821543374949975,4.018720634120974,11.991933478654042,2.6997604584050903,0.9156394332709782,0.9234701063335208,0.007830673062542592,0.01892808934123715,0.05676413827586682,0.2469926018813409,-2.010028672342763,2.010028672342763,2.0159162171139386,2.31567155342083,0.15395756162969618
2500,2,family_2,not_applicable,249,0.885195,0.8960494336168309,0.8960668409255214,1.74073086904869e-05,0.00011042566358696027,0.0004062515379264367,0.00953446191351746,12.776095980757743,12.776095980757743,13.11156203592797,17.654083284199057,2.9469357835645895,-1.1148057431477334,-0.9067700372438277,0.20803570590390574,0.5105801395577186,1.5718901667705425,6.900652064595859,89.32813389726586,106.27385717645727,115.78969889917468,251.2699566296562,73.67318959834493,0.8641093352749555,1.047305811917542,0.18319647664258654,0.47386086216530404,1.5265764127093728,7.103070998131574,-107.96382068910819,146.4062020722541,163.5417836954565,377.115747911307,122.84025576537024,3.141600000000006,3.1416000000000146,8.43769498715119e-15,3.1971125334800956e-13,4.9967843583692e-13,3.8714574660051476e-11,0.23480321286698158,0.25990746228364847,0.3545935916335244,0.6861288888815663,0.2657142571540067,0.9795194310235934,1.3707063952439678,0.39118696422037436,0.9452445505416028,2.8291276984402467,12.294451001017148,-2.9275422478484785,3.252353301144032,3.9440245823236912,11.229418052565862,2.642882194316622,0.9156494354354477,0.9234708997606059,0.007821464325158178,0.018920976488242192,0.0565946681887862,0.2467910979706637,1.6285434227042277,1.6285434227042277,1.6360098590162897,2.0521062281974425,0.1561236022044667
2500,3,family_2,not_applicable,249,0.885195,0.8960496034119078,0.8960687913056368,1.9187893729011307e-05,0.00013266032042252583,0.00045808823905579534,0.0114801714153689,12.977144039752538,12.977144039752538,13.411194134514483,18.47458314733751,3.384355283529024,-1.1148057431589957,-0.9067700365716558,0.20803570658733994,0.5106017594705611,1.571681937824642,6.902698589037431,90.02342242701229,106.7850653402772,116.48902213883133,254.18440325237628,73.92885562071712,0.8641093340796212,1.0473058308609349,0.18319649678131367,0.473880288513919,1.5265703343979915,7.105214448330111,-108.12063080200052,146.37007119016425,163.84189733119322,379.7200869329295,123.10197608512526,3.141600000000006,3.1416000000000146,8.43769498715119e-15,3.1971125334800956e-13,4.9967843583692e-13,3.8714574660051476e-11,0.5467821282433913,0.5467821282433913,0.7133852274793171,1.4075691671183481,0.45820059692163706,0.9795194254810062,1.370706348310152,0.3911869228291458,0.9452558718091076,2.829070532297541,12.295749252620777,-3.0065360219335524,3.3399250438637478,4.013994173198522,11.407613270644001,2.659490622522977,0.9156494319796907,0.9234711646765094,0.007821732696818628,0.018927002324777162,0.056762541834057004,0.24704794284252826,1.2776408473784242,1.2776408473784242,1.293426267736956,1.8158174479776283,0.20145812265106977
2500,4,family_2,not_applicable,249,0.885195,0.8960494336169321,0.8960656219848343,1.6188367902181255e-05,0.00010387415573203216,0.0004062516173440781,0.008991829143849892,11.043641974661073,11.043641974661073,11.43237787414137,16.018040434354386,2.9558815593087,-1.114805743160039,-0.9067700363522069,0.20803570680783223,0.5105776273409227,1.5715480532694885,6.901915098092927,89.55740582000992,106.34613864493683,116.13392803980294,253.99052275072168,73.93619076436234,0.8641093421071745,1.0473058319390676,0.18319648983189307,0.4738406087019857,1.5263961461866449,7.103512220863906,-107.99062131400997,145.3841403681948,163.47002644353924,384.1489344934222,122.72112798400087,3.141600000000006,3.1416000000000146,8.43769498715119e-15,3.1971125334800956e-13,4.9967843583692e-13,3.8714574660051476e-11,0.2606664780673144,0.2606664780673144,0.3179022376513151,0.6226902575183901,0.18197477824054503,0.979519429314436,1.3707054431177133,0.3911860138032772,0.9452652426979474,2.8290682093438346,12.29529679172972,-2.9377196621873773,3.2734694256637313,3.956312651387753,11.365576485366159,2.649945845093532,0.9156494352411554,0.9234708853663279,0.007821450125172547,0.018921732644001446,0.05665862027438868,0.24697460506218474,1.6639035713517853,1.6639035713517853,1.6750928925872515,2.1674796667657747,0.19329020678528927
2500,5,family_2,not_applicable,249,0.885195,0.8960494336169321,0.8960656219848343,1.6188367902181255e-05,0.00010387415573203216,0.0004062516173440781,0.008991829143849892,10.295553791455754,10.295553791455754,10.595328682801558,14.690421725621736,2.5025111435992473,-1.1148057431354423,-0.9067700348455974,0.20803570828984497,0.5105618109124072,1.571337761206135,6.9001704454188015,89.05564608452481,106.04682222672571,115.76657194382786,251.72930305773482,73.96614820371094,0.8641093493670993,1.0473058319819455,0.18319648261484622,0.473819315283949,1.5264264268672645,7.101608239111295,-107.8276416680326,145.4180985364486,163.0736893280026,377.7042465064614,122.33653519434111,3.141600000000006,3.1416000000000146,8.43769498715119e-15,3.1971125334800956e-13,4.9967843583692e-13,3.8714574660051476e-11,0.033604265670545065,0.15676949169456758,0.204553074741824,0.5570335034518819,0.2017739173309515,0.979519434395042,1.3707063483094668,0.39118691391442484,0.9452583404186208,2.829071870065693,12.295379867144458,-2.916181076850773,3.2367429954271927,3.9477489346217247,11.545467052431123,2.6609414833521674,0.9156494331201115,0.923470906267258,0.00782147314714654,0.018917587393359726,0.056692847123232484,0.24675171863339845,1.8015406314057496,1.8015406314057496,1.8076764051377412,2.204537388606254,0.1488131011903169
2500,6,family_2,not_applicable,249,0.885195,0.8960494336168309,0.8960668409255214,1.74073086904869e-05,0.00011042566358696027,0.0004062515379264367,0.00953446191351746,8.235607850847003,8.235607850847003,8.691260363253342,12.957719903861602,2.7771874313639295,-1.1148057383400694,-0.9067700354906136,0.20803570284945572,0.5105475135054843,1.5713360008702042,6.89881227963495,89.22296130881205,106.17624214897943,115.82163238601836,250.76767838390094,73.85061749131286,0.8641093404110137,1.0473058334196839,0.18319649300867014,0.4737760920312342,1.52664977280023,7.099599994172618,-107.79220655272812,145.3465497963897,162.64545984318553,372.7772597765243,121.79649343924181,3.141600000000006,3.1416000000000146,8.43769498715119e-15,3.1971125334800956e-13,4.9967843583692e-13,3.8714574660051476e-11,0.3454618974865546,0.3454618974865546,0.383710213241165,0.7066268462954071,0.16700181175834464,0.9795194213128819,1.3707063479169936,0.3911869266041117,0.9452765919666541,2.8294201890874513,12.29651622433759,-2.9087787971841452,3.2261950938570334,3.9319041549056535,11.593963814287468,2.6455389228692705,0.9156494311249146,0.9234709033449598,0.007821472220045256,0.018918603952339727,0.05662123249166112,0.24682329950603998,1.736195072176568,1.736195072176568,1.7434366099368745,2.1512937485909993,0.15873841443703218
2500,7,family_2,not_applicable,249,0.885195,0.8960506697325842,0.8960656219848909,1.4952252306743574e-05,0.00010759273129244463,0.00035086120606781326,0.009487716469209867,8.059680499926131,8.059680499926131,8.549437532246893,12.845297797227614,2.852092627686261,-1.1148057383400392,-0.9067700346047769,0.20803570373526226,0.5105562196530206,1.5713883300322424,6.898814346431094,89.16289356445265,106.02804126233487,115.74156801435264,250.60237549445822,73.79762176137594,0.8641093469199345,1.0473058194157512,0.18319647249581672,0.47375448539638204,1.5262353170814464,7.097520548540864,-108.03661181300811,145.10963379540485,162.57603092518062,374.3015127761649,121.48685665268768,3.141600000000006,3.1416000000000146,8.43769498715119e-15,3.1971125334800956e-13,4.9967843583692e-13,3.8714574660051476e-11,0.45333373123448517,0.4575602348243659,0.6096556664751734,1.1324827563641076,0.40763778013121826,0.9795195385055865,1.3707066215753372,0.3911870830697507,0.9452750357799569,2.829151080583007,12.295762696916428,-3.0338296207858284,3.3327745477022455,4.054796056206907,11.961283278817396,2.690213539753602,0.915649432492474,0.9234708997553694,0.007821467262895454,0.018920264679592225,0.056615613427110065,0.24689487812134836,1.7393964799171053,1.7393964799171053,1.7464160560504876,2.1675109737635667,0.15642546622248826
2500,8,family_2,not_applicable,249,0.885195,0.8960494336201666,0.896068781939625,1.9348319458378782e-05,0.0001273690537040406,0.0004572171649412529,0.01115218750518927,6.048039614756117,6.048039614756117,6.820563682974064,11.236905609062458,3.1529836301264575,-1.1148057431544338,-0.9067700351070938,0.20803570804734006,0.5105561464994537,1.5713536926317777,6.89957679614646,89.06007932302106,106.00321523556775,115.65159089865749,250.4884901550454,73.78070715551341,0.864109353569408,1.0473058334257555,0.18319647985634746,0.4737991635540235,1.5265979663609073,7.099840899753053,-106.81777927182121,144.56023144745936,162.1107733943005,372.76499733916614,121.94205542771013,3.141600000000006,3.1416000000000146,8.43769498715119e-15,3.1971125334800956e-13,4.9967843583692e-13,3.8714574660051476e-11,0.20831506388648488,0.20831506388648488,0.24272513651897232,0.5279638176930261,0.1245806006412053,0.9795194251953669,1.3707054426860057,0.39118601749063875,0.9452828201809774,2.8293987909164526,12.296266052918323,-2.926305933439572,3.238368201372647,3.950527966100907,11.548865382677096,2.653941369899065,0.9156494320576796,0.9234709031970033,0.007821471139323743,0.018921696958992835,0.05661474186012521,0.2469955206036088,1.774657625657173,1.774657625657173,1.78227959191372,2.215763463388516,0.16465374410860315
2500,9,family_2,not_applicable,249,0.885195,0.8960494335623675,0.8960694600520126,2.0026489645053047e-05,0.00013618668172041837,0.00047882392734332894,0.011615776290647174,5.797775583501068,5.797775583501068,6.668212256227414,11.184682862848947,3.294063292874072,-1.1148057383390653,-0.9067700374842773,0.20803570085478795,0.5105761129823172,1.5719567701713024,6.900458439729566,89.21427520174747,106.18464234697119,115.69591468093031,250.00523546460153,73.66381590770311,0.8641093534099432,1.0473058194158227,0.18319646600587947,0.4737893187472013,1.5261825028203713,7.098934917596152,-107.2105170506354,145.04237320292367,162.4821898928433,373.2631153584854,122.09163389073555,3.141600000000006,3.1416000000000146,8.43769498715119e-15,3.1971125334800956e-13,4.9967843583692e-13,3.8714574660051476e-11,0.4776618465322027,0.4776618465322027,0.5899552525373116,1.079125855502891,0.3462460979762943,0.9795194302199042,1.370705443087882,0.39118601286797783,0.9452779768153122,2.8289684118738125,12.295442480215664,-2.9142990672603886,3.228024809912312,3.9597919978989324,11.643265343346425,2.680823308834368,0.9156494346517883,0.9234706321886149,0.00782119753682664,0.018917409533378886,0.05663144929568526,0.24659910067432014,1.6444581260325628,1.6444581260325628,1.651179462861323,2.052097220305729,0.14883242355239368
2500,10,family_2,not_applicable,249,0.885195,0.8960495810854153,0.8960708560900269,2.1275004611576165e-05,0.00014068779404603017,0.0004682621384252726,0.011741664632469643,4.5764644939501995,4.5764644939501995,5.781950314400826,10.344833757530667,3.533683938018926,-1.1148057431479448,-0.906770042679989,0.20803570046795583,0.5105991306111503,1.5722558318967566,6.901111571532076,89.19880231199701,106.23119820901094,115.6197103343855,249.33655987525836,73.56283765538473,0.8641093070968239,1.0473058623049811,0.18319655520815725,0.47379590930091037,1.5258132984617245,7.099332025269593,-106.52728457674449,144.1712726312841,162.0236340673789,375.8471623602072,122.08028357234926,3.141600000000006,3.1416000000000146,8.43769498715119e-15,3.1971125334800956e-13,4.9967843583692e-13,3.8714574660051476e-11,-0.15446228339519122,0.2535474995964855,0.3261415543848371,0.8230848208884004,0.28724504609288093,0.9795194261134547,1.370706621567824,0.3911871954543694,0.9452818149479154,2.829152474355056,12.296189480544832,-2.9113811834802865,3.2245363145770387,3.9572365478829723,11.727620820325892,2.680220270869107,0.9156494353504202,0.9234709059825333,0.007821470632113137,0.018919493720346063,0.05660224928866908,0.24682769219495507,1.832825249094265,1.832825249094265,1.8394220904486696,2.2563687212344115,0.15564457302810103
2500,11,family_2,not_applicable,249,0.885195,0.8960494336633763,0.8960705326812307,2.109901785440904e-05,0.00014647796671508185,0.0004941267374797549,0.012224771148696783,5.333126372148425,5.333126372148425,6.247971488278206,10.957894378860159,3.254982460326377,-1.1148057431346472,-0.9067700397848644,0.20803570334978283,0.5105822879260237,1.5721070687376126,6.900663792325814,88.48632595439668,105.6366093861078,115.02755529127224,247.66786531168927,73.49495625809269,0.8641093528779206,1.047305861212639,0.18319650833471834,0.4737773258355801,1.5266582502962285,7.0997133242487385,-106.39788951531956,144.05108471679577,161.79522435695884,373.9531395525526,121.89004771270086,3.141600000000006,3.1416000000000146,8.43769498715119e-15,3.1971125334800956e-13,4.9967843583692e-13,3.8714574660051476e-11,-0.2508229057413961,0.25903559092558637,0.3393391040291036,0.8301356314929242,0.22855830214349587,0.9795194309319945,1.3707057163820373,0.39118628545004286,0.9452738364261614,2.8291563333906975,12.295337393919548,-2.9295142434046464,3.229290810518824,3.969320143553094,11.706155388629478,2.678329460635054,0.9156494324905843,0.9234709026428439,0.007821470152259646,0.01892683617094688,0.05671424398654161,0.24706990513396307,1.801122055460372,1.801122055460372,1.8056869086904461,2.1690994949231883,0.1283142764865432
2500,12,family_2,not_applicable,249,0.885195,0.896049535058476,0.8960705292425319,2.0994184055989074e-05,0.00014159683311991934,0.0004941271999009173,0.011960875644344922,5.314153449678966,5.314153449678966,6.258483695874208,10.62106738819059,3.305811743700544,-1.114805743147945,-0.9067700368208891,0.20803570632705592,0.510583604833612,1.5723154124074177,6.900389436587396,89.13471167548508,106.19946545400482,115.53997706474215,248.58388679218308,73.51523294290298,0.8641093430720729,1.0473058334197785,0.18319649034770558,0.47374376368552057,1.5258521282295832,7.097209765742246,-107.67779034387385,145.14965694786557,162.51946370557332,374.49546488404275,121.72949334408617,3.141600000000006,3.1416000000000146,8.43769498715119e-15,3.1971125334800956e-13,4.9967843583692e-13,3.8714574660051476e-11,0.48877775441717863,0.48877775441717863,0.6463509220303545,1.1851147331404939,0.422925313969724,0.9795194335961048,1.370706308920575,0.3911868753244703,0.9452842853564004,2.829060840430229,12.296792978350785,-2.9548911074069824,3.2716303540797145,4.004630888026293,11.892790412478279,2.7029034560452567,0.9156494320565196,0.9234706357898171,0.007821203733297533,0.018921836088872383,0.05672416261795242,0.24680629258887646,1.7954955859909667,1.7954955859909667,1.799788527808494,2.14270102535312,0.12423504142560853
2500,13,family_2,not_applicable,249,0.885195,0.8960494336639971,0.8960687913509853,1.9357686988130673e-05,0.00013277335662654244,0.00045808478412294045,0.011528002368877417,5.833587927681582,5.833587927681582,6.606735254215808,11.222573481771548,3.1013227193095734,-1.1148057431346434,-0.9067700350327934,0.20803570810185001,0.510564362275896,1.5719653487049663,6.89942026118026,88.24818733997749,105.40925130623091,114.83071083795909,247.47237834672754,73.47346175837376,0.8641093542598198,1.0473057989954497,0.1831964447356299,0.47374739351490613,1.5260747772425773,7.096410986143468,-107.44417658342135,144.8498003322539,162.2016759135458,372.97337929750876,121.5118619208574,3.141600000000006,3.1416000000000146,8.43769498715119e-15,3.1971125334800956e-13,4.9967843583692e-13,3.8714574660051476e-11,0.29263529072195793,0.32092855234824363,0.4555719288222168,0.8887122806973381,0.3491566538888672,0.9795195053903475,1.3707063088777711,0.39118680348742363,0.9452819614049079,2.8296132591133345,12.296458808526577,-2.990626847700913,3.282227192918659,4.049562110974579,12.11626860758892,2.7304036969743843,0.9156494320576832,0.9234706357830195,0.007821203725336234,0.018919543631209373,0.05672314188090229,0.24674764131060922,1.9024831478130317,1.9024831478130317,1.9073969709542975,2.281950792317934,0.13682498709317042
2500,14,family_2,not_applicable,249,0.885195,0.8960494336410333,0.8960705326814085,2.1099040375172073e-05,0.00014489218428033416,0.000496735948467359,0.01237526622985664,5.761328237612441,5.761328237612441,6.8169291171490345,11.72860516346211,3.643846803410351,-1.114805743147252,-0.9067700364288667,0.20803570671838534,0.5105994590343433,1.572225270950125,6.901214190107526,89.11709267822808,106.22757086643293,115.51806256004868,248.57024045897379,73.5021535072778,0.864109350072187,1.0473058334197791,0.1831964833475921,0.47375853396718925,1.526033461432264,7.097958722478142,-107.25573853800068,144.77184972719138,162.26100223014134,374.2128740496826,121.75729709302013,3.141600000000006,3.1416000000000146,8.43769498715119e-15,3.1971125334800956e-13,4.9967843583692e-13,3.8714574660051476e-11,0.3746670099929937,0.38305860268878417,0.5357583485042059,1.0423795097387556,0.38296427981583886,0.9795194263558604,1.3707066215751103,0.39118719521924983,0.9452729348576222,2.8291509238556176,12.295863702208193,-2.9393009025474175,3.257800528699216,3.9942617492046284,11.795597364323829,2.7045585823648106,0.9156494353547343,0.9234707621725132,0.007821326817778917,0.018923631799739066,0.05675635788715659,0.24696853496301682,1.8836257597278927,1.8836257597278927,1.887569182766818,2.22724231011005,0.12194841950805527
2500,15,family_2,not_applicable,249,0.885195,0.8960494336444506,0.8960701347953124,2.0701150861834883e-05,0.00014175802875308977,0.0004958658472111162,0.012262750589142264,5.505523574692138,5.505523574692138,6.558608594773992,11.441825255588128,3.564345222891911,-1.114805743147949,-0.9067700439181581,0.20803569922979093,0.5105977663452892,1.5723132749215114,6.901171968791717,88.63185428948066,105.76243197830655,115.11861179013057,248.31674753823884,73.46216159149593,0.8641093453913041,1.0473058268035333,0.18319648141222922,0.47375124437210714,1.5260806509304863,7.097671868955029,-106.41533062496032,143.83553180702643,161.62501683937185,374.30172480219665,121.64877096094156,3.141600000000006,3.1416000000000146,8.43769498715119e-15,3.1971125334800956e-13,4.9967843583692e-13,3.8714574660051476e-11,0.1485770265263788,0.225443141020685,0.2983292315198083,0.6156427890758527,0.2586990482544903,0.9795194297243387,1.3707066218256014,0.39118719210126274,0.9452504816203612,2.8290867412257867,12.29472809668613,-2.9116324230909583,3.246563376755988,3.962512548125014,11.528542987694006,2.68773181825376,0.9156394293928118,0.923470144652844,0.007830715260032206,0.018930691203095984,0.05676695934320342,0.2472153648596428,-2.118321915608729,2.118321915608729,2.1222314440899765,2.3824575119809603,0.1287577731090132
2500,16,family_2,not_applicable,249,0.885195,0.8960494336600623,0.8960705317551261,2.1098095063787348e-05,0.00014737615168246708,0.0004960613483666213,0.01236268166013078,4.813940459026,4.813940459026,6.019593105176531,10.929513359576832,3.614066741060738,-1.1148057431592022,-0.9067699662316273,0.2080357769275749,0.5105872365513565,1.5719480302787452,6.901045106028173,88.5072230274926,105.58010250767514,115.07027900752307,248.77976697329655,73.53666148820521,0.8641093314435034,1.0473058278881098,0.18319649644460634,0.47374875374274056,1.525898430635031,7.0969665650252285,-107.31600073522452,144.54949183195964,162.1119047092254,373.37630163149504,121.50533171285228,3.141600000000006,3.1416000000000146,8.43769498715119e-15,3.1971125334800956e-13,4.9967843583692e-13,3.8714574660051476e-11,0.5444985260571713,0.5444985260571713,0.6875715664363872,1.3079872642576797,0.41985237178483953,0.9795194235965748,1.3707054428936207,0.3911860192970459,0.9452747632838421,2.828940709526005,12.295930009379353,-3.0258043006962643,3.368269258900999,4.060895038533208,11.714901120250223,2.708390084140692,0.9156494320566416,0.9234706355377419,0.00782120348110027,0.018922992208343037,0.05665483600324251,0.246832828813687,1.6770008518734698,1.6770008518734698,1.6818798988094044,2.04082365779203,0.12801615849098383
2500,17,family_2,not_applicable,249,0.885195,0.8960494335622854,0.8960687913104038,1.93577481184537e-05,0.00013280357083697095,0.0004580884997474043,0.011534620031711488,6.478733626934273,6.478733626934273,7.247179818430951,11.979096024896949,3.247710872584559,-1.1148057431503777,-0.9067700387654027,0.20803570438497498,0.5105898058188634,1.5722370601253868,6.900805281746593,89.27095597840388,106.26474443398976,115.54207794914691,248.67306350371965,73.35303807960936,0.8641093423633563,1.047305826786742,0.18319648442338554,0.4737038452592637,1.525597599333202,7.098023448489013,-107.66325770181551,144.7418815714003,162.2648350370374,376.68112708038467,121.4022225110785,3.141600000000006,3.1416000000000146,8.43769498715119e-15,3.1971125334800956e-13,4.9967843583692e-13,3.8714574660051476e-11,-0.14267145203429077,0.19519351609110486,0.26288957006876107,0.7026399987230566,0.22080711679057152,0.979519430723786,1.3707063482808854,0.39118691755709945,0.9452716372164659,2.828970049890836,12.29588437798784,-2.8331623542510025,3.176338703933277,3.8859346863418947,11.418844740989508,2.6596389719226923,0.9156432764653325,0.9234701184202946,0.007826841954962083,0.01893333225528942,0.05674779488237408,0.2472627337869787,-1.9296081542162575,1.9296081542162575,1.934634677189754,2.2223201123841094,0.13936895410109282
2500,18,family_2,not_applicable,249,0.885195,0.8960495810934846,0.8960694660561626,1.9884962677907403e-05,0.00013762367407628586,0.00048706601208892657,0.011815717945950927,6.044366617752475,6.044366617752475,7.0902708491781405,12.026256446826206,3.706423195603117,-1.11480574313565,-0.9067700392948139,0.20803570384083603,0.5105600252456577,1.5719577468656176,6.899510245905524,89.0048672070001,105.89087365699973,115.32356422319964,248.35723095766792,73.3325171980802,0.8641093379452122,1.0473058194085587,0.18319648146334655,0.47369603522360293,1.5258020536963774,7.09570545409481,-107.18743778948921,144.2293145347945,161.7647038741724,373.4488787853124,121.15557188847346,3.141600000000006,3.1416000000000146,8.43769498715119e-15,3.1971125334800956e-13,4.9967843583692e-13,3.8714574660051476e-11,0.4328979455008583,0.46793031626346177,0.6563489993128316,1.2535685132674874,0.49334914379178907,0.9795194311423042,1.3707066215750139,0.39118719043270966,0.945270646622062,2.8291516303690716,12.29589981743386,-3.0145377821084507,3.336624241325582,4.016270546407948,11.598158221841878,2.6538634219161805,0.9156494320270028,0.9234709031970109,0.007821471170008087,0.018921543931289253,0.0566147492838165,0.24700425454287864,1.8419465069541405,1.8419465069541405,1.8489305689044853,2.2809078022973694,0.16055315054181815
2500,19,family_2,not_applicable,249,0.885195,0.8960496800177594,0.8960701322312851,2.0452213525645746e-05,0.00013992297110068582,0.0004941280685138033,0.011770717798817264,5.93013576753744,5.93013576753744,6.708225622274606,11.067210460130136,3.135885963793112,-1.1148057431346532,-0.9067700363455371,0.2080357067891161,0.5106052031608775,1.57186220148554,6.901911010269479,89.61615211788927,106.57063554498498,116.08055901655906,251.39165963534197,73.78103727368017,0.864109335257676,1.047305819669259,0.1831964844115831,0.4737683137668592,1.5262000703173988,7.101082224279482,-107.23382426296824,144.23869512345468,162.27434676392556,378.71570839339313,121.79437816088884,3.141600000000006,3.1416000000000146,8.43769498715119e-15,3.1971125334800956e-13,4.9967843583692e-13,3.8714574660051476e-11,0.2933579022191914,0.2933579022191914,0.33057908704367445,0.6891903941217534,0.15239315600178585,0.9795194311416312,1.3707063481071255,0.39118691696549435,0.9452662231254637,2.82904617548015,12.295989618404347,-2.99147671950773,3.332999280824277,4.000329032619747,11.350063280487076,2.6558801565326147,0.915649434651792,0.9234706305890924,0.007821195937300351,0.01891868372427366,0.05662884019615718,0.24668818328186043,1.64269979182759,1.64269979182759,1.6498705301188605,2.0650531421019096,0.15365597965677125
3000,0,family_3,not_applicable,388,1.37934,-1.0911049624954263,0.896060573548591,1.9871655360440172,2.395422141104067,4.6107556683995385,12.984502145999722,-29.016993902598703,69.62339972335442,111.43086213030982,338.2813030164633,107.58648195735682,-1.1148014217770459,-0.7279423257081444,0.38685909606890145,0.6826092233970636,1.8884890437071156,8.760712976003468,112.44319818696202,127.30055068676864,146.32110295292438,387.5408031993432,93.62901447119839,0.9015396329600294,1.3320049397354934,0.430465306775464,0.6041967703327252,1.488327074028977,7.602556108781993,-81.28483407567515,118.21951239830855,175.59001142115508,632.17393289154,155.64262867277503,3.141600000000006,3.1416000000000146,8.43769498715119e-15,3.190042507091999e-13,4.9967843583692e-13,3.897414101582311e-11,0.33514672404460744,7.125785097450114,11.389855337151461,30.329498728006087,11.384923419795136,0.8440894321405804,1.347971038802621,0.5038816066620405,1.0842115915953856,2.8780052956265108,13.960981346119492,3.673919782609872,7.121725098098707,9.110490809623174,17.877253705101353,8.336867290725944,0.9156494779055601,3.091251569577387,2.1756020916718266,2.6233513063207705,5.0485198109999905,14.215463004965613,2.958626971804016,3.448654587224456,3.8058586934359515,6.917791352775212,2.3939688461038515
3000,1,family_3,not_applicable,380,1.3509,-0.923550575489133,0.8960602560166698,1.8196108315058028,2.3288051673473062,4.736284696112735,13.918600928455174,-27.821046572119098,61.08406504877081,100.14469492350743,292.39749145295553,96.20264699557052,-1.1148016977873771,-0.3067839228984071,0.8080177748889701,1.175843171675321,2.9869681507512786,14.122988243751372,96.66587515818416,121.90866859468439,146.74371294237773,387.0419484817852,110.4057329490517,0.9361051786039598,1.9577058388477364,1.0216006602437766,1.2906566294384485,2.4931073977117477,10.179441922383702,-55.561507360244306,125.37349211907662,173.82914865006128,629.4102776023182,164.7103269994405,3.141600000000006,3.1416000000000146,8.43769498715119e-15,3.195778792456028e-13,4.9967843583692e-13,3.919358424704523e-11,-0.5789653678707772,6.43999385105194,10.240451468088017,28.243553276364224,10.224071858759224,0.5507769321146153,1.3258327543216906,0.7750558222070753,1.3294885950987791,3.988194274785596,17.3407872088312,2.396479318749891,7.186614901662231,9.203194937318372,21.699580202567798,8.885701093840968,0.9156489433121017,1.3752979562806282,0.45964901296852656,0.5856999234023726,1.1960797580880023,3.571258558393885,1.8338554189928689,2.295592799496514,2.4391530215924075,3.9979594708560344,1.6082418241588734
3000,2,family_3,not_applicable,370,1.31535,-0.7862605642650781,0.8960605564570984,1.6823211207221764,2.2479210662066045,4.667191797004835,13.95434568641417,-27.223680998518365,65.30204789773057,108.54910470889126,322.14430813894313,105.0798711742299,-1.1148014673038156,-0.48824620774592475,0.6265552595578908,0.9702661304252239,2.4912505481417075,11.943765931696582,103.23403975953205,124.89463278916988,147.437585194584,385.885930721109,105.26430811503758,0.9264527866042352,1.7045056169407864,0.7780528303365511,1.0369328492095624,1.9630687567789515,9.46568713058569,-69.83368867862707,129.38930949507292,179.78896428123625,630.8278695407355,165.67235014587146,3.1416000000000044,3.1416000000000097,5.329070518200751e-15,3.3519448482663604e-13,4.9967843583692e-13,5.555984370305806e-11,-0.165473296918376,7.258841049068482,11.594213098418184,30.826830502422702,11.593032215927753,0.6683893179954226,1.330436373615973,0.6620470556205504,1.2345966548320142,3.469546101756625,16.047603211486425,2.597764315923061,6.897546737910502,8.763046728796555,17.455774909436432,8.36914622467482,-1.0095038775130796,0.9174603251142223,1.926964202627302,2.5708028564139926,5.338800568264592,15.903850789033047,-2.518322957864229,2.9533889820080566,3.377973468013457,6.221409768915282,2.2513894000143155
3000,3,family_3,not_applicable,391,1.390005,-0.8662606718793675,0.896060505968734,1.7623211778481016,2.145388364627813,4.458213234498525,12.824234901049639,-25.312845176062005,50.7283476048637,84.48810750966138,278.3943812565097,80.60707276447157,-1.1148014785300107,-0.07448677377240673,1.040314704757604,1.4435495115454529,3.592119095561085,16.691430135988828,85.16188545162076,114.76711576985974,142.2405818490461,385.1607572851074,113.92908492163096,0.9457522039414638,2.2503056639974903,1.3045534600560265,1.5584012418784263,3.1253747404860492,11.086428056226007,-53.75423754828005,113.28327175947835,164.61947430671,629.2406868565218,155.59580092862606,3.1415932149613766,3.1416933554504234,0.00010014048904682937,0.0006977286022905143,0.004405844217416348,0.0589699435343989,-0.7746410079517894,6.428384957481697,9.797231855931377,25.647668018348444,9.766559442694035,0.418647136493636,1.3224384467573114,0.9037913102636754,1.4626228608628753,4.631173467249966,18.71546422904247,1.3513539876371954,6.960562418144757,8.975183258518179,26.71380532991012,8.87286633079086,0.9036391720708128,0.9224669011824536,0.018827729111640767,0.029658433353291103,0.09281203184662162,0.372683899459795,-0.42399323941721806,1.1878819960031075,1.2455156528395894,1.8360210925587226,1.171127223830495
3000,4,family_3,not_applicable,367,1.304685,-0.6918905424341032,0.8960606371267573,1.5879511795608605,2.1757923275371867,4.692939233876526,14.02354737164,-24.386269412707755,59.91303795768189,99.19956269023672,287.1853819131807,96.15541119492465,-1.1148014802861257,-0.2871001400981866,0.8277013401879392,1.2577509737190944,3.0436654038343636,15.031414086363283,94.10582479427754,121.28548735764252,147.22362472966554,385.874739856176,113.22053443757508,0.9417211806447372,1.9878056194231015,1.0460844387783643,1.409333334050143,2.91889012817123,11.242533051348865,-62.953312890631764,126.9691263021603,176.5388504485257,628.1387809081517,164.93285334881324,3.1416000000000133,3.1416000000000133,0.0,0.0,0.0,0.0,-0.1925288983027552,7.187985604774829,11.244980957419099,30.138131163397684,11.243332662339778,0.5369897580823241,1.3212719402867756,0.7842821822044516,1.3740275097228696,4.052972848896586,17.82697879877096,2.0697629239720983,6.952130210683284,9.1385413749143,23.010081182316267,8.901068469547406,0.3131703411832282,0.9180163763329985,0.6048460351497703,0.8225093914687814,1.7799318557493413,5.248667978223077,-2.131625272687546,2.5825192798216188,2.699418873279597,3.9478062637896043,1.6562113241545704
3000,5,family_3,not_applicable,392,1.39356,-1.1713056451163948,0.8960611907772865,2.067366835893681,2.461815456602276,4.6799015011092475,13.479262776396022,-23.83053025657752,61.6253819296105,107.22395556045319,330.80537046428515,104.54225209799331,-1.1148014782970168,-0.5498772739644316,0.5649242043325852,0.8445005171188696,2.3092329264600653,10.441053304828603,107.09451719014986,125.77659007901269,146.2686403624004,385.54271590458313,99.62569719341448,0.9188829466777331,1.6061076552963405,0.6872247086186074,0.8377865560270329,1.4283138234579895,8.256356469869456,-71.54184726000074,119.33021507242621,174.04816412825366,629.7787610934633,158.66482763058187,3.1416000000000133,3.1416000000000133,0.0,0.0,0.0,0.0,-0.1110965304758071,7.177971369448215,11.384593488383999,30.598422037300338,11.384051407854392,0.7145897365361369,1.3365959394770544,0.6220062029409175,1.1537906418325676,3.2739438883003023,15.05109980272264,3.4987591347265057,7.421411774178188,9.321245803913268,18.13915370916406,8.639693736130845,-1.5670051276182986,0.9172731976287309,2.4842783252470295,2.955131028829649,5.618718014105538,16.145893968625586,-3.116906727881963,3.5555411631712674,3.862285343630064,6.457323808000113,2.280820143129167
3000,6,family_3,not_applicable,379,1.347345,-0.8966361590286963,0.8960599862464655,1.792696145275162,2.307812850926209,4.748584172379961,13.893148584994368,-22.16236547937932,55.67633890912251,95.78142922930286,283.74457511283845,93.18214282557773,-1.1148014793888301,-0.24728244000249217,0.8675190393863379,1.2594163616442775,3.1416315843459377,14.951294378856925,93.44311022979711,120.31780715143151,146.21658653705992,386.6457403950307,112.46188389464012,0.9391475261377412,2.03740592967126,1.098258403533519,1.3920406545448683,2.7420043535204885,10.625336863071926,-58.341578024374215,121.77109195875778,171.47509553816985,628.5451521694397,161.24505779542622,3.141600000000009,3.141600000000009,0.0,0.0,0.0,0.0,-0.3410719684968134,7.048375294296766,10.960578533592079,29.053867025447897,10.95527049886698,0.5142704773116681,1.3242288337087942,0.8099583563971261,1.371958938419313,4.154676053944255,17.807679403949333,2.2993881472002577,7.326770715923091,9.399864360665063,22.615298019199944,9.114289009429983,-2.0028048087793504,0.9171250455469745,2.919929854326325,3.7540760069754517,7.727174817560807,22.522424228620682,-3.0048936658169785,3.4279786264307908,3.990940370840556,7.349748705226982,2.626446097055479
3000,7,family_3,not_applicable,391,1.390005,-0.9175304119145256,0.896058524660275,1.8135889365748006,2.2090031568808355,4.645827616256387,13.217983829133807,-20.323332454024804,48.21275643939652,85.53681930143236,275.3243834871554,83.0873613383472,-1.1148014782603448,-0.11639363876169032,0.9984078394986545,1.3866646403055725,3.4818571705400854,16.22566711219992,87.62501531537907,116.27280607315443,143.33682570759433,387.19799119592244,113.43413196612761,0.9434345241868883,2.200704176964382,1.2572696527774934,1.5054732992098119,3.0449877144628283,10.815205146476004,-57.33572255094917,112.7613244501918,163.7637395526485,623.0908538427374,153.3987526410442,3.14149354860168,3.141605609540782,0.00011206093910187676,0.000693952452036367,0.004007950030556766,0.04440322858421019,-0.16983962702330688,5.990646147746376,9.616667997801903,28.019615944530322,9.615168115069016,0.4405992949002592,1.3235147609033644,0.8829154660031052,1.4339749245564037,4.513804033895897,18.408336019989147,1.6322489845498411,7.045372073625173,9.071452507784274,25.842018016412133,8.92339699068811,0.1816793364528462,0.9179816392468304,0.7363023027939842,0.8899182080090067,1.8654132403464618,5.262989839897299,-2.4336342350628852,2.8998951556388417,2.982465712006869,3.928205758934997,1.7241015437689637
3000,8,family_3,not_applicable,381,1.354455,-0.7656205960800729,0.8960578186451694,1.6616784147252424,2.2129585582235425,4.7053174636343655,14.322766468212054,-21.072655491812284,55.65641778434889,102.14445767873502,313.7840383203355,99.9471531610895,-1.1148014774289516,-0.3116707143386558,0.8031307630902959,1.1768653958872657,2.9130795874380273,13.484196138899646,95.68220130091903,119.39366371753833,144.12973050329163,385.3108910774649,107.78819772666155,0.922608861006488,1.9409056032609762,1.0182967422544882,1.3172935140319826,2.663610098625939,11.065460544656514,-64.07437450072986,125.34321476005051,173.99084016141543,633.2795799489517,161.76305818206896,3.141494716351699,3.1417045863948525,0.00020987004315342617,0.0009791602208653006,0.004075979037019849,0.06492768917277424,-0.2750985152340829,7.7229155600956885,12.419886557535268,32.87295549893413,12.416839489538441,0.5585396039251611,1.3318679484486706,0.7733283445235095,1.3077140583081266,3.8197417282737987,16.92654257631385,1.9977650553774715,7.138082465673356,9.007176036319722,18.805409877933013,8.78283296737248,-2.9967043699389477,0.9185163784015778,3.9152207483405257,5.208126563017363,11.074237854998826,33.66102352605035,-2.9935999832944575,3.561204198840534,4.49353454095828,9.572513726958672,3.351150818868732
3000,9,family_3,not_applicable,379,1.347345,-0.94537053078638,0.8960571077741221,1.8414276385605022,2.347034170711463,4.6893784372163045,13.892585557788669,-22.586869927889254,59.04202775192768,106.18167459980769,320.65287687274684,103.75153650756242,-1.114801420015138,-0.4730089745324404,0.6417924454826975,0.9650793928450802,2.5385878588106214,11.860486204201747,103.68272396529235,125.2216171381418,147.39982871409057,386.51068298736635,104.76928107074245,0.9274444857375256,1.7232057096990863,0.7957612239615607,1.0141031840322958,1.8492859851205603,9.154547191143136,-67.8190106095241,124.42047645025754,176.43128275779688,629.4393368235075,162.87596303784954,3.141496012690729,3.1416065132977518,0.00011050060702277875,0.0007528770831465387,0.004476457210787295,0.05866155759067601,0.04091045265762195,7.199354863683975,11.46210084252521,30.832754265308672,11.462027833637487,0.65961816148764,1.3304493025999626,0.6708311411123227,1.2239780815844936,3.516090195061204,16.030735205358486,3.0472173841456742,7.015233283433938,8.99528738620884,17.628811139420964,8.46343082764007,0.08382391946106976,0.9178792727055335,0.8340553532444637,1.0586300968302085,2.117543850339059,6.240386716310631,-2.419628282256787,2.8521329398820217,2.9741480216419967,4.24485151185909,1.7294378943286959
3000,10,family_3,not_applicable,374,1.32957,-0.8507904751084726,0.8960557950661292,1.746846270174602,2.2594319392481435,4.600728542589526,13.152511550543368,-23.378546092999297,65.64992071397536,111.49008352769386,330.6260654729092,109.01138613736485,-1.1148014211109283,-0.7434723761657386,0.3713290449451897,0.6873939790786007,1.8530348395934189,8.82163676460635,111.74365539486419,126.55721737495959,146.28352622547138,385.84111128829215,94.40458423165697,0.9026904236424298,1.3098047493105751,0.4071143256681453,0.6101140397768279,1.4861000322666276,7.763280141132759,-87.67310159228157,121.75368370507589,178.38091209534693,628.3284101940266,155.34856631831968,3.141600000000006,3.1416000000000146,8.43769498715119e-15,3.186638488159254e-13,4.9967843583692e-13,3.8957094344606076e-11,0.39740639588969806,7.307027259042818,11.734157857498577,30.765491509420585,11.727426349425588,0.8546195446270554,1.3471206258305906,0.4925010812035352,1.099404445730232,2.8692689315638904,14.115421920343696,3.2886690716509492,6.677687076098065,8.709617351221949,18.050361415056166,8.064867645651287,0.18574942259138263,0.918133273127481,0.7323838505360984,0.9437287754888011,1.9254189414059097,5.503814844489047,-2.4118629731606345,2.9150439632605574,3.01370752436241,4.229945513418409,1.8070279580281408
3000,11,family_3,not_applicable,388,1.37934,-1.088405004164675,0.8960566222756785,1.9844616264403534,2.408229240343859,4.6536037271477095,13.3308398138381,-22.336811189800127,60.941872760267074,107.62388270293448,329.98842603620466,105.28042075298815,-1.1148014226645728,-0.6118482080455161,0.5029532146190567,0.7881391598525828,2.1579974591801587,9.87302835029453,109.86363091179133,127.43131481234734,147.391331750904,387.85125303080974,98.2557238952659,0.9129678978045126,1.5124047526821498,0.5994368548776372,0.7601874059257374,1.4561079882077725,8.085206115439963,-75.21717787365678,119.25462778970747,174.4222212493715,627.2859876898455,157.37054177414328,3.141600000000006,3.1416000000000146,8.43769498715119e-15,3.190042507091999e-13,4.9967843583692e-13,3.897414101582311e-11,-0.07015500987700965,7.0853664011919015,11.466283227906388,31.414393021952307,11.46606860860149,0.7586994821054136,1.3402185478337867,0.5815190657283731,1.132575572254902,3.1337242127631755,14.736370628232804,3.5161049586870647,7.16121130864976,9.138211328374085,18.58752933427137,8.434685068306978,-1.551604695251592,0.9174284010611138,2.469033096312706,2.9931908868749657,5.783893897644942,16.5340956596522,-3.098675146183655,3.5562257786008384,3.9404228938106214,6.883431088507062,2.4341620571544893
3000,12,family_3,not_applicable,376,1.33668,-0.9028504664733367,0.8960566513016954,1.7989071177750322,2.31485563506961,4.658136264609535,13.678439030453127,-20.629341538860885,59.277106796270616,107.96971266542532,328.71267931220484,105.98060728608574,-1.1148014207775427,-0.5623574819096511,0.5524439388678917,0.8636784874545946,2.278342176073101,10.678139930786582,106.86848714304645,126.05466209123702,147.12910037915387,387.2816645205819,101.12417433104537,0.9196003838945732,1.5910053153186376,0.6714049314240644,0.8769434630863553,1.5315824802683606,8.672138200495837,-75.03415436664727,123.60987967916031,177.19706603277956,628.2045633072901,160.52624672964663,3.1415570082558277,3.1416042049574195,4.7196701591811774e-05,0.0003510803035282431,0.0022812604885293795,0.033574783541256474,0.17288778305087127,7.1891150365193015,11.52296556383528,30.913601674405303,11.521668507634017,0.7216694158328123,1.3354030582825647,0.6137336424497524,1.177310902330458,3.2504016394271007,15.282503242250298,2.952413690652884,6.946417014550422,8.801952205555597,17.29518777313222,8.292021226946446,-1.3687056292108575,0.9174179982935801,2.2861236275044376,2.938392366578439,5.913803291154573,17.31926197369771,-2.9934927755004654,3.4606649278974695,3.858587271192398,6.919729742203067,2.434686167134178
3000,13,family_3,not_applicable,381,1.354455,-0.9648805111833989,0.8960566300415046,1.8609371412249036,2.3524901274417047,4.680509891852767,13.772444869810856,-21.48274511527901,58.55777427430615,106.46750491288421,325.49482537881596,104.27761631667161,-1.1148014228710839,-0.5061869956727593,0.6086144271983246,0.9192179066719831,2.4389396234635927,11.304171984964391,105.1471399912447,125.67902706735534,147.44361813223253,388.932028945586,103.36198275761356,0.9223181929853992,1.6724058652297369,0.7500876722443377,0.9517267216565461,1.6946229527070604,8.904734548130605,-71.4170274400466,122.52595483820876,175.53125919241398,626.1676068537136,160.34597327436086,3.1416000000000133,3.1416000000000133,0.0,0.0,0.0,0.0,0.055208070281216035,6.979701782136493,11.149807298621516,31.14712606989187,11.14967061690028,0.6834394846844768,1.3336729785818668,0.65023349389739,1.2003381129555597,3.4124552598114053,15.701930053436778,3.092734636227619,6.994469509862389,8.944953498365301,17.16784314215285,8.393282168365106,-0.24336056645070078,0.9178566929639976,1.1612172594146983,1.4638511808128438,2.9143016844327185,8.536483888120062,-2.4435460609127624,2.947421775415652,3.1279035745754236,4.726999798362911,1.9526554790949258
3000,14,family_3,not_applicable,384,1.3651200000000001,-1.0297056832072842,0.8960557232170796,1.9257614064243638,2.382409836622508,4.661228980862211,13.4917342141283,-23.6687115391717,61.42508034694132,107.55771869758142,329.50924481059434,104.92118444577117,-1.1148014212021327,-0.5813396543702589,0.5334617668318737,0.8257062098997475,2.2260560843082082,10.264872739654207,108.39045651868946,126.34433489053833,146.8648652083517,387.5732671694886,99.09993727716177,0.9162850057328935,1.5618050651681576,0.6455200594352641,0.8213787324891332,1.4429187435699142,8.299247771277368,-74.75215628565056,120.549509717626,174.59272725487614,625.4878650783379,157.7806564219494,3.141600000000006,3.1416000000000146,8.43769498715119e-15,3.200112706770388e-13,4.9967843583692e-13,3.9040427952344396e-11,0.022739032389906377,7.043613614679134,11.341903471066923,30.425565380090266,11.341880676651728,0.7354194192639869,1.3378960396459143,0.6024766203819274,1.1528145410876918,3.186029233792459,14.92671052428907,3.2690891802291273,7.113767223830436,9.01476250644277,18.003100784785047,8.401130815507827,-2.1240052603155113,0.9173102738081592,3.0413155341236706,3.759653895982937,7.3553194495349885,21.24540882015963,-3.161710831694848,3.6406682706058198,4.1698167024138275,7.908922755711366,2.7186312637930135
3000,15,family_3,not_applicable,367,1.304685,-0.7274605750579237,0.8960557880976825,1.6235163631556062,2.2066148444212805,4.653840829484872,13.927036644147865,-20.833747965777317,59.50767856576171,107.634068946885,321.09133327179813,105.59852150367095,-1.1148014209549424,-0.5127569013869179,0.6020445195680245,0.948884806858293,2.4229830219534945,11.631261016211406,104.19629303139463,125.38059964683994,147.71490260501344,387.01654373389596,104.7035098271512,0.925931241847555,1.6657058688127622,0.7397746269652071,1.0014940437615585,1.9140813718443934,9.437683446996425,-73.4603721919263,126.67436893643828,178.3977090220284,623.9473726155104,162.57095774378638,3.1416000000000133,3.1416000000000133,0.0,0.0,0.0,0.0,-0.15194413977010443,7.1860375444063225,11.572748749895629,31.032343705253925,11.571751233352726,0.686579448685412,1.3306829347055458,0.6441034860201338,1.2238264201768758,3.4032511831900725,15.962491445375477,2.436873674109236,6.714056413961097,8.537815031746131,17.17219442488727,8.18266046055582,0.9156494826669942,2.0761216805771094,1.1604721979101154,1.5766797740812917,3.3212827109438994,9.97822151494953,2.4270680884306666,2.9328502481784837,3.168736305746023,5.491286493411646,2.0372113953820477
3000,16,family_3,not_applicable,382,1.35801,-0.9002703046769867,0.8960519714918014,1.796322276168788,2.2809967925073233,4.774852214721691,13.68129362824213,-19.404807327015718,50.08501694627626,89.93530826879436,276.28051306256435,87.81692960929838,-1.1148014269288287,-0.1757316301023185,0.9390697968265102,1.346664036579277,3.330526946373664,15.821135874412331,90.29494810332652,118.77783320553976,145.87620241102306,389.24625877648157,114.57176256337921,0.943865626561872,2.129705628347959,1.185840001786087,1.4818938263856964,2.9829855077836527,10.905602553431423,-56.79279966564759,118.83271233287994,169.36481840677612,631.0280578198893,159.55882808574987,3.141493548601691,3.1416056095407767,0.00011206093908588954,0.0007020796933620156,0.004007950030744146,0.04492325810072299,-0.1439265065785381,6.562787935702952,10.47456942274996,29.38526490560635,10.473580560281789,0.47244788315729686,1.3224940672651,0.8500461841078031,1.4157779293587336,4.353468274901003,18.312441586969122,1.977716376824191,7.3486737918550435,9.432132828389108,24.41930153756704,9.222459955197252,-1.7369043803807938,0.91701364434632,2.6539180247271137,3.3646328524033104,7.040686382095988,20.099777486361177,-2.9605830993026405,3.3661362797107044,3.8445469174576745,6.5321330386371645,2.452649325251549
3000,17,family_3,not_applicable,370,1.31535,-0.810891361070725,0.8960567356260799,1.706948096696805,2.2472053656113014,4.61525246972944,13.389200649314418,-21.38866398503431,63.513813097831886,110.8886149721474,330.5772206931943,108.8062956973375,-1.1148014203293286,-0.6904927319495296,0.42430868837979896,0.7399786624985016,1.9675945334834692,9.349820735754065,110.13923011689678,126.44934540283387,146.54316720905945,385.78684444803633,96.66566011215984,0.9096909753516502,1.393505542718803,0.4838145673671528,0.6866574922466088,1.4654895016570333,8.065587058206823,-84.22866493205463,122.6572476211531,178.25127480644713,623.3290798131437,157.0956682212696,3.1416000000000044,3.1416000000000097,5.329070518200751e-15,3.3519448482663604e-13,4.9967843583692e-13,5.555984370305806e-11,0.1444180501383422,7.2786924952228444,11.810050753983434,31.20464543319559,11.80916771997328,0.8149495582864481,1.3422482633446593,0.5272987050582112,1.1253126257736572,2.9516608855780784,14.514990123883438,3.006693825103043,6.677490751959817,8.588183910752715,17.850268951260745,8.044668739419853,0.9156489288707018,1.9825923936562395,1.0669434647855378,1.403936832529638,2.8823714812046854,8.365108104162042,2.2132647199486777,2.6648851294158806,2.8822947503700114,4.9619188252796045,1.8463700353507217
3000,18,family_3,not_applicable,384,1.3651200000000001,-0.8982604680166234,0.8960577504461972,1.7943182184628206,2.296768894541073,4.651451121444115,13.926850431775028,-20.838488906679427,60.046379629326644,112.34148189002285,347.8017933898764,110.39187439903596,-1.1148014207856998,-0.5927717809387145,0.5220296398469852,0.8110678084133245,2.1373203032751915,9.772283243400878,107.71449412123405,123.50987863689515,144.24021016062488,385.6688840137769,95.93136079191133,0.908246915938703,1.5420057205984778,0.6337588046597749,0.8213661389629947,1.5023633807670442,8.387012559365981,-78.12296190662626,115.88272621606787,171.87611472453492,627.4903340387949,153.0954004395211,3.1414920794592756,3.1417052279968214,0.0002131485375458375,0.0013315834614576556,0.004448083826944836,0.09615318664796033,-0.6183581672737469,7.795261517711551,12.824194653064314,35.48432549016413,12.809277952978036,0.7447395029647337,1.341683516862388,0.5969440138976543,1.132485267244911,3.0001215695637864,14.315589894841796,3.056846244353606,6.815383624222093,8.765762688001931,18.560462123046364,8.215490645162228,-2.743704456406301,0.9185544913077996,3.6622589477141005,4.683165551372961,9.48513727019046,28.350366664044838,-2.9340582975683867,3.4160141592860236,4.13616444486921,8.958988353691602,2.9153315800214425
3000,19,family_3,not_applicable,380,1.3509,-0.965840499341245,0.8960607924383931,1.8619012917796383,2.3475220215980066,4.656524082495762,13.546209334660087,-21.83294233528733,61.06153832212815,108.24680071568044,329.4289940711465,106.02213209591785,-1.1148014773673933,-0.5831394124000459,0.5316620649673475,0.8320257008177334,2.2238493605867955,10.332254245087325,108.08946646913913,126.46999083564235,146.9261466461202,386.07018424204614,99.51864049862252,0.9170555454982889,1.558905655346886,0.6418501098485971,0.8295182984437477,1.4401058611045803,8.413558352700083,-76.8275454239971,121.716273577658,176.26324880710524,625.76744423066,158.6387756639566,3.141600000000006,3.1416000000000146,8.43769498715119e-15,3.195778792456028e-13,4.9967843583692e-13,3.919358424704523e-11,-0.153491508544575,7.2308482000701035,11.58521401990327,30.446010399318276,11.58419717735191,0.736799418221222,1.337292927974807,0.600493509753585,1.1590333216986153,3.191845276833398,15.030660319610332,3.205047494663049,6.986360723282457,8.926287500315837,18.160692119315435,8.331043097670836,-2.6572048570445217,0.9172003318051374,3.574405188849659,4.50366168051652,8.934826639838244,25.933353059679273,-2.897045255790298,3.355865208236102,3.9788891079463573,8.221375892301237,2.727395702723952
3100,0,family_3,not_applicable,382,1.35801,-1.0911099916431732,0.896050471143273,1.9871604627864463,2.4140208919185877,4.61252241867785,13.072333152775526,25.00118788491187,72.28699536267574,111.32209166701365,332.334912570719,108.47833284791174,-1.1148056964170074,-0.7350496526596673,0.3797560437573402,0.6849992952525401,1.9705468908361545,9.218865105220079,99.79819813053035,114.89241314777077,136.47846195412768,398.05200461571275,93.09506016574502,0.8922207929514236,1.3323107588726575,0.44008996592123384,0.6251452713415804,1.4137849998256435,7.67378972023583,-122.60278934631586,152.35019611446478,188.81496292911328,625.9720213519508,143.5954256598215,3.1414886956771872,3.141605573551159,0.00011687787397196558,0.000735977085758086,0.004162744803649454,0.04808070204087956,-0.004426180854320282,7.015181700241381,11.681305246973572,29.96173781316698,11.681304408408135,0.8440894795292416,1.3560866720929423,0.5119971925637007,1.1064390147113532,3.1004663730064395,14.293708419880112,6.251649926236565,9.28841649335176,13.28998053141389,27.24003276892862,11.727764310606974,0.9156395173076808,3.092807593505456,2.177168076197775,2.642068591938587,5.047760444344015,14.308700790821746,-2.975177443994809,3.5763102719347457,3.916865636051507,7.357059211140243,2.5475783771310536
3100,1,family_3,not_applicable,366,1.30113,-0.9235540337685606,0.8960504493330156,1.819604483101576,2.374037501385712,4.73777236955231,14.167944898569331,23.847826692587176,68.78376529865179,101.89916805507048,300.9331519022279,99.06927683371784,-1.1148056961291304,-0.3143600972347129,0.8004455988944175,1.1868244164802162,3.0336569295662814,14.8637537866709,84.0683101775239,110.27676165156818,133.3989096574411,399.15849940113316,103.57503715514547,0.9444492665714918,1.9581275843490735,1.0136783177775817,1.3081959284643034,2.4975940803750873,9.491936638550824,-124.91902927922006,144.47658314820922,175.42470957569495,563.3366859090412,123.16275757571475,3.1414946841389053,3.1416056902956986,0.00011100615679326964,0.0007280772314829342,0.004076080389420302,0.04914748210776801,-1.5375841182903285,7.6988281970722285,10.959045292862552,25.683741478108793,10.8506455480858,0.5507865822624776,1.321679830277685,0.7708932480152075,1.3457570063835338,4.14420185609899,17.24410698722977,5.593528626821123,9.237264041108393,13.145093638213915,29.092332569184403,11.895626265915745,0.9156394702104247,1.3757411215244972,0.46010165131407255,0.5965245770597131,1.1940607373181147,3.6738092711715944,-2.166512761471393,2.669403845928227,2.7729523815466317,4.4241989878081665,1.7307476317206778
3100,2,family_3,not_applicable,360,1.2798,-0.7862614527723466,0.8960504749311334,1.6823119277034801,2.2782935959536696,4.6699273592506785,14.08894593746017,21.730636716784304,71.1399015459328,108.71535746492144,325.35527362051647,106.52139867936769,-1.1148056964135824,-0.49299940115445084,0.6218062952591316,0.9793653970997884,2.6001660487181577,12.83378537610543,92.32049922310794,116.74069892499485,139.61453864685203,409.91853901796725,104.73368524390548,0.9149500790946906,1.704832707982752,0.7898826288880615,1.0680540634209568,1.9654299445648915,9.552257832796382,-125.1135353565997,156.03700743984086,190.3347008620089,612.9619596820896,143.43605412448878,3.141532530460971,3.141606099358376,7.356889740517403e-05,0.0005504652138453531,0.0034662821512614346,0.05080257397758466,-1.0492647191282194,7.567987220830395,11.90503653286237,29.524576284529346,11.858707281908112,0.6683894270738592,1.342756157493965,0.6743667304201059,1.2752686264760396,3.7201118323501245,16.762576150564065,5.208906513573191,8.812377082817399,12.708907988666892,28.64608145865046,11.592395576292933,-1.0094059403685984,0.9156605029293413,1.9250664432979399,2.6066098294428244,5.341666278611364,16.049706547078976,2.7449199889251434,3.109107041105934,3.478427601686677,6.616095010683632,2.1365563026924708
3100,3,family_3,not_applicable,373,1.326015,-0.8662691785216695,0.8960504481472926,1.7623196266689622,2.137085292687366,4.211578759857982,12.232370829414384,21.716743228844674,54.941474387867686,78.65814910918549,252.85838362177066,75.60084314883855,-1.1148056399107613,-0.08473420516478633,1.030071434745975,1.50997903776663,3.6086693600952056,17.55232949258871,75.95991782159703,103.9782825665439,126.31164144624219,358.4460953084685,100.91938193122407,1.0472956894606604,2.2506967289730024,1.203401039512342,1.3899847506949392,2.927072786802384,7.0085965840936915,-172.41960196656822,172.41960196656822,194.13691369672247,479.4544729028095,89.2223184936306,3.141600000000006,3.1416000000000146,8.43769498715119e-15,3.1868074183343286e-13,4.9967843583692e-13,3.898540639390777e-11,-1.6063498577434645,5.780181556022779,8.418963135150538,22.134754474816088,8.26429551780134,0.41864924422300076,1.165226765534895,0.7465775213118941,1.3324140063721406,4.775164013015525,16.749970915517277,3.411013986535644,7.130932811949442,9.138507122770836,19.432950557846322,8.478047889496231,0.903649689104227,0.918914063328363,0.015264374224135957,0.026637970026120984,0.09522609277310477,0.3343760875675678,0.7747322624268449,1.0957225619052366,1.1976792994049208,2.060853582690372,0.9133595271184528
3100,4,family_3,not_applicable,353,1.254915,-0.6918924941849033,0.8960504776588429,1.5879429718437463,2.211886266570018,4.697989586219921,14.111650641186666,19.244599720268234,64.28847211747077,98.84484013178384,293.0598963561716,96.95332795878932,-1.1148056914168962,-0.2948479399236126,0.8199577514932836,1.2682042574656365,3.0820101242697,15.729919646281624,85.2598570545334,112.91050637085239,135.93141030650446,391.3149759481781,105.86833843484935,0.9635523492837177,1.9881634990901143,1.0246111498063966,1.4094827650462978,2.9258726168256377,10.009971809342986,-124.22056957542344,140.0189715352921,173.65497439388992,552.4499141795814,121.3478480489042,3.141492068247949,3.1416062372734173,0.00011416902546823593,0.0007859332712159743,0.004450366217192879,0.05849700449025455,-1.6195740258420404,7.3788478564639695,11.08377951653944,26.782295899353585,10.964814104492474,0.5369880720423037,1.3056549286269212,0.7686668565846175,1.3731451203935379,4.193683111715856,17.289313214587658,4.605482172509395,8.476730430821055,12.162581645882033,27.71457854263253,11.25690571389157,0.31318899786950427,0.916627438204866,0.6034384403353618,0.8365484820172717,1.7809298699736904,5.267915882539196,2.0577240949865994,2.5772606669513407,2.6943035408864064,4.053953376607503,1.7392651089884514
3100,5,family_3,not_applicable,383,1.361565,-1.1713000866671888,0.8960504660939904,2.0673505527611793,2.490295740398145,4.679206830863401,13.598451136831766,20.92890576517387,68.3999423399876,107.35636453019642,324.17405633108615,105.2965807071288,-1.114805739185648,-0.5576771782861497,0.5571285608994984,0.8476550353139223,2.4017565150997364,11.158995779106567,95.55182643206832,114.94672227543754,136.80449508502937,406.3270196620365,97.9046390165743,0.9069581274837417,1.6063863361307047,0.699428208646963,0.8661071891843987,1.4399967865385892,8.267767381008326,-120.76546783062427,149.95498645935388,184.7129951396092,616.4002395671582,139.76620604815653,3.141495442846877,3.141642980042904,0.0001475371960273364,0.0009040196506427382,0.004059256304991215,0.0710549457362667,-0.5474478986567327,6.846482876189632,11.788693722951216,30.655015388112748,11.775975564334605,0.7145882850587404,1.3476954486996329,0.6331071636408925,1.1856267443818542,3.499146157868081,15.490394894624764,6.367850733193202,9.616494721535979,13.614815656960522,28.03238794678074,12.033855675251724,-1.5670040056820786,0.9156605644600329,2.4826645701421115,2.990977017144774,5.617042974175762,16.28373076399211,2.8980342496110914,3.4879411663294007,3.8124638334997445,6.956584105628207,2.4771511802521546
3100,6,family_3,not_applicable,366,1.30113,-0.8966408537494444,0.8960504786921042,1.7926913324415485,2.3397178863017474,4.751693871722882,13.927335407415484,18.659866254397777,60.85266294078177,95.04945030412473,286.32355567423394,93.19982507754112,-1.1148056914214803,-0.25386618540488265,0.8609395060165976,1.2696736669802107,3.168016231586853,15.488862870499613,83.3500710380606,109.51073315807199,132.20028748128232,387.7188922800279,102.61423716075629,0.9669980813455495,2.037826385951913,1.0708283046063634,1.3805421408752938,2.7440547392159416,9.154081144924472,-123.73979482933551,137.51230310258185,168.53456839628902,542.2835847208103,114.42186819012076,3.1416000000000133,3.1416000000000133,0.0,0.0,0.0,0.0,-1.4267373151870635,7.284055410252114,10.833198470336814,27.422436704987543,10.738836516641861,0.514279374238524,1.3036890794892841,0.7894097052507602,1.3582023119562272,4.271147047313359,17.084321938404237,5.141443798097706,8.820273538158677,12.560832626174605,28.137551179014235,11.46036962465762,-2.002806313112107,0.9156605671216332,2.91846688023374,3.80626162400556,7.729140638285247,22.581109093402144,3.035447874808422,3.537209782053207,4.050486373691139,8.77158263120775,2.6818829323403786
3100,7,family_3,not_applicable,374,1.32957,-0.9175364358268292,0.8960504362872275,1.8135868721140567,2.196388451501623,4.392191592834471,12.591351900878344,19.571272811097977,51.852832253536455,79.74223180894339,259.46295626160673,77.30322641665637,-1.1148056418419416,-0.12643228899815154,0.9883733528437901,1.4436085645399668,3.4975001851265577,16.926172964208444,77.33164867830656,104.11097001415776,126.17660792803764,368.44318670742575,99.70131644527416,1.047295121118881,2.2011413679918332,1.1538462468729522,1.3374205794115577,2.8547692445610187,6.836035748211036,-167.21904322748568,167.29110373740545,191.1705709032248,492.8797185197776,92.64976395841052,3.141600000000006,3.1416000000000146,8.43769498715119e-15,3.186638488159254e-13,4.9967843583692e-13,3.8957094344606076e-11,-1.3127873533108345,5.968494621410363,8.517979198610183,23.3249012999825,8.416208112501906,0.44059922774635013,1.1714141192647518,0.7308148915184016,1.2980814766375586,4.646176816739817,16.32235873752578,3.7600852965339904,7.2620510293628495,9.501600265779636,20.858961811297338,8.725947866762244,0.18167988320862194,0.9156505006708489,0.7339706174622269,0.8807150952259156,1.781077988793127,4.9282875271091875,2.190383559683814,2.824946448363709,2.8926445303304997,4.172602972534848,1.8893417478894126
3100,8,family_3,not_applicable,365,1.297575,-0.7656355983953452,0.8960504686355902,1.6616860670309355,2.253940366735212,4.7077152348338585,14.387745292550202,16.65603936640681,62.020264171045284,101.2431443317481,308.0477794588693,99.86366019130224,-1.114805696427637,-0.3309699760118196,0.7838357204158173,1.1784394799640203,3.0096888834798703,15.395268000684066,86.46129119197631,115.35107536692897,137.07740994815188,395.61499151003585,106.37039740223766,0.9166656018948239,1.9412626898893306,1.0245970879945068,1.3654799713822274,2.6781968100529516,9.950257190519423,-122.25194396192502,142.42103282012792,174.6347751882701,567.4298928028293,124.70672356608517,3.141494901829547,3.141706313381258,0.00021141155171111592,0.0010074851617667866,0.0040722615081565765,0.056314787945592026,-1.2137804357244177,7.338592530816915,11.762228577591085,33.72138784075744,11.699434095944685,0.5585391306525789,1.3372211034127668,0.7786819727601879,1.3642641276123482,4.115669174294039,17.07868381844672,4.87161140461414,8.998149282203494,12.688676330051575,29.473120954035128,11.716224192599107,-2.9967070754983935,0.9156605748620333,3.912367650360427,5.306235178519526,11.079927928327606,33.766617947271826,3.2786331526020356,3.6854402783011198,4.596622984759026,11.702341436751485,3.2217243076765296
3100,9,family_3,not_applicable,368,1.30824,-0.9453705168435951,0.8960505079248602,1.8414210247684553,2.381488479834735,4.689074988804626,14.047655628669345,16.981558760849573,65.57569345291415,106.21061934929503,323.38802716484577,104.84427654675603,-1.1148056961471045,-0.4789329298813742,0.6358727662657302,0.9731348590288188,2.636901648669003,12.713487992338012,92.40370344209738,115.80388172869927,138.51463156136484,410.6617050485094,103.18846227541903,0.9179449873373138,1.7236025957467604,0.8056576084094467,1.043908707423347,1.8513873242767172,9.14222286154659,-121.77995591933431,150.96110455178123,185.69976651296307,615.6901412129528,140.19288719208973,3.1415066445495796,3.1416067850386424,0.00010014048906281658,0.000719202181395226,0.004405844217666187,0.060784826484403004,-1.0552424436107413,7.548331760244808,11.936102325198261,30.502599602041787,11.889365084091152,0.6596193709200031,1.3409333068753366,0.6813139359553335,1.2608453608290238,3.7576528509126152,16.59504294289042,5.7501419334816335,9.180194801420607,13.14606496924248,28.613392140879764,11.821797321911774,0.08382899015697687,0.9169715338576022,0.8331425437006253,1.0755209373175367,2.122303290625403,6.301960366244746,2.0941735705985174,2.6992639624922834,2.8302664650791085,4.279185456262952,1.903902654958506
3100,10,family_3,not_applicable,368,1.30824,-0.8507922155748254,0.8960504346358652,1.7468426502106906,2.277799970235179,4.598905279680907,13.251783737930666,17.619956086400045,67.83618508910162,111.57270056650573,325.9577950075531,110.17261301801133,-1.1148057386119634,-0.7503447550134229,0.3644609835985405,0.6899537563604856,1.9395997271207668,9.280237936062756,101.39060547010135,116.43932014043739,138.58701597261862,395.8721932399296,94.47913059824957,0.8946784805555551,1.31013033187767,0.41545185132211493,0.6290769302995755,1.423415031467708,7.755190118794292,-122.25407186490084,151.79076446167602,189.81808667186584,630.345939934378,145.2062255559989,3.1414960126907285,3.1416065132977518,0.00011050060702322284,0.0007640464699053566,0.004476457210849755,0.059531837269079825,-0.14131056138475442,7.296677788719864,11.98915558647933,30.230361948329143,11.988322776854554,0.8546195322021433,1.3544814596856805,0.4998619274835372,1.1209983309533091,3.0758975137174485,14.413569489609115,5.374622410581788,8.623264530016293,12.435819441628073,27.005303738446546,11.214412116934474,0.18575945356396012,0.9170654543295597,0.7313060007655996,0.9529357963332811,1.9288793576290653,5.537897980198443,2.1401149723966517,2.7834992665238967,2.894048384372341,4.490255262173646,1.948184784873302
3100,11,family_3,not_applicable,379,1.347345,-1.0884631299074548,0.89605045569211,1.9845135855995646,2.436219137907666,4.653717542700937,13.450837738907856,18.467034442953302,66.22273347478654,107.8652762991793,320.2117431877959,106.27269861060775,-1.114805738600542,-0.6193453381942606,0.4954604004062815,0.7921875576662099,2.2447735081650713,10.481692631177607,96.5688334917336,114.26948690977396,136.61625589923608,404.38151140449685,96.63571686478758,0.9029936061972765,1.5127373821877144,0.6097437759904378,0.7844414178824431,1.416076759753934,8.080795036416788,-121.07475161729955,150.43241729815276,186.12741790608843,619.4341223219658,141.36590896392562,3.1414952271630168,3.141693410937867,0.00019818377485014693,0.0010074807941632827,0.0044094721372593074,0.07649349295061582,-0.638022234467789,7.158009210805131,12.036244395827575,31.637800497654805,12.019322226499105,0.758699485165284,1.3499150796704527,0.5912155945051687,1.1602508545295895,3.344714871748591,15.097845810475427,6.182037213211084,9.42723439834372,13.37629864701859,27.449372850078355,11.862031081931319,-1.5516051274157814,0.9156605755968831,2.4672657030126643,3.029545860932044,5.783656062603507,16.685078600783662,2.9977236879950286,3.560688422062817,3.9450794273817484,7.274516602647898,2.564625582572276
3100,12,family_3,not_applicable,367,1.304685,-0.9028525282969244,0.8960504238277291,1.7989029521246536,2.342703113331728,4.658484667959345,13.803146953352082,17.963707556762845,65.63107286417585,108.08358465034661,323.3457867816229,106.58032877451515,-1.1148056964166386,-0.5697429422800795,0.5450627541365591,0.8682611328836499,2.37358478891664,11.40924254336135,94.75730200976908,115.14659945087037,137.6862706147666,404.8651270453279,99.89275665248283,0.9101087149052265,1.591316754746952,0.6812080398417255,0.9039168607610151,1.5327536358586207,8.682487312162339,-122.13084429252369,151.86423767481904,187.0833183252048,611.8400800287156,141.71882326623108,3.1416000000000133,3.1416000000000133,0.0,0.0,0.0,0.0,-0.9361196076326506,7.509763175870729,11.989909840128394,30.413065434551626,11.95330992046192,0.7216685246909424,1.3456720743646997,0.6240035496737573,1.2100303039306637,3.4762047919523353,15.748760528025988,5.594000472003948,9.020040906150674,12.910582151952035,27.56291698703046,11.635733334067176,-1.3687040931666448,0.9156605007774333,2.284364593944078,2.9754302228212675,5.914177548650482,17.4908213668198,2.9220003026823886,3.4942280357118443,3.8849524516953746,7.1883755095963355,2.5602284630590937
3100,13,family_3,not_applicable,369,1.311795,-0.9648818330287067,0.8960504448625137,1.8609322778912203,2.3901482351156527,4.680806700997785,13.94973788681778,18.20009131825476,65.9568432065552,106.91718831380369,316.10058379537116,105.35673605867137,-1.1148056916838314,-0.5148644374242427,0.5999412542595887,0.926410733762869,2.5374271946409395,12.20460606515359,92.58026094040986,115.10246659969745,137.91285333930026,410.20652534732733,102.21961847117686,0.9128003206147515,1.6727198434793413,0.7599195228645899,0.9854807286412975,1.699045247839681,8.955565512981343,-120.64605311027067,150.55134460566654,185.42727894202767,607.4362343872405,140.81124118747866,3.1414952944231085,3.1417079483408723,0.00021265391776381648,0.001054932482607564,0.004454184561114907,0.07432151555122968,-0.12774270379963543,7.167283400350906,11.911057242217575,31.556623429585134,11.910372220422405,0.6834393920839904,1.3441954619734193,0.6607560698894289,1.2412771548285393,3.6599984884004666,16.310413374083392,5.931663675093939,9.328704059125375,13.312615712207984,28.313813733425622,11.918099812742716,-0.24335082408179548,0.9164929164844838,1.1598437405662794,1.4887057747018528,2.916320465428575,8.646659529058866,2.4365212458068353,2.962780135855696,3.1400168883987107,5.083633524815801,1.9806741978833942
3100,14,family_3,not_applicable,375,1.333125,-1.029702347708665,0.8960504608006153,1.9257528085092805,2.4104433794483957,4.662042474066254,13.613911108641286,17.621841470052782,66.29717127258007,107.33160678367962,323.3367488459079,105.87513644841621,-1.114805691673909,-0.5877505604819057,0.5270551311920034,0.8314994386391924,2.325139340754224,10.969824774873969,95.81934394967917,114.817762574861,137.14112624170497,406.29999142484024,98.11392272198854,0.9054427358771708,1.562115997578671,0.6566732617015001,0.847176769767405,1.4322773473542951,8.336691827213974,-121.24221070508459,150.76166021316806,185.88542723601037,611.4665310092472,140.9032235332392,3.1415229360088968,3.1416147501063314,9.181409743463931e-05,0.0006237306421065403,0.003840689035878823,0.056345134282887614,-0.9341194077547964,7.461114589500915,12.005518540575471,30.924059332357725,11.969122622822326,0.7354193867680027,1.3484804381929447,0.613061051424942,1.1848499649636728,3.423942376151289,15.426018807908356,5.980307345659293,9.303192396903324,13.238617703666108,27.75690950656215,11.810881540142343,-2.124004585800879,0.9156605282726037,3.039665114073483,3.805320327844539,7.356579809188068,21.444127027405134,3.17574218788067,3.7016565375447548,4.21307012430313,8.282284649145327,2.7685052697097188
3100,15,family_3,not_applicable,355,1.262025,-0.7274605156664785,0.8960504403004285,1.623510955966907,2.243927166684205,4.65662281647538,14.137579705247543,17.86494885505452,66.45741532170476,108.71605372744952,318.82766403356317,107.23816457062279,-1.114805738626815,-0.5200299516756767,0.5947757869511384,0.9584604118937343,2.526984557224644,12.528198321715912,92.21176113015873,115.68098242922832,139.01509871401433,407.52663518950897,104.0297494937948,0.9205297709037289,1.6660210266275532,0.7454912557238244,1.0309124712526605,1.9157642950731093,9.387703844048591,-122.4402303048478,152.19242750923752,188.11458077031912,617.5042599630301,142.8127637898264,3.1414952651241084,3.141711490216653,0.00021622509254459743,0.0010610718997232332,0.00424023083792849,0.07201284578802855,-0.5129999878543807,7.465657734179594,12.270614323887498,32.18253294737185,12.259886088298472,0.6865794438064768,1.3389166758191966,0.6523372320127198,1.2614508416924348,3.646223420276388,16.486469028293605,5.114878516743578,8.629224224274287,12.50479131595644,28.177371760744464,11.410864279912131,0.9156395228463703,2.077191156666926,1.1615516338205558,1.6020568818849685,3.325880949937532,10.140519926600634,-2.4269824121995094,3.065036296505672,3.2949344858255007,6.121770112682243,2.2285308247265516
3100,16,family_3,not_applicable,370,1.31535,-0.9002727829395116,0.8960504775610996,1.7963232605006112,2.2921492981898486,4.752750473251724,13.534265586003505,18.128236118360288,53.24898381067729,87.08273652909828,277.19641427719364,85.17493796084226,-1.1148056987450616,-0.18218107114573417,0.9326246275993275,1.3585184740532827,3.3496472107166637,16.252308899792933,80.07128250324143,105.68981194377356,128.75907023732742,379.41888494963655,100.83396197049443,1.01111167345672,2.130077160418021,1.118965486961301,1.4136423954786617,2.978924363271771,8.193871428758731,-128.50424040567594,132.3887367403659,161.95424548251898,515.9145941887134,98.56894961179339,3.1416000000000044,3.1416000000000097,5.329070518200751e-15,3.3519448482663604e-13,4.9967843583692e-13,5.555984370305806e-11,-1.81277022085484,6.873902582377055,10.216001837672755,26.34973144983169,10.053882716329797,0.4724476741769833,1.2642392041948256,0.7917915300178423,1.3506084848070947,4.471828007221765,16.77061862819367,4.646149840344551,8.38478265465676,11.715899687222803,26.401078970757975,10.755259045794002,-1.736905835823023,0.9156605717222859,2.652566407545309,3.3802826956518386,7.0153092419639735,19.867259753897613,2.8961280990427047,3.4409429357876826,3.8900364637312705,8.144993556599125,2.5970802303922347
3100,17,family_3,not_applicable,364,1.29402,-0.8109002941512419,0.8960504348682437,1.7069507290194856,2.265359729911939,4.614327202738016,13.47547474280402,18.74712463732217,67.53459270397606,111.14923701240119,322.05942479605073,109.55682637915197,-1.1148056966163917,-0.6973948967310438,0.4174107998853479,0.7421441899335084,2.059426580676827,9.90493894366479,99.12845999936202,115.75240679476659,138.37979226532119,398.30080012833787,96.55317356539004,0.8993472514149077,1.3938083159267776,0.4944610645118699,0.7095185620942963,1.4147946316635054,8.091011742810233,-121.70455419364322,151.83825279278705,189.00376319653643,615.767822328642,144.60437058048757,3.1414946831636583,3.141677084541329,0.00018240137767078224,0.0009591382687477031,0.0040760071199473,0.0740718946109822,-0.3268602167587644,7.372078019829889,12.245205744008024,31.60284366328709,12.240842540927789,0.8149495399311607,1.3518991066246024,0.5369495666934417,1.150896048016767,3.1740368354013704,14.890265081307385,5.3854248178928055,8.56713192972783,12.475696317398274,27.88005767931539,11.253452720599535,0.9156394992837644,1.983633339648511,1.0679938403647466,1.4140258490156294,2.888153239453319,8.43172008589605,-2.2941654415581794,2.833324711765124,3.024621736511739,5.282044483100787,1.971076248078559
3100,18,family_3,not_applicable,373,1.326015,-0.8982738923967737,0.8960504167483866,1.7943243091451602,2.3305980613749697,4.6515526017387545,14.108836467862059,17.857429315142777,66.96056749113637,112.74243694897885,336.43430212712667,111.31922254242144,-1.114805696470538,-0.597677897803925,0.517127798666613,0.8269649668776279,2.3032382878478677,10.829291685497838,96.53936944040906,113.89590522194561,136.32468369493992,403.25454498671155,96.25263389940879,0.9086901229760641,1.542340158810398,0.6336500358343339,0.834515593099282,1.405431161820485,7.9742380335199075,-121.10080384486862,146.19342954128385,182.6380836308604,620.7116006936758,136.71600089411552,3.1414909466194403,3.1417079033958153,0.0002169567763750102,0.0015837161832350927,0.007395434949100701,0.10850885084480172,0.08201911156440435,7.884752353484759,13.709931809214748,38.546059050906734,13.709686469013672,0.7447383418172491,1.344543955862851,0.5998056140456018,1.1637439729849555,3.3806179237443406,14.81846182661455,5.508273476587288,9.016543995384689,12.92460773491359,27.401983907347525,11.692066045336604,-2.7437047606758336,0.9156604822514779,3.6593652429273114,4.752951396752676,9.482883823387663,28.694283723249935,3.0614864322160527,3.5279093680614633,4.222653498712635,9.445474800588249,2.908281863153412
3100,19,family_3,not_applicable,371,1.318905,-0.9658424539847643,0.8960504348126396,1.8618928887974038,2.375437860298653,4.657288609169103,13.66968920999203,18.524108885568545,66.91725643422546,108.35465447536944,317.03915768834645,106.75948921043178,-1.1148056916749354,-0.5900878317309377,0.5247178599439977,0.8373371892051233,2.3201711677809085,11.022585448472544,96.64370750149394,115.96181297225863,138.1727569737057,404.63974938443016,98.75071933955935,0.9075156699681322,1.5591852260187757,0.6516695560506436,0.8547952761466021,1.4347368662016093,8.433103832142105,-120.71502897003366,150.57240747670753,186.32279382035807,610.5771865751419,141.92978995893571,3.141493546768324,3.1416552034350693,0.00016165666674528012,0.0008434633469064728,0.004007963921679743,0.06210649547798132,-0.5816152332184799,7.253255133192327,12.10240248642044,31.1745514476653,12.08841882397379,0.7367994937552562,1.3472543604515743,0.6104548666963181,1.1902058180459496,3.418400852557047,15.494491871584074,5.748110355373595,9.074312474018091,13.018544864651705,27.409351478816454,11.680827784681876,-2.657204647124631,0.9156605703598419,3.572865217484473,4.558466513238458,8.934194624400487,26.169654276734416,3.068184963402615,3.5088842915915675,4.082452138066815,8.616460835980634,2.693075656188739
