operation_code,cycle_index,benchmark_health_region,sequence_position,joint,rows,q_min,q_max,q_range,dq_min,dq_max,dq_rms,ddq_min,ddq_max,ddq_rms,tau_min,tau_max,tau_mean_abs,tau_rms,q_raw_filt_rmse,dq_raw_filt_rmse,ddq_raw_filt_rmse,tau_raw_filt_rmse,q_raw_filt_corr,dq_raw_filt_corr,ddq_raw_filt_corr,tau_raw_filt_corr
1050,0,training_healthy,0.0,1,1323,-1.7459,1.7976e-06,1.7459017976,-2.1639,2.2042,1.064188750927924,-21.329,21.827,6.064543609600141,-208.72,261.32,47.01378036281179,67.07327046852541,1.65254657053216e-05,0.0013076659314620507,0.47212738806981897,2.956599042824364,0.9999999996801384,0.9999992568379645,0.9969654650526885,0.9990269830629405
1050,0,training_healthy,0.0,2,1323,-1.4697,-0.38266,1.08704,-2.5211,2.4338,0.9648346982732505,-14.409,28.321,6.643927304714283,-39.742,326.97,104.78063167044596,118.89332399248603,1.72299537241332e-05,0.0008235489781453832,0.5437189532192228,2.214522658030717,0.9999999991649905,0.9999996471056771,0.9966461162510506,0.9993138409407383
1050,0,training_healthy,0.0,3,1323,0.747,1.7199,0.9729,-2.4889,2.3977,0.7124398112778243,-22.277,29.529,7.169626399919928,-381.39,195.12,156.18233854875285,170.28741686822937,2.008171381492998e-05,0.0014585520257564954,0.9582618555459828,4.955062877089347,0.9999999980694485,0.9999979149345405,0.9910287324354417,0.9981253150839228
1050,0,training_healthy,0.0,4,1323,-1.6894,4.4941e-07,1.6894004494100001,-2.0718,2.0727,1.202341407269205,-25.08,14.451,5.615869708738466,-22.365,41.775,13.093868170823885,16.942018523474385,1.9154754916317978e-05,0.0019295634789966052,1.5621588243894564,1.442529580961239,0.999999999612072,0.9999987243920978,0.9605323533062278,0.9957191354185292
1050,0,training_healthy,0.0,5,1323,-1.4892,1.7243,3.2135,-3.9389,3.9383,2.4617051398511496,-32.8,39.767,12.303754691164961,-13.602,29.459,7.142878768707483,9.424804303257083,2.8250034855810674e-05,0.0038514598671956354,2.8032742350714313,0.8354496640513912,0.9999999997315575,0.9999987885236532,0.9736990054912235,0.9942846663019991
1050,0,training_healthy,0.0,6,1323,-0.029794,2.2989,2.328694,-2.8095,2.8098,1.5737409581987851,-21.917,31.852,6.493392454247969,-5.8526,5.6842,2.9995068102796676,3.2266665071274043,2.5637693794980575e-05,0.003808969802612489,2.941399443999977,0.20719392069408574,0.9999999996579794,0.9999970829404067,0.8915198497429643,0.9977656350494779
1050,1,training_healthy,0.0004849660523763,1,1323,-1.7458,2.3968e-06,1.7458023968,-2.1634,2.2037,1.0642152019058475,-21.661,21.969,6.064550923276396,-204.85,259.77,46.381734535147395,66.12533947194784,1.6039925720174897e-05,0.0012457995925733904,0.4541534332293324,2.7653095546510436,0.9999999996986586,0.9999993260139081,0.9971924855006636,0.9991240866533052
1050,1,training_healthy,0.0004849660523763,2,1323,-1.4697,-0.38266,1.08704,-2.5227,2.4339,0.9648237271800776,-14.03,28.463,6.643367034573906,-38.4,324.28,105.22136742252458,119.12796904863109,1.718339213386479e-05,0.0008003659563976992,0.5298581170466382,2.1530439585282246,0.9999999991694928,0.9999996674720536,0.9968146713955858,0.9993300781496921
1050,1,training_healthy,0.0004849660523763,3,1323,0.74702,1.7199,0.97288,-2.4888,2.389,0.7124033628822241,-23.604,29.553,7.165631677635033,-382.63,193.25,158.46169569160998,171.669943551958,2.0101935677453323e-05,0.001465017274587205,0.9528851453053278,5.048976050380413,0.9999999980654996,0.9999978967154358,0.9911195975048965,0.997970300618218
1050,1,training_healthy,0.0004849660523763,4,1323,-1.6894,4.4941e-07,1.6894004494100001,-2.0717,2.0718,1.2023333486837091,-29.292,14.504,5.693126938153245,-25.473,40.603,12.488291814058957,16.231592789966154,1.9723310176697814e-05,0.002186625223299789,1.8185265293661632,1.6690654361407653,0.9999999995887031,0.9999983578538671,0.9476117569127165,0.9936525467573379
1050,1,training_healthy,0.0004849660523763,5,1323,-1.4892,1.7243,3.2135,-3.9393,3.9378,2.461695672071777,-30.928,39.767,12.226370374454747,-13.411,29.306,7.093001061980347,9.33446468365605,2.7335786079554624e-05,0.003795234871962681,2.440944759957725,0.7840258063672326,0.9999999997486503,0.9999988237772297,0.9798682812767635,0.9948220016556287
1050,1,training_healthy,0.0004849660523763,6,1323,-0.029794,2.2988,2.328594,-2.8055,2.8131,1.5736639856947252,-24.041,29.501,6.439557495441766,-5.0316,5.4421,2.875499171579743,3.0647186877846035,2.5474499717895445e-05,0.0038232881532637504,2.8282460377262204,0.2058612229660943,0.9999999996623118,0.9999970606612503,0.8983907890016056,0.9975376160188248
1050,2,training_healthy,0.0009699321047526,1,1323,-1.7458,2.3968e-06,1.7458023968,-2.1634,2.2041,1.0642131547664564,-21.543,21.874,6.06430154331937,-204.49,259.77,46.80838102040816,66.28222259014743,1.6167401857898e-05,0.0012127681679805521,0.4564036926031264,2.676742522192606,0.9999999996938487,0.9999993617057098,0.9971642739647234,0.9991824953952688
1050,2,training_healthy,0.0009699321047526,2,1323,-1.4697,-0.38264,1.0870600000000001,-2.5211,2.4343,0.9648221832067811,-14.362,28.226,6.644396192839432,-38.766,324.08,106.0335625170068,119.65164849438678,1.708911604526199e-05,0.0008625379064879568,0.5445855216086329,2.2429779991761185,0.9999999991785822,0.9999996121304312,0.9966358659846746,0.9992598903354675
1050,2,training_healthy,0.0009699321047526,3,1323,0.74702,1.7199,0.97288,-2.4887,2.3983,0.7124108638201977,-22.396,29.79,7.169305971408115,-376.73,199.46,157.29122207105064,170.59551604255506,2.0130785959884312e-05,0.0015107781563284742,0.957070926748901,4.9405456855223235,0.9999999980599956,0.99999776327968,0.991050337006103,0.9980622653175379
1050,2,training_healthy,0.0009699321047526,4,1323,-1.6894,1.3482e-06,1.6894013482,-2.0726,2.0721,1.2023439738181496,-26.608,14.273,5.725414519007796,-23.639,41.775,12.791505642479214,16.530436689678332,2.0392193092746505e-05,0.0023376751104223358,1.9142283302416148,1.7682918838922688,0.9999999995603335,0.9999981218333726,0.9424530925461021,0.9931614698914035
1050,2,training_healthy,0.0009699321047526,5,1323,-1.4892,1.7243,3.2135,-3.9385,3.9383,2.4616993716771267,-32.705,39.507,12.305520327542615,-13.373,29.115,7.070361131519275,9.313731251864375,2.746613025787163e-05,0.003929094582287511,2.809749009778285,0.8520636744835453,0.9999999997462482,0.999998738220105,0.9735834369173457,0.9939303580747268
1050,2,training_healthy,0.0009699321047526,6,1323,-0.029794,2.2989,2.328694,-2.8075,2.8123,1.573651939987625,-22.6,32.079,6.501395411625552,-5.0211,5.4842,2.9047062962962964,3.068144064846111,2.6036384899554357e-05,0.003959154006577831,2.9671057790449638,0.2096723212855066,0.9999999996472524,0.9999968467245129,0.8897858969492934,0.997428019323137
1050,3,training_healthy,0.001454898157129,1,1323,-1.7458,2.3968e-06,1.7458023968,-2.1631,2.2038,1.0642085506251713,-21.614,21.685,6.064566094623486,-202.94,258.06,45.54121098261527,65.84918081540879,1.594541800591815e-05,0.0012429639895614453,0.4598392999276532,2.765873609532391,0.9999999997021984,0.9999993298165333,0.9971215900166772,0.9991166898697706
1050,3,training_healthy,0.001454898157129,2,1323,-1.4697,-0.38265,1.08705,-2.5237,2.434,0.9648200422829614,-15.144,28.487,6.6456118512990345,-38.766,323.15,105.4730040967498,119.33014400383395,1.7080446058981556e-05,0.0008575303885147604,0.5503631578929881,2.160257546366935,0.9999999991794111,0.9999996162794768,0.9965652378765214,0.999319582973568
1050,3,training_healthy,0.001454898157129,3,1323,0.74703,1.7199,0.97287,-2.4886,2.3909,0.7123981622502867,-22.704,29.695,7.16977320259956,-382.63,188.13,158.93621655328798,171.7397593012269,1.977038576129463e-05,0.001512595229700237,0.9845394963456415,5.108852763015749,0.9999999981287896,0.9999977561203068,0.990527906466742,0.9978799905420628
1050,3,training_healthy,0.001454898157129,4,1323,-1.6894,4.4941e-07,1.6894004494100001,-2.0756,2.072,1.2023313734381327,-27.728,14.611,5.689675599862679,-26.237,41.622,12.857608416477703,16.584188160688008,2.122453636344629e-05,0.002585803306089685,1.8057922444834082,1.7531667260026416,0.99999999952371,0.999997699487732,0.9482985220518644,0.9933136855060293
1050,3,training_healthy,0.001454898157129,5,1323,-1.4892,1.7243,3.2135,-3.9389,3.9382,2.4616921457243652,-30.904,39.886,12.26785081143952,-13.526,29.115,7.107498669690099,9.328197239955134,2.7702975139115045e-05,0.003914366246739849,2.6421640346799995,0.8173565038032296,0.9999999997418518,0.9999987480803638,0.9765320184159174,0.9943607461153962
1050,3,training_healthy,0.001454898157129,6,1323,-0.029794,2.2988,2.328594,-2.8057,2.8096,1.5736684437898112,-24.003,31.435,6.456180533663055,-5.4105,5.4421,2.959882692365835,3.141513883377026,2.6478309631759752e-05,0.0037265538627894827,2.8696876693093887,0.20193472953191619,0.9999999996351772,0.9999972079619665,0.8957862063046373,0.997732583098389
1050,4,training_healthy,0.0019398642095053,1,1323,-1.7458,2.3968e-06,1.7458023968,-2.1632,2.2041,1.064211931324936,-21.614,21.59,6.064394033355989,-203.72,258.63,46.48579944822374,66.19407694359039,1.6027566852768843e-05,0.0012067196782616929,0.45553759414983114,2.792957891987573,0.999999999699122,0.999999368697562,0.9971751006376367,0.9991077928723395
1050,4,training_healthy,0.0019398642095053,2,1323,-1.4697,-0.38264,1.0870600000000001,-2.5211,2.4343,0.9648189880744161,-13.888,28.344,6.643507852154971,-40.312,323.72,106.0954196749811,119.7047392558151,1.6842568272221498e-05,0.0008057519796024296,0.5370562340702155,2.127748017922176,0.9999999992021111,0.9999996629982165,0.9967275335062158,0.9993324541205516
1050,4,training_healthy,0.0019398642095053,3,1323,0.74703,1.7199,0.97287,-2.4884,2.3995,0.71239445820206,-21.969,30.027,7.169856890282028,-379.06,194.34,160.11265993953137,172.65229969403012,2.0173946839199366e-05,0.0015330985203073043,0.9616983153557482,4.837296941338164,0.9999999980518246,0.9999976944422172,0.9909646141112052,0.998099571510947
1050,4,training_healthy,0.0019398642095053,4,1323,-1.6894,1.5729e-06,1.6894015729,-2.075,2.0719,1.2023246745721952,-30.643,15.25,5.626750224828996,-25.676,41.419,13.074061768707484,16.798079626903068,2.1288284323403614e-05,0.0026174715531854125,1.5983286163532502,1.5824152844399417,0.9999999995208442,0.9999976428361391,0.9588070596764812,0.9947068995629879
1050,4,training_healthy,0.0019398642095053,5,1323,-1.4892,1.7243,3.2135,-3.9385,3.9385,2.461698630740078,-31.52,39.554,12.233043723477952,-13.564,29.268,7.063254640211641,9.312303796835229,2.7256474058557862e-05,0.003802124175797841,2.4724991523448074,0.7881708369305678,0.9999999997501061,0.9999988190819754,0.9793617085664894,0.9947943307054827
1050,4,training_healthy,0.0019398642095053,6,1323,-0.029794,2.2988,2.328594,-2.8096,2.8096,1.5736652828017623,-21.917,31.207,6.487049926767827,-5.5053,5.5158,2.99538447845805,3.162438773594512,2.6844523079902322e-05,0.003944451746863803,2.9383667112449907,0.2089854978686068,0.999999999625018,0.9999968707283872,0.8915322570818196,0.9975921173299123
1050,514,intermediate_unlabelled,0.2492725509214355,1,1323,-1.7458,3.5953e-06,1.7458035953,-2.1633,2.2045,1.0641891080359782,-21.329,21.661,6.060491331601293,-201.4,253.26,43.57905792139078,64.7940489008677,1.589507236595343e-05,0.0012347776099767766,0.4268591228843753,2.666060431524969,0.999999999704077,0.9999993386737592,0.9975169001724227,0.9991525747769054
1050,514,intermediate_unlabelled,0.2492725509214355,2,1323,-1.4697,-0.38266,1.08704,-2.5217,2.4338,0.9648315947346106,-14.101,28.392,6.644018481116759,-40.881,329.08,105.13514376417233,119.15990814000713,1.7116794985514833e-05,0.0008520153852150301,0.5410656448784473,2.267296009494061,0.9999999991759196,0.9999996215265727,0.9966789113736912,0.9992748290672478
1050,514,intermediate_unlabelled,0.2492725509214355,3,1323,0.74703,1.7199,0.97287,-2.4892,2.3832,0.7123533423905948,-21.803,29.482,7.166208423569152,-374.71,169.35,157.86544340136055,168.6697370690335,1.9739039527778845e-05,0.0014908339045723198,0.9703986062802118,4.991590013729472,0.9999999981348737,0.9999978196133066,0.9907901483377941,0.997669442946183
1050,514,intermediate_unlabelled,0.2492725509214355,4,1323,-1.6894,8.9882e-07,1.68940089882,-2.0756,2.0708,1.202342281181407,-26.235,14.273,5.627276721553548,-24.81,43.813,13.130862679516252,16.93148727443769,2.1698532614390296e-05,0.002601863190962117,1.5976603083325627,1.622770765295638,0.999999999502195,0.9999976703977317,0.9588501287666487,0.994554298862277
1050,514,intermediate_unlabelled,0.2492725509214355,5,1323,-1.4892,1.7243,3.2135,-3.9398,3.9405,2.461664631656816,-32.231,39.696,12.254336086080013,-12.8,28.122,6.888935760393046,8.968550728087328,2.7587350373937083e-05,0.00373099657945067,2.5799878522372834,0.7854261141352237,0.9999999997440013,0.999998863081318,0.9775861364054786,0.9941853125273037
1050,514,intermediate_unlabelled,0.2492725509214355,6,1323,-0.029794,2.2988,2.328594,-2.8055,2.8092,1.5737249391128123,-24.268,33.975,6.514206841960846,-5.4632,5.6737,3.0934474315948606,3.2911546040331414,2.616296629288076e-05,0.0037095037215889907,2.990148141762239,0.2057086201615285,0.9999999996438207,0.9999972340036796,0.888427178070288,0.9978597810169785
1050,515,intermediate_unlabelled,0.2497575169738118,1,1323,-1.7458,2.9961e-06,1.7458029961000001,-2.1634,2.2047,1.0641896166015086,-21.282,21.756,6.060537265068832,-201.97,253.26,44.37846676492819,64.89452902482289,1.599100613886736e-05,0.001227924789805965,0.42625548403355873,2.6515189387748386,0.9999999997004939,0.9999993460495202,0.9975239749398653,0.9991637112980912
1050,515,intermediate_unlabelled,0.2497575169738118,2,1323,-1.4697,-0.38264,1.0870600000000001,-2.5216,2.4339,0.9648363540499727,-14.694,28.558,6.642778117451941,-39.173,328.88,105.83259684807255,119.6461759942246,1.7091261357513562e-05,0.0008583082799148796,0.5273742097905315,2.2805030710596927,0.9999999991783778,0.9999996160405504,0.996843956913992,0.999260550907919
1050,515,intermediate_unlabelled,0.2497575169738118,3,1323,0.74703,1.7199,0.97287,-2.4884,2.3891,0.7123544329426487,-22.443,29.695,7.171195765711999,-368.5,181.46,156.87081849584277,167.80502590794782,1.9887893740981197e-05,0.0015174319441457315,1.0090675609340891,5.098324661658806,0.9999999981066379,0.9999977407659127,0.990051618197862,0.9975831598246312
1050,515,intermediate_unlabelled,0.2497575169738118,4,1323,-1.6894,8.9882e-07,1.68940089882,-2.0764,2.0721,1.2023438375293032,-25.56,14.486,5.624597198542647,-25.167,43.303,13.39067193121693,17.215133384163565,2.1122169826111048e-05,0.002639817151819747,1.5883546983562526,1.604914281967805,0.9999999995282886,0.9999976015545652,0.9592986670702346,0.9948578481705911
1050,515,intermediate_unlabelled,0.2497575169738118,5,1323,-1.4892,1.7243,3.2135,-3.94,3.9408,2.4616674269478436,-31.212,40.028,12.250442757057314,-12.991,28.351,6.846183159486016,8.949081049242587,2.7310490662129475e-05,0.0037601608948480796,2.565620357226334,0.7999769331416903,0.9999999997491139,0.9999988452655374,0.9778236556668894,0.9940155456245812
1050,515,intermediate_unlabelled,0.2497575169738118,6,1323,-0.029794,2.2988,2.328594,-2.8049,2.8101,1.57370145885304,-23.737,33.975,6.492065677525609,-5.2737,5.4632,3.0898758246409677,3.250985939300765,2.5702416937345433e-05,0.0036998360389888505,2.9446549511725104,0.20305641282843537,0.9999999996562482,0.9999972485046277,0.8912177585703771,0.9978399396152314
1050,516,intermediate_unlabelled,0.2502424830261882,1,1323,-1.7458,3.8949e-06,1.7458038949,-2.1631,2.2046,1.0641900927225865,-21.258,21.803,6.061343264462757,-199.69,252.49,43.58577159486017,64.79292165930615,1.6004986511529335e-05,0.001239341413369875,0.4383530313574731,2.634022808147296,0.9999999996999701,0.999999333348746,0.9973819345138117,0.9991728420961046
1050,516,intermediate_unlabelled,0.2502424830261882,2,1323,-1.4697,-0.38266,1.08704,-2.5222,2.4335,0.9648324268149323,-15.096,28.581,6.6434269095505645,-42.224,328.11,105.11507908541195,119.13783775304923,1.7357357670379947e-05,0.000840719340336483,0.5305732412534669,2.2527709195968333,0.9999999991525943,0.9999996321834311,0.9968061227565249,0.999284811658501
1050,516,intermediate_unlabelled,0.2502424830261882,3,1323,0.74703,1.7199,0.97287,-2.4892,2.3827,0.7123480457999859,-22.917,29.34,7.165992462465672,-372.85,170.59,157.78476868480726,168.59083541534065,1.9834711580878592e-05,0.0014764241724005036,0.9705873152744114,5.045013061240283,0.9999999981167422,0.9999978617594133,0.990786040014828,0.9976178908056857
1050,516,intermediate_unlabelled,0.2502424830261882,4,1323,-1.6894,8.9882e-07,1.68940089882,-2.075,2.0719,1.2023406792550633,-24.884,14.38,5.617156459011205,-24.25,42.794,13.007949727891157,16.794583363083845,2.0959020287678256e-05,0.002538238024157967,1.5620610570341458,1.5744553273434192,0.9999999995355479,0.9999977836179768,0.9605559734218938,0.9947797865716921
1050,516,intermediate_unlabelled,0.2502424830261882,5,1323,-1.4892,1.7243,3.2135,-3.9395,3.9392,2.461665475127815,-31.473,39.791,12.270421481305734,-13.144,28.275,6.895488978835979,8.981519977755719,2.735801024220949e-05,0.0037499861025876986,2.6566907470841423,0.8167179369613236,0.99999999974824,0.9999988515064262,0.9762801999776134,0.9937200614148719
1050,516,intermediate_unlabelled,0.2502424830261882,6,1323,-0.029795,2.2989,2.328695,-2.8061,2.8107,1.5737254322170489,-23.661,34.241,6.515088394273332,-5.3789,5.5263,3.0196442645502644,3.206396333311217,2.5963607674944044e-05,0.0037580854726879,2.9848555668831223,0.20819180870915197,0.9999999996492245,0.9999971607155926,0.888878467452663,0.9976791190633952
1050,517,intermediate_unlabelled,0.2507274490785645,1,1323,-1.7458,2.9961e-06,1.7458029961000001,-2.1632,2.2047,1.0641912742617212,-21.306,21.756,6.060847111423102,-200.62,253.26,44.434175812547245,64.9547993031915,1.6051160586892118e-05,0.0012192444229528784,0.42871537486437306,2.6142517465323354,0.9999999996982366,0.9999993552041911,0.9974955511335336,0.9991886290552476
1050,517,intermediate_unlabelled,0.2507274490785645,2,1323,-1.4697,-0.38264,1.0870600000000001,-2.5214,2.434,0.9648343437782351,-14.978,28.7,6.642959286953809,-39.173,327.74,105.84575826152685,119.62645722147099,1.7258206179810394e-05,0.0008300815845359556,0.5299935585275748,2.252197611899856,0.9999999991622477,0.9999996415997133,0.9968126540319745,0.9992756594923716
1050,517,intermediate_unlabelled,0.2507274490785645,3,1323,0.74703,1.7199,0.97287,-2.4891,2.3883,0.7123560579347459,-22.822,29.387,7.169402793674412,-370.05,181.15,157.50425133786848,168.30385765182245,1.982549795556284e-05,0.0015049609345368594,0.9944987820916203,5.086857933433267,0.9999999981184965,0.9999977788859087,0.9903332722669662,0.9975828644924063
1050,517,intermediate_unlabelled,0.2507274490785645,4,1323,-1.6894,1.1235e-06,1.6894011235,-2.075,2.0725,1.2023439553731794,-25.595,14.273,5.615670175256609,-24.861,43.202,13.287695272108845,17.1073190111142,2.1159885245379657e-05,0.0025844052223440747,1.5567482832554493,1.5698326630768904,0.9999999995266023,0.9999977017527433,0.9608081403369083,0.9950182158945129
1050,517,intermediate_unlabelled,0.2507274490785645,5,1323,-1.4892,1.7243,3.2135,-3.9402,3.9401,2.4616708525950064,-33.724,39.91,12.275688643166763,-12.838,28.122,6.825307339380196,8.950507930430565,2.7639693337928646e-05,0.003810140860947239,2.682064285901465,0.8277328953419095,0.9999999997430292,0.999998813979507,0.9758403030717538,0.993529580469886
1050,517,intermediate_unlabelled,0.2507274490785645,6,1323,-0.029794,2.2989,2.328694,-2.8064,2.8122,1.5737180497637695,-23.51,34.089,6.509347490066347,-5.2947,5.3158,3.053793584278156,3.2103264787949093,2.5451686891110218e-05,0.0036075913421358954,2.9754828877680057,0.20226514304352083,0.9999999996629214,0.9999973846128072,0.889411411522006,0.9977975173049188
1050,518,intermediate_unlabelled,0.2512124151309408,1,1323,-1.7458,3.5953e-06,1.7458035953,-2.1633,2.2046,1.0641916186011775,-21.211,21.803,6.060375394352105,-200.62,253.06,43.38766911564626,64.68977356174169,1.5980390774743567e-05,0.001215590834349286,0.4231880311272876,2.678327214473001,0.9999999997008914,0.9999993588086129,0.9975594340819413,0.9991419019771356
1050,518,intermediate_unlabelled,0.2512124151309408,2,1323,-1.4697,-0.38266,1.08704,-2.522,2.434,0.9648327721166362,-14.148,28.392,6.644091933939698,-40.719,328.31,105.16536459561603,119.19652097581626,1.71886685595629e-05,0.0008049923180344772,0.5376881230620795,2.234332777047819,0.9999999991689847,0.9999996634714376,0.9967204130134997,0.9992936414393196
1050,518,intermediate_unlabelled,0.2512124151309408,3,1323,0.74705,1.7199,0.97285,-2.4887,2.3827,0.7123452900031421,-22.088,29.695,7.165362754052119,-374.71,171.37,157.85129463340894,168.7680944473539,1.9784918558387273e-05,0.0014691551733334196,0.9636741506627766,5.043379671111825,0.9999999981261768,0.9999978834143018,0.9909157456029082,0.9976388232212865
1050,518,intermediate_unlabelled,0.2512124151309408,4,1323,-1.6894,8.9882e-07,1.68940089882,-2.0747,2.0711,1.202342316658195,-25.417,14.788,5.6260101850484165,-24.046,41.724,12.969063242630385,16.719125133452597,2.1317142855728365e-05,0.002517080802072102,1.5926968513319264,1.5946707890383274,0.9999999995195409,0.9999978208034149,0.9590920305619837,0.9945864602975232
1050,518,intermediate_unlabelled,0.2512124151309408,5,1323,-1.4892,1.7243,3.2135,-3.9399,3.9389,2.4616647624796215,-33.084,40.075,12.294006002365364,-13.067,28.351,6.8909058843537405,8.987995386109011,2.7094932715556982e-05,0.003805153847806272,2.762731793845989,0.8187908379360235,0.9999999997530585,0.9999988173339223,0.9744231326421007,0.9936680129209461
1050,518,intermediate_unlabelled,0.2512124151309408,6,1323,-0.029796,2.2988,2.328596,-2.8058,2.8096,1.5736895987899373,-22.448,32.838,6.483246548167574,-5.4316,5.4842,2.9391273310657597,3.1351150378938057,2.5280260351698403e-05,0.003815853214908851,2.925699120914244,0.21051758508990984,0.9999999996674448,0.9999970721738198,0.8923881572933909,0.9975342352429579
1050,1029,intermediate_unlabelled,0.4990300678952473,1,1323,-1.7458,1.7976e-06,1.7458017976,-2.1634,2.2046,1.0641977418120907,-21.258,21.756,6.060994154926467,-202.37,252.69,43.99019929705215,65.06537485775026,1.635174815555631e-05,0.0012300901372998274,0.42582908222858895,2.6491774917817064,0.999999999686829,0.9999993432684618,0.9975293434951062,0.9991699878357129
1050,1029,intermediate_unlabelled,0.4990300678952473,2,1323,-1.4697,-0.38266,1.08704,-2.5216,2.4332,0.9648401040951115,-14.504,28.439,6.643192232352084,-41.654,331.0,105.03573117157974,119.2058458520124,1.741998352479565e-05,0.0007918624092922738,0.5214221486811929,2.2226891806861677,0.9999999991464665,0.9999996754839972,0.9969152775213487,0.9993105899534205
1050,1029,intermediate_unlabelled,0.4990300678952473,3,1323,0.74703,1.7199,0.97287,-2.4895,2.379,0.7123410422598643,-22.751,29.34,7.163266805826379,-367.73,173.23,158.60180846560849,168.84001584189232,2.0000168264796704e-05,0.0014310028644618205,0.9533030613965021,4.998137495515444,0.9999999980851959,0.99999799199618,0.9911059116692492,0.9975747722533199
1050,1029,intermediate_unlabelled,0.4990300678952473,4,1323,-1.6894,1.1235e-06,1.6894011235,-2.0765,2.0717,1.202338358274382,-24.955,14.22,5.656255835295992,-23.842,41.826,12.831237116402118,16.421823073773837,2.106562989382494e-05,0.002570524996558738,1.6984489355202066,1.694136749774946,0.9999999995308095,0.9999977264062274,0.953851951323702,0.9935329875565372
1050,1029,intermediate_unlabelled,0.4990300678952473,5,1323,-1.4892,1.7243,3.2135,-3.9391,3.9383,2.4616734430535985,-31.07,40.099,12.288654770373377,-12.838,28.351,6.944667438397581,9.050571730941595,2.6655561008213166e-05,0.0037176786164322506,2.7424151406233115,0.806489001651245,0.9999999997610035,0.9999988714155716,0.974780529511616,0.9940134861378436
1050,1029,intermediate_unlabelled,0.4990300678952473,6,1323,-0.029792,2.2988,2.328592,-2.806,2.8108,1.5736620589467938,-23.699,32.838,6.536412798432976,-5.1789,5.1474,2.8339646092214665,3.0474590946052396,2.599498245251437e-05,0.0037697799445492244,3.044232657175381,0.2040033374547921,0.9999999996483727,0.9999971426641201,0.8849255762324084,0.9975680725007339
1050,1030,intermediate_unlabelled,0.4995150339476236,1,1323,-1.7458,1.498e-06,1.745801498,-2.1633,2.2046,1.0641994843410287,-21.329,21.803,6.060971815534483,-203.15,254.6,45.253257029478455,65.37440047231387,1.6132014897722586e-05,0.0012394622037313167,0.42433083179750775,2.6510989757445698,0.9999999996951878,0.9999993331818523,0.997546661075446,0.9991757786617963
1050,1030,intermediate_unlabelled,0.4995150339476236,2,1323,-1.4697,-0.38264,1.0870600000000001,-2.5207,2.4334,0.9648427538818504,-15.191,28.321,6.64342664491456,-42.061,333.11,105.89588897203325,119.800655166932,1.7442498869385058e-05,0.0008626225181016216,0.5299966624293168,2.36102381154269,0.9999999991442614,0.999999611969575,0.9968130690493116,0.9992131334919695
1050,1030,intermediate_unlabelled,0.4995150339476236,3,1323,0.74702,1.7199,0.97288,-2.4891,2.3839,0.7123397155746193,-22.657,29.553,7.164409381331373,-362.29,179.13,157.37493897959183,167.67092384977192,1.997352082754924e-05,0.0014350271700455828,0.9661338524401601,4.909656518309176,0.9999999980903008,0.9999979818284971,0.9908665594179401,0.9976473269150253
1050,1030,intermediate_unlabelled,0.4995150339476236,4,1323,-1.6894,1.1235e-06,1.6894011235,-2.0761,2.0722,1.202340332993295,-23.889,14.54,5.618701456802591,-24.607,42.794,13.09509456160242,16.698587088151275,2.134343964783409e-05,0.0026206272041038466,1.5670470267576437,1.57654745691266,0.9999999995183536,0.9999976365240292,0.9603208593848401,0.9946031500563839
1050,1030,intermediate_unlabelled,0.4995150339476236,5,1323,-1.4892,1.7243,3.2135,-3.9386,3.9383,2.461676737889671,-30.667,40.265,12.27128031488639,-12.953,28.351,6.8797204618291765,9.010512086133858,2.663871343551277e-05,0.003731485051110241,2.6647796913238357,0.7982031419148983,0.9999999997613062,0.9999988629701235,0.9761371356908689,0.9941656402596126
1050,1030,intermediate_unlabelled,0.4995150339476236,6,1323,-0.029794,2.2988,2.328594,-2.8055,2.8101,1.5736674102376753,-22.827,32.989,6.484212034974933,-4.9789,5.1474,2.979822603174603,3.1267505044598907,2.5958766505712557e-05,0.003691101999270574,2.9307119051810084,0.20147006528584988,0.9999999996493513,0.9999972613220944,0.8920306595090735,0.9976839849435206
1050,1031,intermediate_unlabelled,0.5,1,1323,-1.7458,1.7976e-06,1.7458017976,-2.1633,2.2046,1.0641982272945514,-21.353,21.614,6.062327505690092,-200.83,252.85,44.06160061980348,65.16970370997213,1.6301103446825896e-05,0.001271465066410763,0.44426790209356887,2.7041053771858476,0.9999999996887662,0.9999992971640927,0.9973116118816633,0.9991382405962038
1050,1031,intermediate_unlabelled,0.5,2,1323,-1.4697,-0.38266,1.08704,-2.5214,2.4329,0.9648396944822072,-13.888,28.321,6.64541985637631,-42.061,333.88,105.09889030990175,119.27599706140991,1.7379294140908527e-05,0.0008598981526215246,0.5523393457807144,2.313376831861592,0.9999999991504492,0.9999996147002054,0.9965402622025645,0.9992554886391173
1050,1031,intermediate_unlabelled,0.5,3,1323,0.74703,1.7199,0.97287,-2.4898,2.3798,0.7123412360895431,-21.78,29.198,7.160735976587357,-367.26,173.7,158.0521664399093,168.44851368448934,1.971453455115636e-05,0.0014487052644867936,0.9345871483635433,5.020258711417962,0.9999999981394968,0.999997940735823,0.9914472064316123,0.997565774236327
1050,1031,intermediate_unlabelled,0.5,4,1323,-1.6894,1.1235e-06,1.6894011235,-2.0748,2.0709,1.2023388969857005,-23.711,14.575,5.638474380892506,-23.333,42.896,12.824891594860166,16.45086234451574,2.1243391963927237e-05,0.002575715379290252,1.6382530593371274,1.6367276267900313,0.999999999522858,0.9999977173720342,0.9568603201219057,0.9940139776324799
1050,1031,intermediate_unlabelled,0.5,5,1323,-1.4892,1.7243,3.2135,-3.939,3.9391,2.461673130851317,-32.421,39.412,12.288564858980138,-12.915,28.58,6.941085894935751,9.053398277158928,2.7054232000747212e-05,0.003758513442277942,2.740440417232646,0.7915650591199153,0.9999999997538007,0.9999988461699252,0.9748169398340992,0.9942566744542308
1050,1031,intermediate_unlabelled,0.5,6,1323,-0.029792,2.2989,2.328692,-2.8046,2.8118,1.5737110969816523,-23.851,33.748,6.554440151218599,-5.2526,5.3579,2.913807662131519,3.104045987207989,2.561222355274452e-05,0.003761656823723989,3.0727764891661353,0.20500231321081128,0.9999999996586525,0.9999971549841887,0.8833008735779257,0.9976105474074234
1050,1032,intermediate_unlabelled,0.5004849660523764,1,1323,-1.7458,1.498e-06,1.745801498,-2.1634,2.2046,1.0641993138414627,-21.187,21.732,6.062035549468004,-201.4,253.83,45.06480724111867,65.40465339472262,1.5991298707455594e-05,0.001261526162872511,0.43963204526733773,2.653768752706636,0.9999999997004837,0.9999993089524003,0.9973671901205092,0.9991753954623347
1050,1032,intermediate_unlabelled,0.5004849660523764,2,1323,-1.4697,-0.38264,1.0870600000000001,-2.5209,2.4332,0.9648458333634572,-15.168,28.676,6.643642223726185,-42.061,334.09,105.88511902494331,119.8270191975158,1.7341690212828076e-05,0.000843951715838375,0.5313442430222268,2.3340426401373446,0.9999999991541241,0.9999996293740794,0.9967970024863765,0.9992392626931901
1050,1032,intermediate_unlabelled,0.5004849660523764,3,1323,0.74703,1.7199,0.97287,-2.4894,2.3832,0.7123388833627881,-22.538,29.648,7.163897308306892,-363.84,178.82,158.09128427815568,168.32185236646708,2.015603804870743e-05,0.001459854750861682,0.9613504122405598,5.005109783146035,0.9999999980552408,0.9999979116153574,0.9909559045929486,0.9975552543084785
1050,1032,intermediate_unlabelled,0.5004849660523764,4,1323,-1.6894,1.3482e-06,1.6894013482,-2.0764,2.072,1.202341453022677,-23.551,14.842,5.626535515062843,-24.199,42.998,13.07961208994709,16.707429507678,2.1106177457399243e-05,0.0026258524511335265,1.5948715230236403,1.603833725358521,0.9999999995290021,0.9999976267655084,0.958985702057916,0.9944302154551191
1050,1032,intermediate_unlabelled,0.5004849660523764,5,1323,-1.4892,1.7243,3.2135,-3.9387,3.9391,2.46167752657272,-32.326,40.312,12.302762663891663,-12.991,28.389,6.901402990929706,9.034537949234858,2.763015844272635e-05,0.0037764418145408134,2.803924256211174,0.8192359368006445,0.9999999997432073,0.9999988348996093,0.973682362483731,0.9938957032502913
1050,1032,intermediate_unlabelled,0.5004849660523764,6,1323,-0.029793,2.2989,2.3286930000000003,-2.8063,2.8077,1.5737147010927945,-23.51,32.914,6.513453739150054,-5.0842,5.1789,3.059496767951625,3.1958757108940765,2.585290209799291e-05,0.003708159892252715,2.9863732687805338,0.2000224035071579,0.9999999996522083,0.9999972361809397,0.8886988233988687,0.9977957224864445
1050,1033,intermediate_unlabelled,0.5009699321047527,1,1324,-1.7458,1.7976e-06,1.7458017976,-2.1633,2.2046,1.0637946853705653,-21.306,21.709,6.0597742618261705,-201.6,252.49,43.93043151057402,65.08566897119987,1.6257335925965044e-05,0.00125359801561153,0.44241145825856143,2.6582146026960745,0.999999999690408,0.9999993170539053,0.997331777684458,0.9991651162939845
1050,1033,intermediate_unlabelled,0.5009699321047527,2,1324,-1.4697,-0.38266,1.08704,-2.5216,2.433,0.9644705420761971,-15.002,28.439,6.642142459364121,-41.492,331.77,105.0119425755287,119.12646870091145,1.7416035377289027e-05,0.000836913584278077,0.5445618413102248,2.2762497946149187,0.9999999991462124,0.9999996352142236,0.9966338657516738,0.9992742136173723
1050,1033,intermediate_unlabelled,0.5009699321047527,3,1324,0.74702,1.7199,0.97288,-2.4896,2.3796,0.7120789674101332,-21.732,29.198,7.16196489449558,-368.5,171.68,158.15739410876134,168.75341264848308,1.97255634349872e-05,0.0014440898842440551,0.9632483523372461,4.968660407738312,0.9999999981403586,0.9999979524750806,0.9909151732856039,0.9976523767859816
1050,1033,intermediate_unlabelled,0.5009699321047527,4,1324,-1.6894,1.1235e-06,1.6894011235,-2.0752,2.0718,1.201883501162788,-24.209,14.611,5.632663405679604,-23.384,42.285,12.88500417673716,16.51863397694362,2.1076623516247754e-05,0.002571616047569608,1.6243335178679263,1.624954077877226,0.9999999995303083,0.9999977229495286,0.9575170108994925,0.9941427193552388
1050,1033,intermediate_unlabelled,0.5009699321047527,5,1324,-1.4892,1.7243,3.2135,-3.9392,3.9392,2.460744299520816,-32.113,40.407,12.289589742657641,-13.067,28.313,6.945084092900301,9.071860745158935,2.7103613500662796e-05,0.0037452522052115766,2.765691713738348,0.7829677820908422,0.999999999752749,0.9999988535269313,0.9743489058659011,0.9943809880784535
1050,1033,intermediate_unlabelled,0.5009699321047527,6,1324,-0.029792,2.2988,2.328592,-2.8065,2.8086,1.5730940479976003,-23.699,34.43,6.52668206705947,-5.1474,5.4632,2.8996974569486405,3.105358898561134,2.697137448660799e-05,0.003755180530609282,3.026126400078336,0.2074608442008921,0.9999999996214421,0.9999971630464503,0.8860170595295835,0.9975674455214774
1050,1544,intermediate_unlabelled,0.7487875848690592,1,1323,-1.7458,1.7976e-06,1.7458017976,-2.1634,2.2046,1.0641993507620344,-21.258,21.709,6.061689330074398,-199.28,250.58,43.07265330309902,64.7968944419416,1.6108439008754746e-05,0.0012629419746936679,0.4329325371992588,2.6881028506454,0.9999999996960787,0.9999993069008744,0.9974466883990173,0.9991387326705594
1050,1544,intermediate_unlabelled,0.7487875848690592,2,1323,-1.4697,-0.38266,1.08704,-2.5223,2.4329,0.9648296633305914,-14.599,28.463,6.644110570298095,-42.061,330.63,105.38989831443688,119.40104126772657,1.744433157630156e-05,0.0008316320795438758,0.5315402561649611,2.275739269501275,0.9999999991440764,0.9999996402306522,0.9967951012118812,0.9992661642360864
1050,1544,intermediate_unlabelled,0.7487875848690592,3,1323,0.74703,1.7199,0.97287,-2.4894,2.3791,0.7123216694001209,-22.87,29.458,7.160442556524949,-364.16,169.81,158.54440937263794,168.10578482348637,1.9910918116174094e-05,0.0014242024659219166,0.9358071139141549,4.913198192981025,0.9999999981022428,0.9999980117419889,0.9914240486492353,0.9975212308307277
1050,1544,intermediate_unlabelled,0.7487875848690592,4,1323,-1.6894,1.1235e-06,1.6894011235,-2.0756,2.0723,1.2023278345965231,-24.102,14.522,5.717072083684193,-22.212,40.909,12.21373596371882,15.695305391935324,2.152468595213597e-05,0.002818714013816197,1.891888882664911,1.8481316836766637,0.9999999995101357,0.9999972636756261,0.9436593598957806,0.9914293944226202
1050,1544,intermediate_unlabelled,0.7487875848690592,5,1323,-1.4892,1.7243,3.2135,-3.9401,3.9394,2.461683566854922,-31.899,39.791,12.299210428394646,-13.106,28.733,7.008354197278912,9.17447472292824,2.7793642316694874e-05,0.003837962366981934,2.7866195730902676,0.8344928730999477,0.9999999997401602,0.9999987965454453,0.9739952890170338,0.9938128429241769
1050,1544,intermediate_unlabelled,0.7487875848690592,6,1323,-0.029794,2.2988,2.328594,-2.8075,2.8096,1.5736514189817747,-23.699,30.259,6.496180886290969,-5.3158,5.1053,2.7771886734693876,2.988987219476304,2.6322610525818082e-05,0.003732557808056344,2.9591823519430656,0.20266992611713655,0.9999999996394511,0.999997199184777,0.8902232004661427,0.9975050744738005
1050,1545,intermediate_unlabelled,0.7492725509214355,1,1323,-1.7458,1.7976e-06,1.7458017976,-2.1633,2.2046,1.0641996032598238,-21.519,21.922,6.062110397582845,-199.48,252.08,43.868796598639456,64.93224684279552,1.584057308855958e-05,0.0012722843192910652,0.43833004072339526,2.6485197718647258,0.9999999997061023,0.9999992968739831,0.9973828629582302,0.9991668291827872
1050,1545,intermediate_unlabelled,0.7492725509214355,2,1323,-1.4697,-0.38264,1.0870600000000001,-2.5213,2.4331,0.9648379671453408,-14.883,28.439,6.64349624211994,-39.742,331.97,106.38070281934996,120.10624001266,1.7071124625661556e-05,0.0007982480249567646,0.5285290356468265,2.229722469569252,0.9999999991803145,0.9999996697780886,0.996830782854438,0.9992889689595369
1050,1545,intermediate_unlabelled,0.7492725509214355,3,1323,0.74704,1.7199,0.97286,-2.4895,2.3816,0.7123269005795219,-22.562,29.316,7.161836370669151,-360.59,174.78,158.4329308919123,167.91992417192174,1.9906731053883915e-05,0.0014591113583276513,0.9452088157142409,4.908844146421488,0.9999999981030472,0.9999979140096003,0.9912533638615754,0.9975155869000915
1050,1545,intermediate_unlabelled,0.7492725509214355,4,1323,-1.6894,1.1235e-06,1.6894011235,-2.0767,2.0719,1.2023293218410565,-23.907,14.913,5.704865968612222,-22.008,41.011,12.445006783824642,15.881232823491501,2.16565077681702e-05,0.0028248517356798063,1.8539975065512087,1.7888970587787207,0.9999999995041187,0.9999972518743125,0.94571936257742,0.9921301620113065
1050,1545,intermediate_unlabelled,0.7492725509214355,5,1323,-1.4892,1.7243,3.2135,-3.9396,3.9385,2.4616966616735967,-30.904,39.673,12.29254862488704,-12.838,28.962,6.969687969009827,9.160849725139592,2.717820509577498e-05,0.0037639848174489507,2.7651696634127942,0.824184548205836,0.9999999997515387,0.9999988430652349,0.9743712186518901,0.9940270158114399
1050,1545,intermediate_unlabelled,0.7492725509214355,6,1323,-0.029794,2.2988,2.328594,-2.8088,2.809,1.573653032131335,-22.675,34.392,6.51302146815377,-5.1053,5.3368,2.85508183824641,3.019552132178334,2.6587804641843353e-05,0.003763020583530624,2.995714288032982,0.20261914324666547,0.9999999996321507,0.9999971529997056,0.8879417992531109,0.9975126822793731
1050,1546,intermediate_unlabelled,0.7497575169738119,1,1323,-1.7458,1.7976e-06,1.7458017976,-2.1634,2.2046,1.0641997918344228,-21.258,21.756,6.062179915453773,-199.69,251.31,42.999493303099015,64.78471196466221,1.6193081614403494e-05,0.0012670061596501477,0.43981033169843897,2.702575232608471,0.9999999996928762,0.9999993023180076,0.9973652198462214,0.9991291953202254
1050,1546,intermediate_unlabelled,0.7497575169738119,2,1323,-1.4697,-0.38266,1.08704,-2.5223,2.4329,0.9648332563150245,-14.172,28.51,6.643227523710963,-40.719,330.22,105.39589491307632,119.3199799479584,1.6885843713918675e-05,0.0007947306320979698,0.5222143873847432,2.1907515407875424,0.9999999991980095,0.999999672556735,0.9969059255979238,0.9993148519986866
1050,1546,intermediate_unlabelled,0.7497575169738119,3,1323,0.74703,1.7199,0.97287,-2.4892,2.3782,0.7123260433934864,-22.917,29.34,7.162500139306984,-363.84,169.81,158.36209531368104,168.04173707267108,1.9945990565465437e-05,0.001432410940159841,0.9496417662709209,4.9606386656626755,0.9999999980955532,0.9999979882931688,0.9911725328611384,0.997493869811177
1050,1546,intermediate_unlabelled,0.7497575169738119,4,1323,-1.6894,1.1235e-06,1.6894011235,-2.0763,2.0722,1.2023260164497407,-24.902,14.717,5.767440018951467,-22.11,41.826,12.32987567649282,15.819010402087375,2.2956751277892566e-05,0.002945187095297758,2.0378873701485802,1.966429198728678,0.9999999994427834,0.9999970113605647,0.9354940156531377,0.9904579044028601
1050,1546,intermediate_unlabelled,0.7497575169738119,5,1323,-1.4892,1.7243,3.2135,-3.94,3.9387,2.4616872446840734,-31.165,39.933,12.29909764400833,-13.335,28.657,7.022365553287983,9.207617198570441,2.7615287309725645e-05,0.0038297229579861516,2.78640850751633,0.8226803823747321,0.9999999997434842,0.9999988019119807,0.9739987843891519,0.9940531756681378
1050,1546,intermediate_unlabelled,0.7497575169738119,6,1323,-0.029794,2.2989,2.328694,-2.8045,2.8122,1.5736729988680316,-22.486,31.928,6.498010572142896,-5.0526,5.1158,2.8060873696145125,3.0119529933292983,2.5712292101723892e-05,0.00364972295948593,2.956511311957175,0.20310323042785214,0.9999999996559775,0.9999973224650744,0.8904989076486123,0.997527615600612
1050,1547,intermediate_unlabelled,0.7502424830261881,1,1323,-1.7458,1.7976e-06,1.7458017976,-2.1636,2.2046,1.0641985651885308,-21.329,21.851,6.061806893164481,-200.46,251.51,43.198982464096744,64.83638210091449,1.6243232224150354e-05,0.0012672115829588434,0.4367698996615442,2.736702496226456,0.9999999996909709,0.9999993019406849,0.9974012610196359,0.999108332606928
1050,1547,intermediate_unlabelled,0.7502424830261881,2,1323,-1.4697,-0.38266,1.08704,-2.522,2.4328,0.9648288927419245,-14.243,28.605,6.64542912852871,-41.492,332.34,105.17978182917612,119.19242427009053,1.7623394106867082e-05,0.0008430995653144138,0.5517047767260661,2.286574399054204,0.9999999991264151,0.999999630109623,0.9965482372571793,0.9992580254452625
1050,1547,intermediate_unlabelled,0.7502424830261881,3,1323,0.74702,1.7199,0.97288,-2.4899,2.3778,0.7123267848950289,-21.661,29.506,7.158426738192192,-363.07,167.8,158.72608306878308,168.18148742741286,1.964099571671996e-05,0.0014294477669875257,0.921756728870085,4.900592044849539,0.9999999981533505,0.9999979948743971,0.991676030995685,0.9975177311287206
1050,1547,intermediate_unlabelled,0.7502424830261881,4,1323,-1.6894,1.1235e-06,1.6894011235,-2.0768,2.0729,1.2023307024550263,-23.036,15.588,5.681150507224025,-22.925,41.724,12.335141424792138,15.857378901246568,2.2226613511039708e-05,0.0028054908147509255,1.7785557775776635,1.7716930958480273,0.9999999994776663,0.9999972897685065,0.9497327624097409,0.9923201830226677
1050,1547,intermediate_unlabelled,0.7502424830261881,5,1323,-1.4892,1.7243,3.2135,-3.94,3.9389,2.4616937463586197,-30.738,40.502,12.320180070385698,-13.106,28.81,7.05813889569161,9.259517510451838,2.777976108692529e-05,0.0038446303700582574,2.879216019330503,0.8296483203147705,0.9999999997404193,0.9999987923660689,0.9723090991515929,0.9940472308624851
1050,1547,intermediate_unlabelled,0.7502424830261881,6,1323,-0.029794,2.2989,2.328694,-2.8071,2.8112,1.5737005796352972,-23.206,30.828,6.510345206076448,-5.1789,5.1474,2.8390510733182164,3.042181017353099,2.4896324016108588e-05,0.0036864911044678286,2.9817020238364162,0.1952989758188505,0.999999999677467,0.9999972680364763,0.8889558752020096,0.9977529109662345
1050,1548,intermediate_unlabelled,0.7507274490785645,1,1323,-1.7458,1.7976e-06,1.7458017976,-2.1633,2.2047,1.0641999073089636,-21.353,21.709,6.060532861518204,-200.83,252.28,43.37607063492063,64.87747207632152,1.6030558461267716e-05,0.0012429964993669654,0.4204916008433703,2.635316225503192,0.9999999996990103,0.9999993290389727,0.9975905674134224,0.9991740126322891
1050,1548,intermediate_unlabelled,0.7507274490785645,2,1323,-1.4697,-0.38266,1.08704,-2.5216,2.4326,0.9648350274730276,-14.859,28.652,6.643568970760097,-42.427,332.34,105.43025271352987,119.49159392949102,1.745171556549048e-05,0.0007871043530144376,0.5275203119207728,2.1823854385840593,0.9999999991433519,0.9999996792112386,0.9968429398048301,0.9993318095868333
1050,1548,intermediate_unlabelled,0.7507274490785645,3,1323,0.74701,1.7199,0.97289,-2.4898,2.3777,0.7123265744081951,-22.988,29.6,7.160337554884279,-363.07,169.35,158.32004089191233,168.03833720265015,1.9860772501627363e-05,0.0014307736475881875,0.9357212018194405,4.923259337729883,0.9999999981117925,0.9999979931284936,0.9914253842650124,0.9975352831575082
1050,1548,intermediate_unlabelled,0.7507274490785645,4,1323,-1.6894,1.1235e-06,1.6894011235,-2.076,2.0727,1.202326802597954,-23.658,14.699,5.7029071879993944,-21.754,42.386,12.336416817838247,15.835417035576704,2.233222112154477e-05,0.002851075835111619,1.8479845448094705,1.8133849816566494,0.9999999994726899,0.9999972004204121,0.9460428278354822,0.9919233024195888
1050,1548,intermediate_unlabelled,0.7507274490785645,5,1323,-1.4892,1.7243,3.2135,-3.9391,3.9377,2.4616883269050716,-30.975,39.696,12.289391855510605,-13.335,29.115,7.039921216931217,9.234181457142613,2.7433464269381853e-05,0.0037870863399092555,2.743036728382995,0.8131514650577566,0.9999999997468512,0.9999988287403022,0.9747720155017918,0.9942295433301508
1050,1548,intermediate_unlabelled,0.7507274490785645,6,1323,-0.029791,2.2989,2.328691,-2.8051,2.8123,1.5736581094157915,-24.23,33.482,6.537735736815264,-5.1579,5.1368,2.7745469327286467,3.0067573259146414,2.658233493733676e-05,0.003759001209072065,3.048960396713531,0.2028691721819861,0.9999999996323032,0.9999971588202297,0.8845941769675459,0.9975487332952664
1050,2058,faulty_evident,0.9980601357904948,1,1326,-1.7458,1.498e-06,1.745801498,-2.163,2.2044,1.0630019611996704,-21.637,21.566,6.0573117212598016,-198.71,251.31,43.99536924585219,64.8438929786671,1.5623948509535952e-05,0.0011743965505530316,0.45009778601496236,2.687706019710768,0.9999999997140071,0.9999994008729569,0.9972358612914565,0.9991393860560461
1050,2058,faulty_evident,0.9980601357904948,2,1326,-1.4697,-0.38265,1.08705,-2.527,2.4339,0.9637332577195975,-14.575,28.344,6.643697537711145,-61.831,320.46,107.21782076168928,119.7819499266552,1.744466943636004e-05,0.0010036757178526962,0.5552556373803689,2.553634970778859,0.9999999991449444,0.9999994696034795,0.9965018287366966,0.9990208573189785
1050,2058,faulty_evident,0.9980601357904948,3,1326,0.74698,1.7199,0.97292,-2.489,2.424,0.7117987202381968,-22.372,29.458,7.1952260786460895,-428.26,231.59,159.12516749622927,179.22194618463743,2.1823128753713648e-05,0.0020131451197886287,0.9913642017310145,6.615127078554601,0.9999999977157326,0.999996008660126,0.9904642466644246,0.9975767771656722
1050,2058,faulty_evident,0.9980601357904948,4,1326,-1.6894,2.247e-06,1.689402247,-2.0741,2.0718,1.200963362639562,-30.821,15.428,5.724078386517403,-22.823,39.992,11.731664166666667,15.120771222698892,2.1076394458783782e-05,0.0026828934325162277,1.9295285072791184,1.8170024745339657,0.9999999995302984,0.9999975156983244,0.9414727795337048,0.990785313925149
1050,2058,faulty_evident,0.9980601357904948,5,1326,-1.4892,1.7243,3.2135,-3.9385,3.9397,2.4588925046679324,-31.97,40.052,12.293867002170915,-11.921,31.713,6.878124555806938,8.99376897429307,3.561306805299879e-05,0.00535839328591184,2.7584326132196315,1.1061170513796046,0.9999999995737715,0.9999976373915095,0.974503579317485,0.9888473302748012
1050,2058,faulty_evident,0.9980601357904948,6,1326,-0.029795,2.2988,2.328595,-2.8069,2.8128,1.5717880552102383,-21.5,30.487,6.564732453468847,-4.4842,4.6842,2.7249585535444947,2.824540919781776,2.5234953146632563e-05,0.004038112065181333,3.1190759648968274,0.21075067973450073,0.9999999996685898,0.9999967118155709,0.8799183474873351,0.9968410410621491
1050,2059,faulty_evident,0.998545101842871,1,1326,-1.7458,2.3968e-06,1.7458023968,-2.163,2.2045,1.0630012317837747,-21.614,21.519,6.057853333217807,-198.14,250.37,42.994075233785814,64.58426013407805,1.5791414801863e-05,0.0012425687729684506,0.45780261993327426,2.7810056619305588,0.9999999997083112,0.9999993279656004,0.9971407910232151,0.9990719273005209
1050,2059,faulty_evident,0.998545101842871,2,1326,-1.4697,-0.38266,1.08704,-2.5269,2.4337,0.9637242303983983,-14.694,28.178,6.643197281074241,-59.919,319.12,106.46054892156862,119.31910488074259,1.7608485970214518e-05,0.0010502436406519854,0.5614771699392452,2.671910107740671,0.9999999991290206,0.9999994182095302,0.9964223029408152,0.9989307656285458
1050,2059,faulty_evident,0.998545101842871,3,1326,0.74702,1.7199,0.97288,-2.4888,2.4243,0.7116809910352724,-24.624,29.269,7.217355005631585,-434.94,231.59,160.37807714932126,180.14641427538749,2.2054044870994862e-05,0.0021474001297579997,1.0552004280819895,6.82434177445829,0.9999999976690574,0.9999954576633372,0.9892562622471001,0.997410703207328
1050,2059,faulty_evident,0.998545101842871,4,1326,-1.6894,8.9882e-07,1.68940089882,-2.0738,2.0723,1.2009619517451384,-30.323,15.073,5.747376356381074,-25.269,39.89,11.582251270739066,14.94143943663391,2.0510406768238743e-05,0.0027155325788737724,1.9978381160656136,1.9051892578648124,0.9999999995553,0.9999974547086269,0.9376399481447183,0.9895536444712442
1050,2059,faulty_evident,0.998545101842871,5,1326,-1.4892,1.7243,3.2135,-3.9398,3.9392,2.459056181309942,-31.994,40.526,12.241543251419259,-11.768,29.497,6.938812457013575,9.052622607500924,3.659091419833321e-05,0.005422414285710212,2.6957304506377593,1.1256625268959153,0.9999999995500617,0.9999975805042527,0.9754527643984948,0.9884095509346987
1050,2059,faulty_evident,0.998545101842871,6,1326,-0.029795,2.2988,2.328595,-2.8072,2.8157,1.5717712550709932,-23.623,32.876,6.622099158017991,-4.3684,4.8211,2.6738433257918555,2.799072243459438,2.5874334293472414e-05,0.004207470925439809,3.2417842151145586,0.21796607473474,0.9999999996518206,0.9999964295597796,0.8719813247727356,0.9966000157083441
1050,2060,faulty_evident,0.9990300678952472,1,1330,-1.7459,1.498e-06,1.745901498,-2.1628,2.2046,1.0613494421418417,-21.661,21.472,6.055874469659903,-196.8,249.8,43.35968895488722,64.58109850630295,1.6025670496371295e-05,0.0012561754485547613,0.46515449408323506,2.6852032678392517,0.9999999997000607,0.9999993116289548,0.9970460649029012,0.9991343258363793
1050,2060,faulty_evident,0.9990300678952472,2,1330,-1.4697,-0.38265,1.08705,-2.5268,2.4334,0.9623039054474483,-14.101,28.676,6.632124778485634,-63.376,319.69,107.10113472180451,119.65452571556088,1.7585521831004774e-05,0.0010064531690117248,0.5541688075935896,2.596473150911202,0.9999999991329899,0.999999464377642,0.9965033625164041,0.9989854023433313
1050,2060,faulty_evident,0.9990300678952472,3,1330,0.74674,1.7199,0.97316,-2.4892,2.4238,0.7107533034598827,-22.941,29.269,7.186321137662924,-433.39,233.46,160.17805120300753,180.09711596316828,2.15963626484768e-05,0.0020972637420602906,1.005085399168028,6.72126684856244,0.9999999977632605,0.9999956570573838,0.9901728391531569,0.9974969598454662
1050,2060,faulty_evident,0.9990300678952472,4,1330,-1.6894,2.247e-06,1.689402247,-2.0747,2.0714,1.1991878456645826,-30.981,14.788,5.780899895923883,-25.982,39.788,11.680866958646616,15.053972023014644,2.1620387310282495e-05,0.0028048644384763115,2.1253320990802402,1.945706465834886,0.9999999995063973,0.9999972763211619,0.9299656203230987,0.9892891513936265
1050,2060,faulty_evident,0.9990300678952472,5,1330,-1.4892,1.7243,3.2135,-3.9392,3.9395,2.455234096469345,-32.326,40.905,12.270748304343384,-11.73,33.547,6.910021961654135,9.054242246331393,3.6677165220340665e-05,0.0054511773652335975,2.7566698807109837,1.1231694864526562,0.9999999995487548,0.9999975471766325,0.974439339182729,0.9886546399952683
1050,2060,faulty_evident,0.9990300678952472,6,1330,-0.029795,2.2988,2.328595,-2.8083,2.8139,1.5693899572682497,-22.903,30.714,6.553581052971456,-4.3053,4.8316,2.72531732481203,2.8247319977845424,2.6458520956057908e-05,0.004163235907125283,3.106488669443865,0.21327135814345327,0.9999999996363692,0.9999964934544718,0.8805180892608131,0.9967680063939509
1050,2061,faulty_evident,0.9995150339476236,1,1326,-1.7458,1.7976e-06,1.7458017976,-2.1626,2.2048,1.062862447239412,-21.661,21.519,6.076735796922677,-198.71,250.58,42.74664226244343,64.65966433997431,1.6253578334614392e-05,0.0011989858737283194,0.4546815704634266,2.692538479689142,0.9999999996907989,0.9999993760471484,0.9971971396790482,0.9991320175893174
1050,2061,faulty_evident,0.9995150339476236,2,1326,-1.4698,-0.38266,1.08714,-2.527,2.4333,0.9637801444038111,-14.48,28.415,6.639097103683148,-60.854,320.05,106.62644346153846,119.4237736045462,1.7249367882021562e-05,0.001020404620739703,0.564594856140204,2.6333674780573446,0.9999999991647786,0.9999994510591679,0.9963779081953485,0.9989663668395511
1050,2061,faulty_evident,0.9995150339476236,3,1326,0.74624,1.7199,0.97366,-2.4879,2.4229,0.7118419579082506,-24.363,28.961,7.196681321745,-441.61,231.9,160.3415790346908,179.7790324784824,2.0991927019874617e-05,0.002129054787930427,1.0340350373700704,6.691829725439072,0.9999999978928004,0.9999955377206452,0.9896255747362767,0.9974730021735985
1050,2061,faulty_evident,0.9995150339476236,4,1326,-1.6902,8.9882e-07,1.69020089882,-2.0747,2.0715,1.2010495854028187,-30.821,15.339,5.735528269832282,-23.537,39.126,11.543372963800904,14.910563649415948,2.1723683804777577e-05,0.0027346593422299917,2.0045941042191378,1.9262545517457341,0.9999999995023764,0.9999974191739119,0.9369349370814102,0.9893026311868934
1050,2061,faulty_evident,0.9995150339476236,5,1326,-1.4892,1.7248,3.2140000000000004,-3.9392,3.9397,2.459025924063984,-32.421,40.668,12.24131243269346,-11.998,33.242,6.941244573906485,9.050168449987133,3.7162942582188145e-05,0.005623584957024809,2.590111176013408,1.0807197996748854,0.9999999995366211,0.9999973968490776,0.9773598597033961,0.9893241538030756
1050,2061,faulty_evident,0.9995150339476236,6,1326,-0.029795,2.2988,2.328595,-2.8086,2.8135,1.5717337728892455,-25.102,28.667,6.538337319236369,-4.3474,4.8211,2.6901561553544493,2.8112467079500365,2.5850741553374954e-05,0.0041057681468269465,3.0385500391249463,0.2130401235150189,0.9999999996529108,0.9999966000190765,0.8854540814552266,0.9967743445875928
1050,2062,faulty_evident,1.0,1,1325,-1.7458,1.7976e-06,1.7458017976,-2.1628,2.2045,1.063399289587002,-21.803,21.495,6.059820085519144,-196.23,249.8,42.4497467773585,64.43135694461172,1.5812100710770175e-05,0.0012173275816228359,0.4595505012809579,2.6728487500225344,0.9999999997071042,0.9999993561683413,0.9971207424285043,0.9991387090977238
1050,2062,faulty_evident,1.0,2,1325,-1.4697,-0.38266,1.08704,-2.5265,2.4331,0.9640901556012357,-14.267,28.581,6.646252352787523,-61.831,320.26,106.46048555471697,119.29719453133693,1.7732088696284582e-05,0.001028342389484184,0.5505884821242132,2.669459117181116,0.9999999991162231,0.9999994428282618,0.9965631707589346,0.9989433414698305
1050,2062,faulty_evident,1.0,3,1325,0.74701,1.7199,0.97289,-2.4876,2.4233,0.7120514788150268,-25.192,29.221,7.2029606970633395,-441.3,235.16,160.6247953207547,180.05674416276568,2.1738582150048834e-05,0.002114137754490024,1.0159367335893843,6.690349888058888,0.9999999977348122,0.9999956016904573,0.9900049982096096,0.9974841519250717
1050,2062,faulty_evident,1.0,4,1325,-1.6894,8.9882e-07,1.68940089882,-2.0742,2.0709,1.2014141685099378,-32.385,14.842,5.749306665392373,-22.823,39.839,11.54046623773585,14.89816515973706,2.1727636441712442e-05,0.002681826808112128,1.9977665085247647,1.8397129356679196,0.9999999995008356,0.9999975200514846,0.9376878364621326,0.9902262863817504
1050,2062,faulty_evident,1.0,5,1325,-1.4892,1.7243,3.2135,-3.9402,3.9396,2.459839361709718,-32.729,41.047,12.291603213256897,-11.883,33.853,6.938632839245282,9.08346420289871,3.7548186323566216e-05,0.005757214094112442,2.7089409831712814,1.1158571536528312,0.9999999995260562,0.9999972726937679,0.9754128314870729,0.9887296933446199
1050,2062,faulty_evident,1.0,6,1325,-0.029795,2.2989,2.328695,-2.8067,2.8144,1.5723926567545945,-22.789,31.056,6.601957459424027,-4.5053,4.8842,2.702045343396226,2.8186433742048456,2.603503098735919e-05,0.00408112730177182,3.18807629703243,0.2123288304197858,0.9999999996472521,0.9999966439995535,0.8756769143285213,0.9967963097260979
1051,0,training_healthy,0.0,1,1354,-0.29029,0.25019,0.5404800000000001,-2.4617,2.4375,0.6782461570516172,-24.244,25.358,5.6184423915014,-181.42,146.32,32.35674761447563,44.70989664864893,5.092331954694649e-06,0.0008106148559661067,0.3472680827360275,2.322987010662394,0.9999999993706185,0.9999992975133765,0.9980882203473448,0.9986230562403565
1051,0,training_healthy,0.0,2,1354,-1.0214,-0.38264,0.6387600000000001,-2.5208,2.4338,0.7425540582450972,-15.191,28.368,5.979578901624698,-37.831,326.6,90.40912853028064,102.0962184119896,1.2319843587409334e-05,0.0006023277573584709,0.420952054543436,1.6355892952046875,0.9999999987996703,0.9999996829833051,0.9975193236338388,0.9994790652867502
1051,0,training_healthy,0.0,3,1354,1.2691,1.8183,0.5492000000000001,-2.489,2.3855,0.6781737143809861,-16.542,29.577,6.529363089765443,-377.5,213.9,144.65321825701625,161.84699438276053,2.5963102032796707e-05,0.0015168413649656316,1.034515880883199,4.805626831644652,0.9999999914482531,0.9999975088856404,0.9873692523988468,0.9983956116282455
1051,0,training_healthy,0.0,4,1354,-1.7976e-06,1.8399,1.8399017976,-2.3057,2.3304,1.4065366945653366,-24.831,21.809,7.220783266573906,-40.501,35.764,12.735192776957165,16.46101462998493,2.004108359773417e-05,0.001968456880269543,1.1977047952708633,1.1955254605946815,0.9999999996131658,0.9999990326546305,0.986147894570602,0.9972579071937911
1051,0,training_healthy,0.0,5,1354,-1.4892,1.6714,3.1606,-3.9455,3.9431,2.405841397298366,-35.833,36.497,11.670324390084259,-13.526,25.676,8.519839493353029,10.625386949374077,2.675117038167188e-05,0.0033421954214013015,2.2610720161617808,0.7094523799980925,0.9999999997628997,0.9999990470660323,0.9810521007265363,0.9963534220368617
1051,0,training_healthy,0.0,6,1354,-2.7853,-0.01133,2.77397,-3.4072,3.4009,1.8757967738870844,-33.293,32.496,7.52314395229364,-6.1579,6.0211,3.3291446159527323,3.568148716649055,2.8886693175573365e-05,0.004737656133598389,2.5880892368279054,0.20788555940518974,0.9999999997047028,0.9999968224946012,0.9389638758921626,0.9983012133408299
1051,1,training_healthy,0.0004854368932038,1,1354,-0.29027,0.25019,0.5404599999999999,-2.4616,2.4377,0.6782262437891131,-24.244,25.358,5.618605917852248,-175.12,142.29,30.859450192023633,43.54578792476082,5.231244784838947e-06,0.0008258661553359438,0.34028596491325014,2.109808113757442,0.9999999993357634,0.9999992700357491,0.9981645206778839,0.9987994661626861
1051,1,training_healthy,0.0004854368932038,2,1354,-1.0214,-0.38264,0.6387600000000001,-2.5208,2.4338,0.7425423074472365,-15.168,28.297,5.981724158313291,-37.058,325.06,90.69333737075331,102.24597707879181,1.2394217651884292e-05,0.0006481127104975147,0.4430237589837163,1.6916506817528205,0.999999998785117,0.9999996303766467,0.9972539481821706,0.9994230161948121
1051,1,training_healthy,0.0004854368932038,3,1354,1.2691,1.8183,0.5492000000000001,-2.4881,2.3863,0.6781548495631642,-16.85,29.956,6.528805267593405,-380.61,208.93,144.2633305169867,161.3072325573989,2.578244898205672e-05,0.0016607987223478248,1.0294759895008658,4.9552889372086515,0.9999999915661675,0.9999970117605171,0.9874907625317655,0.9982618556774797
1051,1,training_healthy,0.0004854368932038,4,1354,-6.7411e-07,1.8399,1.8399006741100001,-2.3055,2.3277,1.4065296732161414,-23.818,23.036,7.24662471510054,-39.126,34.235,12.057389992614477,15.578095790986037,2.076966488200128e-05,0.0022161107467428475,1.3446659406686905,1.3856628685795027,0.9999999995845287,0.999998771419511,0.9826335084899439,0.9958642075683427
1051,1,training_healthy,0.0004854368932038,5,1354,-1.4892,1.6714,3.1606,-3.9461,3.943,2.4058316666429906,-36.449,35.359,11.671000604941701,-13.297,25.867,8.513818567946823,10.583844571958345,2.667424016658539e-05,0.003435669860764582,2.263991176094022,0.7288828842586823,0.9999999997642603,0.9999989925618984,0.9810048826857964,0.9960835088061619
1051,1,training_healthy,0.0004854368932038,6,1354,-2.7852,-0.011331,2.773869,-3.4024,3.3985,1.8757254039164826,-34.241,32.724,7.4973377111990365,-5.6526,5.3053,3.0907477341211225,3.2981430357422696,2.7531243739066983e-05,0.004241886961007061,2.516397297383022,0.19426154738084384,0.9999999997317592,0.9999974548620155,0.941991128347412,0.9982634917777233
1051,2,training_healthy,0.0009708737864077,1,1354,-0.29028,0.25019,0.54047,-2.4614,2.4379,0.6782277297174324,-24.126,25.263,5.618711807333482,-174.14,143.63,30.359013892171347,43.37970018280162,5.169624553656094e-06,0.000833063129306973,0.3412381640453021,2.0979536978429905,0.9999999993513178,0.9999992574702888,0.9981542873077817,0.998807369925026
1051,2,training_healthy,0.0009708737864077,2,1354,-1.0214,-0.38264,0.6387600000000001,-2.5204,2.4346,0.7425406594584025,-14.077,28.297,5.980507751971661,-36.854,324.08,91.02597870753323,102.50076890554189,1.2349341600259875e-05,0.0006197723786149202,0.4303838363845064,1.650257112605497,0.9999999987939002,0.9999996633075301,0.9974075696578398,0.9994488185020024
1051,2,training_healthy,0.0009708737864077,3,1354,1.2691,1.8183,0.5492000000000001,-2.4878,2.3867,0.6781470170487819,-16.566,29.861,6.531908714952349,-377.5,209.24,145.0820228212703,161.68455070780237,2.592695109177435e-05,0.0016407216614380553,1.053318990108393,4.838269241873201,0.9999999914719073,0.999997083854105,0.9869131679104404,0.9983206233146295
1051,2,training_healthy,0.0009708737864077,4,1354,-4.4941e-07,1.8399,1.8399004494100002,-2.305,2.3283,1.4065307762175874,-24.102,22.769,7.23018730895234,-39.33,35.509,12.216809564254064,15.749886921868002,2.030549846422402e-05,0.00211909309437675,1.2522067254690277,1.2932588117965356,0.9999999996028911,0.9999988773964547,0.9848882715587327,0.9964751064432528
1051,2,training_healthy,0.0009708737864077,5,1354,-1.4892,1.6714,3.1606,-3.9452,3.942,2.405827852530433,-35.881,36.497,11.648503944872644,-13.45,25.524,8.472569127769571,10.524877384854534,2.610537493391928e-05,0.003408723188157504,2.1466945377504665,0.714335669384203,0.9999999997742093,0.9999990084592612,0.9828723061231678,0.9961881578641713
1051,2,training_healthy,0.0009708737864077,6,1354,-2.7852,-0.01133,2.77387,-3.404,3.3995,1.8757035444614116,-33.634,35.53,7.521493073769874,-5.7789,5.3684,3.095629809453471,3.2976081447551024,2.7198496811732835e-05,0.004517713678709897,2.5904962967292655,0.20143607442070013,0.9999999997382033,0.9999971115378561,0.9388187284466536,0.9981324132190437
1051,3,training_healthy,0.0014563106796116,1,1354,-0.29028,0.25019,0.54047,-2.4614,2.4379,0.6782217806617675,-24.055,25.311,5.618842403350701,-174.35,142.86,29.94812812407681,43.162111592886745,5.189976432133366e-06,0.0008279637578741749,0.34380332236931166,2.1052357782500475,0.9999999993462061,0.9999992666593998,0.9981264939752797,0.9987885331655418
1051,3,training_healthy,0.0014563106796116,2,1354,-1.0214,-0.38264,0.6387600000000001,-2.5214,2.4341,0.7425376617082503,-13.911,28.368,5.98172293096005,-37.831,324.28,90.91176778434269,102.41462014491344,1.2427736763960479e-05,0.0006638702809226057,0.438112515409554,1.716840832780548,0.9999999987785343,0.9999996122899186,0.9973145789339312,0.9994008071435999
1051,3,training_healthy,0.0014563106796116,3,1354,1.2691,1.8183,0.5492000000000001,-2.4883,2.387,0.6781356756165479,-16.85,29.837,6.53257441385365,-381.39,204.12,146.36753993353028,162.64876800226946,2.5894992821513196e-05,0.001700769131427474,1.055773861268297,5.0448242436624176,0.9999999914927923,0.9999968651664997,0.9868543432479545,0.9981564593559685
1051,3,training_healthy,0.0014563106796116,4,1354,-8.9882e-07,1.8399,1.83990089882,-2.3058,2.3275,1.4065264198354197,-23.071,31.034,7.30658971040757,-38.464,34.847,12.087837326440177,15.485922740777745,2.1293266885492907e-05,0.0023443480409040198,1.6360180920620828,1.6884368804131367,0.9999999995633153,0.9999986235656453,0.9746099531777441,0.9937586731739579
1051,3,training_healthy,0.0014563106796116,5,1354,-1.4892,1.6714,3.1606,-3.9457,3.9427,2.405831031775503,-35.691,35.976,11.660794081413602,-13.526,25.867,8.522703679468243,10.582967461618162,2.6736914468130956e-05,0.0034529256612032856,2.2088370449119914,0.7306765484548765,0.9999999997631515,0.9999989822264654,0.981895592936211,0.9960719508752365
1051,3,training_healthy,0.0014563106796116,6,1354,-2.7852,-0.011331,2.773869,-3.406,3.404,1.875731019084711,-34.62,35.189,7.4923963035753545,-5.7368,5.5684,3.174267983751846,3.3756866467000366,2.6655382024534e-05,0.004431610963796007,2.502050279297619,0.19576193109495504,0.9999999997485555,0.9999972209494091,0.9425928168071374,0.9983162253998135
1051,4,training_healthy,0.0019417475728155,1,1355,-0.29038,0.25019,0.54057,-2.4616,2.438,0.6779812993506656,-24.197,25.429,5.615798985950251,-174.14,143.23,30.165096118081177,43.31895548136562,5.1225435306143875e-06,0.0008158023365161244,0.34056459086864044,2.0791147987140772,0.9999999993639135,0.9999992877490922,0.9981596648462749,0.9988265743297369
1051,4,training_healthy,0.0019417475728155,2,1355,-1.0214,-0.38264,0.6387600000000001,-2.521,2.4341,0.7422678506593148,-14.291,28.463,5.97906331929207,-36.854,323.31,91.02166756457564,102.48253336635726,1.23911587476263e-05,0.0006349226556903128,0.43807504339767867,1.6509622373430908,0.999999998786136,0.9999996457637691,0.9973126421786441,0.9994453440389652
1051,4,training_healthy,0.0019417475728155,3,1355,1.2691,1.8183,0.5492000000000001,-2.4892,2.3858,0.6778879226566442,-16.779,30.027,6.528561022799063,-379.37,206.91,145.8406240590406,162.2985537161253,2.522700025796007e-05,0.0016526948746039358,1.0410953729188592,4.803932828307202,0.9999999919254665,0.9999970374260077,0.9872039758278657,0.9983423321426876
1051,4,training_healthy,0.0019417475728155,4,1355,-1.1235e-06,1.8402,1.8402011235,-2.3077,2.3279,1.4060269656908446,-24.031,25.204,7.23879060910692,-37.598,35.305,12.154103468634686,15.523547237287913,2.0888286436181987e-05,0.0021797431335285776,1.3386062467022326,1.3883443839347993,0.9999999995802,0.9999988102764416,0.9827534789924883,0.9958120578140547
1051,4,training_healthy,0.0019417475728155,5,1355,-1.4892,1.6714,3.1606,-3.9457,3.9429,2.404950490684111,-35.667,35.359,11.64260917694015,-13.526,26.135,8.511407011808119,10.56396390461083,2.6362486904704824e-05,0.0034444637534160123,2.1463210051300385,0.7263287029916649,0.9999999997698865,0.999998986343532,0.982860830735934,0.9961050410398385
1051,4,training_healthy,0.0019417475728155,6,1355,-2.7852,-0.01133,2.77387,-3.4076,3.4023,1.875044432527423,-33.103,31.397,7.515141740749266,-5.7158,5.6632,3.159007346125462,3.3747053451254048,2.8482114795359754e-05,0.004784156637365336,2.5683435882539976,0.2076244256746656,0.9999999997130561,0.99999675697556,0.9397891613694528,0.9981054998279835
1051,513,intermediate_unlabelled,0.2490291262135922,1,1354,-0.29033,0.25019,0.54052,-2.4619,2.437,0.67819374424599,-24.007,25.358,5.620147109671274,-174.51,141.11,27.54963954948301,41.92960666046966,5.060720104299605e-06,0.0008035919815241686,0.39282033260739174,2.016193153966975,0.999999999378378,0.9999993098044929,0.9975545487371573,0.9988338290940755
1051,513,intermediate_unlabelled,0.2490291262135922,2,1354,-1.0214,-0.38264,0.6387600000000001,-2.5211,2.4337,0.7425545110589751,-14.883,28.392,5.980496205459224,-38.603,327.54,90.78924180945346,102.51058078619171,1.2366444394184025e-05,0.0005882748132499839,0.4234630193303551,1.6521948073305888,0.9999999987905606,0.9999996977709638,0.9974903770754298,0.9994685885250563
1051,513,intermediate_unlabelled,0.2490291262135922,3,1354,1.2691,1.8183,0.5492000000000001,-2.4892,2.385,0.6780992501780044,-16.471,29.837,6.533763448029816,-372.85,186.58,144.5879176144756,159.64524307191186,2.575610043674722e-05,0.0016752523642297628,1.0678194508093,4.796305878958461,0.9999999915837043,0.9999969609066258,0.986555414958722,0.9981556333102732
1051,513,intermediate_unlabelled,0.2490291262135922,4,1354,-4.4941e-07,1.8399,1.8399004494100002,-2.3064,2.3309,1.406533297522455,-23.764,28.279,7.28771211472626,-40.654,36.375,12.1684013183161,15.688360187155052,2.175112072703324e-05,0.002506831919051686,1.5452701215112528,1.660382601053466,0.9999999995443353,0.9999984237689916,0.9772616463565806,0.9941499069659784
1051,513,intermediate_unlabelled,0.2490291262135922,5,1354,-1.4892,1.6714,3.1606,-3.9437,3.9423,2.405839846369869,-36.307,36.236,11.655762835087543,-12.915,25.18,8.285554597488922,10.239211175550421,2.6329885861257343e-05,0.003320804645972088,2.193684894074711,0.7295825245027032,0.9999999997703087,0.9999990591532051,0.9821298149499853,0.9956668667187226
1051,513,intermediate_unlabelled,0.2490291262135922,6,1354,-2.7853,-0.011331,2.7739689999999997,-3.4044,3.4012,1.8757823510414393,-33.103,32.762,7.517576743780914,-5.9789,5.7158,3.317764362629246,3.5377570277090507,2.6856368747697445e-05,0.004173483058839224,2.5712535749350773,0.195815554497421,0.9999999997447528,0.9999975367088602,0.9396886118634205,0.9984653838561245
1051,514,intermediate_unlabelled,0.2495145631067961,1,1354,-0.29032,0.25019,0.54051,-2.4617,2.4373,0.6781927264468537,-23.984,25.382,5.620122661680021,-173.0,139.57,27.757582695716394,41.94922033101646,5.023866126467479e-06,0.0008098799336985696,0.39092327741760513,2.0444374425572036,0.999999999387394,0.9999992987722325,0.9975781159870746,0.998800154078
1051,514,intermediate_unlabelled,0.2495145631067961,2,1354,-1.0214,-0.38264,0.6387600000000001,-2.521,2.434,0.7425613191269186,-13.959,28.51,5.982073185793543,-37.627,328.52,90.81305755539142,102.52459534667426,1.2392216122847245e-05,0.0005900320057414647,0.44036757198530113,1.6810373158207343,0.9999999987855143,0.9999996958490037,0.9972871292661993,0.9994508014193759
1051,514,intermediate_unlabelled,0.2495145631067961,3,1354,1.2691,1.8183,0.5492000000000001,-2.4887,2.3875,0.678106429049573,-16.518,29.766,6.532060590073792,-370.05,190.46,143.64980946085674,158.74331901936444,2.59859929865185e-05,0.001722044306556255,1.057396530661105,4.928703492618491,0.9999999914328,0.9999967861008973,0.9868114244402557,0.998049671156806
1051,514,intermediate_unlabelled,0.2495145631067961,4,1354,-4.4941e-07,1.8399,1.8399004494100002,-2.3061,2.3306,1.406535640481588,-23.267,25.026,7.27199991377644,-41.877,36.324,12.37251954579025,15.921052397644834,2.2050719063578995e-05,0.002635754012593706,1.4676797938674857,1.632103691044895,0.9999999995316967,0.9999982557935947,0.9794215751191689,0.9945231370841997
1051,514,intermediate_unlabelled,0.2495145631067961,5,1354,-1.4892,1.6714,3.1606,-3.9442,3.9426,2.405836805694144,-36.568,35.739,11.66131944893845,-12.915,25.065,8.233180428360415,10.198045246454566,2.634034556966937e-05,0.003312764961649322,2.223698830825527,0.7262497318229196,0.9999999997701264,0.9999990640171216,0.9816505342845646,0.9956637408357699
1051,514,intermediate_unlabelled,0.2495145631067961,6,1354,-2.7854,-0.011332,2.774068,-3.4045,3.3999,1.875772995524796,-34.203,32.421,7.5134488563085595,-5.7895,5.6526,3.2564090989660266,3.469675480564682,2.6934251370064466e-05,0.004285114749427774,2.5597828216518947,0.19591435327899415,0.9999999997432686,0.9999974025109919,0.9401748110408775,0.9984041133421364
1051,515,intermediate_unlabelled,0.25,1,1354,-0.29032,0.25019,0.54051,-2.4619,2.4375,0.6781932024946644,-24.173,25.595,5.620435922701328,-174.14,140.18,27.70300849335303,41.90501065529149,5.031977331089213e-06,0.0008339660540231922,0.3982955708144887,2.096956763142391,0.999999999385411,0.9999992556411201,0.997486069051276,0.9987356965917716
1051,515,intermediate_unlabelled,0.25,2,1354,-1.0214,-0.38264,0.6387600000000001,-2.521,2.4336,0.742551308047154,-14.077,28.463,5.981589565907869,-37.627,327.38,90.76969789512556,102.4787712162909,1.2448970775659558e-05,0.000610068460396423,0.43854127464256676,1.744001757666764,0.9999999987743623,0.9999996741805088,0.9973091940963641,0.9994067622533971
1051,515,intermediate_unlabelled,0.25,3,1354,1.2691,1.8183,0.5492000000000001,-2.4896,2.3853,0.678097649458653,-16.613,30.288,6.529625727185316,-372.85,187.36,144.81363416543573,159.82398080742072,2.597293122124747e-05,0.0016695188691495453,1.0420251131371365,4.797522386792332,0.9999999914412976,0.9999969780523689,0.9871849544525557,0.998153573406939
1051,515,intermediate_unlabelled,0.25,4,1354,-4.4941e-07,1.8399,1.8399004494100002,-2.3061,2.3302,1.406533870450595,-23.729,30.803,7.309301377090014,-39.381,34.847,12.066466344165438,15.585682061759645,2.153461130451872e-05,0.002407996242543167,1.6453319371453048,1.713480122340323,0.9999999995533606,0.9999985463317618,0.9743355771822056,0.9936884345370357
1051,515,intermediate_unlabelled,0.25,5,1354,-1.4892,1.6714,3.1606,-3.9429,3.9423,2.4058373643650843,-37.113,35.644,11.651522874835141,-12.953,25.294,8.308840513293944,10.268793023542106,2.6390187480471028e-05,0.003333410319442893,2.1720163894833453,0.7266067187977139,0.999999999769255,0.999999052114966,0.9824713845410918,0.9957283392402096
1051,515,intermediate_unlabelled,0.25,6,1354,-2.7852,-0.011332,2.7738680000000002,-3.4048,3.4018,1.875755019660916,-32.269,31.093,7.49698486670114,-5.9158,5.8737,3.2851206794682426,3.492769558266629,2.7134824286303284e-05,0.00436457586864769,2.515297170088035,0.20474715330305163,0.9999999997394305,0.999997304965447,0.9420378169291354,0.9982796212745365
1051,516,intermediate_unlabelled,0.2504854368932039,1,1354,-0.29032,0.25019,0.54051,-2.4619,2.4375,0.678192826036933,-24.15,25.429,5.620960051657987,-172.8,140.34,27.85623457163959,41.94505375372655,5.118013365748029e-06,0.0008404608801206665,0.403249819235892,2.1244304372413474,0.9999999993642134,0.9999992439004971,0.997423539776148,0.9987034905604414
1051,516,intermediate_unlabelled,0.2504854368932039,2,1354,-1.0214,-0.38264,0.6387600000000001,-2.5212,2.4339,0.742556989287263,-13.888,28.392,5.982105765596405,-37.627,327.95,90.89663459379616,102.55462885387378,1.2407925849511566e-05,0.0005942330642804742,0.4408368517806533,1.7065990035411824,0.9999999987824323,0.9999996916760387,0.9972813697767112,0.999431156646067
1051,516,intermediate_unlabelled,0.2504854368932039,3,1354,1.2691,1.8183,0.5492000000000001,-2.49,2.3855,0.6781047419487951,-16.826,30.169,6.530527250996112,-371.61,187.36,144.20770104874447,159.24129335655604,2.5451957423233475e-05,0.0016765401462344373,1.04648169771806,4.815851088813699,0.9999999917812118,0.9999969528183622,0.9870780843160999,0.9981350271339069
1051,516,intermediate_unlabelled,0.2504854368932039,4,1354,-4.4941e-07,1.8399,1.8399004494100002,-2.3064,2.3303,1.4065358313210443,-24.369,28.155,7.293919994779571,-40.603,35.967,12.263290088626293,15.819667247239106,2.154825463053441e-05,0.0024852640785122115,1.5737367956386865,1.6598451160744243,0.999999999552795,0.9999984506845537,0.9764465784947038,0.9942541422645891
1051,516,intermediate_unlabelled,0.2504854368932039,5,1354,-1.4892,1.6714,3.1606,-3.9431,3.9423,2.4058439962874743,-37.326,35.359,11.656029405026207,-12.953,24.721,8.263629007385523,10.224804892434658,2.646747413495501e-05,0.003266277106899365,2.2057820374933317,0.7304657977038623,0.999999999767901,0.9999990905345323,0.9819311973293282,0.995629555877217
1051,516,intermediate_unlabelled,0.2504854368932039,6,1354,-2.7853,-0.011331,2.7739689999999997,-3.4028,3.4,1.8757433940582704,-32.838,33.824,7.50082586251508,-5.7789,5.5684,3.1983675849335302,3.403357378062482,2.643353785149699e-05,0.0041550020346812835,2.529807681472162,0.19373637285225317,0.9999999997527248,0.9999975588546556,0.9414081185035226,0.998376953527489
1051,517,intermediate_unlabelled,0.2509708737864077,1,1354,-0.29032,0.25019,0.54051,-2.4618,2.4372,0.6781892601092236,-24.102,25.335,5.620766981545278,-171.25,139.97,27.137302599704576,41.69351460111525,5.027601282506921e-06,0.0008286765306775584,0.4022902032142396,2.06181231719614,0.9999999993864809,0.9999992652311692,0.9974356258152889,0.9987671186120545
1051,517,intermediate_unlabelled,0.2509708737864077,2,1354,-1.0214,-0.38264,0.6387600000000001,-2.5211,2.4336,0.742554016485662,-14.291,28.368,5.980543145589033,-38.034,327.38,90.81868872968981,102.50878321113593,1.2289243683342006e-05,0.0005988069827455923,0.4203893645678317,1.684466229941829,0.9999999988056109,0.9999996865298854,0.9975267715134338,0.9994450693810337
1051,517,intermediate_unlabelled,0.2509708737864077,3,1354,1.2691,1.8183,0.5492000000000001,-2.4888,2.3847,0.6780956594640112,-16.447,29.695,6.535309912854248,-372.38,187.82,145.05782285081239,160.11395076347875,2.587093259741171e-05,0.0016903355878487084,1.0755124090845285,4.882569925545939,0.9999999915083392,0.9999969029426125,0.9863662030711562,0.9980969412560688
1051,517,intermediate_unlabelled,0.2509708737864077,4,1354,-4.4941e-07,1.8399,1.8399004494100002,-2.3067,2.3292,1.4065317473246572,-23.924,29.47,7.292289699273526,-39.584,35.815,12.042991931314624,15.524509946606349,2.1604425110355807e-05,0.002393847201374848,1.5677532227477031,1.6515356573656188,0.9999999995504598,0.9999985633504285,0.976616903959122,0.9940875641314515
1051,517,intermediate_unlabelled,0.2509708737864077,5,1354,-1.4892,1.6714,3.1606,-3.9436,3.9422,2.4058375590320376,-36.165,35.976,11.659796902720647,-13.029,25.562,8.281294911373706,10.261489686362394,2.6425974434220273e-05,0.003328036285009623,2.214356957391616,0.7320813551855034,0.9999999997686297,0.9999990551742022,0.9818010240060224,0.9956290360841046
1051,517,intermediate_unlabelled,0.2509708737864077,6,1354,-2.7853,-0.011331,2.7739689999999997,-3.4045,3.4033,1.8757439119797223,-33.179,34.506,7.521456621628205,-5.8737,5.5474,3.2117471787296905,3.4134458958484086,2.741263783755142e-05,0.004711441268679544,2.5881093104250543,0.21041357412178543,0.9999999997340661,0.9999968572200808,0.9389346085168429,0.9980976494403957
1051,1028,intermediate_unlabelled,0.4990291262135922,1,1354,-0.29032,0.25019,0.54051,-2.4622,2.4374,0.6782041477602168,-24.078,25.287,5.6198474903788345,-174.35,140.18,28.363201381093056,42.27769937181781,4.925408459445411e-06,0.0007992612931866049,0.38118801659135204,2.090838028791644,0.9999999994111745,0.9999993176651444,0.9976971615111565,0.9987623643728746
1051,1028,intermediate_unlabelled,0.4990291262135922,2,1354,-1.0214,-0.38263,0.6387700000000001,-2.5208,2.4335,0.7425664785403603,-14.267,28.415,5.983113581560734,-38.197,334.09,90.7973920310192,102.63394686230846,1.2479283593306211e-05,0.0006692171028377292,0.4483720586404787,1.8283236379967427,0.9999999987683884,0.9999996050393709,0.9971884605325969,0.9993552684599856
1051,1028,intermediate_unlabelled,0.4990291262135922,3,1354,1.2691,1.8184,0.5493000000000001,-2.4892,2.3822,0.6780870085478583,-16.542,29.885,6.527057071987923,-361.83,184.25,143.16078524372233,157.81994916957848,2.5931576016804143e-05,0.0016348580926639534,1.0307015016269685,4.724096109811599,0.9999999914686962,0.999997105823912,0.9874538369984053,0.9981291089027954
1051,1028,intermediate_unlabelled,0.4990291262135922,4,1354,-6.7411e-07,1.8399,1.8399006741100001,-2.3067,2.3314,1.4065307376388274,-24.084,32.314,7.351189042898065,-40.4,35.254,11.93992906942393,15.227898600777557,2.2514226367255298e-05,0.002637563042737877,1.8206624126175424,1.886564382497023,0.999999999511801,0.9999982542497718,0.9688448444899153,0.9919793223715281
1051,1028,intermediate_unlabelled,0.4990291262135922,5,1354,-1.4892,1.6714,3.1606,-3.9455,3.9429,2.405842803970584,-37.303,35.715,11.683361468236326,-12.8,25.562,8.291408649926144,10.263421623254292,2.6821263757555872e-05,0.0034134715704214817,2.3340874961043405,0.7413215888107242,0.9999999997616563,0.9999990055516136,0.9798412861500125,0.9955845212330809
1051,1028,intermediate_unlabelled,0.4990291262135922,6,1354,-2.7853,-0.011332,2.773968,-3.4042,3.3991,1.875730316445557,-32.914,32.8,7.5162336845974425,-5.5158,5.3053,3.114741166912851,3.301968650746685,2.7643160229927656e-05,0.004169867638647511,2.5765565099314776,0.19697146909977054,0.9999999997295727,0.9999975408658484,0.9394092219015573,0.9982175545261627
1051,1029,intermediate_unlabelled,0.4995145631067961,1,1354,-0.29031,0.25019,0.5405,-2.4618,2.4374,0.6782035241975324,-24.078,25.311,5.619472491668332,-174.92,141.68,28.117675723781392,42.18934502994413,5.107000207623942e-06,0.000806352544263187,0.3783760158401248,2.0253881064467727,0.9999999993669547,0.9999993046726194,0.9977307633030587,0.9988354842768853
1051,1029,intermediate_unlabelled,0.4995145631067961,2,1354,-1.0214,-0.38263,0.6387700000000001,-2.5209,2.4329,0.742563319063851,-15.215,28.629,5.98205347780322,-38.969,332.91,90.76261064992615,102.63703468075566,1.2514229318346443e-05,0.0006528962945738876,0.4343382857550761,1.810652164518995,0.9999999987614814,0.999999625279119,0.9973610226266537,0.9993727298344746
1051,1029,intermediate_unlabelled,0.4995145631067961,3,1354,1.2691,1.8183,0.5492000000000001,-2.4896,2.3813,0.6780859797747,-16.542,29.506,6.529097028652804,-364.93,184.25,144.1631837296898,158.80071582188123,2.6331010429844406e-05,0.001610398468249829,1.041547394151712,4.6784672092611785,0.9999999912038233,0.9999971931659198,0.9871947115671519,0.9981760535576422
1051,1029,intermediate_unlabelled,0.4995145631067961,4,1354,-8.9882e-07,1.8399,1.83990089882,-2.3072,2.3318,1.4065288103669193,-24.244,34.785,7.38602214185988,-39.686,35.713,11.740292093796159,15.036986432827089,2.17416035998669e-05,0.0025000449488891867,1.9583615759175605,1.99454577792477,0.9999999995447333,0.999998432669837,0.9642088735248203,0.9907852765959471
1051,1029,intermediate_unlabelled,0.4995145631067961,5,1354,-1.4892,1.6714,3.1606,-3.9441,3.9432,2.4058465302622043,-36.236,36.473,11.681769372181707,-12.762,25.791,8.329164906203841,10.311094869093502,2.6623080607381446e-05,0.00336730476086329,2.3276421979623936,0.7245428502971953,0.9999999997651651,0.9999990324986279,0.9799480802285689,0.9958229645692837
1051,1029,intermediate_unlabelled,0.4995145631067961,6,1354,-2.7852,-0.011333,2.773867,-3.4049,3.4027,1.8757301690191246,-33.596,34.317,7.576221092137092,-5.5789,5.5895,3.1462419276218614,3.344612154117416,2.907050788348472e-05,0.004903862738477696,2.7499683680263596,0.21746224553823001,0.9999999997009251,0.9999965946212976,0.9317998482223532,0.9978832247684588
1051,1030,intermediate_unlabelled,0.5,1,1354,-0.29031,0.25019,0.5405,-2.4616,2.4375,0.678208043224062,-24.055,25.382,5.619885113142102,-175.48,141.52,28.77976337518464,42.461052599474826,5.019912727740741e-06,0.0008015036209239302,0.3806307850348502,2.072775370607996,0.9999999993883618,0.9999993136004001,0.9977039340163302,0.9987926742305951
1051,1030,intermediate_unlabelled,0.5,2,1354,-1.0214,-0.38263,0.6387700000000001,-2.5209,2.4332,0.7425701755070875,-13.983,28.321,5.982438881005799,-38.4,332.34,91.05542039881831,102.92381003433535,1.2448736982861358e-05,0.0006390525001467586,0.4369271590954929,1.7629307294011791,0.9999999987744109,0.99999964132123,0.9973297625376384,0.9994084655747965
1051,1030,intermediate_unlabelled,0.5,3,1354,1.2691,1.8184,0.5493000000000001,-2.4894,2.3816,0.6780904449641457,-16.518,29.6,6.526444381731533,-363.38,181.92,143.59255282127032,158.18928681603046,2.6019180777770323e-05,0.0016531830239230841,1.025448437919233,4.694625305549046,0.9999999914109611,0.9999970407349371,0.9875798986712258,0.9981509477277954
1051,1030,intermediate_unlabelled,0.5,4,1354,-6.7411e-07,1.8399,1.8399006741100001,-2.3072,2.3303,1.4065308423793035,-23.604,34.056,7.376181499347727,-40.909,36.171,11.996219379615953,15.263026876581968,2.2281128842734268e-05,0.0026413659624231174,1.9193955909152973,1.9812859325150998,0.9999999995218576,0.9999982492686891,0.9655507629284085,0.9911948164115757
1051,1030,intermediate_unlabelled,0.5,5,1354,-1.4892,1.6714,3.1606,-3.9441,3.9431,2.40584384391082,-35.999,35.881,11.679233244975569,-12.991,25.676,8.302885037666174,10.28753621818052,2.6048492537741368e-05,0.003326032140428023,2.3155633348838083,0.7219915930342393,0.9999999997751925,0.9999990565383172,0.9801490387194941,0.9958298413802645
1051,1030,intermediate_unlabelled,0.5,6,1354,-2.7852,-0.011332,2.7738680000000002,-3.4051,3.4004,1.875725232139312,-33.027,32.989,7.507781113815372,-5.7474,5.4842,3.1890917946824224,3.3720060352477854,2.720099219731327e-05,0.004277334749137238,2.551694123892742,0.1968855228498881,0.999999999738156,0.9999974121139269,0.9404716680665377,0.9982915559395502
1051,1031,intermediate_unlabelled,0.5004854368932039,1,1354,-0.29032,0.25019,0.54051,-2.4619,2.4375,0.678200684631842,-24.126,25.311,5.619536085444663,-175.12,141.88,28.021457082717873,42.10412562679768,4.958855503216754e-06,0.0008111426369924674,0.3846334073272938,2.0891023276324576,0.9999999994031494,0.9999992964112447,0.9976550363107229,0.9987562527046718
1051,1031,intermediate_unlabelled,0.5004854368932039,2,1354,-1.0214,-0.38263,0.6387700000000001,-2.5212,2.4331,0.7425599926827545,-15.262,28.534,5.981564864849571,-38.4,331.0,90.73807412112261,102.53751630147417,1.2486696473157339e-05,0.0006536283032070355,0.43156074132836747,1.7891983833461895,0.9999999987669251,0.9999996240681658,0.9973942837719133,0.9993818069936682
1051,1031,intermediate_unlabelled,0.5004854368932039,3,1354,1.2691,1.8184,0.5493000000000001,-2.4895,2.3807,0.6780870896101904,-16.661,29.814,6.528565530398068,-366.48,186.58,144.552905760709,159.44958771703907,2.606212393865403e-05,0.0016339034796547978,1.0384468055602571,4.691371439042004,0.9999999913825314,0.999997110969863,0.9872692274185934,0.998199191599934
1051,1031,intermediate_unlabelled,0.5004854368932039,4,1354,-6.7411e-07,1.8399,1.8399006741100001,-2.3074,2.3319,1.406528919757998,-23.889,30.501,7.349082402838251,-40.501,36.273,11.843039246676513,15.144586128382596,2.1574030884021222e-05,0.0025077823881657665,1.8142748990008597,1.8720451253643382,0.9999999995517238,0.9999984224179422,0.9690485105952958,0.9920046563547668
1051,1031,intermediate_unlabelled,0.5004854368932039,5,1354,-1.4892,1.6714,3.1606,-3.9439,3.9422,2.4058448636139596,-36.26,36.307,11.68215128715011,-12.838,25.371,8.328928870753323,10.32200577415123,2.6899113279647785e-05,0.0033287220370054153,2.3292294958950914,0.724270741303537,0.9999999997602705,0.9999990549325934,0.9799217667745284,0.9958269868343771
1051,1031,intermediate_unlabelled,0.5004854368932039,6,1354,-2.7853,-0.011333,2.773967,-3.4047,3.3989,1.8757615630225621,-33.331,36.63,7.5285232996473,-5.7158,5.4632,3.1298144977843427,3.3430740360218927,2.7355413101567085e-05,0.004297333240456894,2.6095824232577427,0.19979761745508087,0.9999999997351755,0.9999973879349107,0.9380038162907904,0.9982114558623172
1051,1032,intermediate_unlabelled,0.5009708737864078,1,1354,-0.29033,0.25019,0.54052,-2.4622,2.4375,0.6782035848853636,-24.126,25.429,5.619685680626008,-175.12,141.11,27.803379158050227,42.05477727059078,4.859388575847214e-06,0.0007956048611698783,0.38536713261268984,2.082197866566534,0.9999999994268567,0.999999323206861,0.9976461974850921,0.9987628005311112
1051,1032,intermediate_unlabelled,0.5009708737864078,2,1354,-1.0214,-0.38263,0.6387700000000001,-2.5209,2.4331,0.7425637863875312,-14.196,28.202,5.983042184459198,-38.766,331.57,90.68837847119646,102.58062388908374,1.2547862982054532e-05,0.0006625237556545292,0.4499373335549149,1.7987904782260082,0.9999999987548166,0.9999996136365522,0.9971686953920323,0.9993814689706092
1051,1032,intermediate_unlabelled,0.5009708737864078,3,1354,1.2691,1.8183,0.5492000000000001,-2.4893,2.3822,0.6780888123727729,-16.471,29.553,6.52554927511688,-367.26,185.03,144.32832458641062,159.17216394022086,2.6095236793725175e-05,0.0016303859047271322,1.0201643059899195,4.611227583785296,0.9999999913605816,0.9999971220558752,0.9877048628771841,0.9982520693762722
1051,1032,intermediate_unlabelled,0.5009708737864078,4,1354,-6.7411e-07,1.8399,1.8399006741100001,-2.3082,2.3305,1.4065294886521469,-23.604,34.625,7.365840474955346,-40.909,35.305,11.877208822008864,15.135731116432192,2.1926002276315577e-05,0.0025234927015328583,1.8803920891443093,1.909062691393693,0.9999999995369786,0.9999984027598711,0.9668658826710129,0.9916737325797361
1051,1032,intermediate_unlabelled,0.5009708737864078,5,1354,-1.4892,1.6714,3.1606,-3.9446,3.9423,2.405846867429891,-36.734,35.43,11.666051582137914,-12.915,25.715,8.32686949630724,10.325932643572743,2.6693307536446186e-05,0.0033435785867453748,2.2469566130597944,0.7269450577396053,0.999999999763925,0.9999990463763404,0.9812763505428427,0.9958010553285543
1051,1032,intermediate_unlabelled,0.5009708737864078,6,1354,-2.7853,-0.011333,2.773967,-3.4045,3.3987,1.875755875454479,-32.496,31.89,7.507668083599259,-5.7053,5.4105,3.127871336779912,3.342958424943049,2.7808250450292208e-05,0.004344293234733514,2.554049055104191,0.1969116335132812,0.999999999726335,0.999997329971244,0.940356433857891,0.9982629977652181
1051,1543,intermediate_unlabelled,0.7490291262135922,1,1354,-0.29032,0.25019,0.54051,-2.4617,2.4378,0.6781907695689638,-24.173,25.382,5.621220096414088,-171.66,139.77,26.701560088626294,41.50343978192719,5.26532289147029e-06,0.0008638375826956506,0.4066414539233652,2.096969630412967,0.9999999993270742,0.9999992001917957,0.9973802023248478,0.9987137732367353
1051,1543,intermediate_unlabelled,0.7490291262135922,2,1354,-1.0214,-0.38263,0.6387700000000001,-2.5208,2.433,0.7425601107439485,-14.03,28.368,5.982224196288686,-37.831,331.57,91.24772768094535,102.98676010005516,1.2403050416359397e-05,0.0006072067405221105,0.4336671824793741,1.7113772790054598,0.9999999987833827,0.9999996773104848,0.9973693197841211,0.999431478855953
1051,1543,intermediate_unlabelled,0.7490291262135922,3,1354,1.2691,1.8183,0.5492000000000001,-2.4887,2.3809,0.6780751768083979,-16.613,29.34,6.526435361124128,-361.83,179.59,142.9394697858198,156.85963834541292,2.5798677573898105e-05,0.0016423745436287048,1.0285518740603263,4.659201323000791,0.9999999915558346,0.9999970793229456,0.9875040391316016,0.998093972899107
1051,1543,intermediate_unlabelled,0.7490291262135922,4,1354,-8.9882e-07,1.8399,1.83990089882,-2.3081,2.3305,1.4065236927324622,-22.662,39.442,7.421753992284464,-37.445,36.069,11.25766863367799,14.338112780621664,2.3174844658639678e-05,0.0027689065876499402,2.08694864627316,2.098399790474998,0.999999999482729,0.9999980743661352,0.959651304053452,0.9887197392897197
1051,1543,intermediate_unlabelled,0.7490291262135922,5,1354,-1.4892,1.6714,3.1606,-3.9456,3.9427,2.405846260493427,-36.71,35.075,11.677889570956928,-13.067,25.715,8.35848065140325,10.377524028848597,2.636033755780406e-05,0.0033975682356287614,2.3070917836509652,0.7438856081886663,0.9999999997697778,0.9999990151645342,0.9802909096901536,0.9956838458856961
1051,1543,intermediate_unlabelled,0.7490291262135922,6,1354,-2.7852,-0.011332,2.7738680000000002,-3.4076,3.4022,1.875733287749876,-34.279,34.354,7.554922787963676,-5.4316,5.3158,2.992380035450517,3.202401173124726,2.832759344677168e-05,0.004798430790381308,2.6853787034764207,0.21138144636915143,0.9999999997160142,0.9999967398049359,0.9346966434043269,0.9978190395866926
1051,1544,intermediate_unlabelled,0.7495145631067961,1,1354,-0.29032,0.25019,0.54051,-2.4614,2.4377,0.6781897210394024,-24.15,25.287,5.62134252314791,-172.03,140.75,26.601893449039885,41.49525312455979,5.2687203461289014e-06,0.0008570588066046471,0.4087119204864657,2.089554533821977,0.9999999993262125,0.9999992137244718,0.997353531836004,0.9987232338091057
1051,1544,intermediate_unlabelled,0.7495145631067961,2,1354,-1.0214,-0.38263,0.6387700000000001,-2.5209,2.4331,0.7425547337490511,-14.385,28.273,5.981940717690199,-37.627,329.86,90.99915493353029,102.69438337746465,1.2412071791659798e-05,0.0006157994257516407,0.434716208680995,1.709715116737836,0.9999999987816118,0.9999996675347461,0.9973563048834263,0.9994260792140518
1051,1544,intermediate_unlabelled,0.7495145631067961,3,1354,1.2691,1.8183,0.5492000000000001,-2.4894,2.3796,0.6780728857891464,-16.518,29.79,6.526855527956908,-364.16,181.46,143.36399379615952,157.38001584512995,2.58572407565821e-05,0.0016169772764005775,1.03023471448743,4.657388013258799,0.999999991517433,0.9999971689860981,0.9874644354035071,0.9981095996270045
1051,1544,intermediate_unlabelled,0.7495145631067961,4,1354,-8.9882e-07,1.8399,1.83990089882,-2.3066,2.3286,1.4065205968112828,-22.84,36.775,7.4472869282971494,-38.107,37.19,11.192148205317578,14.260451788292608,2.2343643801882498e-05,0.0027002505435027423,2.177265112621963,2.1977034081584614,0.9999999995191692,0.9999981696054715,0.9563094673502027,0.9874816174134914
1051,1544,intermediate_unlabelled,0.7495145631067961,5,1354,-1.4892,1.6714,3.1606,-3.9459,3.9423,2.4058288902933365,-36.758,35.596,11.702295152612852,-13.259,25.638,8.392737016986706,10.439327938431646,2.650466123468098e-05,0.0034742812497901886,2.4225050281627643,0.7526987077772991,0.9999999997672491,0.9999989692984692,0.978338861309488,0.9956426089181126
1051,1544,intermediate_unlabelled,0.7495145631067961,6,1354,-2.7852,-0.011332,2.7738680000000002,-3.4031,3.3995,1.875730582267462,-31.738,32.686,7.474485461477214,-5.6632,5.3158,3.040200450516987,3.2482545243413066,2.7119357273305286e-05,0.004206401383430858,2.4539222255578372,0.19528484182232766,0.9999999997397238,0.9999974974872903,0.9445715892091551,0.9981906456374768
1051,1545,intermediate_unlabelled,0.75,1,1354,-0.29032,0.25019,0.54051,-2.4616,2.4374,0.6781922971303594,-24.078,25.311,5.620412228717041,-172.23,140.75,26.684167378138845,41.57387150421303,5.123823466183952e-06,0.0008412106542110918,0.39565960911997033,2.0242481088702275,0.9999999993627673,0.9999992426633605,0.9975192601211484,0.9988065374228005
1051,1545,intermediate_unlabelled,0.75,2,1354,-1.0214,-0.38263,0.6387700000000001,-2.5211,2.4326,0.7425535470518758,-14.836,28.463,5.982175488327754,-38.766,329.29,90.92239088626293,102.65408303928884,1.2516926690958448e-05,0.0006531331932763758,0.43856833767748515,1.7718441824498856,0.9999999987609417,0.9999996245131821,0.9973094044953437,0.9993872860177767
1051,1545,intermediate_unlabelled,0.75,3,1354,1.2691,1.8183,0.5492000000000001,-2.49,2.3795,0.6780747401684062,-16.803,29.435,6.527240341197505,-362.29,181.46,143.35464894387002,157.32633405480152,2.6198123858900287e-05,0.0016166407294287617,1.0322512020272323,4.703110893161714,0.9999999912922682,0.9999971708619532,0.9874165397318865,0.9980664359934832
1051,1545,intermediate_unlabelled,0.75,4,1354,-6.7411e-07,1.8399,1.8399006741100001,-2.3095,2.3317,1.406523985734104,-23.64,40.863,7.440907350634709,-38.26,35.916,11.23463179098966,14.34801240960957,2.2900863139050262e-05,0.002779227558713042,2.154459710573308,2.164712355856766,0.9999999994948885,0.9999980595822935,0.9571653055680265,0.9880076834110428
1051,1545,intermediate_unlabelled,0.75,5,1354,-1.4892,1.6714,3.1606,-3.9457,3.9431,2.4058304851402705,-36.141,36.639,11.700836154156427,-13.106,25.867,8.39355401772526,10.431431320406237,2.7136231502692493e-05,0.0035169110993199244,2.415753037696517,0.7579254608428215,0.9999999997560246,0.9999989435405631,0.9784553316488254,0.9955887071231533
1051,1545,intermediate_unlabelled,0.75,6,1354,-2.7852,-0.011333,2.773867,-3.4037,3.4023,1.875748527869409,-32.876,33.899,7.552065149583149,-5.6105,5.3684,3.0502775923190546,3.270917700457386,2.8834096652283577e-05,0.004677608286228845,2.6795989466426278,0.20839015782026465,0.9999999997057709,0.9999969027520745,0.9349363505867858,0.9979675834298225
1051,1546,intermediate_unlabelled,0.7504854368932039,1,1354,-0.29033,0.25019,0.54052,-2.4619,2.4377,0.6781929480991894,-24.15,25.453,5.62149438955837,-172.23,140.18,26.661890236336774,41.5730474304569,5.089802192080063e-06,0.0008488602863431822,0.4127348528384699,2.082493539953189,0.9999999993712028,0.9999992282276304,0.9973012522230338,0.998736941258278
1051,1546,intermediate_unlabelled,0.7504854368932039,2,1354,-1.0214,-0.38263,0.6387700000000001,-2.5211,2.4331,0.7425613131341622,-14.077,28.273,5.982421494075141,-38.4,331.57,91.00781535450517,102.81132643365524,1.2464462476340435e-05,0.0006207047753758278,0.43810446156809363,1.7457878597838532,0.9999999987713067,0.9999996621541831,0.9973153201308446,0.999411584275953
1051,1546,intermediate_unlabelled,0.7504854368932039,3,1354,1.2691,1.8183,0.5492000000000001,-2.4895,2.3784,0.6780746443426173,-16.613,29.553,6.526182403578144,-362.29,181.15,143.3762776735598,157.42669531398374,2.5843490705584435e-05,0.00165064365231904,1.026398145068261,4.769739053860812,0.9999999915264602,0.9999970493387269,0.9875556055257418,0.9980212227626853
1051,1546,intermediate_unlabelled,0.7504854368932039,4,1354,-8.9882e-07,1.8399,1.83990089882,-2.3058,2.3281,1.4065217641357317,-22.929,40.135,7.428230744845408,-38.922,35.713,11.25461307237814,14.329136118008075,2.232758540891937e-05,0.002694000745301654,2.1112999152393055,2.1273585536693465,0.999999999519859,0.9999981779729119,0.958757331755139,0.9883940492299869
1051,1546,intermediate_unlabelled,0.7504854368932039,5,1354,-1.4892,1.6714,3.1606,-3.9463,3.9416,2.405853548301836,-36.9,35.596,11.691298268524811,-13.067,25.638,8.391945255539143,10.442324939991703,2.633625551369232e-05,0.003444164997493343,2.372882607048735,0.7567544085981214,0.9999999997701987,0.9999989873067655,0.9791869632814777,0.9956040242478977
1051,1546,intermediate_unlabelled,0.7504854368932039,6,1354,-2.7852,-0.011334,2.773866,-3.4072,3.4016,1.8757643985974908,-32.724,32.648,7.529316533086237,-5.5474,5.4526,2.994199491137371,3.2335435844811777,2.7661189512995105e-05,0.004469966348721852,2.6129635965917086,0.20162065015463965,0.999999999729221,0.9999971727777448,0.9378512147125315,0.9980541381402702
1051,1547,intermediate_unlabelled,0.7509708737864078,1,1354,-0.29033,0.25019,0.54052,-2.4617,2.4376,0.6781894437983732,-24.078,25.311,5.6197247151583065,-173.17,140.34,26.753570044313147,41.532631110634775,5.138458873572865e-06,0.0008278506145030517,0.38939170104055026,2.0675770872675625,0.9999999993591244,0.9999992665523445,0.9975967526871827,0.998752024837116
1051,1547,intermediate_unlabelled,0.7509708737864078,2,1354,-1.0214,-0.38263,0.6387700000000001,-2.521,2.433,0.742555947253699,-14.148,28.321,5.982768174551074,-39.539,332.34,90.86273622599705,102.63911339052979,1.2485752126527917e-05,0.000664482061338936,0.444660770034056,1.8137456740597546,0.999999998767107,0.9999996111904829,0.9972345687003565,0.9993612224024829
1051,1547,intermediate_unlabelled,0.7509708737864078,3,1354,1.2691,1.8183,0.5492000000000001,-2.4895,2.3799,0.6780695186361578,-16.755,29.506,6.5255446823566645,-361.36,178.82,143.16972552437224,157.12715956257503,2.5907841898241386e-05,0.0016214982814606773,1.0237616471847388,4.6895515197883615,0.9999999914842215,0.9999971531750277,0.9876174485534216,0.9980741323372264
1051,1547,intermediate_unlabelled,0.7509708737864078,4,1354,-8.9882e-07,1.8399,1.83990089882,-2.3076,2.3309,1.4065219226623218,-23.551,40.153,7.436963627887762,-38.718,35.509,11.245104870753323,14.334046235793512,2.2648756872913536e-05,0.0027569869835308396,2.1409431997466792,2.1809418907679263,0.9999999995059483,0.999998091013358,0.9576670374210658,0.9878180161087923
1051,1547,intermediate_unlabelled,0.7509708737864078,5,1354,-1.4892,1.6714,3.1606,-3.9458,3.9428,2.405830261309214,-36.663,35.028,11.697147073948502,-13.45,25.982,8.402782230428361,10.440959349214655,2.727916887140612e-05,0.0034717990701309876,2.3983884709531615,0.7515746410925648,0.9999999997534469,0.9999989706862402,0.9787537752697132,0.9956643435291541
1051,1547,intermediate_unlabelled,0.7509708737864078,6,1354,-2.7852,-0.011334,2.773866,-3.4049,3.4038,1.8757457345989172,-34.468,37.198,7.55141743146037,-5.9158,5.6,3.052203943870014,3.27203599964732,2.9046320633866638e-05,0.00470155839864234,2.6772787591584715,0.2105180383291859,0.9999999997014233,0.9999968706462679,0.935041314538708,0.9979279912617355
1051,2056,faulty_evident,0.9980582524271844,1,1361,-0.2903,0.25019,0.54049,-2.4608,2.4376,0.676452257686432,-24.197,25.263,5.605792840261758,-168.77,139.4,26.449430991917705,41.3954739863656,5.221114048872405e-06,0.0008600460813602148,0.3768910660122345,2.0510002657017656,0.9999999993395339,0.9999992034381815,0.9977375494910038,0.9987622317056011
1051,2056,faulty_evident,0.9980582524271844,2,1361,-1.0214,-0.38265,0.6387500000000002,-2.529,2.4338,0.7406296356498286,-14.978,28.463,5.976466457962976,-71.431,320.83,92.14725593681116,102.66736274836796,1.3224223740339216e-05,0.0009331980661938143,0.4644154788856154,2.1968733956624735,0.9999999986173399,0.9999992177317509,0.996976710461673,0.999016026284546
1051,2056,faulty_evident,0.9980582524271844,3,1361,1.2691,1.8183,0.5492000000000001,-2.4892,2.3986,0.6764339476182581,-16.613,29.885,6.542615287193602,-412.74,250.69,153.15921526818516,176.21200445705023,2.6711957887035057e-05,0.00201504305928356,1.1184645836506826,6.2939903864136,0.9999999909540253,0.9999955745790361,0.9852805568874806,0.9979703321055027
1051,2056,faulty_evident,0.9980582524271844,4,1361,-1.3482e-06,1.8399,1.8399013482000002,-2.3112,2.3289,1.4028730546411678,-22.787,43.085,7.4002923426393545,-36.528,40.807,10.77042072373255,13.758942334189523,2.2519045613048094e-05,0.0027268845972831116,2.079080411399868,2.0286072870278926,0.9999999995114244,0.9999981231172461,0.9597238220232469,0.9886302860154216
1051,2056,faulty_evident,0.9980582524271844,5,1361,-1.4892,1.6713,3.1605,-3.9431,3.9436,2.3996120490604183,-35.81,39.317,11.683666321825037,-11.616,28.58,8.336826480529021,10.289435729865572,3.511255162053288e-05,0.005183707390691481,2.3867221913865695,1.0524981319425422,0.9999999995913572,0.9999976783597491,0.9789136504003282,0.9912291838972138
1051,2056,faulty_evident,0.9980582524271844,6,1361,-2.7851,-0.011339,2.773761,-3.4037,3.3977,1.8707485155292582,-35.34,33.937,7.494259583200632,-4.9789,4.6421,2.8503798530492284,2.9797470033102424,2.6746737080926995e-05,0.004294781097663394,2.5715735790169014,0.1930834589246118,0.9999999997470859,0.9999973767391162,0.9392848566728027,0.9978983458258205
1051,2057,faulty_evident,0.9985436893203884,1,1360,-0.29041,0.2502,0.54061,-2.4611,2.438,0.6766980881873442,-24.197,25.24,5.6066823435453905,-169.71,139.0,26.087719749999998,41.188033905245504,5.351164595104794e-06,0.0008718900130386003,0.3778784467453728,2.0208992980736857,0.9999999993101807,0.9999991815070998,0.9977263929294617,0.9987873238311412
1051,2057,faulty_evident,0.9985436893203884,2,1360,-1.0214,-0.38265,0.6387500000000002,-2.5284,2.4335,0.7409000346769917,-14.528,28.487,5.977668044170409,-72.569,319.28,91.98120665441176,102.57682937269455,1.3135491033591001e-05,0.0009308458741798997,0.4594453808372366,2.1996611334684726,0.9999999986372274,0.9999992224931635,0.9970423656605066,0.9990086680105802
1051,2057,faulty_evident,0.9985436893203884,3,1360,1.2691,1.8183,0.5492000000000001,-2.4893,2.3988,0.6765633479946324,-18.106,29.624,6.536915678398908,-421.74,250.38,154.9076906397059,177.82942993179506,2.7039989815352338e-05,0.0020617928555426365,1.0891721205399054,6.4416285313443,0.9999999907282824,0.9999953704385863,0.986022361038805,0.9978863213964355
1051,2057,faulty_evident,0.9985436893203884,4,1360,-1.3482e-06,1.8402,1.8402013482000001,-2.3129,2.3276,1.403401148276795,-23.089,48.382,7.389278259413447,-35.203,36.069,10.634420720588237,13.557179910109646,2.157451917279397e-05,0.00273946680383833,2.0477991521032615,1.9396022204141294,0.9999999995518895,0.9999981065225261,0.9608322653743198,0.9892785006938574
1051,2057,faulty_evident,0.9985436893203884,5,1360,-1.4892,1.6713,3.1605,-3.9453,3.9437,2.4005996166727996,-35.478,40.455,11.66734039616152,-11.883,27.51,8.380182935294119,10.350863592113804,3.598750177828383e-05,0.00517648262763151,2.4090144435404346,1.0633614779697258,0.999999999571517,0.9999976872086556,0.9784528042893346,0.9911637934931663
1051,2057,faulty_evident,0.9985436893203884,6,1360,-2.7851,-0.01134,2.77376,-3.4041,3.3979,1.8714268418663782,-35.34,34.127,7.504232438224891,-5.1158,4.5789,2.876563617647059,3.0052082758790224,2.648332599523428e-05,0.004346149609495468,2.5879050152191856,0.19657210959784255,0.9999999997522934,0.9999973154096905,0.9386546265739183,0.9978582990185474
1051,2058,faulty_evident,0.9990291262135922,1,1359,-0.2903,0.2502,0.5405,-2.4607,2.4382,0.6769418402937559,-24.363,25.358,5.610293171532047,-169.71,139.77,25.921323966151583,41.1219978505869,5.2992228887096044e-06,0.0008929423635856059,0.3873659915655707,2.0892284230209457,0.9999999993247364,0.9999991414810699,0.9976137213778334,0.998700369096967
1051,2058,faulty_evident,0.9990291262135922,2,1359,-1.0214,-0.38265,0.6387500000000002,-2.5284,2.4334,0.7411724059538829,-15.096,28.344,5.98096135159183,-73.139,321.03,92.0982859013981,102.63302680136066,1.3243879473186289e-05,0.000917130249425187,0.46326638516744123,2.232276029243196,0.9999999986137935,0.9999992461928169,0.9969962035730349,0.998983205331457
1051,2058,faulty_evident,0.9990291262135922,3,1359,1.2691,1.8183,0.5492000000000001,-2.4899,2.3984,0.6767711412595687,-16.921,30.098,6.545334993530481,-418.17,248.82,154.13959166298747,177.01302419647766,2.7037643269666604e-05,0.00213640547046215,1.0996342425880807,6.454565734771063,0.9999999907231617,0.9999950333504276,0.9857874493036624,0.9978662994778454
1051,2058,faulty_evident,0.9990291262135922,4,1359,-1.3482e-06,1.8399,1.8399013482000002,-2.313,2.3297,1.4039047613032425,-22.591,41.912,7.439722303447353,-36.477,41.826,10.754219757174395,13.736966286198776,2.264497086044704e-05,0.002865716230739561,2.199150597736152,2.127145036280804,0.9999999995056973,0.9999979285842222,0.9553132867960276,0.9874147942151353
1051,2058,faulty_evident,0.9990291262135922,5,1359,-1.4892,1.6713,3.1605,-3.9441,3.9436,2.401380110435704,-36.307,38.891,11.698573987591326,-11.883,28.81,8.381996879323031,10.353098102113465,3.590964918676566e-05,0.0051919855233567526,2.419364343843336,1.0625916455463233,0.9999999995730998,0.9999976746638077,0.9783823549233952,0.991187331293374
1051,2058,faulty_evident,0.9990291262135922,6,1359,-2.7851,-0.01134,2.77376,-3.4048,3.4003,1.8721243252136395,-34.885,34.506,7.540911948513393,-5.0105,4.6842,2.879547906548933,3.012902544789515,2.7769151487794275e-05,0.00484834430772401,2.690345668042793,0.2098119893542034,0.9999999997276633,0.9999966586884363,0.9341938526180581,0.9975724066939777
1051,2059,faulty_evident,0.999514563106796,1,1361,-0.29042,0.25019,0.54061,-2.4615,2.4381,0.6764467644664478,-24.292,25.358,5.605046430263303,-168.98,139.4,25.303635819250548,41.00191012107933,5.218718763327082e-06,0.0008799325004935621,0.3884764183486185,2.0444538966956505,0.9999999993372588,0.9999991658277484,0.997595491491419,0.9987509195030694
1051,2059,faulty_evident,0.999514563106796,2,1361,-1.0214,-0.38265,0.6387500000000002,-2.5283,2.4332,0.740630521257807,-14.338,28.51,5.975308699526589,-74.685,319.89,92.10772501836885,102.72740476995527,1.31228000852775e-05,0.0009646059585994499,0.4599385688161101,2.2402514774337607,0.9999999986388971,0.9999991635418045,0.9970336600472045,0.9989734387421051
1051,2059,faulty_evident,0.999514563106796,3,1361,1.2691,1.8184,0.5493000000000001,-2.4888,2.3997,0.6764035541740305,-17.68,29.553,6.526739051614542,-420.5,253.79,154.07051155033065,176.49500768791623,2.7084907729000852e-05,0.0020762900175967745,1.0992445611445674,6.486275285526628,0.9999999907053267,0.9999952987479985,0.9857162106666097,0.9978019312981751
1051,2059,faulty_evident,0.999514563106796,4,1361,-1.3482e-06,1.8402,1.8402013482000001,-2.3118,2.328,1.4028861294438282,-22.822,46.8,7.3758932269849025,-35.152,33.165,10.584863905216752,13.548479957629604,2.1517298193040837e-05,0.0027442332672846298,2.0087295675767853,1.9477689491628871,0.9999999995545773,0.9999980990545653,0.9622020252910862,0.9891653747120895
1051,2059,faulty_evident,0.999514563106796,5,1361,-1.4892,1.6713,3.1605,-3.9441,3.9427,2.3998711948507405,-36.023,39.696,11.63901933827054,-11.845,26.976,8.376866795738428,10.33712221404112,3.644630947610229e-05,0.00517037119115599,2.479421868038236,1.0550952010664258,0.9999999995598426,0.9999976912904276,0.977047361974083,0.9912878148827189
1051,2059,faulty_evident,0.999514563106796,6,1361,-2.7851,-0.01134,2.77376,-3.4047,3.3994,1.8707317559581251,-33.217,33.141,7.519220234455732,-5.0842,4.6211,2.886284797207935,3.0088048150928524,2.75581413236203e-05,0.004674166553688402,2.635216495001772,0.20395884256302763,0.9999999997313577,0.9999968904822518,0.9365764527703543,0.9976987312406448
1051,2060,faulty_evident,1.0,1,1355,-0.29032,0.25019,0.54051,-2.4613,2.4373,0.6779382867812584,-24.363,25.335,5.618386376961794,-168.0,142.09,25.18220473800738,40.963335442394474,5.222828843382051e-06,0.0008776047624265365,0.39247522831205284,2.04839209059596,0.9999999993395603,0.999999173606847,0.9975573225563451,0.9987441382712554
1051,2060,faulty_evident,1.0,2,1355,-1.0214,-0.38265,0.6387500000000002,-2.528,2.4332,0.742262672664741,-14.243,28.344,5.990428335648065,-73.708,321.4,92.23593449446496,102.80935275874478,1.3382151077799444e-05,0.0009429155293885232,0.4656829553528676,2.2796089920404445,0.9999999985841367,0.9999992050015709,0.9969743454958713,0.9989492141166569
1051,2060,faulty_evident,1.0,3,1355,1.2691,1.8183,0.5492000000000001,-2.4884,2.399,0.6777686703708251,-17.68,29.387,6.56145160375033,-420.5,256.27,154.57503160885608,177.00176117915808,2.728431493005911e-05,0.0022006931970020736,1.1362452751641792,6.4985433221359665,0.999999990554247,0.9999947398699996,0.9848932225998049,0.9978066119971304
1051,2060,faulty_evident,1.0,4,1355,-1.1235e-06,1.8399,1.8399011235,-2.313,2.3275,1.4059712705389011,-23.036,47.564,7.41211869228217,-36.171,34.133,10.65666384501845,13.595706881941606,2.189119970757987e-05,0.0028463722031237555,2.0693228233695855,1.9885752958018907,0.9999999995383462,0.9999979627114518,0.9602386792760915,0.9887758210270262
1051,2060,faulty_evident,1.0,5,1355,-1.4892,1.6713,3.1605,-3.9444,3.9428,2.40492161770684,-36.165,40.194,11.732115355640849,-11.998,28.427,8.40080916309963,10.382034577664186,3.7304991943747906e-05,0.005327134273035927,2.4989512641168803,1.0900456250864312,0.9999999995390688,0.9999975586427436,0.9770529826741898,0.9908270803830216
1051,2060,faulty_evident,1.0,6,1355,-2.7851,-0.011341,2.773759,-3.4034,3.3993,1.8748771372050173,-33.141,34.81,7.536818762797366,-5.0105,4.7474,2.899272771955719,3.0216025536700135,2.685020118505936e-05,0.004484944447556735,2.6530076481640448,0.2014010260038971,0.9999999997449881,0.9999971510600676,0.9359979069725005,0.997775847231925
1052,0,training_healthy,0.0,1,1835,-1.7459,1.5708,3.3167,-3.1521,3.1486,1.8698324843304506,-30.904,28.534,8.269829839290031,-234.22,255.38,51.25563008719346,74.43565473221231,1.7330996747443587e-05,0.001516812016097867,0.7206555753713889,4.13160975607927,0.9999999998987164,0.9999996776351275,0.9961960899041816,0.998427928754318
1052,0,training_healthy,0.0,2,1835,-1.0563,-0.38262,0.6736800000000001,-2.5223,2.4343,0.8150872213305236,-23.604,28.534,7.110481058964691,-125.94,353.29,105.52939687738419,119.53138728257696,1.2017113898402745e-05,0.0007211649893127993,0.44633542062939197,1.8421124178062531,0.9999999988769525,0.9999996199305369,0.9980284262394392,0.9995723709236713
1052,0,training_healthy,0.0,3,1835,0.82791,1.7199,0.89199,-2.4895,2.3999,0.7440727434591576,-23.865,29.529,7.495323875559996,-644.96,212.35,175.79253531335152,191.53251924737978,2.0820879352355266e-05,0.001564079777147032,0.9695622077201184,4.951836626407581,0.9999999975410924,0.9999978002905379,0.9915991792158927,0.998680471715656
1052,0,training_healthy,0.0,4,1835,-1.6313,5.8648e-05,1.631358648,-1.7548,1.7555,0.9124311132694257,-18.485,14.628,3.704767173686837,-23.129,43.966,10.666511416893734,15.116371849378293,1.5561525837018916e-05,0.0015565245820729874,1.074045123171896,0.9826234921188196,0.9999999997081286,0.9999985566606444,0.957054437916675,0.9975949326679044
1052,0,training_healthy,0.0,5,1835,-1.4892,1.7562,3.2454,-3.9069,3.4932,2.2247439119218093,-57.423,43.915,12.993194241970897,-20.9,26.861,7.019888031607629,9.069296732457262,2.4287326875149533e-05,0.0028717802559401853,2.1394090705878677,0.7604541500426802,0.9999999997793193,0.9999991789274665,0.9863512807313699,0.9962107566751174
1052,0,training_healthy,0.0,6,1835,-0.029779,1.9551,1.984879,-0.42563,3.1566,0.8536273048090619,-39.018,34.089,5.217151977077763,-3.6211,6.2105,2.629186796185286,2.7755342581107394,2.79056515654364e-05,0.0032209986009591332,2.531246542382276,0.19637666710553808,0.9999999976320579,0.9999922786066967,0.8744160102084914,0.9974754138803869
1052,1,training_healthy,0.0004870920603994,1,1835,-1.7459,1.5708,3.3167,-3.1505,3.148,1.869828365338066,-30.833,28.487,8.265567079513225,-233.49,250.58,50.13093907356948,73.46023816919296,1.807514639806595e-05,0.0015010894998745417,0.6590873788572313,3.7791045434292014,0.9999999998898307,0.9999996846374839,0.9968160101310606,0.9986519007251814
1052,1,training_healthy,0.0004870920603994,2,1835,-1.0563,-0.38262,0.6736800000000001,-2.5224,2.4342,0.8150717230580203,-22.941,28.439,7.112407032686838,-131.15,352.72,106.08765220163487,120.00497220929489,1.190352608856269e-05,0.0008147065205926623,0.4701537994175356,1.9474846828825838,0.9999999988980767,0.9999995113399085,0.9978132831982519,0.9995138375815668
1052,1,training_healthy,0.0004870920603994,3,1835,0.82792,1.7199,0.89198,-2.4896,2.4036,0.7440170968375727,-22.396,29.719,7.5000985887847795,-648.99,205.83,178.55736067574932,193.2536501360343,2.0706361742276516e-05,0.0016065247042284937,1.0131477985640889,4.916392088209493,0.9999999975681758,0.9999976788206988,0.9908350406456934,0.9986524016162649
1052,1,training_healthy,0.0004870920603994,4,1835,-1.6313,4.4042e-05,1.631344042,-1.7574,1.7553,0.9124227795063701,-18.343,14.184,3.7331884561331257,-22.416,43.202,10.328700534059946,14.594314947555569,1.5716413686320016e-05,0.0016944510163772139,1.1689560873768672,1.0870842970623371,0.9999999997022881,0.9999982874385082,0.9497120479343819,0.9967834000570039
1052,1,training_healthy,0.0004870920603994,5,1835,-1.4892,1.7562,3.2454,-3.9075,3.4924,2.2247339953402667,-55.883,43.654,13.005793205787315,-20.977,26.861,7.006420721525886,9.016161944327308,2.4945976187302074e-05,0.002998765054397954,2.2104756726421333,0.771276342725729,0.9999999997671879,0.9999991037293577,0.985451059296739,0.996052810282708
1052,1,training_healthy,0.0004870920603994,6,1835,-0.02978,1.9549,1.98468,-0.42806,3.1543,0.8535603809507804,-36.516,31.966,5.1829341143596315,-3.4842,5.7474,2.5866350005449594,2.715716052901531,2.8095157189001945e-05,0.003240410930282378,2.4667030712823865,0.1928062304448411,0.99999999759974,0.9999921829005267,0.8794847650767552,0.9974689300770804
1052,2,training_healthy,0.0009741841207988,1,1835,-1.7458,1.5708,3.3166,-3.1508,3.1481,1.8698326245548655,-30.785,28.273,8.266238002939145,-233.86,251.72,50.31309784741144,73.63180224918652,1.7767027224682752e-05,0.001478382126162805,0.6617407212494345,3.695248596910979,0.9999999998935549,0.9999996945296824,0.9967907695115612,0.998716306232476
1052,2,training_healthy,0.0009741841207988,2,1835,-1.0563,-0.38262,0.6736800000000001,-2.5225,2.4346,0.8150692835395141,-23.51,28.463,7.112243996771274,-130.94,352.52,106.42826294277928,120.29041674835281,1.1987789488899915e-05,0.0008058975150611485,0.46879329566346106,1.9168431523986755,0.9999999988824182,0.9999995223287945,0.9978258454564669,0.9995288490024369
1052,2,training_healthy,0.0009741841207988,3,1835,0.82792,1.7199,0.89198,-2.4889,2.4035,0.7440198807988533,-23.841,29.577,7.495911995281266,-648.53,208.47,177.3918759346049,192.1482441833988,2.0540980285908515e-05,0.0016116910479309294,0.9851863178751197,4.9462002096560385,0.9999999976068714,0.9999976659519678,0.9913263122231583,0.9986322862137672
1052,2,training_healthy,0.0009741841207988,4,1835,-1.6313,3.6177e-05,1.6313361769999999,-1.7571,1.756,0.9124223226732115,-18.325,14.486,3.7186188772909845,-22.823,43.1,10.489035152588555,14.789718093775694,1.594781684511742e-05,0.00173355313982105,1.1222284346063947,1.0682293426455098,0.9999999996934569,0.9999982070148282,0.9533758516567061,0.9970054156685603
1052,2,training_healthy,0.0009741841207988,5,1835,-1.4892,1.7562,3.2454,-3.9065,3.4918,2.2247365670055923,-53.157,43.559,13.01538369423728,-20.709,26.708,6.947681011989101,8.949734979284253,2.4429630643292497e-05,0.0029540813952781478,2.2698478883454807,0.7632260736046564,0.9999999997767254,0.999999130768554,0.9846756108730994,0.9960731594980208
1052,2,training_healthy,0.0009741841207988,6,1835,-0.02978,1.955,1.98478,-0.42725,3.1561,0.8535705982182962,-37.426,35.53,5.180435245230793,-3.5474,5.9368,2.5652709291553135,2.700474578280461,2.819811895507456e-05,0.0032582124611096486,2.459533742136721,0.19666131935966688,0.9999999975821747,0.9999920979826323,0.8801084701659566,0.9973332641393525
1052,3,training_healthy,0.0014612761811982,1,1835,-1.7458,1.5708,3.3166,-3.15,3.1489,1.869829559101965,-30.88,28.297,8.267248367541114,-233.65,250.74,49.64229621798365,73.29142704984707,1.7563138870352197e-05,0.0015218072069450733,0.6732915880413304,3.696385262948993,0.9999999998959841,0.9999996754790431,0.9966783896731544,0.9987055238965674
1052,3,training_healthy,0.0014612761811982,2,1835,-1.0563,-0.38262,0.6736800000000001,-2.5236,2.4343,0.8150671579591557,-23.415,28.392,7.112668241034208,-132.49,352.11,106.31395912261583,120.22669244458157,1.1995784051643813e-05,0.000798949817318196,0.4664891392167478,1.9446065140766169,0.9999999988809263,0.9999995309663356,0.9978474294350986,0.9995132315636359
1052,3,training_healthy,0.0014612761811982,3,1835,0.82791,1.7199,0.89199,-2.4898,2.4029,0.7440038597300922,-23.557,29.553,7.496278790093672,-648.99,203.03,179.1307011825613,193.5175184894831,2.0437585283335395e-05,0.0016231468268798936,0.9843745260833316,4.899507716056425,0.9999999976308936,0.999997630831811,0.9913416772967821,0.9986471867829002
1052,3,training_healthy,0.0014612761811982,4,1835,-1.6313,1.6179e-05,1.631316179,-1.7594,1.7574,0.9124268666319962,-18.557,14.859,3.7722826759227583,-23.588,43.711,10.55752811171662,14.794506281152191,1.6539771549056993e-05,0.002024829469314291,1.284149272180599,1.2494919620115956,0.9999999996702787,0.9999975492127688,0.9402749983584453,0.9959280691270849
1052,3,training_healthy,0.0014612761811982,5,1835,-1.4892,1.7561,3.2453000000000003,-3.907,3.4914,2.2247336998586484,-56.665,43.488,13.013293071088894,-21.015,26.708,6.996588992915531,8.991665664840264,2.4531406104814662e-05,0.0029824464685302525,2.257092854836467,0.7903970531665084,0.9999999997748612,0.999999113906644,0.9848437616339506,0.995829388074602
1052,3,training_healthy,0.0014612761811982,6,1835,-0.02978,1.955,1.98478,-0.43049,3.1517,0.8535988615445704,-37.274,32.8,5.164249928064081,-3.5789,5.7263,2.616784716621253,2.755685247361249,2.70311085150867e-05,0.003138729816384075,2.423051578805139,0.18959985410532845,0.9999999977781504,0.9999926672362621,0.8830940649370969,0.9976198685125968
1052,4,training_healthy,0.0019483682415976,1,1836,-1.7458,1.5708,3.3166,-3.1502,3.1479,1.869322808946312,-30.738,28.25,8.261861975600134,-235.0,251.92,50.00102139433552,73.47773373198585,1.7746113290357624e-05,0.0014704169901441403,0.6317943870089214,3.5670238837910655,0.99999999989379,0.9999996977201607,0.9970719902829174,0.9987996516140042
1052,4,training_healthy,0.0019483682415976,2,1836,-1.0563,-0.38262,0.6736800000000001,-2.5237,2.4342,0.814849328527101,-23.486,28.344,7.11055266082783,-132.69,352.52,106.24227887799563,120.16420567455128,1.1730305843339356e-05,0.0007961245088448761,0.46147769797559074,1.8867306616739339,0.9999999989301067,0.999999533929954,0.997892228591002,0.9995428724644062
1052,4,training_healthy,0.0019483682415976,3,1836,0.82791,1.7199,0.89199,-2.4903,2.4033,0.743813436922321,-24.007,29.577,7.494475632719495,-648.99,206.14,178.5945801416122,193.11405658057572,2.022243194049394e-05,0.0016137620578984132,0.9844017278243596,4.838946405407214,0.9999999976792598,0.999997658416882,0.9913369000766226,0.998687297280854
1052,4,training_healthy,0.0019483682415976,4,1836,-1.6313,1.9325e-05,1.631319325,-1.7586,1.7573,0.9121795682527543,-18.361,14.788,3.7581865683369977,-24.454,43.711,10.68543966503268,14.952525882730361,1.74806020623084e-05,0.0020202768036045684,1.2435800145043874,1.2435125160648728,0.9999999996316175,0.9999975589870304,0.9436668057193218,0.996042195300854
1052,4,training_healthy,0.0019483682415976,5,1836,-1.4892,1.7562,3.2454,-3.9076,3.4924,2.2241266837947626,-55.267,43.536,13.023203177615581,-21.091,26.899,6.977648786492375,8.978790912679193,2.4893833658273602e-05,0.0029984014521983833,2.3322045841985357,0.7968020862674703,0.999999999768161,0.9999991036488209,0.9838346171942327,0.9957516165681544
1052,4,training_healthy,0.0019483682415976,6,1836,-0.02978,1.955,1.98478,-0.43089,3.1534,0.8533437865306831,-36.137,36.288,5.191349305920462,-3.6842,5.9579,2.6457754847494552,2.7735649357056142,2.7920864921366946e-05,0.003218499808386885,2.483372422538241,0.1900657904205827,0.9999999976281674,0.9999922851787296,0.8781603486226259,0.9976433763524277
1052,511,intermediate_unlabelled,0.2489040428641013,1,1835,-1.7458,1.5708,3.3166,-3.1492,3.1495,1.8698096749848403,-30.596,28.392,8.265518518731238,-233.86,244.43,46.70002158038147,71.85748715974944,1.8137821898493734e-05,0.0015989316547012618,0.6781272257959786,3.7950777124241144,0.9999999998890664,0.9999996404069608,0.9966290255202028,0.9985893116259767
1052,511,intermediate_unlabelled,0.2489040428641013,2,1835,-1.0563,-0.38262,0.6736800000000001,-2.5224,2.4339,0.8150937601358121,-23.13,28.842,7.112697023405015,-129.4,354.83,105.98586238147139,120.00133876753034,1.2054396737829216e-05,0.0007538583179733366,0.46170328633263547,1.8859094768079177,0.9999999988699627,0.9999995834886598,0.9978914646414947,0.9995535087402428
1052,511,intermediate_unlabelled,0.2489040428641013,3,1835,0.82793,1.7199,0.8919699999999999,-2.4892,2.3965,0.7439315992540592,-22.42,30.003,7.498626039149481,-628.19,190.46,177.1641058692098,189.98515976658246,2.0482023844244025e-05,0.0016020469121409966,1.0239984676762695,5.016722331658323,0.9999999976205288,0.9999976914118892,0.9906331053222255,0.9984323330454655
1052,511,intermediate_unlabelled,0.2489040428641013,4,1835,-1.6313,4.4491e-05,1.631344491,-1.757,1.7568,0.9124256055861707,-18.45,14.166,3.7430093537432194,-24.708,44.832,10.932830566757493,15.198954382639604,1.75167730553033e-05,0.0020166459893952234,1.195189687494022,1.184654104844057,0.9999999996301737,0.9999975696355466,0.947650095338807,0.9965404254196395
1052,511,intermediate_unlabelled,0.2489040428641013,5,1835,-1.4892,1.7562,3.2454,-3.9063,3.4928,2.224706110048478,-47.067,44.057,12.997590801354889,-19.181,25.982,6.676886306811989,8.593118919771692,2.387782075993034e-05,0.002854142007675752,2.1756727819296255,0.6955350242269503,0.9999999997866982,0.999999188724284,0.9858909128286774,0.996443720288045
1052,511,intermediate_unlabelled,0.2489040428641013,6,1835,-0.029781,1.9551,1.9848810000000001,-0.42658,3.1532,0.8536319018521121,-38.791,34.772,5.208257165539091,-3.5158,5.9158,2.5877641171662127,2.7149155496469968,2.7714854769132508e-05,0.003184725473439795,2.510773989265885,0.19159269179392985,0.9999999976643263,0.9999924524038507,0.8761300490446262,0.9974824969380304
1052,512,intermediate_unlabelled,0.2493911349245007,1,1835,-1.7458,1.5708,3.3166,-3.1489,3.1492,1.869810579672329,-30.596,28.273,8.263130804358854,-233.86,244.03,46.33056647411444,71.75663428149021,1.777213209881584e-05,0.0016243533989362374,0.6490123462865715,3.77158014581905,0.9999999998934931,0.9999996283823035,0.9969109471481917,0.9986043080279586
1052,512,intermediate_unlabelled,0.2493911349245007,2,1835,-1.0563,-0.38262,0.6736800000000001,-2.5221,2.4341,0.8150872359350161,-23.794,28.629,7.11175102349125,-128.46,355.0,106.16386532425068,120.1117194899357,1.2132355519087248e-05,0.0007235787225511502,0.4530960530193844,1.874018101542339,0.9999999988552962,0.9999996169738627,0.9979689127450972,0.9995561934343156
1052,512,intermediate_unlabelled,0.2493911349245007,3,1835,0.82793,1.7199,0.8919699999999999,-2.4895,2.3963,0.7439278664303464,-23.036,29.956,7.492898472557378,-628.66,191.24,178.2972698092643,191.0712160998366,2.0765826290686866e-05,0.0015996160942375241,0.9815462054254495,5.035585097344993,0.9999999975541327,0.9999976996686714,0.9913837786231784,0.9984265475778804
1052,512,intermediate_unlabelled,0.2493911349245007,4,1835,-1.6313,1.4156e-05,1.631314156,-1.7569,1.7567,0.9124248189483684,-18.645,14.646,3.745649211031676,-23.486,43.507,10.622279820163488,14.82816502781826,1.7048500887097346e-05,0.001906852602144313,1.2050421980887398,1.1535915056833892,0.999999999649684,0.9999978283451422,0.9468360624997041,0.9965129390380455
1052,512,intermediate_unlabelled,0.2493911349245007,5,1835,-1.4892,1.7562,3.2454,-3.9069,3.4913,2.224708468019431,-46.474,43.488,12.989120038241136,-19.257,26.097,6.687128390735695,8.60918545353968,2.3918740747522295e-05,0.002835115549682459,2.1235099935177524,0.7059709096096068,0.9999999997859667,0.9999992000268444,0.986546254444954,0.9963459672824714
1052,512,intermediate_unlabelled,0.2493911349245007,6,1835,-0.029781,1.955,1.9847810000000001,-0.4315,3.1525,0.8536059314975385,-39.132,37.691,5.236052468664591,-3.5474,5.7789,2.601909116076294,2.714823765154903,2.788787010525003e-05,0.0032055219727382847,2.5723192897259053,0.1876485143877157,0.9999999976349973,0.999992352476374,0.8710073829071951,0.9975977450249691
1052,513,intermediate_unlabelled,0.2498782269849001,1,1835,-1.7458,1.5708,3.3166,-3.1488,3.1492,1.8698105285095044,-30.643,28.344,8.262866446575032,-233.86,243.82,46.35649809809264,71.75375165665751,1.782167794370028e-05,0.0016161186188111368,0.6453703163164489,3.7590370195603375,0.9999999998928999,0.9999996323007205,0.9969453753927979,0.9986133404692646
1052,513,intermediate_unlabelled,0.2498782269849001,2,1835,-1.0563,-0.38262,0.6736800000000001,-2.5222,2.4341,0.8150880550043649,-23.77,28.51,7.112166867436133,-130.37,355.97,106.01766663215258,120.00200567112577,1.2323784362727924e-05,0.0007560609696788488,0.4579200152949663,1.9048669472695277,0.9999999988188891,0.9999995812054325,0.9979256030081294,0.9995426871119399
1052,513,intermediate_unlabelled,0.2498782269849001,3,1835,0.82793,1.7199,0.8919699999999999,-2.4902,2.3962,0.7439285039556154,-23.77,30.003,7.493309261270615,-627.41,189.37,178.18357860490462,190.9390905981193,2.0505105552807683e-05,0.0016039644656882296,0.9839880322687808,5.011238573159529,0.9999999976151616,0.9999976858504259,0.9913416797245168,0.9984401640085508
1052,513,intermediate_unlabelled,0.2498782269849001,4,1835,-1.6313,1.7976e-05,1.631317976,-1.7574,1.7564,0.912426602526828,-19.339,14.842,3.699531345579503,-24.25,43.915,10.68140865667575,14.909877488008831,1.68103018577415e-05,0.0018902756085947,1.0527433923986127,1.0359580530472086,0.9999999996594034,0.9999978659073958,0.9586583511078,0.9972246546945616
1052,513,intermediate_unlabelled,0.2498782269849001,5,1835,-1.4892,1.7562,3.2454,-3.9068,3.4918,2.2247149736956082,-45.811,43.654,12.980703236426125,-19.334,26.25,6.701562098637601,8.617923147079527,2.3995076678580328e-05,0.002803925212141902,2.077900882922916,0.6863188222381549,0.9999999997845982,0.9999992178587171,0.9871048933423027,0.996556050127066
1052,513,intermediate_unlabelled,0.2498782269849001,6,1835,-0.02978,1.955,1.98478,-0.42867,3.1538,0.8535942434471334,-36.288,31.093,5.175461627512786,-3.5263,5.6632,2.6239942452316076,2.736636374150958,2.7510575463930498e-05,0.0031978841272758064,2.447231123130768,0.18908041743683437,0.9999999976985365,0.9999923897218783,0.8811419266515826,0.9976003702595505
1052,514,intermediate_unlabelled,0.2503653190452996,1,1835,-1.7458,1.5708,3.3166,-3.1495,3.1495,1.8698091892962612,-30.691,28.202,8.26524776457925,-233.65,243.25,46.387497602179835,71.85745280633773,1.797375268595765e-05,0.0016199337852422927,0.6758926250687998,3.8231932525857086,0.9999999998910629,0.9999996306210962,0.9966510174862847,0.9985698523810366
1052,514,intermediate_unlabelled,0.2503653190452996,2,1835,-1.0563,-0.38262,0.6736800000000001,-2.5223,2.434,0.815088051408614,-23.841,28.676,7.112138074980232,-130.17,355.77,105.98920821253405,119.99011472174189,1.2319745262582128e-05,0.0007694704787688869,0.4585797713906288,1.910045168775707,0.9999999988196598,0.9999995652799041,0.9979196122415998,0.9995394745022478
1052,514,intermediate_unlabelled,0.2503653190452996,3,1835,0.82793,1.7199,0.8919699999999999,-2.4901,2.3964,0.743928362146343,-23.462,29.837,7.491745603810513,-630.21,189.37,178.29418212534063,191.05761587391703,2.0441953136660045e-05,0.0015884503953357064,0.9710233733994428,4.961700582591175,0.9999999976298296,0.9999977323689538,0.9915656720595863,0.9984714179577769
1052,514,intermediate_unlabelled,0.2503653190452996,4,1835,-1.6313,9.887e-06,1.631309887,-1.757,1.7566,0.9124232215426572,-18.948,14.753,3.7293631051724985,-23.842,44.322,10.561633907356947,14.810898545655725,1.717912770743332e-05,0.001922962907812423,1.1535490541857092,1.1218164885997863,0.9999999996442938,0.9999977913286922,0.9509600639989169,0.9966761934885152
1052,514,intermediate_unlabelled,0.2503653190452996,5,1835,-1.4892,1.7562,3.2454,-3.9067,3.4919,2.224716053175966,-46.569,43.441,12.976023814659925,-19.487,26.479,6.6937476980926425,8.605869873985716,2.383860695930907e-05,0.0027837222463765743,2.049136137988549,0.691400964027026,0.9999999997873984,0.999999229106395,0.987452598129337,0.9964907837685507
1052,514,intermediate_unlabelled,0.2503653190452996,6,1835,-0.02978,1.955,1.98478,-0.42537,3.1556,0.8536052313848951,-37.16,31.321,5.185522261425203,-3.4526,6.0211,2.604209875749319,2.7255451036864877,2.8088264178142655e-05,0.0032449636432339947,2.4671687075937356,0.1885088664797159,0.999999997600935,0.9999921631681231,0.8795646669572189,0.9975904003052609
1052,515,intermediate_unlabelled,0.250852411105699,1,1835,-1.7458,1.5708,3.3166,-3.1497,3.1493,1.8698083831480845,-30.406,28.226,8.263396632420381,-234.83,244.23,46.36129338419619,71.88720997486848,1.7759143392165004e-05,0.0016141807400299835,0.6539074716295963,3.7525502234532317,0.9999999998936498,0.9999996333346586,0.9968642965207068,0.998623716348371
1052,515,intermediate_unlabelled,0.250852411105699,2,1835,-1.0563,-0.38262,0.6736800000000001,-2.5222,2.4341,0.8150900143373307,-23.794,28.463,7.111528914957942,-128.62,354.06,106.08954092643052,120.07201347017804,1.2111456295318016e-05,0.0007184003618902764,0.44758131227989983,1.8394470346147729,0.9999999988592368,0.9999996225860793,0.9980179748292813,0.9995732796712397
1052,515,intermediate_unlabelled,0.250852411105699,3,1835,0.82793,1.7199,0.8919699999999999,-2.4901,2.3964,0.743934685649008,-23.367,29.577,7.492157668459516,-627.1,190.15,178.07210308991827,190.86629718917703,2.0160248859550846e-05,0.0015970843224074763,0.9730684405743358,5.015333329822545,0.999999997694712,0.9999977061304517,0.9915309531018303,0.9984387035679178
1052,515,intermediate_unlabelled,0.250852411105699,4,1835,-1.6313,2.2021e-05,1.631322021,-1.7565,1.757,0.9124260481418872,-19.001,14.699,3.73704236874258,-23.995,43.66,10.770300283378747,14.956146611089219,1.752072758597635e-05,0.001920693744128625,1.1774334006334666,1.1352987061920874,0.9999999996300069,0.9999977962328723,0.9490686734001862,0.9966971224778775
1052,515,intermediate_unlabelled,0.250852411105699,5,1835,-1.4892,1.7562,3.2454,-3.9071,3.4904,2.224716777253293,-46.616,43.37,12.992730803217379,-19.296,26.059,6.657609001634878,8.592601436443891,2.4048110920505647e-05,0.002863627393180767,2.152877070662735,0.705278332733564,0.9999999997836448,0.9999991835721619,0.9861766756891704,0.9963327526947978
1052,515,intermediate_unlabelled,0.250852411105699,6,1835,-0.02978,1.9551,1.98488,-0.42408,3.1532,0.853616085054586,-36.175,33.71,5.181954044740865,-3.4842,5.9579,2.5948720125340596,2.717240661520815,2.7752096455299536e-05,0.003139929305535842,2.4585324321710242,0.18964590568028145,0.999999997657995,0.9999926630507262,0.8802876769920448,0.9975451314303103
1052,1024,intermediate_unlabelled,0.4987822698490015,1,1835,-1.7458,1.5708,3.3166,-3.1507,3.1493,1.8698182905654537,-30.454,28.131,8.263704013845297,-234.43,244.8,46.79597179291552,72.06681931383119,1.7935495257384315e-05,0.0015971978381290192,0.6515394282609676,3.8016091864487946,0.9999999998915268,0.999999640918826,0.9968872405668996,0.9985930334081355
1052,1024,intermediate_unlabelled,0.4987822698490015,2,1835,-1.0563,-0.38262,0.6736800000000001,-2.5218,2.4332,0.8150913331545553,-23.202,28.487,7.113502228491533,-130.17,355.97,106.01470922070845,119.99662453095158,1.2270747553449162e-05,0.0008003866696792835,0.4740234511507196,2.0296525751917094,0.9999999988290318,0.9999995293022189,0.997777774614334,0.9994800089563485
1052,1024,intermediate_unlabelled,0.4987822698490015,3,1835,0.82793,1.7199,0.8919699999999999,-2.4904,2.3915,0.7439129626408469,-22.704,29.861,7.495867036870925,-623.84,186.27,176.75958663215258,189.21335011247962,2.0832256358750806e-05,0.00157875177161484,1.0053656375316369,5.008595204522381,0.9999999975384528,0.9999977592455264,0.9909656712333174,0.9983837436063457
1052,1024,intermediate_unlabelled,0.4987822698490015,4,1835,-1.6313,1.2134e-05,1.631312134,-1.7571,1.7568,0.9124230034185371,-33.345,14.308,4.093254353760589,-25.473,42.488,10.537175757493188,14.624127058177608,1.7749823841632865e-05,0.002276433678706129,2.042871303688676,1.795788013222137,0.9999999996202679,0.9999968994335688,0.8665549727263775,0.9910822849064852
1052,1024,intermediate_unlabelled,0.4987822698490015,5,1835,-1.4892,1.7562,3.2454,-3.9068,3.493,2.224711012078869,-48.11,43.654,12.997892012680827,-19.143,26.326,6.727291446866484,8.628937400027027,2.4198180043016162e-05,0.002885873221811756,2.1771831998268607,0.7137386051136376,0.9999999997809362,0.9999991709404419,0.9858718310262523,0.9962852362143053
1052,1024,intermediate_unlabelled,0.4987822698490015,6,1835,-0.02978,1.955,1.98478,-0.42462,3.1555,0.8536071915752474,-38.26,36.516,5.2412862145738845,-3.4,6.0105,2.587632251226158,2.689786162291277,2.8220332690612266e-05,0.0033383905207183657,2.5805212057871034,0.19192319258145085,0.9999999975783346,0.9999917048061653,0.8704005850032864,0.9974328606778973
1052,1025,intermediate_unlabelled,0.4992693619094008,1,1835,-1.7458,1.5708,3.3166,-3.1499,3.1495,1.8698177786697427,-30.501,28.202,8.265360088812113,-234.43,243.66,46.579073302452315,72.04249570117858,1.797274786286424e-05,0.001612146369428441,0.6693917986999944,3.844654989853212,0.999999999891077,0.9999996339705275,0.9967153397965907,0.9985607846379854
1052,1025,intermediate_unlabelled,0.4992693619094008,2,1835,-1.0563,-0.38262,0.6736800000000001,-2.522,2.4333,0.8150927653663022,-23.747,28.581,7.112659719040611,-130.94,357.11,106.13989356403269,120.13450413493133,1.2097451589345738e-05,0.000797261911937474,0.4554141667852359,2.014414101295897,0.9999999988618737,0.9999995331482439,0.9979485580179384,0.9994883966263803
1052,1025,intermediate_unlabelled,0.4992693619094008,3,1835,0.82793,1.7199,0.8919699999999999,-2.4897,2.3917,0.7439110920815418,-23.32,29.553,7.4911113885626905,-623.84,187.36,177.25998014713898,189.6906899987534,2.0716299859317958e-05,0.001626344737994022,0.9690353505890968,5.01827628672436,0.99999999756577,0.9999976212361654,0.9915988852313875,0.9983847770256391
1052,1025,intermediate_unlabelled,0.4992693619094008,4,1835,-1.6313,9.6623e-06,1.6313096623,-1.7566,1.7571,0.9124231248214462,-32.243,14.699,4.122352593866575,-24.352,41.724,10.368123713896459,14.377941083742376,1.8171655785387917e-05,0.0022602225488648087,2.1002922828056105,1.8303451610253882,0.9999999996020039,0.9999969433051447,0.860477757559598,0.9903812429613105
1052,1025,intermediate_unlabelled,0.4992693619094008,5,1835,-1.4892,1.7562,3.2454,-3.9065,3.4931,2.224705883805584,-47.422,43.796,12.99180184371961,-18.952,26.326,6.715864010354223,8.60211001026515,2.3743162154683415e-05,0.002935344289332767,2.1384767630858823,0.7192453037302431,0.9999999997890964,0.9999991415025093,0.9863602926613124,0.9962040716747196
1052,1025,intermediate_unlabelled,0.4992693619094008,6,1835,-0.02978,1.9549,1.98468,-0.4311,3.153,0.8535722196526321,-37.578,33.482,5.220321697243459,-3.5263,5.5474,2.532568517711172,2.636052622445366,2.7903543186492537e-05,0.0032806965936611654,2.54423993193711,0.1875881652907407,0.999999997632358,0.9999919883273144,0.8731948150086293,0.9974552490547594
1052,1026,intermediate_unlabelled,0.4997564539698003,1,1835,-1.7458,1.5708,3.3166,-3.1493,3.1494,1.8698178659437708,-30.525,28.439,8.26530970880448,-235.4,244.6,47.22955565122616,72.18329745669094,1.7761879018655307e-05,0.0015792790157995518,0.6653819555919892,3.7819834052917027,0.9999999998936171,0.9999996493165849,0.9967546003503649,0.9986103044289492
1052,1026,intermediate_unlabelled,0.4997564539698003,2,1835,-1.0563,-0.38262,0.6736800000000001,-2.5216,2.4334,0.8150931147940357,-23.581,28.463,7.1128068073301876,-131.72,356.34,106.27447302452316,120.20098529424514,1.2218007127370245e-05,0.0007843465135144241,0.45667543845994785,1.9668605503515577,0.999999998839075,0.9999995480754114,0.997937277161245,0.999509840748427
1052,1026,intermediate_unlabelled,0.4997564539698003,3,1835,0.82793,1.7199,0.8919699999999999,-2.4897,2.3924,0.7439137364063383,-22.941,29.482,7.491834630849724,-623.07,185.34,176.2146616893733,188.63842566146533,2.050064341156903e-05,0.0016279140060702561,0.9799546224781752,4.966767199684618,0.999999997616202,0.9999976173232634,0.9914093329871269,0.9984073431661078
1052,1026,intermediate_unlabelled,0.4997564539698003,4,1835,-1.6313,9.4376e-06,1.6313094376,-1.7569,1.757,0.9124200036825004,-31.656,14.451,4.059332657817599,-23.333,41.724,10.444971863760218,14.50366967805186,1.845583502667202e-05,0.002276566036268894,1.9729645631601973,1.742570916649413,0.9999999995894581,0.9999968990619837,0.8739416801755535,0.9914506949031826
1052,1026,intermediate_unlabelled,0.4997564539698003,5,1835,-1.4892,1.7562,3.2454,-3.9072,3.4927,2.224704494358827,-46.545,44.033,12.999950001153328,-18.952,26.555,6.68210814386921,8.5675384689433,2.4328925633749474e-05,0.0029275131238175292,2.188728930131258,0.7123896765657582,0.9999999997785622,0.9999991461290578,0.9857250632467257,0.9962459038793929
1052,1026,intermediate_unlabelled,0.4997564539698003,6,1835,-0.029779,1.9549,1.984679,-0.42995,3.1517,0.8535650538257031,-37.35,37.009,5.226370650427104,-3.4526,5.4737,2.5515962397820164,2.650024377744168,2.7932841865354727e-05,0.0031739027419969332,2.5581851749088456,0.18705018912945742,0.9999999976273901,0.9999925031263516,0.8720169322002852,0.9974885705567119
1052,1027,intermediate_unlabelled,0.5002435460301997,1,1835,-1.7458,1.5708,3.3166,-3.1497,3.1495,1.8698182022867251,-30.667,28.273,8.266165059283432,-233.29,244.03,46.98950610899183,72.2337635532645,1.8002649676285867e-05,0.001596963791882351,0.67674228500331,3.816867191261188,0.9999999998907124,0.9999996410058793,0.9966433449819532,0.9985878324956399
1052,1027,intermediate_unlabelled,0.5002435460301997,2,1835,-1.0563,-0.38262,0.6736800000000001,-2.5227,2.4332,0.8150853133479743,-23.059,28.487,7.1133564145148585,-132.69,355.4,106.06763174931879,120.01243684235189,1.2282361654305944e-05,0.0007800691794386034,0.467014227045616,1.9332334380424498,0.9999999988268078,0.9999995532997943,0.9978430097417593,0.9995238670525983
1052,1027,intermediate_unlabelled,0.5002435460301997,3,1835,0.82793,1.7199,0.8919699999999999,-2.4897,2.3915,0.7439101994170466,-22.372,29.695,7.49531054368998,-626.64,185.03,177.96202544959127,190.44899314863244,2.0903155103823952e-05,0.0015885640060413697,0.999419040544498,4.9542180495980555,0.9999999975216578,0.9999977310049585,0.9910713285783564,0.9984392962286701
1052,1027,intermediate_unlabelled,0.5002435460301997,4,1835,-1.6313,1.1685e-05,1.631311685,-1.7564,1.7568,0.9124234609850915,-31.372,14.38,4.093904657199099,-23.995,41.52,10.23366931880109,14.29174246226435,1.792902630998243e-05,0.00216350957158044,2.045011750626704,1.813838807198711,0.9999999996125623,0.9999972005278315,0.8662992531387216,0.9904406777111774
1052,1027,intermediate_unlabelled,0.5002435460301997,5,1835,-1.4892,1.7562,3.2454,-3.9061,3.4941,2.224704002041273,-47.185,43.559,12.978451888408017,-19.028,26.402,6.704436168937329,8.58887893934063,2.3732196738949007e-05,0.0028918556059495367,2.0555379876934197,0.6910276397551041,0.9999999997892918,0.9999991673875345,0.9873783223198169,0.9964846560005144
1052,1027,intermediate_unlabelled,0.5002435460301997,6,1835,-0.029781,1.955,1.9847810000000001,-0.42719,3.1543,0.8535808103848257,-36.933,33.369,5.205039425457191,-3.4211,5.4421,2.548210599455041,2.654093366784202,2.754409799154132e-05,0.003297867026333085,2.51030973676499,0.1863864119561698,0.9999999976930213,0.9999919044916864,0.8760152467318333,0.9975041458336164
1052,1028,intermediate_unlabelled,0.5007306380905991,1,1835,-1.7458,1.5708,3.3166,-3.1495,3.1493,1.869818424491027,-30.525,28.392,8.266157605381455,-233.65,245.94,47.609784059945504,72.38274301366387,1.7810095098529526e-05,0.0015803327083512967,0.6741205377092496,3.7806275908529625,0.9999999998930381,0.9999996489463872,0.9966693370871844,0.9986178357303096
1052,1028,intermediate_unlabelled,0.5007306380905991,2,1835,-1.0563,-0.38262,0.6736800000000001,-2.5216,2.4336,0.8150844310990915,-23.107,28.392,7.113406366567428,-132.69,351.95,106.19003752588557,120.09705014978525,1.202385467500394e-05,0.0007970188627331925,0.4708095563683856,1.9023056700061254,0.999999998875671,0.9999995329438713,0.9978077980010538,0.9995377629219695
1052,1028,intermediate_unlabelled,0.5007306380905991,3,1835,0.82793,1.7199,0.8919699999999999,-2.4891,2.3918,0.7439129732964218,-22.111,29.529,7.494720507576988,-623.84,188.13,177.24617073569482,189.6997141557511,2.059068953622911e-05,0.0016021682492903362,0.9963334198633893,4.96470298794687,0.9999999975952071,0.9999976927054987,0.9911252760086755,0.9984230008206767
1052,1028,intermediate_unlabelled,0.5007306380905991,4,1835,-1.6313,9.887e-06,1.631309887,-1.7565,1.7576,0.9124219991797188,-33.363,14.042,4.091256099716196,-23.231,41.826,10.340610566757492,14.40413727472811,1.788796264479722e-05,0.0022650200469288948,2.0381090325635816,1.7917737357260402,0.9999999996143347,0.9999969305364866,0.8670843607895108,0.9908100614200471
1052,1028,intermediate_unlabelled,0.5007306380905991,5,1835,-1.4892,1.7562,3.2454,-3.9064,3.493,2.224704945953676,-46.901,43.63,12.999332020614645,-19.143,26.479,6.674990257765668,8.575292213212151,2.4424793043562326e-05,0.0029206768839149513,2.1831247612649527,0.7222284164627651,0.9999999997768141,0.9999991502776173,0.9857972360574853,0.9961419844072877
1052,1028,intermediate_unlabelled,0.5007306380905991,6,1835,-0.02978,1.955,1.98478,-0.42685,3.1528,0.8535957891582714,-38.526,34.089,5.228349485025292,-3.4211,5.5053,2.5190595645776566,2.6291299337085454,2.7532212872817992e-05,0.003299192423800393,2.5542221842999324,0.19378390650928723,0.9999999976949917,0.9999918978619349,0.8725457900227248,0.9972565024561397
1052,1538,intermediate_unlabelled,0.749147588894301,1,1835,-1.7458,1.5708,3.3166,-3.1504,3.1495,1.8698183212818795,-30.382,28.178,8.264634550955837,-234.06,244.43,46.36091233242507,72.0939306113163,1.7905628826144874e-05,0.0016168664688447389,0.6617093643880361,3.8549932073704984,0.9999999998918871,0.999999631769773,0.9967898716193688,0.9985561363994325
1052,1538,intermediate_unlabelled,0.749147588894301,2,1835,-1.0563,-0.38262,0.6736800000000001,-2.5211,2.4329,0.8150919075464231,-23.202,28.534,7.113146759454098,-129.97,357.11,106.46336892098093,120.47728221685269,1.2321156795784748e-05,0.0007625130306563741,0.467584026873575,1.9652204396368658,0.9999999988193922,0.999999573416321,0.9978376177218592,0.9995152292977796
1052,1538,intermediate_unlabelled,0.749147588894301,3,1835,0.82792,1.7199,0.89198,-2.4908,2.3898,0.7439020632002247,-22.064,29.671,7.493983986390375,-625.09,187.36,175.98028283378747,188.12669421308874,2.1034923754352117e-05,0.001571068787842537,0.9919731398691526,4.943560633102732,0.9999999974903303,0.9999977814573916,0.9912012921388373,0.9983878258450077
1052,1538,intermediate_unlabelled,0.749147588894301,4,1835,-1.6313,1.3482e-05,1.631313482,-1.759,1.756,0.9124219390068523,-32.492,13.9,4.067411538458495,-27.714,41.062,10.26170173841962,14.249584526294072,1.8486143815703174e-05,0.0024371899992507626,1.9868415972315903,1.833127683244792,0.9999999995881086,0.999996444102483,0.8725768991297269,0.9901777895416565
1052,1538,intermediate_unlabelled,0.749147588894301,5,1835,-1.4892,1.7562,3.2454,-3.9068,3.4924,2.224732754502932,-46.19,43.346,13.003862422907423,-19.487,26.937,6.852683413623978,8.85557785316918,2.4035066980066512e-05,0.0029922256710999354,2.211685648920848,0.7252277745618758,0.99999999978388,0.9999991078082893,0.9854306438959988,0.9963740402376955
1052,1538,intermediate_unlabelled,0.749147588894301,6,1835,-0.02978,1.9551,1.98488,-0.43136,3.1536,0.8536172115053922,-38.108,33.634,5.2003771291688565,-3.4211,5.7789,2.457572261035422,2.582042863679741,2.817339067527473e-05,0.003227233343956574,2.5001869238731578,0.18633049562060647,0.9999999975863906,0.9999922498280285,0.8768469963196069,0.9973647890499581
1052,1539,intermediate_unlabelled,0.7496346809547004,1,1835,-1.7458,1.5708,3.3166,-3.1505,3.1493,1.869817253636392,-30.406,28.273,8.265783007525211,-233.49,242.89,46.08237309536785,72.02729582157832,1.811017186751109e-05,0.0016336238783959118,0.6788038942402365,3.8775377696626014,0.9999999998894037,0.9999996237452262,0.9966225122733872,0.9985373275621419
1052,1539,intermediate_unlabelled,0.7496346809547004,2,1835,-1.0563,-0.38262,0.6736800000000001,-2.5217,2.4327,0.8150897263882634,-23.107,28.534,7.112352152281094,-129.4,355.4,106.3483372479564,120.37483681083789,1.218059536845509e-05,0.000734048332219646,0.4539966514317782,1.936013990897284,0.9999999988461772,0.9999996060490763,0.9979611417892337,0.9995295366770421
1052,1539,intermediate_unlabelled,0.7496346809547004,3,1835,0.82792,1.7199,0.89198,-2.4916,2.3898,0.7439058195315735,-21.993,29.671,7.496236232367355,-620.43,190.93,175.73442690463213,187.8045509093146,2.063318078684997e-05,0.0016345087689816514,1.0106414611023378,5.017452394927176,0.999999997585277,0.999997597871553,0.9908709642050981,0.9983310799783727
1052,1539,intermediate_unlabelled,0.7496346809547004,4,1835,-1.6313,9.4376e-06,1.6313094376,-1.7586,1.7554,0.9124229265798472,-30.768,14.113,4.077428399105863,-27.765,41.928,10.236260234332423,14.22288847278899,1.8757312558603636e-05,0.0024308240397255226,2.0070570864226887,1.85183832233306,0.9999999995759365,0.999996462925972,0.8704625736903117,0.9899085248785956
1052,1539,intermediate_unlabelled,0.7496346809547004,5,1835,-1.4892,1.7562,3.2454,-3.9079,3.4932,2.224737814674238,-47.019,43.062,13.00316520567232,-19.563,26.784,6.842922052861034,8.841443828796365,2.3934397040052855e-05,0.00303155381097116,2.214827572776575,0.7394039394665628,0.9999999997856872,0.9999990839663899,0.9853873168808399,0.9962190186106915
1052,1539,intermediate_unlabelled,0.7496346809547004,6,1835,-0.029781,1.9551,1.9848810000000001,-0.42907,3.1527,0.8536335690550307,-39.36,34.923,5.236497388085848,-3.4526,5.7263,2.4686543923705724,2.5906391413424266,2.7722393080517707e-05,0.0032364118852547994,2.5695647754874313,0.18744353206990313,0.9999999976630232,0.999992204878931,0.8713273827174614,0.9973499023486346
1052,1540,intermediate_unlabelled,0.7501217730150999,1,1835,-1.7458,1.5708,3.3166,-3.1497,3.1497,1.8698168303720832,-30.619,28.297,8.265894037846143,-233.49,243.25,46.47209596185286,72.08444631068491,1.8082882637220118e-05,0.0015982138711917707,0.6760133209541942,3.841566301260902,0.9999999998897365,0.9999996406099834,0.9966503498202322,0.9985651249156192
1052,1540,intermediate_unlabelled,0.7501217730150999,2,1835,-1.0563,-0.38262,0.6736800000000001,-2.5212,2.4333,0.8150949621616921,-23.154,28.297,7.11283210467767,-129.97,357.11,106.6980958092643,120.67916618400601,1.2333043092730771e-05,0.0007477486386232357,0.4584035871523356,1.9902227650210944,0.9999999988171161,0.9999995903658568,0.9979216167929978,0.9995041714074504
1052,1540,intermediate_unlabelled,0.7501217730150999,3,1835,0.82792,1.7199,0.89198,-2.4908,2.391,0.7439053476009201,-22.325,29.743,7.492924295288154,-619.65,186.27,174.5851756239782,186.7022416817171,2.0513317322490385e-05,0.0015972597372009578,0.9871908241688152,4.9408998120661405,0.9999999976132523,0.9999977078442084,0.9912838151906281,0.9983747722344711
1052,1540,intermediate_unlabelled,0.7501217730150999,4,1835,-1.6313,8.9882e-06,1.6313089882,-1.7576,1.7561,0.912422210001767,-28.279,14.557,4.051606784308054,-27.51,41.622,10.406432305177113,14.398426790127024,1.867830399491191e-05,0.0024278090407465693,1.9551156983588729,1.830986317069193,0.9999999995795014,0.999996471876893,0.8758674343913864,0.990383608536848
1052,1540,intermediate_unlabelled,0.7501217730150999,5,1835,-1.4892,1.7562,3.2454,-3.9077,3.4927,2.2247354948459566,-45.479,43.251,12.994418744132506,-19.372,26.517,6.80319109373297,8.79378901099692,2.380982858118716e-05,0.0029966927842380135,2.16155089158395,0.7234203614356137,0.9999999997879123,0.9999991050959507,0.9860679173137255,0.9963414666657296
1052,1540,intermediate_unlabelled,0.7501217730150999,6,1835,-0.029781,1.9551,1.9848810000000001,-0.42759,3.1511,0.8536183851135586,-39.777,36.023,5.227721400133533,-3.4316,5.7474,2.475094910081744,2.5890829020932715,2.7992440472606494e-05,0.003276091424241263,2.550427356213599,0.19027949035094918,0.999999997617223,0.9999920122679838,0.8729189824073041,0.9972681880463338
1052,1541,intermediate_unlabelled,0.7506088650754993,1,1835,-1.7458,1.5708,3.3166,-3.1504,3.1492,1.869814043768847,-30.643,28.344,8.264998626511158,-233.49,244.8,45.96391984196185,72.01063381946403,1.8180384981726493e-05,0.0016312966014785052,0.6704921799708043,3.8529797759173894,0.9999999998885443,0.9999996251736046,0.9967042361509704,0.9985556440728263
1052,1541,intermediate_unlabelled,0.7506088650754993,2,1835,-1.0563,-0.38262,0.6736800000000001,-2.5211,2.4332,0.8150874035595037,-23.178,28.321,7.11195780916722,-129.6,356.54,106.47682691553135,120.44375774251495,1.2146628189293134e-05,0.0007355464315046389,0.4524805169989745,1.9208582897275082,0.9999999988526009,0.9999996036273531,0.9979745688301627,0.999533928916391
1052,1541,intermediate_unlabelled,0.7506088650754993,3,1835,0.82792,1.7199,0.89198,-2.4908,2.3909,0.7439023553361784,-22.562,29.506,7.494642749974067,-620.74,187.36,176.14994457220712,188.4344226662656,2.075417252556674e-05,0.0016011821341010743,1.000928784541801,4.949594839032137,0.9999999975568729,0.9999976948613316,0.9910425356720608,0.9983995537898194
1052,1541,intermediate_unlabelled,0.7506088650754993,4,1835,-1.6313,3.8424e-05,1.631338424,-1.7574,1.7559,0.9124272370720028,-27.177,14.557,4.046419095027311,-27.612,41.266,10.451672599455042,14.338150524012475,1.8326365245425888e-05,0.0023492808397996474,1.9466649480813651,1.8477047284081298,0.999999999595199,0.999996696813019,0.8766754994117171,0.9903804843743472
1052,1541,intermediate_unlabelled,0.7506088650754993,5,1835,-1.4892,1.7562,3.2454,-3.9078,3.4922,2.224734966026332,-49.531,43.583,13.006573488000491,-19.525,26.708,6.841588907901907,8.848662386111851,2.3612481403258606e-05,0.0030280102815138637,2.228172837662221,0.7487421119145387,0.9999999997914133,0.999999085677562,0.9852171908134901,0.9961262794525556
1052,1541,intermediate_unlabelled,0.7506088650754993,6,1835,-0.02978,1.9551,1.98488,-0.42901,3.1539,0.8536187479704898,-38.829,31.131,5.23051549997819,-3.4105,5.6105,2.4558437291553132,2.5774500971016328,2.7884734227234227e-05,0.003197309181297458,2.5607713222175517,0.18349896224902654,0.9999999976355519,0.9999923915837615,0.8719572741402366,0.9974402055223393
1052,1542,intermediate_unlabelled,0.7510959571358987,1,1835,-1.7458,1.5708,3.3166,-3.15,3.1494,1.8698139354891161,-30.501,28.51,8.265635455262462,-233.49,243.66,46.08751553678474,72.00650074700697,1.8168420086296047e-05,0.001618845353432036,0.6768636354969829,3.841569511405989,0.9999999998886905,0.9999996310297812,0.9966416926081826,0.998563434608363
1052,1542,intermediate_unlabelled,0.7510959571358987,2,1835,-1.0563,-0.38262,0.6736800000000001,-2.5212,2.4333,0.8150877241936808,-23.652,28.581,7.112444423413377,-131.31,357.88,106.43718870844688,120.3966256740338,1.2477549445836703e-05,0.0007728996468272795,0.4591160970269596,1.9820580186368146,0.9999999987892316,0.9999995618330828,0.9979149138281922,0.9995054740975701
1052,1542,intermediate_unlabelled,0.7510959571358987,3,1835,0.82792,1.7199,0.89198,-2.4912,2.3912,0.7439088494371393,-22.822,29.529,7.492664695799333,-619.96,186.27,175.07087434332425,187.20567665418085,2.10188263822774e-05,0.0015990699144822211,0.9848361658174268,4.939031801275986,0.999999997494171,0.999997700189509,0.9913250006990185,0.9983804142713076
1052,1542,intermediate_unlabelled,0.7510959571358987,4,1835,-1.6313,3.8424e-05,1.631338424,-1.7576,1.7558,0.912424839070305,-28.208,14.415,4.0545314067215585,-28.529,42.539,10.656864809264306,14.52778614676844,1.853049703724984e-05,0.00236755996278205,1.963240412897724,1.8407582150394848,0.999999999586131,0.999996645454374,0.8749530436972892,0.9907663596054324
1052,1542,intermediate_unlabelled,0.7510959571358987,5,1835,-1.4892,1.7562,3.2454,-3.907,3.4926,2.224736766241408,-51.238,43.512,13.029640767981048,-19.563,26.632,6.835611735694823,8.82993623695542,2.382959242920024e-05,0.003038204053473335,2.3643251188906382,0.7694646570176908,0.9999999997875605,0.9999990800063885,0.9833990261993972,0.9958975740074453
1052,1542,intermediate_unlabelled,0.7510959571358987,6,1835,-0.029781,1.955,1.9847810000000001,-0.42954,3.1535,0.8536067479625778,-39.739,33.141,5.272516880891031,-3.4105,5.6211,2.458413508991826,2.5757484006064257,2.783266264327086e-05,0.0032437024477185885,2.647846929265769,0.18657557428843302,0.9999999976443618,0.9999921688703899,0.8647532029396054,0.9973514699905669
1052,2049,faulty_evident,0.9980516317584024,1,1842,-1.7459,1.5708,3.3167,-3.1486,3.1492,1.8662729145027561,-30.738,28.392,8.253247445500387,-232.31,244.8,46.86201514115093,72.21993765381816,1.770704655624619e-05,0.001621448446722455,0.6933880769646052,3.795737917026478,0.9999999998949558,0.9999996283002293,0.9964648063301629,0.9986038650199018
1052,2049,faulty_evident,0.9980516317584024,2,1842,-1.0563,-0.38263,0.67367,-2.5286,2.4342,0.8135104307679606,-24.363,28.605,7.111143571084496,-157.06,341.57,107.69238958740499,120.99085458279654,1.2576275240885547e-05,0.0009491858827669497,0.4662569399129645,2.386827390364102,0.9999999987729471,0.9999993309688514,0.9978487525354394,0.9992814457000923
1052,2049,faulty_evident,0.9980516317584024,3,1842,0.82792,1.7199,0.89198,-2.4889,2.427,0.7431127217466408,-25.192,29.506,7.564165820535502,-992.35,230.82,192.32194504343104,220.49257470815223,2.3577923039993307e-05,0.0021997853618306103,1.0400013777929324,7.054998981185597,0.9999999968578714,0.9999956286034706,0.9905050958403866,0.9984328663912337
1052,2049,faulty_evident,0.9980516317584024,4,1842,-1.6313,1.2134e-05,1.631312134,-1.7577,1.7573,0.9106880785917938,-29.754,19.285,4.018515704518289,-31.688,41.571,9.784725838762217,13.686093532060125,1.7889006357579256e-05,0.0022263438017781413,1.9034382539106671,1.7430732066400967,0.9999999996157013,0.9999970236726688,0.8807044086606166,0.9901911497002798
1052,2049,faulty_evident,0.9980516317584024,5,1842,-1.4892,1.7561,3.2453000000000003,-3.9694,3.4929,2.2204587150269965,-57.115,45.289,13.101245367529609,-25.485,29.115,6.74404430510315,8.76645279393568,3.860572725917168e-05,0.005522083460456892,2.7547425176206426,1.1510387676720546,0.9999999994437,0.9999969192017841,0.9776456101900202,0.9907031747983386
1052,2049,faulty_evident,0.9980516317584024,6,1842,-0.02978,1.9549,1.98468,-0.43015,3.1564,0.8518841588149756,-37.388,31.473,5.191067052414836,-3.4526,5.2421,2.488309647122693,2.5819587957902805,2.8245360917544174e-05,0.0035145690301952555,2.5019039618114594,0.20237682674928006,0.9999999975701754,0.9999907695454994,0.8761918345750773,0.996912781721602
1052,2050,faulty_evident,0.9985387238188016,1,1838,-1.7458,1.5708,3.3166,-3.1486,3.1492,1.868268810147793,-30.691,28.463,8.26612776150935,-231.74,244.8,46.090816773667036,72.06999833398828,1.801860350684497e-05,0.0016385228641238644,0.6875003758512568,3.839404350840754,0.9999999998907384,0.999999620987149,0.9965355391661033,0.9985682638560207
1052,2050,faulty_evident,0.9985387238188016,2,1838,-1.0565,-0.38263,0.67387,-2.5281,2.4342,0.8144024350814904,-24.434,28.747,7.119559326076423,-158.77,339.46,107.74645857453754,121.01739613279098,1.2813170973109184e-05,0.0009382333767249374,0.47484982215058363,2.3938028022346423,0.999999998725048,0.9999993474116443,0.9977739058390939,0.9992760939153824
1052,2050,faulty_evident,0.9985387238188016,3,1838,0.82774,1.7199,0.89216,-2.4895,2.4284,0.7439401274690771,-25.003,29.411,7.5835857652480145,-1027.3,233.15,194.80392350380848,223.49277376778753,2.3770587337464994e-05,0.0022662393558116026,1.0485836293545192,7.191884458313467,0.9999999967963381,0.9999953710633763,0.9903964465969753,0.9984186160944685
1052,2050,faulty_evident,0.9985387238188016,4,1838,-1.6315,1.2583e-05,1.631512583,-1.7569,1.7566,0.9116878420363694,-30.181,18.788,4.032622921569617,-31.79,41.215,9.688391267682263,13.51466118594941,1.7788387734717014e-05,0.0022018463813230126,1.929075995220775,1.7824613721491602,0.9999999996192915,0.9999970955377646,0.8781601083566939,0.9894778231984808
1052,2050,faulty_evident,0.9985387238188016,5,1838,-1.4892,1.7568,3.246,-3.9734,3.4938,2.2229907296547813,-53.252,45.337,13.104512018913239,-25.485,29.765,6.798014672470076,8.8500638624701,3.933963300327608e-05,0.0057017102986275875,2.7955568535156883,1.1792763552855883,0.9999999994221174,0.9999967219919725,0.9769823105979593,0.9904335346497565
1052,2050,faulty_evident,0.9985387238188016,6,1838,-0.02978,1.9549,1.98468,-0.42988,3.1561,0.8528106411457539,-36.023,33.937,5.1977916713358745,-3.3789,5.1474,2.51936980304679,2.605654378357879,2.8030369169913864e-05,0.003483176145051241,2.5065077970995238,0.19816443034929473,0.9999999976090136,0.9999909525537112,0.8760476341254747,0.9970907335164897
1052,2051,faulty_evident,0.9990258158792013,1,1840,-1.7458,1.5708,3.3166,-3.1488,3.1493,1.8672836770098333,-30.88,28.463,8.25876299566025,-230.77,244.23,46.149461505434786,72.01262454915114,1.773786417201199e-05,0.0016324143867873534,0.7105724573133523,3.8830171895937178,0.9999999998938235,0.9999996234432017,0.9962920226381806,0.9985324095467127
1052,2051,faulty_evident,0.9990258158792013,2,1840,-1.0563,-0.38263,0.67367,-2.5283,2.4341,0.8139516832550994,-23.936,28.534,7.1157820636454465,-158.4,339.66,107.67630711956522,120.99032983957079,1.263988332095824e-05,0.0009557053082131804,0.4751928063711671,2.432509402598184,0.9999999987586138,0.9999993219765818,0.9977683106056902,0.999252565063422
1052,2051,faulty_evident,0.9990258158792013,3,1840,0.82793,1.7199,0.8919699999999999,-2.4895,2.4276,0.7435090732135381,-24.979,29.34,7.578541766582617,-1024.5,233.92,194.12379418478258,222.61164845292632,2.409764344970349e-05,0.002275047516255946,1.0331457132841326,7.278849178481086,0.9999999966973149,0.9999953285348082,0.9906662794415624,0.998365240551391
1052,2051,faulty_evident,0.9990258158792013,4,1840,-1.6313,1.3482e-05,1.631313482,-1.756,1.7574,0.9111828644405734,-29.043,23.142,4.1057520999021575,-26.033,41.164,9.756578951086956,13.596845138548542,1.767886186172906e-05,0.0022401128995339216,2.0781609842864945,1.8409802282109022,0.9999999996228691,0.9999969899701839,0.862440844622657,0.9889803382951365
1052,2051,faulty_evident,0.9990258158792013,5,1840,-1.4892,1.7561,3.2453000000000003,-3.9723,3.4924,2.2217679564928954,-52.944,45.834,13.078178185283045,-25.409,27.472,6.7791016983695656,8.827413217705269,4.1028364043997924e-05,0.005948993947003775,2.716791998284908,1.1588571070048295,0.9999999993702534,0.9999964265671654,0.9781870142766859,0.9907165252288267
1052,2051,faulty_evident,0.9990258158792013,6,1840,-0.02978,1.9549,1.98468,-0.4317,3.1558,0.8523475854641422,-34.885,30.638,5.1990201537181155,-3.4737,5.1368,2.4802110548913046,2.5758878245164687,2.7742658213479536e-05,0.003423742340445829,2.509000948397625,0.19980796304767326,0.9999999976532254,0.9999912507000233,0.8758461871215535,0.9969708229106347
1052,2052,faulty_evident,0.9995129079396006,1,1849,-1.7459,1.5708,3.3167,-3.1489,3.1493,1.86265072895857,-30.762,28.392,8.25048749903403,-231.38,243.82,45.867927344510555,71.91932326339035,1.8052298293173588e-05,0.0016413177802323342,0.6898356917573234,3.818435901724671,0.9999999998906474,0.9999996176347808,0.9964986568438118,0.9985776453257597
1052,2052,faulty_evident,0.9995129079396006,2,1849,-1.0568,-0.38263,0.6741699999999999,-2.5279,2.4338,0.8119915289718386,-24.363,28.771,7.097625968666726,-160.88,338.12,107.76339820443484,120.97108985672091,1.2515518853738321e-05,0.000969081218498505,0.46476214702482593,2.4343247239906836,0.9999999987851255,0.999999298918481,0.9978543997358805,0.9992499017292183
1052,2052,faulty_evident,0.9995129079396006,3,1849,0.82739,1.7199,0.89251,-2.4883,2.4265,0.7418139749737831,-26.283,29.34,7.5579552744687755,-1039.7,233.46,193.7429962141698,222.55878424244776,2.4172369364556602e-05,0.0023313610655776758,1.0350103651321094,7.2691485868537224,0.9999999967067843,0.9999950711911298,0.9905813491177187,0.9983796664598743
1052,2052,faulty_evident,0.9995129079396006,4,1849,-1.6319,1.4381e-05,1.6319143809999999,-1.7571,1.7562,0.9089881357318204,-31.07,19.552,4.054888790551582,-31.433,40.349,9.670483442401297,13.487484586045884,1.7844234172876782e-05,0.0022062427788637207,2.0001689520836434,1.826339762202874,0.9999999996178041,0.9999970658386205,0.8698746852518795,0.9889520805320563
1052,2052,faulty_evident,0.9995129079396006,5,1849,-1.4892,1.7579,3.2471,-3.9728,3.4945,2.216321105124492,-52.636,46.048,13.030468584416614,-25.218,30.644,6.760108861005949,8.81911219284724,4.127061364497353e-05,0.005825220387063038,2.5518451835267464,1.1948555504140255,0.9999999993644255,0.9999965571124331,0.9806383781426419,0.9901029311882331
1052,2052,faulty_evident,0.9995129079396006,6,1849,-0.02978,1.9549,1.98468,-0.42907,3.1563,0.8502810277859306,-37.464,34.506,5.230960696101964,-3.4316,5.2737,2.543656414277988,2.6318459034265214,2.8753348442897163e-05,0.00351556894114099,2.591235945952089,0.20056876815990363,0.9999999974944942,0.999990733777583,0.8686853029776357,0.9970746655105486
1052,2053,faulty_evident,1.0,1,1842,-1.7458,1.5708,3.3166,-3.149,3.1496,1.8662652994608855,-30.738,28.463,8.253359461185871,-231.17,243.66,45.34097504343105,71.79683279504455,1.7827691580786135e-05,0.0016363775879810678,0.7026058184892177,3.838661153766084,0.9999999998927126,0.9999996213052845,0.9963700948124115,0.9985593624049868
1052,2053,faulty_evident,1.0,2,1842,-1.0563,-0.38263,0.67367,-2.5274,2.4334,0.8135130253314815,-24.434,28.605,7.112358715606167,-161.65,339.25,107.71678656351791,121.01723697525574,1.2788348443700238e-05,0.0009571578006246024,0.46614915311921373,2.423995823900278,0.9999999987292081,0.9999993194635125,0.9978504964959065,0.9992609730437625
1052,2053,faulty_evident,1.0,3,1842,0.82793,1.7199,0.8919699999999999,-2.4888,2.4248,0.7431575004966345,-25.24,29.411,7.579815143586128,-1037.1,233.46,194.63039489685127,223.40425411200397,2.433132705996255e-05,0.002354861453123035,1.0325203443782172,7.383095084967098,0.9999999966337635,0.9999949904103557,0.9906810650272849,0.9983389617886801
1052,2053,faulty_evident,1.0,4,1842,-1.6313,1.4606e-05,1.631314606,-1.7567,1.7563,0.9106861752864622,-31.87,22.218,4.049516586521463,-22.212,40.705,9.638640062432138,13.455633583240955,1.766768529447111e-05,0.002185914585015534,1.9682677084821898,1.7395383017594472,0.999999999623173,0.9999971313271194,0.8739313418462156,0.9899691344765535
1052,2053,faulty_evident,1.0,5,1842,-1.4892,1.7561,3.2453000000000003,-3.973,3.4928,2.220585317150265,-53.394,45.906,13.07702711289133,-25.638,27.816,6.81471433441911,8.865077458600732,4.183833839072253e-05,0.005828961253045189,2.7439921037587083,1.1858667986801952,0.9999999993448054,0.9999965657030471,0.9777392548004581,0.9903680639455084
1052,2053,faulty_evident,1.0,6,1842,-0.02978,1.9549,1.98468,-0.42719,3.155,0.8519045256887974,-36.175,33.596,5.226895626148875,-3.3895,5.2526,2.4939754136807823,2.5961586125928173,2.8423718366318927e-05,0.003441614597954356,2.5653194054082453,0.2026257125283581,0.9999999975339556,0.9999911508202274,0.8712771587950073,0.9969273484168694
1053,0,training_healthy,0.0,1,1534,-0.2502,1.5708,1.821,-3.1439,2.4642,1.103939977796769,-27.87,28.747,7.126503993515617,-208.11,171.09,38.46694115384616,53.117165267885895,7.780565471012622e-06,0.0009465948862573713,0.4927665611033688,3.0348006882886343,0.9999999997862441,0.9999996185808981,0.9976067534211841,0.9982854040872745
1053,0,training_healthy,0.0,2,1534,-1.0214,-0.38264,0.6387600000000001,-2.5211,2.4338,0.6976326856389264,-14.528,28.321,5.619001292218655,-40.312,326.6,91.64575520860495,101.97823301470892,1.1587617729798944e-05,0.0005685708119038564,0.4085140001132654,1.5084239376981645,0.999999999003144,0.9999996796068505,0.9973540495115057,0.999504782170326
1053,0,training_healthy,0.0,3,1534,1.2691,1.8184,0.5493000000000001,-2.4895,2.3865,0.6371834181664477,-17.158,29.79,6.132047085602518,-378.59,208.16,148.6261047392438,164.22961621423585,2.415702768198059e-05,0.001417959307186241,0.95496427899912,4.328171558417206,0.999999993328898,0.999997535193682,0.9877997861945573,0.9985907303873995
1053,0,training_healthy,0.0,4,1534,-1.84,4.3368e-05,1.8400433680000001,-2.3349,2.309,1.3214429285518778,-22.236,23.178,6.7718243830279015,-37.394,40.196,12.169901108213818,16.172381558431088,1.7435538451274343e-05,0.0016147391613295166,1.0523216444049808,1.0242702216642554,0.999999999703876,0.9999992649491493,0.9878521934337612,0.9979430409299941
1053,0,training_healthy,0.0,5,1534,-1.4892,1.6713,3.1605,-3.9449,3.9398,2.2602884023527143,-35.502,36.047,10.969320558712031,-13.832,26.135,8.326290739243808,10.291783252398176,2.397694667070385e-05,0.003151909618314168,2.1566748264333877,0.6686518798384427,0.9999999998156803,0.9999990400495834,0.9804820390995206,0.9972254911545588
1053,0,training_healthy,0.0,6,1534,-0.029793,2.8478,2.877593,-3.5496,3.553,2.0525729686284553,-34.544,37.388,8.845068574553922,-6.7579,6.0842,3.3270907340286837,3.5910565147063225,2.6901800326000763e-05,0.0037790141197513627,2.6487760930495066,0.20312308148086183,0.9999999997380586,0.9999982835534009,0.954108070838107,0.9981769541499099
1053,1,training_healthy,0.0004870920603994,1,1534,-0.2502,1.5708,1.821,-3.1437,2.4635,1.1039254162660672,-27.965,28.795,7.124638723999703,-204.08,166.66,36.81939022164276,51.89685572458014,7.740904540261102e-06,0.0009294909879895682,0.4581427416796984,2.5879286906633423,0.9999999997884129,0.9999996325650212,0.997930531088497,0.9986963846882387
1053,1,training_healthy,0.0004870920603994,2,1534,-1.0214,-0.38264,0.6387600000000001,-2.5211,2.434,0.6976206416857677,-14.172,28.463,5.6186068438554795,-39.376,324.69,91.86876804432856,102.07880392237476,1.1673718048111318e-05,0.0006107681658261,0.3987229873008654,1.5536835153952164,0.9999999989882633,0.9999996282608536,0.9974791819921007,0.9994555367350827
1053,1,training_healthy,0.0004870920603994,3,1534,1.2691,1.8184,0.5493000000000001,-2.4884,2.3879,0.6371480227018406,-16.708,29.861,6.134498956113419,-380.61,202.57,149.66743016297264,164.77186045760791,2.4223031405579727e-05,0.0014015971479417603,0.9718987149522278,4.337689059299816,0.9999999932922391,0.9999975939556993,0.987370558691512,0.9985393867336547
1053,1,training_healthy,0.0004870920603994,4,1534,-1.8399,3.5279e-05,1.839935279,-2.3355,2.307,1.3214357902563096,-22.698,24.493,6.774518120794459,-37.088,38.82,11.683204142764017,15.402955735173016,1.800969999663848e-05,0.001703237438167192,1.069530899754168,1.07357464582484,0.9999999996840527,0.9999991808525605,0.9874591119725736,0.9975061247469598
1053,1,training_healthy,0.0004870920603994,5,1534,-1.4892,1.6713,3.1605,-3.9447,3.9432,2.2602775362600216,-35.004,36.378,10.96343130832639,-13.373,25.982,8.35787244458931,10.28651037613739,2.4949949642055057e-05,0.0032757169161321572,2.124385864762967,0.6875373739081376,0.9999999998004167,0.999998962046571,0.9810471847857694,0.9970579345111776
1053,1,training_healthy,0.0004870920603994,6,1534,-0.029793,2.8479,2.8776930000000003,-3.551,3.5539,2.0524877223077076,-34.279,36.44,8.810816893650697,-6.0421,5.7158,3.130398430247719,3.3689005524432516,2.5265995674937545e-05,0.003626057089203201,2.5459649131061006,0.20264977458779782,0.9999999997689403,0.9999984203443175,0.9573417694993723,0.997943433330024
1053,2,training_healthy,0.0009741841207988,1,1534,-0.25019,1.5708,1.82099,-3.1436,2.4634,1.1039296090697728,-28.013,28.913,7.125566545810278,-204.49,166.66,36.65202146675359,51.86688908630093,7.812061775775558e-06,0.0009177990274793142,0.46705616259280996,2.5966404967713137,0.9999999997845053,0.9999996417947093,0.997849702073487,0.9986885117633971
1053,2,training_healthy,0.0009741841207988,2,1534,-1.0214,-0.38264,0.6387600000000001,-2.5205,2.4344,0.6976181991466859,-14.48,28.226,5.619367600890193,-37.424,324.69,92.15233578878748,102.30141610449286,1.1655823869477385e-05,0.0006073000553625738,0.41188572940363,1.5321574157840427,0.9999999989913633,0.9999996327613373,0.9973104730925281,0.9994674883413323
1053,2,training_healthy,0.0009741841207988,3,1534,1.2691,1.8184,0.5493000000000001,-2.4882,2.3868,0.63714013897873,-16.898,29.98,6.1325474706409775,-377.81,201.01,150.35167363102997,165.03524708067428,2.423118456672802e-05,0.0014473871795698218,0.9634717780791067,4.332731469240211,0.9999999932881287,0.999997431307972,0.9875820802041465,0.998520113270422
1053,2,training_healthy,0.0009741841207988,4,1534,-1.84,5.4378e-05,1.840054378,-2.3346,2.3077,1.3214383764475814,-23.036,23.64,6.774806998979248,-35.56,39.89,11.808248063885268,15.587891488913051,1.742713490812316e-05,0.001720752250821997,1.0716572830049795,1.064405995710543,0.9999999997041623,0.9999991639996588,0.987409943796303,0.9976131578413457
1053,2,training_healthy,0.0009741841207988,5,1534,-1.4892,1.6713,3.1605,-3.9427,3.9418,2.2602793512464707,-35.193,36.189,10.94024929941445,-13.373,26.097,8.295296346153847,10.211978094307257,2.410144950455072e-05,0.003160728560521905,2.0022893419648233,0.6661111213446074,0.9999999998137608,0.999999034418003,0.9831093106641208,0.9971925014107403
1053,2,training_healthy,0.0009741841207988,6,1534,-0.029793,2.8479,2.8776930000000003,-3.5506,3.5537,2.0524577630823253,-35.34,35.037,8.85589903912789,-6.2211,5.6947,3.1051127907431555,3.3403104494405316,2.4506556565502346e-05,0.0036587105999410182,2.7009212953670962,0.200050044244791,0.9999999997826222,0.9999983917015136,0.9523572301159663,0.99795478394374
1053,3,training_healthy,0.0014612761811982,1,1534,-0.25019,1.5708,1.82099,-3.1439,2.4633,1.103921571144755,-28.107,29.079,7.125405248643786,-204.08,166.09,36.051274387222946,51.52940665758096,7.853823456824476e-06,0.0009315663631827386,0.46674898419653665,2.572028162693864,0.9999999997821937,0.9999996308920576,0.997852428671023,0.9987001573654332
1053,3,training_healthy,0.0014612761811982,2,1534,-1.0214,-0.38264,0.6387600000000001,-2.5217,2.4341,0.6976187117454049,-15.12,28.226,5.6202976049527145,-38.969,324.08,92.03741412646676,102.21376880767039,1.165314200727364e-05,0.000623094593929158,0.4163661410428472,1.5626856498631243,0.9999999989918237,0.9999996122747975,0.9972524730745518,0.9994435174089804
1053,3,training_healthy,0.0014612761811982,3,1534,1.2691,1.8184,0.5493000000000001,-2.4887,2.3895,0.6371399806856958,-16.898,29.932,6.134306633130967,-381.39,197.13,150.252163422425,165.0777607659052,2.463997925723537e-05,0.0014299594064141638,0.9708506250814076,4.39910233141798,0.9999999930592465,0.9999974920715993,0.987397162793031,0.9984793331983847
1053,3,training_healthy,0.0014612761811982,4,1534,-1.84,3.1009e-05,1.840031009,-2.3366,2.3056,1.3214386181210604,-23.445,24.155,6.801571034433537,-37.7,40.705,11.899310342242504,15.637625572964371,1.8644263882417558e-05,0.0022830778285951076,1.2285622604384767,1.3644739106737152,0.9999999996613961,0.9999985193949017,0.9835513937791862,0.9960812165253848
1053,3,training_healthy,0.0014612761811982,5,1534,-1.4892,1.6713,3.1605,-3.9435,3.9424,2.26027650651458,-35.265,36.141,10.965902537134767,-13.335,25.867,8.356773679269882,10.267162047782254,2.4997269911298943e-05,0.003223137513320487,2.135382361476833,0.6833263960919057,0.999999999799659,0.9999989956391239,0.9808572426432077,0.9970855205170028
1053,3,training_healthy,0.0014612761811982,6,1534,-0.029794,2.8479,2.877694,-3.5536,3.5563,2.0525140924507332,-36.933,36.668,8.861986846414373,-6.2737,5.8737,3.2607631355932205,3.479129872338736,2.5998504191991618e-05,0.003905777189019432,2.7102327851421184,0.20462481446085537,0.9999999997553488,0.9999981654308647,0.9520874827322544,0.9980101363042653
1053,4,training_healthy,0.0019483682415976,1,1534,-0.25019,1.5708,1.82099,-3.1439,2.4631,1.1039249409874907,-28.06,28.937,7.125051147981725,-204.28,165.68,36.52224752281617,51.81225767020553,7.708386859381072e-06,0.0009195299092168942,0.45709312340587255,2.5059574939873297,0.9999999997901864,0.9999996405598738,0.9979402667591799,0.9987768842112544
1053,4,training_healthy,0.0019483682415976,2,1534,-1.0214,-0.38264,0.6387600000000001,-2.5217,2.4341,0.6976191276187698,-15.144,28.558,5.620137264065568,-38.4,323.15,92.04474882007824,102.20125624621865,1.1583745219598632e-05,0.0006159339245678544,0.4153447324803004,1.5393570541221677,0.9999999990037974,0.999999621913806,0.9972657828123093,0.9994598892759141
1053,4,training_healthy,0.0019483682415976,3,1534,1.2691,1.8184,0.5493000000000001,-2.4891,2.3888,0.6371347060030497,-16.732,29.956,6.133050383144064,-379.83,198.38,151.28123153846155,165.8212538774979,2.4463645924576046e-05,0.0014391839653783611,0.9650580620450823,4.340123552410639,0.9999999931586615,0.9999974591864741,0.9875429793302998,0.99851172400201
1053,4,training_healthy,0.0019483682415976,4,1534,-1.8399,3.4155e-05,1.8399341550000001,-2.3359,2.3062,1.3214385298298128,-23.338,24.084,6.79805663313971,-35.815,40.196,12.035013917861798,15.78716605700591,1.865235065225172e-05,0.0021869716530874455,1.2088480798423138,1.3261566726626421,0.999999999661101,0.9999986423394595,0.9840626619438329,0.9963624227496568
1053,4,training_healthy,0.0019483682415976,5,1534,-1.4892,1.6713,3.1605,-3.9443,3.9436,2.2602805577431657,-35.265,35.976,10.95327909007185,-13.297,26.059,8.318645358539765,10.233445330265457,2.4768761123905768e-05,0.0032331158706653132,2.067551849491121,0.6779239568944831,0.9999999998033047,0.9999989892134648,0.9820233043644461,0.9971051547989817
1053,4,training_healthy,0.0019483682415976,6,1534,-0.029795,2.8479,2.877695,-3.5527,3.552,2.052500809685443,-37.274,35.302,8.851402661269978,-6.6421,5.8526,3.206985997392439,3.4408933594151794,2.6223774515880033e-05,0.003829816289198972,2.6785216534492013,0.20924469516700453,0.9999999997510917,0.9999982366919705,0.9531148070709046,0.9978820862806783
1053,511,intermediate_unlabelled,0.2489040428641013,1,1534,-0.25019,1.5708,1.82099,-3.1437,2.4634,1.1038838369692114,-28.084,28.629,7.123448330281701,-200.05,166.66,33.874967705345504,50.193502959298115,8.242155015446451e-06,0.0009192613555007049,0.48091414380968744,2.666352723468081,0.9999999997601219,0.9999996411391774,0.997718680536812,0.9985427239160648
1053,511,intermediate_unlabelled,0.2489040428641013,2,1534,-1.0214,-0.38264,0.6387600000000001,-2.5218,2.4338,0.6976338855386041,-14.883,28.51,5.619493887957461,-38.766,326.2,91.98148557366362,102.30495569112828,1.1632403427204786e-05,0.0005857402720442101,0.403809424077478,1.5425114132415474,0.9999999989954168,0.9999996592285147,0.9974151880315444,0.999478553335625
1053,511,intermediate_unlabelled,0.2489040428641013,3,1534,1.2691,1.8184,0.5493000000000001,-2.4889,2.386,0.6370961508629992,-16.281,29.671,6.134309426242032,-370.36,179.13,150.4643874054759,163.77418859130356,2.3789791177301783e-05,0.0013935468209530766,0.9795459852187072,4.2306158598703565,0.9999999935302563,0.9999976213194153,0.9871688934225031,0.9984373956839557
1053,511,intermediate_unlabelled,0.2489040428641013,4,1534,-1.84,6.449e-05,1.84006449,-2.3362,2.3055,1.321447103897017,-23.125,23.356,6.793458527788879,-36.732,41.011,12.488971571056062,16.296409049287444,1.9634125656958863e-05,0.0023684232734869403,1.1813716932791654,1.3301484709137075,0.9999999996244872,0.9999984056496025,0.9847637239264518,0.9965750871239103
1053,511,intermediate_unlabelled,0.2489040428641013,5,1534,-1.4892,1.6713,3.1605,-3.9416,3.9387,2.2602826604318507,-34.791,36.307,10.946868265588089,-12.762,24.607,8.097906327900914,9.912202813197288,2.4161183003979546e-05,0.003048854567606692,2.0466752206501324,0.6711112016226858,0.9999999998128366,0.9999991027874142,0.9823668578585305,0.9969166499670149
1053,511,intermediate_unlabelled,0.2489040428641013,6,1534,-0.029794,2.8478,2.8775939999999998,-3.553,3.5539,2.05252884520639,-37.123,35.606,8.85683066031784,-6.3789,5.8,3.2772250749674052,3.5000322796747843,2.649534683464478e-05,0.0038886641997291664,2.6950732462085925,0.20942096214591702,0.9999999997459108,0.9999981814538891,0.9525787677487945,0.9979307617941834
1053,512,intermediate_unlabelled,0.2493911349245007,1,1534,-0.25019,1.5708,1.82099,-3.144,2.4635,1.103882212478226,-28.107,28.51,7.122613904902141,-199.48,165.68,33.48294464797914,50.0394662186758,8.27523242235011e-06,0.0009122926524387861,0.4695544077103935,2.587206295440978,0.9999999997581914,0.9999996464782104,0.997824793642666,0.998621693626373
1053,512,intermediate_unlabelled,0.2493911349245007,2,1534,-1.0214,-0.38264,0.6387600000000001,-2.5213,2.4339,0.6976284150352755,-13.983,28.368,5.619468947523393,-38.969,328.88,92.09705526727508,102.41934495240743,1.1622091822872814e-05,0.0005751712612768903,0.4087845667571015,1.5570970662734893,0.9999999989971949,0.9999996715358119,0.9973509780289646,0.9994663611380168
1053,512,intermediate_unlabelled,0.2493911349245007,3,1534,1.2691,1.8184,0.5493000000000001,-2.4884,2.385,0.6370940228570288,-16.803,29.885,6.130168610309906,-372.85,180.37,151.45594898956978,164.78424173366054,2.394912853904577e-05,0.0014125586381051119,0.9517650932383027,4.261308638422472,0.9999999934432492,0.999997555050923,0.987874306811315,0.9984291349699839
1053,512,intermediate_unlabelled,0.2493911349245007,4,1534,-1.84,5.348e-05,1.8400534800000001,-2.3369,2.3064,1.321440651832421,-22.751,23.924,6.789880813050389,-36.579,41.215,12.143216170143416,15.864654082009558,1.9245658719837275e-05,0.0023231519778705626,1.160561234004751,1.314948177955873,0.9999999996391992,0.999998466459387,0.9852841441209966,0.9964555021838064
1053,512,intermediate_unlabelled,0.2493911349245007,5,1534,-1.4892,1.6713,3.1605,-3.9415,3.9401,2.260282162962537,-35.502,35.976,10.952093793313294,-12.915,24.95,8.137515088005216,9.965504089691834,2.4571247798137636e-05,0.003089188765151288,2.0692009480674582,0.6806477794369938,0.9999999998064305,0.999999078573267,0.9819903635220683,0.9968632255006517
1053,512,intermediate_unlabelled,0.2493911349245007,6,1534,-0.029795,2.8479,2.877695,-3.5517,3.5532,2.0525353520696243,-35.037,36.213,8.85877773569125,-6.2842,5.8421,3.2388735202086045,3.4692628735427706,2.6410888290712074e-05,0.0038742714237020442,2.6982306327103425,0.21503017334971303,0.9999999997475271,0.9999981950768315,0.9524862474804371,0.9977879644417417
1053,513,intermediate_unlabelled,0.2498782269849001,1,1534,-0.25019,1.5708,1.82099,-3.1439,2.4633,1.1038807424848711,-28.178,28.51,7.1226723328280475,-199.69,165.11,33.46597917209909,50.037724859618876,8.062046498732899e-06,0.0009087025273069505,0.4706918387675851,2.553118051467399,0.9999999997704913,0.999999649454873,0.9978142667107661,0.9986580287927344
1053,513,intermediate_unlabelled,0.2498782269849001,2,1534,-1.0214,-0.38264,0.6387600000000001,-2.5218,2.4336,0.6976305844121558,-14.291,28.439,5.620222760836654,-40.312,326.2,91.87591103650585,102.19321837996762,1.1658342017887149e-05,0.00060480979318668,0.4148083483856933,1.5612517800449939,0.9999999989909312,0.9999996361138027,0.9972729420350553,0.9994644940150385
1053,513,intermediate_unlabelled,0.2498782269849001,3,1534,1.2691,1.8184,0.5493000000000001,-2.4887,2.3851,0.6370942427420789,-16.85,29.671,6.131655197730687,-371.61,177.27,151.32667241199476,164.62971440743877,2.4260277396895403e-05,0.0013937157222294171,0.9605947929925981,4.219451877165719,0.999999993271771,0.9999976189112325,0.9876529776484236,0.9984549670591489
1053,513,intermediate_unlabelled,0.2498782269849001,4,1534,-1.84,5.8873e-05,1.840058873,-2.335,2.3057,1.321442807550278,-22.485,23.676,6.789105070080217,-36.477,41.164,12.201132079530637,15.942342537379904,1.9590938286332257e-05,0.002344485655886247,1.1549323450581896,1.3223692349198888,0.999999999626138,0.9999984378285294,0.9854242565689378,0.9964574570140141
1053,513,intermediate_unlabelled,0.2498782269849001,5,1534,-1.4892,1.6713,3.1605,-3.9412,3.9401,2.2602842719943097,-35.17,35.786,10.942396240778193,-12.8,24.836,8.108666261408082,9.946886153645748,2.4136261186842754e-05,0.003012479533861393,2.0207659636531647,0.666474006490551,0.9999999998132224,0.9999991243606954,0.9828001687619154,0.9969716351216622
1053,513,intermediate_unlabelled,0.2498782269849001,6,1534,-0.029795,2.8479,2.877695,-3.5526,3.5552,2.0525426154744437,-36.857,35.568,8.866347930142219,-5.8632,5.9263,3.2469711101694916,3.4717085527169886,2.6915665122917167e-05,0.003886486796352489,2.7272350610554548,0.2116009397331588,0.9999999997377849,0.9999981836239091,0.951518062000282,0.9978591306493584
1053,514,intermediate_unlabelled,0.2503653190452996,1,1534,-0.25019,1.5708,1.82099,-3.1437,2.4637,1.1038838799318733,-27.989,28.629,7.123403377676775,-200.05,166.86,33.593591694915254,50.12322396006041,8.039152665424231e-06,0.0009349337839565291,0.48232383594096306,2.695377416976816,0.9999999997717935,0.9999996280850441,0.9977052402523514,0.9985085666397
1053,514,intermediate_unlabelled,0.2503653190452996,2,1534,-1.0214,-0.38264,0.6387600000000001,-2.5218,2.4338,0.697629519661517,-14.006,28.344,5.620189226465411,-40.515,326.4,91.95803342894393,102.28147538833689,1.1613672140101493e-05,0.000601999351836502,0.4146513465340081,1.5600981089929846,0.9999999989986509,0.9999996395105654,0.9972749756949651,0.9994647111176966
1053,514,intermediate_unlabelled,0.2503653190452996,3,1534,1.2691,1.8184,0.5493000000000001,-2.4886,2.384,0.637090269576313,-16.755,29.743,6.129555031699744,-370.36,179.13,151.50092456975227,164.81053319380416,2.3930290601696545e-05,0.0013967030387793454,0.9485786439844518,4.206973963651857,0.9999999934535274,0.9999976083926148,0.9879534627448207,0.998464828817589
1053,514,intermediate_unlabelled,0.2503653190452996,4,1534,-1.84,5.4378e-05,1.840054378,-2.335,2.3058,1.321442231501504,-22.378,23.996,6.789958124945508,-36.579,40.756,12.15020935136897,15.881951920733858,1.9173820371727023e-05,0.0023079382998867294,1.16094848822938,1.2956083779838774,0.9999999996418879,0.9999984866707463,0.9852745817256812,0.9965694050675135
1053,514,intermediate_unlabelled,0.2503653190452996,5,1534,-1.4892,1.6713,3.1605,-3.9419,3.9393,2.2602825340579034,-35.407,35.691,10.9424440325583,-12.609,24.377,8.141845713168188,9.970605810284399,2.3912254767936888e-05,0.0030186480118594076,2.019449116497724,0.6655860360375758,0.9999999998166742,0.9999991207039347,0.9828229538673308,0.9970028763307656
1053,514,intermediate_unlabelled,0.2503653190452996,6,1534,-0.029795,2.8479,2.877695,-3.5512,3.5528,2.052538302725905,-37.16,36.819,8.841223720521539,-6.6,5.9789,3.2527626792698823,3.4910962730666726,2.6218393989336804e-05,0.00377365049113458,2.6419511691031237,0.21393036030505633,0.9999999997511956,0.9999982882780583,0.9543092423856464,0.997839495893186
1053,515,intermediate_unlabelled,0.250852411105699,1,1534,-0.25019,1.5708,1.82099,-3.1437,2.4634,1.1038835154043305,-28.06,28.629,7.121728425597176,-199.48,166.66,33.687550084745766,50.213154018874754,7.991103121855998e-06,0.0008870899655438203,0.4568429236282284,2.5815634746182488,0.999999999774512,0.9999996668004804,0.9979405856523808,0.9986367566101386
1053,515,intermediate_unlabelled,0.250852411105699,2,1534,-1.0214,-0.38264,0.6387600000000001,-2.5216,2.4341,0.6976288972640292,-13.935,28.392,5.619802030014335,-40.312,327.17,92.18602349413298,102.48849728176293,1.1636267535760059e-05,0.0005715366152783215,0.4122106507497294,1.5443608064950247,0.9999999989947458,0.9999996757864942,0.9973066472428429,0.9994763918124737
1053,515,intermediate_unlabelled,0.250852411105699,3,1534,1.2691,1.8183,0.5492000000000001,-2.4889,2.3857,0.6370959227119442,-16.85,29.648,6.129988937700398,-372.85,176.49,151.10083153194262,164.44669383853238,2.393969632732841e-05,0.0013694091228776085,0.9509872515266168,4.175908770880557,0.9999999934484348,0.9999977036345228,0.987893562402613,0.9984885009449257
1053,515,intermediate_unlabelled,0.250852411105699,4,1534,-1.84,5.685e-05,1.84005685,-2.336,2.3049,1.3214411707896907,-22.574,24.12,6.79035962079966,-36.12,40.603,12.20638207953064,15.969378225959364,1.94384201536924e-05,0.002342825631935014,1.1628954993052079,1.3176989096957734,0.9999999996319352,0.9999984402496487,0.9852265527786579,0.9964922858362244
1053,515,intermediate_unlabelled,0.250852411105699,5,1534,-1.4892,1.6713,3.1605,-3.9421,3.9398,2.260285188436419,-35.383,36.378,10.953908647493733,-12.838,24.645,8.094321624511082,9.941307318914545,2.3786960097053365e-05,0.0030250663331379685,2.0839719857722607,0.6759942807278696,0.9999999998185897,0.9999991170685075,0.9817360011606038,0.9968808243058154
1053,515,intermediate_unlabelled,0.250852411105699,6,1534,-0.029794,2.8479,2.877694,-3.551,3.5551,2.0525556685544584,-38.222,36.099,8.84189590395176,-6.4421,5.8526,3.282749078226858,3.5140369545465644,2.7194872658051853e-05,0.003855118824393478,2.6448480852285043,0.22012575864343403,0.9999999997323168,0.9999982126816943,0.9542137451388876,0.9977391965945857
1053,1024,intermediate_unlabelled,0.4987822698490015,1,1535,-0.25019,1.5708,1.82099,-3.1438,2.4635,1.1035319138503579,-28.084,28.463,7.120225036563848,-199.28,165.68,33.96726724429968,50.28485369507364,8.14746256508666e-06,0.0009016574474386183,0.4649467956595759,2.6127396179147824,0.9999999997654812,0.9999996547251934,0.9978658999210923,0.9986049158792694
1053,1024,intermediate_unlabelled,0.4987822698490015,2,1535,-1.0214,-0.38264,0.6387600000000001,-2.5211,2.4331,0.697406929692912,-14.03,28.439,5.618649066574704,-40.881,331.0,91.97938798045601,102.32372304230626,1.1665951679823018e-05,0.00063563091808511,0.4165698768712779,1.6203134492820035,0.999999998989804,0.9999995964018102,0.9972481593445642,0.9994253700944665
1053,1024,intermediate_unlabelled,0.4987822698490015,3,1535,1.2691,1.8184,0.5493000000000001,-2.4897,2.3792,0.6368717937538294,-16.613,29.624,6.1235138355587555,-365.4,176.8,150.12015393485342,163.05996498301153,2.3869802042036292e-05,0.0013646819731366212,0.9249828555475437,4.11208006598688,0.9999999934889531,0.999997717559293,0.9885260865013691,0.9984677729238001
1053,1024,intermediate_unlabelled,0.4987822698490015,4,1535,-1.84,5.3929e-05,1.840053929,-2.3359,2.3065,1.3210087463854747,-23.231,24.404,6.800702084477933,-36.833,39.788,11.848976429967426,15.337673649080978,1.9250326604024198e-05,0.002269136621477854,1.2356139198602463,1.346092907449659,0.9999999996389782,0.9999985362632986,0.9833561071983407,0.9960079934484652
1053,1024,intermediate_unlabelled,0.4987822698490015,5,1535,-1.4892,1.6713,3.1605,-3.9414,3.9401,2.259548098305865,-35.383,36.497,10.959345057224299,-12.838,24.95,8.158845487947882,9.985082583353547,2.4432028848172707e-05,0.0030321029012887945,2.125459465081908,0.6716107566916383,0.9999999998086297,0.9999991123733498,0.981013492320967,0.9969629784696629
1053,1024,intermediate_unlabelled,0.4987822698490015,6,1535,-0.029794,2.8479,2.877694,-3.5507,3.5529,2.0518433093022708,-34.772,38.26,8.85873755869658,-5.7895,5.6211,3.167160396091205,3.37548935412038,2.659223512356114e-05,0.003629882481837624,2.7180603441890554,0.20226535468695855,0.9999999997440582,0.9999984161914516,0.9517670556194585,0.9979207174278265
1053,1025,intermediate_unlabelled,0.4992693619094008,1,1534,-0.25019,1.5708,1.82099,-3.1439,2.4635,1.1038905804349557,-28.084,28.581,7.124144224947158,-199.69,165.68,33.66535138852673,50.17939266274661,8.367599056467546e-06,0.0009274507561963157,0.48742845101350174,2.6558366277373047,0.9999999997527643,0.999999634331472,0.9976568465530984,0.9985541870963781
1053,1025,intermediate_unlabelled,0.4992693619094008,2,1534,-1.0214,-0.38264,0.6387600000000001,-2.5213,2.4332,0.6976340760762206,-13.864,28.273,5.620674533020542,-41.288,331.4,92.10022116036507,102.44178278728536,1.1660618351350826e-05,0.0006259003936312288,0.41478344316162535,1.6225689084379877,0.9999999989905322,0.9999996094992832,0.9972737052039522,0.9994223292433246
1053,1025,intermediate_unlabelled,0.4992693619094008,3,1534,1.2691,1.8183,0.5492000000000001,-2.4888,2.3803,0.6370766441687374,-16.376,29.671,6.126633574271887,-365.71,172.92,150.48518235984355,163.396385818428,2.3686505091485553e-05,0.0013791401565716572,0.9333793414443744,4.1570480291281084,0.9999999935862691,0.9999976699910313,0.9883276034088421,0.9984388131659501
1053,1025,intermediate_unlabelled,0.4992693619094008,4,1534,-1.84,5.1008e-05,1.840051008,-2.3359,2.3065,1.321435115592725,-23.249,24.529,6.815268747637243,-35.815,38.922,11.631897757496741,15.016367797734077,1.932293384240554e-05,0.0022350781768575626,1.3022925786901773,1.3965141340596776,0.9999999996362945,0.9999985815643228,0.9815736760073277,0.9955013393944118
1053,1025,intermediate_unlabelled,0.4992693619094008,5,1534,-1.4892,1.6713,3.1605,-3.9417,3.94,2.260282003363459,-35.383,36.189,10.951341089639788,-12.647,24.568,8.165180994132985,9.954962068656538,2.377229293239072e-05,0.0031059932355596786,2.0658649765592583,0.6764576948559082,0.9999999998188135,0.9999990684010973,0.9820464242546045,0.9969096240379838
1053,1025,intermediate_unlabelled,0.4992693619094008,6,1534,-0.029795,2.8479,2.877695,-3.5539,3.5522,2.0524805050135297,-34.999,35.302,8.872647483904199,-5.7368,5.5053,3.088418375488918,3.282388556704051,2.660553913433983e-05,0.003769692462238775,2.751842389519135,0.21181761351855413,0.9999999997437875,0.999998291567532,0.9506883311168208,0.9975807044087308
1053,1026,intermediate_unlabelled,0.4997564539698003,1,1535,-0.25019,1.5708,1.82099,-3.1441,2.4635,1.1035367668317397,-28.084,28.676,7.122049033579331,-199.48,165.11,34.17741798697068,50.351270298068506,8.33409339974343e-06,0.0009163050474443752,0.486565459793508,2.6309334322317635,0.9999999997546124,0.9999996430537853,0.9976637659911477,0.9985863480474426
1053,1026,intermediate_unlabelled,0.4997564539698003,2,1535,-1.0214,-0.38264,0.6387600000000001,-2.5211,2.4331,0.6974067190302117,-15.215,28.321,5.618474428935571,-39.742,331.2,91.93167231921824,102.26706016254468,1.1756644134028443e-05,0.0006348029361336905,0.4097246522011009,1.6313150215364383,0.9999999989740344,0.9999995975622442,0.9973378177420025,0.9994120886248088
1053,1026,intermediate_unlabelled,0.4997564539698003,3,1535,1.2691,1.8184,0.5493000000000001,-2.4884,2.3819,0.6368727336793596,-16.708,29.577,6.1288559170889885,-365.4,178.35,149.45775302280128,162.29139657453024,2.400254561933901e-05,0.0013455239890826328,0.960617634563665,4.094289039066355,0.9999999934163732,0.9999977826053589,0.9876409669507968,0.998469603995625
1053,1026,intermediate_unlabelled,0.4997564539698003,4,1535,-1.84,5.4154e-05,1.8400541540000002,-2.3361,2.305,1.3210074864343615,-22.876,24.76,6.79881137597798,-35.662,39.024,11.776232289902278,15.190723450292726,1.924651360847299e-05,0.0022284718625379526,1.2249032487878688,1.3386973629462975,0.9999999996391211,0.99999858859883,0.9836366372141017,0.995960752426446
1053,1026,intermediate_unlabelled,0.4997564539698003,5,1535,-1.4892,1.6713,3.1605,-3.9423,3.9397,2.259542832560447,-34.625,35.81,10.951667851951017,-12.838,24.492,8.11849519674267,9.908901427375156,2.382766535062212e-05,0.003084716730146441,2.087675546663645,0.6785507919466182,0.99999999981798,0.9999990806678944,0.9816628601162407,0.9968637210950144
1053,1026,intermediate_unlabelled,0.4997564539698003,6,1535,-0.029793,2.8479,2.8776930000000003,-3.552,3.5541,2.0517985995505734,-35.34,35.72,8.867010724893074,-5.6316,5.4947,3.1001487074918566,3.283190631993565,2.582102080689661e-05,0.003857245051573722,2.747812061567476,0.20070228667237006,0.9999999997586847,0.9999982097828144,0.9507721707994364,0.9978173018814998
1053,1027,intermediate_unlabelled,0.5002435460301997,1,1534,-0.25019,1.5708,1.82099,-3.1436,2.4636,1.1038945660999475,-28.084,28.724,7.124846672617153,-200.05,164.91,34.075567483702734,50.38482336080414,8.393965651783471e-06,0.0009279749544438989,0.49453014245380145,2.6226922147693372,0.9999999997512045,0.9999996338232043,0.9975884534278396,0.9985987495669089
1053,1027,intermediate_unlabelled,0.5002435460301997,2,1534,-1.0214,-0.38264,0.6387600000000001,-2.5214,2.4333,0.6976272972914276,-14.148,28.297,5.619737252524173,-39.742,327.38,91.96624897653196,102.20518689676378,1.1663343034397918e-05,0.0006270627228207753,0.40515861329461855,1.5305496832847927,0.999999998990058,0.9999996074296017,0.9973980704479969,0.9994750762564447
1053,1027,intermediate_unlabelled,0.5002435460301997,3,1534,1.2691,1.8184,0.5493000000000001,-2.4885,2.3808,0.637075373285278,-16.566,29.577,6.130690488145433,-368.04,175.56,151.4733390286832,164.52989158346594,2.4196074731308324e-05,0.0013496575733424844,0.9582849989920804,4.132611411459085,0.9999999933073038,0.9999977698097318,0.9877087251919455,0.9984836082059874
1053,1027,intermediate_unlabelled,0.5002435460301997,4,1534,-1.8399,5.1008e-05,1.839951008,-2.3363,2.3058,1.3214353414055329,-22.965,25.009,6.814498218900292,-34.999,38.718,11.57947982398957,14.956612160553213,1.923783035835272e-05,0.002198800876510954,1.2983545237984033,1.3920477763847725,0.9999999996394918,0.9999986273875827,0.9816818054852472,0.99549036557628
1053,1027,intermediate_unlabelled,0.5002435460301997,5,1534,-1.4892,1.6713,3.1605,-3.943,3.9392,2.2602821503385773,-34.838,36.189,10.957673692968562,-12.724,24.568,8.182570011082136,9.968037917041544,2.4010979601052228e-05,0.0031326078143772084,2.099289714261444,0.6845437173601061,0.9999999998151565,0.9999990519042694,0.9814768514419612,0.9968414437627732
1053,1027,intermediate_unlabelled,0.5002435460301997,6,1534,-0.029794,2.8478,2.8775939999999998,-3.5524,3.5529,2.0524562146610723,-33.71,36.516,8.872378350879844,-5.7789,5.4526,3.126007275749674,3.3072605447321153,2.681457245423302e-05,0.003844607550861326,2.7540993903251696,0.20748803791732373,0.9999999997397446,0.9999982227350317,0.9506021827615639,0.9976967093414054
1053,1028,intermediate_unlabelled,0.5007306380905991,1,1534,-0.25019,1.5708,1.82099,-3.1438,2.4635,1.1038999054302105,-27.87,28.795,7.124469379403155,-199.89,166.29,34.49336808344198,50.56743443943045,8.377855670050397e-06,0.000916713907580441,0.48410190244055035,2.6551145844742723,0.9999999997521603,0.9999996431958322,0.9976889567608287,0.9985712714668461
1053,1028,intermediate_unlabelled,0.5007306380905991,2,1534,-1.0214,-0.38264,0.6387600000000001,-2.5213,2.4335,0.6976232385236232,-14.148,28.321,5.619387027502064,-37.831,326.6,91.98367290743154,102.19567782560048,1.168138292020012e-05,0.0006060753949243189,0.40229937654532016,1.5166259966218856,0.9999999989869339,0.9999996343798464,0.9974344021628249,0.9994805406061007
1053,1028,intermediate_unlabelled,0.5007306380905991,3,1534,1.2691,1.8183,0.5492000000000001,-2.4879,2.3828,0.6370751650611498,-16.613,29.506,6.133139455853243,-365.71,176.02,150.4767702672751,163.4103740019557,2.3762175722318966e-05,0.0013865290615050637,0.9762433422992373,4.148938868795094,0.9999999935452303,0.9999976459843289,0.9872509297981271,0.9984497964503886
1053,1028,intermediate_unlabelled,0.5007306380905991,4,1534,-1.84,5.3704e-05,1.840053704,-2.3355,2.306,1.3214352194444823,-22.485,24.76,6.8018681377799215,-35.101,38.515,11.684569061277706,15.074462977488292,1.8937517267638375e-05,0.002210390326052403,1.230546993979453,1.3219223088738252,0.9999999996506587,0.9999986129392804,0.9834991824691477,0.9959971072280979
1053,1028,intermediate_unlabelled,0.5007306380905991,5,1534,-1.4892,1.6713,3.1605,-3.9427,3.9398,2.2602802284188064,-34.459,36.047,10.954335847494484,-12.609,24.645,8.117738002607561,9.914790266270074,2.401257777922673e-05,0.0031136024994380964,2.0840681188518735,0.6781020692074707,0.9999999998151307,0.9999990634930387,0.9817357514743728,0.996855846901219
1053,1028,intermediate_unlabelled,0.5007306380905991,6,1534,-0.029794,2.8478,2.8775939999999998,-3.5529,3.5541,2.0524464876962614,-35.795,37.502,8.868613614543877,-5.8632,5.4632,3.113812341590612,3.2903958898212995,2.6044209749340357e-05,0.0037957128848355296,2.741690518326791,0.20274154827834698,0.999999999754483,0.9999982676587591,0.9510151058426505,0.9977749041667657
1053,1538,intermediate_unlabelled,0.749147588894301,1,1534,-0.25019,1.5708,1.82099,-3.1441,2.4635,1.1038872548579877,-28.036,28.676,7.1231510955217265,-199.89,165.32,33.273930638852676,50.07537854052851,8.059503587501477e-06,0.0009222950666230204,0.4782289961459097,2.6458332654192063,0.9999999997706362,0.9999996386961193,0.9977439252080338,0.9985622522344891
1053,1538,intermediate_unlabelled,0.749147588894301,2,1534,-1.0214,-0.38264,0.6387600000000001,-2.5211,2.433,0.6976339781148058,-14.954,28.368,5.619474729104008,-41.085,331.77,92.4351114732725,102.82833569536066,1.1652457611025875e-05,0.0006138847166897199,0.40045386241840947,1.6148803209552662,0.9999999989919492,0.9999996243930661,0.9974580180825815,0.9994349221931225
1053,1538,intermediate_unlabelled,0.749147588894301,3,1534,1.2691,1.8184,0.5493000000000001,-2.49,2.3786,0.637073874994715,-16.447,29.316,6.126989238757239,-361.05,174.47,149.16269374185137,161.7539325781296,2.4157720699098777e-05,0.001346809292882579,0.9369788664360557,4.062816147496774,0.999999993328632,0.9999977810567292,0.988238106922972,0.9984562950000011
1053,1538,intermediate_unlabelled,0.749147588894301,4,1534,-1.8399,5.7524e-05,1.8399575240000001,-2.3387,2.3081,1.3214342702114708,-23.018,24.92,6.817064120661317,-34.388,39.126,11.570466991525421,14.84789253455937,1.9482579480750403e-05,0.002423169368141937,1.3109524614115915,1.4261879277706646,0.9999999996302601,0.9999983304202761,0.981335410912724,0.9951804107278055
1053,1538,intermediate_unlabelled,0.749147588894301,5,1534,-1.4892,1.6713,3.1605,-3.9431,3.9404,2.260300235559326,-34.743,35.999,11.009769607239996,-12.8,25.447,8.211743565840939,10.127811886597721,2.425442864946895e-05,0.0032271620451231964,2.355842463360176,0.7155652039980717,0.9999999998113899,0.9999989931647671,0.9768387809415483,0.996670175124489
1053,1538,intermediate_unlabelled,0.749147588894301,6,1534,-0.029793,2.8479,2.8776930000000003,-3.5557,3.5541,2.052531889052457,-34.999,35.265,8.874408366976452,-5.8211,5.7789,3.129143557366363,3.370902192975788,2.65674361163414e-05,0.003973708891563939,2.7561152840519605,0.20704809526397383,0.9999999997445246,0.999998100465067,0.9505511962900816,0.997840229680446
1053,1539,intermediate_unlabelled,0.7496346809547004,1,1534,-0.25019,1.5708,1.82099,-3.1437,2.4638,1.1038873724680403,-27.894,28.558,7.122837493007828,-200.26,166.29,32.977907992177315,49.967747032227926,8.265555296453969e-06,0.0009326604370751788,0.47519903701484734,2.6453854240440053,0.9999999997587584,0.999999629888777,0.9977722708351092,0.9985591263872443
1053,1539,intermediate_unlabelled,0.7496346809547004,2,1534,-1.0214,-0.38264,0.6387600000000001,-2.5213,2.4328,0.6976327767672209,-15.002,28.463,5.619585118645231,-42.224,331.57,92.54830310951759,102.90840308593125,1.1621360066895717e-05,0.0006040453392504628,0.4020121925140208,1.5770420157583787,0.9999999989973208,0.9999996371250937,0.9974382492629411,0.9994601473919994
1053,1539,intermediate_unlabelled,0.7496346809547004,3,1534,1.2691,1.8184,0.5493000000000001,-2.4896,2.3792,0.6370739622144987,-16.637,29.411,6.127697185505278,-363.84,175.56,148.7079351173403,161.18090502526493,2.4193340312028097e-05,0.00137431047678884,0.941101864058035,4.103213726722466,0.9999999933089827,0.9999976888923983,0.9881364898862149,0.9984096967665693
1053,1539,intermediate_unlabelled,0.7496346809547004,4,1534,-1.8399,5.7075e-05,1.839957075,-2.3369,2.3089,1.3214327480026713,-22.947,24.742,6.819413323487022,-35.152,38.922,11.551730426988266,14.836658586344406,2.0072126097962293e-05,0.0024442274349832974,1.3227678860797434,1.4516676970094342,0.9999999996075447,0.9999983012535517,0.981007402649076,0.9949995149949735
1053,1539,intermediate_unlabelled,0.7496346809547004,5,1534,-1.4892,1.6713,3.1605,-3.9444,3.938,2.2603000320776485,-34.648,35.952,10.993992544940038,-13.45,25.447,8.223565425684486,10.123939180773341,2.4561832604211495e-05,0.0031489502105293858,2.2836642848758135,0.7137999465093343,0.9999999998065771,0.9999990417757629,0.9781886667543912,0.9966896211236913
1053,1539,intermediate_unlabelled,0.7496346809547004,6,1534,-0.029794,2.8479,2.877694,-3.5547,3.5542,2.0525339425023192,-36.099,34.961,8.874170369745658,-6.0737,5.6526,3.171701591264667,3.3970249185766432,2.6024103281241636e-05,0.003820451839518137,2.754010208850831,0.20702559824010183,0.999999999754868,0.9999982454223438,0.9506259448297036,0.9978527725602505
1053,1540,intermediate_unlabelled,0.7501217730150999,1,1534,-0.25019,1.5708,1.82099,-3.1439,2.4636,1.10388865204136,-28.06,28.652,7.123736335293333,-200.05,165.52,33.24287627118644,50.055407330705776,8.405896992908176e-06,0.0009280859380112575,0.4852330970052863,2.678446696749622,0.9999999997504969,0.9999996338030193,0.9976776523047122,0.9985255205374813
1053,1540,intermediate_unlabelled,0.7501217730150999,2,1534,-1.0214,-0.38264,0.6387600000000001,-2.5211,2.4333,0.6976357381351259,-15.191,28.487,5.6198320610543915,-40.719,333.11,92.49201183833115,102.85099096417211,1.1607661779956507e-05,0.0006111716664869056,0.404498487366427,1.5913048463862074,0.9999999989996876,0.9999996281464529,0.9974066434444305,0.9994501680936556
1053,1540,intermediate_unlabelled,0.7501217730150999,3,1534,1.2691,1.8184,0.5493000000000001,-2.4897,2.3792,0.6370769873433999,-16.518,29.624,6.126707667097215,-359.5,174.78,147.64455829204695,160.12131486929766,2.3971962017196324e-05,0.001368674823319792,0.9367784407934334,4.060768203651828,0.9999999934308766,0.9999977079948985,0.9882420502517729,0.9984310273553487
1053,1540,intermediate_unlabelled,0.7501217730150999,4,1534,-1.8399,6.1794e-05,1.8399617940000002,-2.3361,2.3079,1.3214360980192328,-22.609,24.831,6.817554360197468,-35.101,39.686,11.695361841590614,15.050011435733998,2.019313002680382e-05,0.002490781722701422,1.3120138702437283,1.466157913291234,0.9999999996027993,0.9999982353495868,0.9813076187759169,0.9950467672499743
1053,1540,intermediate_unlabelled,0.7501217730150999,5,1534,-1.4892,1.6713,3.1605,-3.9438,3.939,2.2602985080409455,-34.577,36.023,11.000294301432248,-12.838,25.027,8.200647249674054,10.082261481222567,2.4369547727315543e-05,0.003163071793892102,2.31570228541773,0.7027947633846072,0.9999999998095941,0.9999990333958908,0.9775912819747634,0.9967697165530468
1053,1540,intermediate_unlabelled,0.7501217730150999,6,1534,-0.029793,2.8479,2.8776930000000003,-3.5535,3.5529,2.052520358874729,-35.985,37.578,8.878975609728037,-5.9263,5.5474,3.1269953937418515,3.340363464498754,2.6843531205952923e-05,0.0038369950636732483,2.7715213012905173,0.20498197739520752,0.9999999997391855,0.9999982299611295,0.9500350512030846,0.9978171160117667
1053,1541,intermediate_unlabelled,0.7506088650754993,1,1534,-0.25019,1.5708,1.82099,-3.1438,2.464,1.1038860773834802,-28.06,28.463,7.122048321483237,-200.62,166.45,33.08537211212516,50.03375731682109,8.109607692119842e-06,0.0009188592815241805,0.46622468906862685,2.598543286448551,0.9999999997677742,0.9999996406974997,0.9978552484386584,0.9986127492447501
1053,1541,intermediate_unlabelled,0.7506088650754993,2,1534,-1.0214,-0.38264,0.6387600000000001,-2.5213,2.4331,0.6976303923592775,-15.096,28.534,5.618872733398271,-40.719,332.18,92.4131101434159,102.76271876457109,1.1536822949146845e-05,0.0005904501517033225,0.3971629843173668,1.5930777404527132,0.9999999990118592,0.9999996536727653,0.9974991264547426,0.9994462680743783
1053,1541,intermediate_unlabelled,0.7506088650754993,3,1534,1.2691,1.8184,0.5493000000000001,-2.4895,2.3798,0.6370748524355214,-16.566,29.458,6.1287070758965765,-363.84,176.02,149.2943293350717,161.97434926017502,2.4048052001706788e-05,0.0013699669148591114,0.9479880294128215,4.098235354219162,0.9999999933890348,0.9999977024838468,0.9879651307522596,0.9984450010556268
1053,1541,intermediate_unlabelled,0.7506088650754993,4,1534,-1.8399,6.0445e-05,1.839960445,-2.3373,2.3096,1.3214350836966542,-22.769,24.458,6.817069184266666,-34.49,38.871,11.60280240547588,14.925937314135197,2.0210477861715524e-05,0.0024957397230252628,1.3095122281194644,1.4543895021453026,0.9999999996021175,0.9999982282018134,0.9813768273797961,0.9950433014233551
1053,1541,intermediate_unlabelled,0.7506088650754993,5,1534,-1.4892,1.6713,3.1605,-3.9442,3.9389,2.2602769732158814,-34.577,36.118,10.993909176349762,-13.45,25.18,8.176421536505867,10.104549652508034,2.4307420502804008e-05,0.003119008915074416,2.2808117891535074,0.6987069280203846,0.9999999998105634,0.9999990604621913,0.9782433875187041,0.9967936569194833
1053,1541,intermediate_unlabelled,0.7506088650754993,6,1534,-0.029794,2.848,2.8777939999999997,-3.5542,3.5551,2.052545654875482,-37.995,35.037,8.874338113948337,-6.0842,5.8526,3.1548280410691,3.390168615167229,2.7634438302326454e-05,0.003936896781563045,2.7563348576132416,0.21139558047678983,0.9999999997235925,0.9999981361051377,0.9505423364384131,0.9977626724383404
1053,1542,intermediate_unlabelled,0.7510959571358987,1,1534,-0.25019,1.5708,1.82099,-3.1439,2.4639,1.1038861934616482,-28.036,28.629,7.122679684376464,-200.05,166.45,33.08373898305085,50.02145974925125,8.270578600266144e-06,0.0009248520724695998,0.47330611578479065,2.6437460516588898,0.9999999997584624,0.9999996360141776,0.9977899148690337,0.9985630988345322
1053,1542,intermediate_unlabelled,0.7510959571358987,2,1534,-1.0214,-0.38264,0.6387600000000001,-2.5213,2.4329,0.6976297407564483,-14.314,28.25,5.6200714085639,-41.288,330.83,92.27495180573663,102.60696519720098,1.168086997269406e-05,0.0006174821702545122,0.41173008838852027,1.612756301238286,0.99999999898703,0.9999996198951172,0.997313192903396,0.9994312017862572
1053,1542,intermediate_unlabelled,0.7510959571358987,3,1534,1.2691,1.8184,0.5493000000000001,-2.4896,2.3795,0.6370758585011349,-16.613,29.506,6.126321761053267,-361.05,175.56,148.20157615384616,160.71965075280949,2.4022881464658888e-05,0.0013592032592343434,0.9329591714959055,4.053435261073362,0.9999999934029169,0.9999977385579186,0.9883368388552406,0.998447172365776
1053,1542,intermediate_unlabelled,0.7510959571358987,4,1534,-1.84,5.7524e-05,1.840057524,-2.3368,2.309,1.3214363581254365,-23.0,24.618,6.822826845789483,-34.49,38.922,11.756373800521514,15.118773348627629,1.9993216133694953e-05,0.0025218614056292466,1.339013285832796,1.4859448229505856,0.9999999996106261,0.9999981906029891,0.9805530420826223,0.9949609587790736
1053,1542,intermediate_unlabelled,0.7510959571358987,5,1534,-1.4892,1.6713,3.1605,-3.9439,3.9387,2.2602989290712543,-34.98,35.691,11.003060518267404,-13.297,25.103,8.20912337940026,10.106225749974598,2.401443579198628e-05,0.003179129289877389,2.325609768315959,0.705928048820362,0.9999999998151042,0.9999990233828314,0.9774083962525538,0.9967563261669965
1053,1542,intermediate_unlabelled,0.7510959571358987,6,1534,-0.029793,2.848,2.877793,-3.5539,3.5546,2.0525390714174945,-36.25,37.805,8.878081485250854,-5.9895,5.6947,3.1460839348109517,3.3715543413156173,2.748590146754567e-05,0.003987732577007556,2.768618080543778,0.20996412785426585,0.999999999726555,0.9999980869566598,0.9501321436697139,0.9977604969922627
1053,2049,faulty_evident,0.9980516317584024,1,1538,-0.25019,1.5708,1.82099,-3.1442,2.463,1.1024637778865596,-27.941,28.487,7.112963715037056,-198.51,162.63,33.16546903120936,49.98663721826282,8.105139801055977e-06,0.0009526525538119139,0.47805168191373254,2.4978544962414286,0.9999999997674905,0.9999996121197925,0.9977391394123349,0.9987126769713829
1053,2049,faulty_evident,0.9980516317584024,2,1538,-1.0217,-0.38265,0.6390500000000001,-2.5274,2.4337,0.6967144727026874,-14.172,28.439,5.6189204148987,-67.973,318.35,93.12273581274381,102.55421402244505,1.2371938980683243e-05,0.0008109987592043479,0.4227417626098396,1.9332432505320616,0.9999999988658393,0.9999993343452019,0.9971662400292608,0.9991415628785965
1053,2049,faulty_evident,0.9980516317584024,3,1538,1.2691,1.8184,0.5493000000000001,-2.4887,2.4252,0.636377458298028,-16.874,29.79,6.152039473875066,-422.52,239.36,163.74868598829647,184.29702540918586,2.565176724508052e-05,0.0018377021342639143,0.9590633473370226,5.372264539397385,0.9999999924796467,0.9999958398128069,0.9877750094804447,0.998436700420151
1053,2049,faulty_evident,0.9980516317584024,4,1538,-1.8409,3.5953e-05,1.840935953,-2.3352,2.3066,1.3197594908416177,-25.666,23.96,6.805392798778788,-33.777,37.088,10.926866030559168,14.06908472360399,1.904055784897345e-05,0.0022745616103429338,1.3672345542707607,1.476870539804539,0.999999999648491,0.9999985273520615,0.9796109193397746,0.9941975372713012
1053,2049,faulty_evident,0.9980516317584024,5,1538,-1.4892,1.6722,3.1614,-3.9433,3.9416,2.257329139700774,-34.388,38.985,10.959855754505627,-11.883,27.969,8.232216292587776,10.045437054417775,3.1046377339744466e-05,0.004555937032446801,2.150501605153843,0.9412178426479852,0.9999999996919237,0.9999979747243423,0.9805612830726024,0.9941845646539702
1053,2049,faulty_evident,0.9980516317584024,6,1538,-0.029795,2.8478,2.877595,-3.5535,3.5531,2.04967608382309,-34.317,37.009,8.86476235056852,-5.3789,5.1789,2.9003005117035108,3.0368801898568627,2.521643837772867e-05,0.003638433553169393,2.7562767229539693,0.20489338289571288,0.9999999997703937,0.9999984054598113,0.9504346571513844,0.9973093086832493
1053,2050,faulty_evident,0.9985387238188016,1,1541,-0.25019,1.5708,1.82099,-3.1439,2.4631,1.1013778888947625,-28.084,28.771,7.106459109047946,-196.43,161.86,32.344293329007144,49.63193332200856,7.701558725427687e-06,0.0009516103718225023,0.4787761400533945,2.512136515481439,0.9999999997916276,0.9999996123081223,0.9977281256491266,0.9986842797997234
1053,2050,faulty_evident,0.9985387238188016,2,1541,-1.0215,-0.38265,0.6388500000000001,-2.527,2.4333,0.6960310313753024,-15.002,28.7,5.6135225829586135,-68.176,320.05,93.06068923426346,102.46951172089699,1.193750102714746e-05,0.0008272318782112176,0.4168574586923041,1.9598722757459055,0.9999999989430064,0.9999993052367157,0.997239413966616,0.9991132567175064
1053,2050,faulty_evident,0.9985387238188016,3,1541,1.2691,1.8183,0.5492000000000001,-2.4893,2.426,0.6357748086540208,-16.992,29.363,6.150133242867524,-429.81,237.8,166.13683277092798,186.62334932359707,2.561756166707148e-05,0.00196867654326102,0.9727117808033544,5.686185438844237,0.9999999925036748,0.9999952169222865,0.9874147343754944,0.99826906398066
1053,2050,faulty_evident,0.9985387238188016,4,1541,-1.8404,3.4604e-05,1.8404346040000001,-2.3352,2.3067,1.3184485446070124,-26.608,24.244,6.811001779417743,-33.573,36.782,10.725150512654121,13.821711636671642,1.9516961037343128e-05,0.0022401108034442096,1.396338170473984,1.4910688527455518,0.9999999996295892,0.9999985692140636,0.978759504316677,0.9938608130044407
1053,2050,faulty_evident,0.9985387238188016,5,1541,-1.4892,1.6718,3.161,-3.9449,3.9427,2.2551329480282307,-34.885,38.938,10.966223750199546,-11.386,29.803,8.249686207008436,10.090078727631258,3.238320135773347e-05,0.004747739274147684,2.2168015564121846,0.9758644251431983,0.9999999996639712,0.9999977956801323,0.9793556745705533,0.9938170281347654
1053,2050,faulty_evident,0.9985387238188016,6,1541,-0.029794,2.8478,2.8775939999999998,-3.5537,3.5549,2.0477022998738965,-35.454,36.137,8.86175354390172,-5.5474,5.0737,2.919103001946788,3.0480191711921294,2.5076282409316173e-05,0.0036550839882729088,2.7782780786029564,0.1995372648985177,0.9999999997725624,0.9999983877428719,0.9495840214405115,0.9974468166797819
1053,2051,faulty_evident,0.9990258158792013,1,1536,-0.25019,1.5708,1.82099,-3.1439,2.4632,1.103165387017748,-28.013,28.866,7.120681685663473,-196.8,160.88,32.48832563802083,49.70445831013257,8.043124685073729e-06,0.0009999035241799877,0.4986962492231416,2.614635118479342,0.9999999997713233,0.9999995718632334,0.9975447398456369,0.9985780467446839
1053,2051,faulty_evident,0.9990258158792013,2,1536,-1.0214,-0.38265,0.6387500000000002,-2.5269,2.4335,0.6971594552662828,-14.954,28.605,5.623321055704586,-68.908,318.71,93.07194729817708,102.4871318393296,1.2139770183902955e-05,0.0008258552325317059,0.4190202028575678,1.9839824581348504,0.9999999989051874,0.9999993103476033,0.9972203611351007,0.9990940859446451
1053,2051,faulty_evident,0.9990258158792013,3,1536,1.2691,1.8183,0.5492000000000001,-2.4899,2.4258,0.6368124196570756,-16.708,29.695,6.159598334225251,-425.93,237.03,164.93232109375,185.30803589663208,2.5697457554322733e-05,0.0019476581611803248,0.9810782941908325,5.608529912138911,0.9999999924475922,0.9999953351533827,0.9872353332017463,0.9982975217630167
1053,2051,faulty_evident,0.9990258158792013,4,1536,-1.8399,3.8424e-05,1.839938424,-2.3349,2.3061,1.3205656607166099,-30.252,24.067,6.875982094435968,-34.286,37.037,10.863288691406252,14.000744740742581,1.9294681967377516e-05,0.0022915841121146515,1.6096536385891131,1.7028690118437702,0.9999999996372658,0.9999985067654168,0.972213096057043,0.9921966309104318
1053,2051,faulty_evident,0.9990258158792013,5,1536,-1.4892,1.6712,3.1604,-3.9442,3.9418,2.2587799396881962,-34.814,39.696,10.986247067408993,-11.807,28.81,8.209050789713542,10.06123371681471,3.264288767335259e-05,0.004712225956082699,2.206030817229354,0.9737441240324379,0.9999999996579599,0.9999978358744445,0.9796331291497767,0.993778134138712
1053,2051,faulty_evident,0.9990258158792013,6,1536,-0.029796,2.8478,2.877596,-3.5548,3.5525,2.05101420400322,-35.757,36.364,8.858217452428333,-5.5474,5.0211,2.8893304231770833,3.027119035166012,2.6108836529370454e-05,0.003735050840512879,2.728595032429462,0.2029556244610517,0.9999999997532679,0.9999983211815215,0.9513769474607601,0.9973367326837008
1053,2052,faulty_evident,0.9995129079396006,1,1544,-0.2502,1.5708,1.821,-3.1441,2.4629,1.100311150200334,-27.941,28.724,7.099810508424983,-196.43,162.06,31.95914756476684,49.48235148836961,7.839452837431933e-06,0.0009823742003567401,0.4993217317760452,2.559370899648963,0.9999999997843114,0.9999995848899272,0.9975240608730667,0.9986292307887153
1053,2052,faulty_evident,0.9995129079396006,2,1544,-1.0214,-0.38265,0.6387500000000002,-2.5269,2.4333,0.6953594612017849,-14.788,28.629,5.608248437202621,-70.454,320.46,93.37997431994819,102.72499404569096,1.20468357060922e-05,0.0008452967135210863,0.4218948134634522,1.9844438536957691,0.9999999989269363,0.9999992727435354,0.997166841911461,0.9990927868907395
1053,2052,faulty_evident,0.9995129079396006,3,1544,1.2691,1.8184,0.5493000000000001,-2.4886,2.4251,0.6351405630615349,-17.087,29.506,6.144041851439642,-430.75,235.94,164.60814432642485,184.6776368065388,2.579551398961753e-05,0.001927098056904866,0.9683843059328061,5.5846123515426225,0.9999999924070971,0.9999954080747228,0.9875023157984889,0.9982848711636508
1053,2052,faulty_evident,0.9995129079396006,4,1544,-1.841,3.4155e-05,1.841034155,-2.336,2.3101,1.3171920909870076,-29.328,24.351,6.81531416534368,-33.675,36.782,10.689372295984455,13.814802446905944,1.8984496124840856e-05,0.0022110340264244986,1.4772922945376192,1.5541109499588266,0.9999999996504,0.9999986034757322,0.9762248725188715,0.9933285126208521
1053,2052,faulty_evident,0.9995129079396006,5,1544,-1.4892,1.6715,3.1607000000000003,-3.9433,3.9416,2.252944070022764,-34.625,39.791,10.94841788930684,-12.227,28.924,8.244503711139895,10.070291756864592,3.216583127951428e-05,0.0047151404331254535,2.1863890169687537,0.9641495743939008,0.9999999996700022,0.9999978219574367,0.979858095059468,0.9939136144375077
1053,2052,faulty_evident,0.9995129079396006,6,1544,-0.029795,2.8478,2.877595,-3.5541,3.5516,2.0457002869336,-35.757,35.871,8.832593711366464,-5.6421,5.1368,2.9332629475388603,3.0604808530372463,2.5692389341720597e-05,0.003697365648376354,2.701101995529962,0.19965907806124597,0.9999999997620906,0.9999983466229236,0.9520925497617225,0.9974732556848382
1053,2053,faulty_evident,1.0,1,1537,-0.25019,1.5708,1.82099,-3.1444,2.463,1.1027984077592792,-27.941,28.7,7.118166402665671,-196.03,160.52,31.83188689655173,49.45645447582,7.907773714245385e-06,0.0010036810861679044,0.5029769111817484,2.600342050575124,0.9999999997788394,0.9999995685553194,0.9975005751597202,0.9985839808079285
1053,2053,faulty_evident,1.0,2,1537,-1.0214,-0.38265,0.6387500000000002,-2.527,2.433,0.6969343307347374,-14.267,28.795,5.62248062614212,-72.0,320.83,93.18654845152896,102.611510020445,1.2157742889890875e-05,0.0008508374810162851,0.42302823620138524,2.0340566347727473,0.9999999989021486,0.9999992664386717,0.9971660285236476,0.9990563698486424
1053,2053,faulty_evident,1.0,3,1537,1.2691,1.8184,0.5493000000000001,-2.4887,2.4244,0.6366092161505145,-16.921,29.577,6.156404874632569,-433.85,240.13,165.52708879635654,185.72387836777378,2.5464516723850965e-05,0.001984987224912305,0.9697735032397076,5.638519546780279,0.9999999925864527,0.9999951495313844,0.9875168403174908,0.99827311909181
1053,2053,faulty_evident,1.0,4,1537,-1.8399,3.5728e-05,1.8399357280000002,-2.3365,2.3071,1.3201328139597637,-26.555,24.102,6.825321894370853,-34.082,37.292,10.70944426805465,13.828036166052414,1.920181835357724e-05,0.0022152662196227497,1.3881324031690048,1.492938392505705,0.9999999996407023,0.9999986043846709,0.9791000347161759,0.993857774359356
1053,2053,faulty_evident,1.0,5,1537,-1.4892,1.6712,3.1604,-3.9444,3.9415,2.258049202414476,-34.909,40.455,10.98376151456632,-11.845,28.619,8.24227864931685,10.090375680253805,3.391664914734298e-05,0.004751324906393384,2.203290818611201,0.9794179126681473,0.9999999996307685,0.9999977981061943,0.979675016599301,0.9937860487195523
1053,2053,faulty_evident,1.0,6,1537,-0.029796,2.8478,2.877596,-3.553,3.5514,2.050357754114753,-37.312,37.16,8.880172619332383,-5.5474,5.1579,2.92910213272609,3.057307812050555,2.5608819614423e-05,0.003646627214314131,2.805910891159022,0.1994974639972549,0.999999999762637,0.9999983992032667,0.9487678165465898,0.9974673696621732
1100,0,training_healthy,0.0,1,1118,-1.7458,4.7937e-06,1.7458047937,-3.3091,2.9246,1.376131189626633,-26.543,29.363,8.623688033761981,-309.11,347.72,70.36340675313059,104.85643372916768,1.754985347168658e-05,0.0017157250948367602,0.6165511400506248,4.480663938521051,0.9999999996667014,0.9999992342749162,0.9974413418995016,0.9990862561984597
1100,0,training_healthy,0.0,2,1118,-1.4698,-0.38278,1.0870199999999999,-3.6976,3.5265,1.2769392981308774,-42.943,43.038,11.686805478830088,-213.32,452.75,118.48861390876566,138.89130030871777,1.7548843886231502e-05,0.0009424004703751615,0.6859121642376097,2.324523555777943,0.9999999991947739,0.9999997390691676,0.998276950048941,0.9996873774206583
1100,0,training_healthy,0.0,3,1118,0.74714,1.7181,0.9709599999999999,-3.718,3.6021,0.9303331160973012,-47.801,47.612,12.279893634598519,-556.63,438.04,165.47575315742395,193.26446852760645,1.967287688324909e-05,0.0021376385952865747,1.2657421637512796,6.38145810892124,0.9999999981835607,0.9999973705074507,0.9946752470115126,0.9988657717004975
1100,0,training_healthy,0.0,4,1118,-1.6893,6.7411e-07,1.68930067411,-4.1083,3.6296,1.5890611215090928,-27.764,19.179,8.34488155000373,-41.113,55.276,15.764516547406084,21.257357837676782,2.04087548513144e-05,0.0024400850581250983,1.6174887252599344,1.5933808163935719,0.9999999995902747,0.9999988327289753,0.9810351928935516,0.9966738614055871
1100,0,training_healthy,0.0,5,1118,-1.4892,1.7243,3.2135,-6.8902,7.8094,3.289669696336806,-68.088,63.49,21.58513540083431,-19.448,38.476,8.816148092128802,12.258722884999424,2.9595732430024464e-05,0.0037886206664609974,2.5769990150205597,0.8389143150764837,0.9999999997288349,0.9999993488334724,0.9928479121745045,0.9972004986166553
1100,0,training_healthy,0.0,6,1118,-0.029789,2.2968,2.3265890000000002,-4.9122,5.5566,2.0974262527058687,-27.188,45.427,10.026842867859065,-7.9263,9.2632,3.309151582289803,3.9066225386667557,3.10728841692739e-05,0.005231335843232669,3.201538224693735,0.25499444658137727,0.9999999995335529,0.9999969017496476,0.9476549731040558,0.9978644048081222
1100,1,training_healthy,0.0005181347150259,1,1118,-1.7458,2.9961e-06,1.7458029961000001,-3.3077,2.924,1.376110160866921,-26.093,29.387,8.620342219003565,-305.08,346.37,71.82030104651162,104.19614658716436,1.7487539816319548e-05,0.0014590681712567967,0.569383971934725,4.020955395659218,0.9999999996690615,0.9999994495954644,0.9978165783616942,0.9992550244608429
1100,1,training_healthy,0.0005181347150259,2,1118,-1.4698,-0.38277,1.08703,-3.6971,3.5263,1.276922620844512,-42.825,43.085,11.68594819357749,-207.95,451.97,119.21676526833632,139.0907138207035,1.7797586841626836e-05,0.0009874820687711355,0.6908646648602571,2.488542411448512,0.999999999171782,0.9999997119849616,0.9982517024773219,0.9996358780179786
1100,1,training_healthy,0.0005181347150259,3,1118,0.74711,1.7181,0.9709899999999999,-3.719,3.6004,0.9303617709314779,-47.896,47.991,12.294204893531623,-554.61,442.85,165.62915504472272,193.69480169231912,2.02455855130416e-05,0.0021512972770090983,1.4002806800054919,6.226755317610838,0.999999998076283,0.9999973364174514,0.9934941108937669,0.998931090753737
1100,1,training_healthy,0.0005181347150259,4,1118,-1.6893,4.0447e-06,1.6893040447,-4.1081,3.6271,1.5890535125883696,-28.173,19.641,8.362734407656811,-38.209,52.677,15.362549423076924,20.525876693622415,1.997411888050493e-05,0.0021382291547818576,1.7084838527937234,1.4010510028785093,0.9999999996075403,0.9999991065377323,0.9789089458169553,0.9970861135851847
1100,1,training_healthy,0.0005181347150259,5,1118,-1.4892,1.7242,3.2134,-6.8908,7.8061,3.28956813113357,-65.576,66.216,21.589996310239187,-17.653,36.451,8.285700908765653,11.558089330725865,2.8616459943273045e-05,0.003785614173502828,2.631513854086906,0.8718122171948325,0.9999999997464812,0.9999993494966155,0.9925443161601264,0.9965555649243412
1100,1,training_healthy,0.0005181347150259,6,1118,-0.029791,2.2969,2.326691,-4.9119,5.5591,2.097400021180893,-29.16,46.451,9.987939685831225,-7.0947,8.3474,3.0733081610017887,3.550658576545195,2.7777292181718986e-05,0.00457631177341756,3.077988278225928,0.22964736223541024,0.9999999996272484,0.9999976314890853,0.9513312217142741,0.9977722081111972
1100,2,training_healthy,0.0010362694300518,1,1118,-1.7458,4.7937e-06,1.7458047937,-3.3078,2.9247,1.3760981954376479,-26.306,29.766,8.628062572714345,-297.97,341.0,72.4167688372093,103.26516719523602,1.8455819984150694e-05,0.0016820517458182504,0.655059499360177,4.719991641115495,0.9999999996313916,0.9999992642255532,0.9971141722282242,0.9989548350223848
1100,2,training_healthy,0.0010362694300518,2,1118,-1.4698,-0.38278,1.0870199999999999,-3.6971,3.5273,1.276890511903299,-42.682,42.919,11.685421260677106,-205.83,443.92,119.46344650268335,139.08672264952844,1.760936811383356e-05,0.0009482864992357822,0.6774757714466935,2.341938206702402,0.9999999991891956,0.9999997352736629,0.9983187401391427,0.9996748416687874
1100,2,training_healthy,0.0010362694300518,3,1118,0.74714,1.7181,0.9709599999999999,-3.7157,3.6037,0.9303709255506573,-49.342,47.967,12.294076082559945,-566.41,442.39,167.7484041681574,195.62351609978552,1.973434985805514e-05,0.0020275386553949156,1.3579653702115877,6.378129667401872,0.9999999981721625,0.9999976335392767,0.9938825990817578,0.998890904269091
1100,2,training_healthy,0.0010362694300518,4,1118,-1.6893,4.4941e-07,1.6893004494100001,-4.1089,3.627,1.5890459569419233,-29.026,21.009,8.403374715259785,-37.394,52.321,14.694942960644008,19.919029785040184,2.0218420408898512e-05,0.0021209442252116285,1.897337312821434,1.5816541410038667,0.9999999995978792,0.9999991211239464,0.9741777255343536,0.9961832798803734
1100,2,training_healthy,0.0010362694300518,5,1118,-1.4892,1.7242,3.2134,-6.8916,7.8077,3.2895962715406495,-68.538,65.315,21.607516712785113,-18.455,37.177,8.524548245080501,11.894133352631053,2.9020789360664354e-05,0.0038480524271470307,2.7663755412757274,0.9181515918541835,0.9999999997392671,0.9999993277954721,0.9917706975632061,0.9964040032277646
1100,2,training_healthy,0.0010362694300518,6,1118,-0.029791,2.2968,2.326591,-4.9125,5.5571,2.0971267636615765,-28.932,47.778,10.127762208208662,-6.9158,7.4526,2.961775652951699,3.3770312765319948,2.9234824540990046e-05,0.005075162949017901,3.520976658212285,0.26831740345422345,0.9999999995870744,0.9999970837374357,0.9376222580013813,0.9968244449852728
1100,3,training_healthy,0.0015544041450777,1,1117,-1.7458,4.7937e-06,1.7458047937,-3.308,2.9249,1.3767034315076396,-26.33,29.435,8.62589480040826,-293.17,336.57,71.47856569382274,102.79370035241381,1.749673494936724e-05,0.0015329021383135165,0.5828927122017309,4.420176480805393,0.9999999996687388,0.9999993923337762,0.997714505388262,0.9990750910480437
1100,3,training_healthy,0.0015544041450777,2,1117,-1.4698,-0.38278,1.0870199999999999,-3.6967,3.527,1.2774562657431183,-42.588,43.322,11.691999672947842,-204.49,442.58,119.76666887197852,139.30491668775542,1.7305604078828467e-05,0.0009711707298359989,0.6983830360768664,2.3541985079369883,0.9999999992165991,0.9999997223108866,0.9982152295175428,0.9996714144412882
1100,3,training_healthy,0.0015544041450777,3,1117,0.74712,1.7181,0.97098,-3.715,3.6041,0.9307939812788378,-47.446,47.801,12.28506204913592,-571.07,441.3,168.6126162220233,196.28916835790332,1.9371815812508898e-05,0.0019816092631320423,1.2122059400054672,6.421400885900379,0.9999999982399989,0.9999977439215282,0.9951214679134043,0.9988781235346487
1100,3,training_healthy,0.0015544041450777,4,1117,-1.6893,4.4941e-07,1.6893004494100001,-4.107,3.6276,1.589756388452085,-29.239,20.814,8.391400765038348,-36.833,50.232,14.466861938227396,19.61149245929087,1.9920881210406585e-05,0.0022388070947638532,1.8276311654275776,1.6356347564722502,0.9999999996096407,0.9999990199557837,0.9759938959116939,0.9957621516506951
1100,3,training_healthy,0.0015544041450777,5,1117,-1.4892,1.7242,3.2134,-6.8926,7.8077,3.2910523726231773,-67.614,64.604,21.61161940023803,-18.34,37.521,8.506162303491495,11.869283616029469,2.955429628260631e-05,0.00394837993530854,2.7312007627340065,0.946884928012271,0.9999999997295035,0.9999992924072485,0.9919825471027097,0.9961482564305671
1100,3,training_healthy,0.0015544041450777,6,1117,-0.029792,2.2969,2.326692,-4.9119,5.557,2.0981298627448437,-29.349,46.337,10.107213314548533,-7.1158,7.9368,3.0200263563115493,3.476926913107973,2.8469450611571427e-05,0.004900322988753035,3.4434717214279273,0.2661283821203557,0.9999999996084362,0.9999972846432149,0.940174144407599,0.9970447847038636
1100,4,training_healthy,0.0020725388601036,1,1118,-1.7458,5.9921e-06,1.7458059921,-3.3078,2.9251,1.3760889977799755,-26.33,29.292,8.62681074299611,-293.94,339.25,71.61846792486584,102.87256993474185,1.7772688398370583e-05,0.0015780706338765597,0.6424173113857566,4.398829983475713,0.9999999996581723,0.9999993545559557,0.9972237717975571,0.9990854352277835
1100,4,training_healthy,0.0020725388601036,2,1118,-1.4698,-0.38278,1.0870199999999999,-3.6969,3.5271,1.2768799614247626,-42.896,42.99,11.685345392353964,-205.06,442.17,119.69125788908765,139.2186899900033,1.754499319147e-05,0.000959472911765199,0.6753347802399703,2.316755312337367,0.9999999991951107,0.99999972868066,0.9983293517151982,0.999681048740917
1100,4,training_healthy,0.0020725388601036,3,1118,0.74713,1.7181,0.97097,-3.716,3.604,0.93037563604297,-48.536,47.754,12.291943822367134,-569.52,438.82,168.36901152057246,195.77938717072195,1.9484891746391466e-05,0.001938723474011208,1.3237131512968698,6.438979747912864,0.9999999982180809,0.9999978348107846,0.9941864239089082,0.9988645625583172
1100,4,training_healthy,0.0020725388601036,4,1118,-1.6893,4.4941e-07,1.6893004494100001,-4.1093,3.6312,1.5890500239193812,-29.648,21.88,8.446084156036617,-38.413,50.64,14.598325438282648,19.833128513194257,2.0682416604564844e-05,0.002613227683988422,2.078389430729435,1.812345877318821,0.9999999995792108,0.999998659402428,0.9692502601445195,0.9949516617585742
1100,4,training_healthy,0.0020725388601036,5,1118,-1.4892,1.7242,3.2134,-6.8923,7.8077,3.2895901614654526,-68.515,63.846,21.628342495304477,-18.417,37.941,8.535288271914133,11.919480336470121,2.943694585305609e-05,0.0039181337012412845,2.928549530343762,0.9601442643208726,0.9999999997317354,0.9999993027557689,0.9907907597611258,0.9960729378255843
1100,4,training_healthy,0.0020725388601036,6,1118,-0.029791,2.2969,2.326691,-4.9122,5.5559,2.097196767422506,-28.174,44.365,10.134074072479432,-7.1474,8.2105,3.064136601073345,3.5198175792210793,2.926893262797605e-05,0.005013184520396322,3.5283999281947724,0.2642097300079025,0.9999999995861152,0.9999971550537083,0.937430786132591,0.9971570214995229
1100,480,intermediate_unlabelled,0.2487046632124352,1,1118,-1.7458,3.5953e-06,1.7458035953,-3.3073,2.9247,1.376049798378246,-26.211,29.6,8.618413962739657,-288.37,330.06,70.12851124329158,100.93784291092466,1.7200855372536254e-05,0.0014138858107145959,0.564061813486713,3.8718269547893347,0.9999999996798172,0.9999994845740381,0.9978562350090651,0.9992638436017113
1100,480,intermediate_unlabelled,0.2487046632124352,2,1118,-1.4698,-0.38277,1.08703,-3.6962,3.5262,1.276925330457513,-42.659,43.133,11.685554084900703,-210.22,449.49,120.04766662790698,139.9507764963355,1.7762800906496085e-05,0.0010110898228063573,0.684028104914466,2.559846574825679,0.9999999991750131,0.9999996979310138,0.9982860377349242,0.9996188206934781
1100,480,intermediate_unlabelled,0.2487046632124352,3,1118,0.74713,1.7181,0.97097,-3.7156,3.6001,0.9303282695081935,-48.844,47.659,12.286353690708507,-554.3,425.16,165.12970572450806,191.53117094051206,1.9322462324671465e-05,0.001872109605783154,1.2999273762933672,5.974099300494382,0.9999999982476528,0.999997984492525,0.994388809875603,0.998977942519098
1100,480,intermediate_unlabelled,0.2487046632124352,4,1118,-1.6893,2.0223e-06,1.6893020223,-4.1137,3.6306,1.5890551833012558,-28.564,19.499,8.409442568987155,-39.177,52.677,15.187752052772808,20.262828205843558,2.235980027389584e-05,0.0032549777897941264,1.9206384760899704,1.8537021129684412,0.9999999995081911,0.9999979138047344,0.9735696502716118,0.9946998366407365
1100,480,intermediate_unlabelled,0.2487046632124352,5,1118,-1.4892,1.7242,3.2134,-6.8936,7.8027,3.289450849094743,-62.187,66.595,21.63456276119763,-16.086,33.547,7.673843797853309,10.898377305585187,2.9412287060376933e-05,0.0038202884100240436,2.9926356334218953,0.8872726901725232,0.9999999997321798,0.999999337584736,0.9903868421717753,0.9958537936222212
1100,480,intermediate_unlabelled,0.2487046632124352,6,1118,-0.029792,2.2968,2.326592,-4.9133,5.558,2.097396561586219,-27.832,44.63,10.08703512013225,-7.3684,8.2842,3.419254069767442,3.770864201561467,3.0278096136253574e-05,0.0052517085499306105,3.3832992302307763,0.26005962232640395,0.9999999995571061,0.9999968772390235,0.9420721151681851,0.9973735897226134
1100,481,intermediate_unlabelled,0.2492227979274611,1,1118,-1.7458,4.7937e-06,1.7458047937,-3.3078,2.9245,1.3760591055127713,-26.543,29.648,8.62243806168556,-293.78,333.32,69.69294066189623,102.01428182257311,1.762390485104331e-05,0.001572872881246387,0.6148745370808701,4.309520577474225,0.9999999996638743,0.999999359074493,0.9974544382703179,0.9991073246946531
1100,481,intermediate_unlabelled,0.2492227979274611,2,1118,-1.4698,-0.38279,1.08701,-3.6968,3.5273,1.2769310419886892,-42.327,43.156,11.687265797914911,-213.88,448.72,119.3531906887299,139.46386936887112,1.7767167438534352e-05,0.0009498533566113535,0.6889607619274263,2.404988334054994,0.9999999991746034,0.9999997345394176,0.9982617191134795,0.9996636765261521
1100,481,intermediate_unlabelled,0.2492227979274611,3,1118,0.74715,1.7181,0.97095,-3.7165,3.6028,0.9303099158431902,-49.176,47.446,12.281085083586989,-553.84,427.49,165.62551375670841,191.66568918888632,2.0266463777689323e-05,0.0019202980181082883,1.2466881861226415,6.403899956276638,0.9999999980722352,0.9999978794079561,0.9948359043975137,0.9988199537708442
1100,481,intermediate_unlabelled,0.2492227979274611,4,1118,-1.6894,2.0223e-06,1.6894020223,-4.1136,3.6318,1.589063996537498,-28.19,22.236,8.42408200046502,-42.947,57.67,15.610534123434702,21.405286154810607,2.301311054022622e-05,0.0035240722473597343,1.983805630601332,2.0273901354723884,0.9999999994790317,0.9999975524620177,0.9718763292406359,0.9947014087719527
1100,481,intermediate_unlabelled,0.2492227979274611,5,1118,-1.4892,1.7243,3.2135,-6.8948,7.8067,3.2894679072325665,-65.955,65.552,21.597372076307877,-17.691,35.19,8.013079517889087,11.320055608975437,2.8783709430441857e-05,0.003941864275034218,2.7314213587910507,0.9207671056668382,0.9999999997435092,0.9999992940278245,0.9919706175100911,0.9959022349766122
1100,481,intermediate_unlabelled,0.2492227979274611,6,1118,-0.029792,2.2969,2.326692,-4.9135,5.5548,2.097242799493129,-27.757,47.019,10.088826270119345,-7.3474,8.5263,3.184927468694097,3.690275649238267,3.206580309180411e-05,0.005482770177811916,3.387051499249673,0.26834663730096997,0.9999999995032419,0.9999965944981795,0.9419609666689843,0.9973266531744702
1100,482,intermediate_unlabelled,0.249740932642487,1,1118,-1.7458,4.7937e-06,1.7458047937,-3.3083,2.925,1.3760630652039327,-26.283,29.411,8.62154370954774,-292.23,335.23,69.6992574686941,102.02298449068934,1.7409785827441834e-05,0.0015496464362418688,0.6000174839663351,4.271742832636291,0.9999999996719915,0.9999993783154865,0.9975756329201464,0.9991230149498423
1100,482,intermediate_unlabelled,0.249740932642487,2,1118,-1.4698,-0.38279,1.08701,-3.6967,3.5274,1.2769266341163836,-42.825,43.204,11.68732488778925,-211.4,448.31,119.29606358676207,139.34954995312216,1.7734518392349392e-05,0.0009541144619927802,0.6916387148014104,2.357873891719055,0.9999999991776316,0.9999997319833216,0.9982481615603842,0.9996756851372053
1100,482,intermediate_unlabelled,0.249740932642487,3,1118,0.74715,1.7181,0.97095,-3.7167,3.6024,0.9303147117886245,-48.465,47.825,12.292063422191443,-555.86,426.4,165.9379820214669,191.8199068598425,2.0184859475724235e-05,0.001927083227452908,1.3464570176948099,6.409287048862404,0.9999999980877267,0.9999978657062942,0.9939841385137316,0.9988170780126986
1100,482,intermediate_unlabelled,0.249740932642487,4,1118,-1.6893,2.0223e-06,1.6893020223,-4.1134,3.6317,1.5890652037825075,-28.048,24.564,8.444148962539664,-42.743,56.651,15.462118300536675,21.210228620733062,2.2973010956775663e-05,0.0034677014173935114,2.0673931024056635,1.99884757803457,0.9999999994808465,0.9999976309776669,0.9695657286059021,0.9947511798502374
1100,482,intermediate_unlabelled,0.249740932642487,5,1118,-1.4892,1.7243,3.2135,-6.8935,7.8077,3.2894635822936014,-66.074,65.481,21.62885919794646,-17.729,34.999,7.972105316636851,11.270089467966871,2.932361695790144e-05,0.004006491178380771,2.9699294990737486,0.9463782692414375,0.9999999997337958,0.9999992703073631,0.9905278710999851,0.9956231062490968
1100,482,intermediate_unlabelled,0.249740932642487,6,1118,-0.029791,2.297,2.326791,-4.91,5.5585,2.0972294755227576,-28.439,43.796,10.108637396446856,-7.1895,8.3158,3.120780653846154,3.609460945885089,3.228568254932699e-05,0.005363426221449083,3.4412911728714963,0.26718256227687803,0.9999999994964043,0.999996741676644,0.9402697765028782,0.9972366301816008
1100,483,intermediate_unlabelled,0.2502590673575129,1,1118,-1.7458,4.1945e-06,1.7458041945,-3.3081,2.9248,1.3760656314576936,-26.448,29.837,8.62137059966656,-293.57,333.88,69.71373598389982,102.05684208336753,1.7488143994301782e-05,0.0015288331526378094,0.5959028920955035,4.302192099597445,0.9999999996690332,0.9999993952616453,0.9976086962827789,0.9991110904370556
1100,483,intermediate_unlabelled,0.2502590673575129,2,1118,-1.4698,-0.38279,1.08701,-3.6967,3.5276,1.2769232285128012,-42.659,43.038,11.686531577654437,-211.2,448.88,119.38315816636852,139.3863424090404,1.7983962250586822e-05,0.0009563296333958035,0.6776226829445932,2.394062114584222,0.9999999991543345,0.9999997305824383,0.9983183220738968,0.9996658274510555
1100,483,intermediate_unlabelled,0.2502590673575129,3,1118,0.74713,1.7181,0.97097,-3.7162,3.6021,0.930325189761274,-47.873,47.446,12.292858477780495,-553.84,424.85,165.72944314847942,191.67774922574256,1.9981424383354004e-05,0.0019604660592861716,1.3503256987827075,6.365093335635588,0.9999999981260755,0.9999977893589272,0.9939502117731003,0.9988342507874618
1100,483,intermediate_unlabelled,0.2502590673575129,4,1118,-1.6893,1.7976e-06,1.6893017976,-4.1146,3.6315,1.5890646847246404,-27.319,23.978,8.450690359094454,-42.03,54.308,15.271464490161005,20.9397507113046,2.3157604763209063e-05,0.003413586938373149,2.0945492967735655,2.0199794798459996,0.9999999994724701,0.9999977044415388,0.9687971085668362,0.9944776307553248
1100,483,intermediate_unlabelled,0.2502590673575129,5,1118,-1.4892,1.7242,3.2134,-6.895,7.8069,3.2894578613806336,-65.884,65.505,21.63313847920122,-17.194,34.808,7.961539546511627,11.262542449430931,2.9800889236981402e-05,0.004113292303831504,3.000155538306612,0.9423953337273718,0.9999999997250604,0.9999992302686187,0.9903369814338121,0.9956453228220071
1100,483,intermediate_unlabelled,0.2502590673575129,6,1118,-0.029791,2.2969,2.326691,-4.9133,5.5555,2.0971518913108356,-29.008,47.133,10.14387360176081,-7.0421,7.9579,3.0593742486583184,3.5245385122290265,3.0459737576512986e-05,0.005119650286839377,3.561387075265126,0.26872119962380775,0.9999999995517541,0.9999970321472283,0.9363427511353624,0.9970676008209999
1100,484,intermediate_unlabelled,0.2507772020725388,1,1118,-1.7458,5.3929e-06,1.7458053929,-3.3079,2.925,1.3760678641997404,-26.472,29.553,8.621432239910732,-295.48,334.66,69.58963092128803,102.0140210689949,1.7296560195660054e-05,0.001542430610913088,0.5937196108407493,4.267644161459443,0.9999999996762446,0.9999993841497854,0.997626254619209,0.9991245666900473
1100,484,intermediate_unlabelled,0.2507772020725388,2,1118,-1.4698,-0.38279,1.08701,-3.6967,3.5272,1.2769177657588173,-42.99,42.896,11.686883363574887,-210.63,447.95,119.51738352415028,139.46041074070325,1.7645698742876708e-05,0.0009608466330859429,0.6862127306857478,2.3646340662488465,0.9999999991858484,0.9999997280273685,0.9982754573960387,0.999673423514674
1100,484,intermediate_unlabelled,0.2507772020725388,3,1118,0.74715,1.7181,0.97095,-3.7171,3.6025,0.9303250290324222,-48.773,47.659,12.293858960676413,-555.39,427.18,166.01003373881935,192.0462898576353,1.9802839591017686e-05,0.001888167700670807,1.3561127075004018,6.223489102938069,0.9999999981594196,0.9999979503502435,0.9938990649134027,0.9988894142397667
1100,484,intermediate_unlabelled,0.2507772020725388,4,1118,-1.6893,1.3482e-06,1.6893013482,-4.1127,3.6308,1.5890572576952737,-27.799,22.84,8.432729347531765,-40.909,55.428,15.180557674418605,20.82905799240881,2.256405382338207e-05,0.003222238870148432,2.02111194711107,1.9159777051468188,0.9999999994991644,0.9999979558759221,0.9708533321632014,0.9949659404024678
1100,484,intermediate_unlabelled,0.2507772020725388,5,1118,-1.4892,1.7242,3.2134,-6.8938,7.8065,3.289461116607115,-66.666,64.912,21.605197950968638,-17.576,34.961,8.005702221824686,11.305690775152843,2.9415654062135895e-05,0.0039072108304036264,2.790610832733342,0.9027242176347886,0.9999999997321237,0.9999993065631315,0.9916234715136956,0.9960588358592869
1100,484,intermediate_unlabelled,0.2507772020725388,6,1118,-0.029792,2.297,2.326792,-4.9104,5.5539,2.097201875087552,-28.856,46.223,10.121871884663102,-7.0,7.9263,3.0666512611806795,3.5412993592227124,3.0506353006162725e-05,0.005215974519974256,3.482193229488951,0.2536744174739811,0.9999999995503792,0.9999969193640932,0.9389600594577263,0.997415247689394
1100,963,intermediate_unlabelled,0.4989637305699482,1,1118,-1.7458,3.5953e-06,1.7458035953,-3.3085,2.925,1.3760731348843518,-26.567,29.387,8.621109082010676,-296.05,334.86,69.97852074239714,102.41480784624895,1.7714626089497334e-05,0.001556919914364337,0.5868684779986674,4.400339127504408,0.9999999996604061,0.9999993723022589,0.9976806250342484,0.9990765052987688
1100,963,intermediate_unlabelled,0.4989637305699482,2,1118,-1.4698,-0.38279,1.08701,-3.6968,3.527,1.276935835121839,-42.469,42.872,11.688034663269578,-209.86,449.65,119.2703170214669,139.51121075012443,1.787926643304694e-05,0.0010044772907757188,0.7037024713876201,2.5531292834597177,0.9999999991641593,0.9999997016043068,0.9981866748186295,0.9996222124239097
1100,963,intermediate_unlabelled,0.4989637305699482,3,1118,0.74712,1.7181,0.97098,-3.7165,3.6022,0.9302782953799595,-48.37,47.564,12.275610565905124,-544.06,420.97,166.33149107334526,191.53697092354665,2.0003025142357005e-05,0.001957992110090999,1.199279247328563,6.395948316479898,0.99999999812202,0.9999977940541321,0.9952179391868249,0.9988027402584919
1100,963,intermediate_unlabelled,0.4989637305699482,4,1118,-1.6894,2.247e-06,1.689402247,-4.1126,3.6344,1.589059730666473,-27.586,24.262,8.473579291082293,-40.756,55.581,15.116977772808585,20.6527602447998,2.420178150817978e-05,0.0038800044573211886,2.1827704099309924,2.2512821473809677,0.9999999994238251,0.999997030960135,0.9662524868647203,0.9928994324418342
1100,963,intermediate_unlabelled,0.4989637305699482,5,1118,-1.4892,1.7243,3.2135,-6.8931,7.8065,3.289531574783191,-69.368,66.595,21.62209126671096,-17.805,36.413,8.243800004472272,11.624792317522452,3.0537678392496715e-05,0.004053407163099032,2.904829918814441,0.9909124529052236,0.9999999997112964,0.9999992527228555,0.9909347533194754,0.9955475353220415
1100,963,intermediate_unlabelled,0.4989637305699482,6,1118,-0.02979,2.297,2.3267900000000004,-4.9121,5.5549,2.097200570893325,-29.804,45.578,10.19687027751694,-7.0737,8.3263,3.0354282352415023,3.4986594464647074,3.050911426425759e-05,0.005331717023155697,3.7014169778478503,0.2719093354636403,0.999999999550299,0.9999967802191884,0.9317910310531298,0.9969551384366522
1100,964,intermediate_unlabelled,0.499481865284974,1,1118,-1.7458,3.5953e-06,1.7458035953,-3.3085,2.9249,1.3760709535855842,-26.33,29.553,8.62240558975279,-294.71,332.54,69.95431119856887,102.37085792865473,1.7382883455856445e-05,0.0015749107715900563,0.6116832357210958,4.303815134477323,0.9999999996730058,0.9999993572266579,0.9974808103774567,0.9991158368684634
1100,964,intermediate_unlabelled,0.499481865284974,2,1118,-1.4698,-0.38279,1.08701,-3.6965,3.5268,1.2769366595560456,-42.445,42.706,11.687396190261374,-212.18,450.22,119.36539127906977,139.6773173141337,1.7962630381717182e-05,0.0009950774656449014,0.6931941233468166,2.4662236800711246,0.9999999991563427,0.9999997075430034,0.9982402941035791,0.9996483495587072
1100,964,intermediate_unlabelled,0.499481865284974,3,1118,0.74713,1.7181,0.97097,-3.7169,3.6023,0.9302848856369831,-49.2,47.778,12.278872365362016,-540.96,421.74,166.14395025939177,191.48511782057852,2.0271416601384903e-05,0.0019674995975529253,1.230849496566813,6.3933465647867616,0.9999999980712826,0.9999977712287833,0.994964892133061,0.9988064073824556
1100,964,intermediate_unlabelled,0.499481865284974,4,1118,-1.6894,2.0223e-06,1.6894020223,-4.1118,3.6341,1.589066135914761,-27.675,24.813,8.477934258440529,-43.966,56.295,15.196681762075132,20.801050454082727,2.439267799425619e-05,0.0038827163935786424,2.1992244441367466,2.2474942689062867,0.9999999994147004,0.999997026868607,0.9657685303024928,0.9930485336218382
1100,964,intermediate_unlabelled,0.499481865284974,5,1118,-1.4892,1.7243,3.2135,-6.8923,7.8066,3.289524717713396,-68.965,65.576,21.608341916463534,-18.264,37.101,8.233728295169946,11.621201678126782,3.047496955221018e-05,0.004016579893216862,2.8001595395695147,0.9772755916974147,0.999999999712484,0.9999992667482074,0.9915682499367592,0.9956714791458967
1100,964,intermediate_unlabelled,0.499481865284974,6,1118,-0.029791,2.2969,2.326691,-4.9127,5.5549,2.097176813759573,-27.188,46.185,10.151520650104821,-7.1474,8.4211,3.062933041144902,3.5417305315522434,3.078366979392219e-05,0.005243899077379427,3.5796495179874603,0.272803426229809,0.9999999995421689,0.9999968858234405,0.9357659590329683,0.99700598163409
1100,965,intermediate_unlabelled,0.5,1,1118,-1.7458,5.3929e-06,1.7458053929,-3.3083,2.9249,1.3760770063524919,-26.591,29.458,8.621430267405891,-297.4,333.32,68.95072366726298,102.32312082760342,1.746221140563626e-05,0.0015673042815347678,0.5965857780940518,4.216127908051884,0.9999999996700155,0.9999993636590924,0.9976032587376815,0.9991506832740733
1100,965,intermediate_unlabelled,0.5,2,1118,-1.4698,-0.38279,1.08701,-3.6969,3.5272,1.2769404947529253,-42.493,42.825,11.688006467573437,-211.0,448.88,119.2541063685152,139.55112802519977,1.7876782133701876e-05,0.0009953186794975568,0.7010513030029235,2.490356857256431,0.9999999991643912,0.9999997073728218,0.9982002976158051,0.9996409651371767
1100,965,intermediate_unlabelled,0.5,3,1118,0.74712,1.7181,0.97098,-3.7163,3.6023,0.9302816605186268,-49.034,47.493,12.277116704280758,-540.64,420.97,166.220798568873,191.3901928141503,2.036318061757172e-05,0.0019518111160769802,1.2168886851283809,6.330231698686008,0.9999999980537837,0.9999978064129368,0.9950773531807605,0.9988254184189663
1100,965,intermediate_unlabelled,0.5,4,1118,-1.6894,2.0223e-06,1.6894020223,-4.1155,3.6352,1.5890607506961694,-28.013,24.938,8.502407322334648,-40.807,56.549,15.353200661896242,20.89559576190228,2.4453835480382005e-05,0.0039119564383013564,2.2921288037773286,2.31842956996724,0.9999999994117622,0.9999969819666392,0.962976443838557,0.9926874904550027
1100,965,intermediate_unlabelled,0.5,5,1118,-1.4892,1.7242,3.2134,-6.8928,7.805,3.289534371501898,-69.439,63.633,21.599199254225642,-18.226,35.993,8.245719621645796,11.629926088278891,3.0386024322411896e-05,0.004025729458285215,2.7270338938323686,0.9598491368455387,0.9999999997141574,0.999999263297613,0.9919978597901352,0.9958273604282561
1100,965,intermediate_unlabelled,0.5,6,1118,-0.029791,2.2968,2.326591,-4.9142,5.5562,2.0971857182842197,-28.136,43.758,10.163035697079428,-7.1789,8.3895,3.1162508586762074,3.580400238205705,3.150004110240019e-05,0.005412250672426534,3.617669085777149,0.2821618533509746,0.9999999995206155,0.9999966820732252,0.9344999907152409,0.9968730186732288
1100,966,intermediate_unlabelled,0.5005181347150259,1,1118,-1.7458,2.3968e-06,1.7458023968,-3.3081,2.9243,1.3760536710566464,-26.188,29.529,8.617326260981168,-290.12,327.17,70.03157884615385,100.95874695506188,1.7315003644760698e-05,0.0013692026807663993,0.5518840657944802,3.72612190617026,0.9999999996755521,0.9999995166255081,0.9979474318582066,0.9993185753826105
1100,966,intermediate_unlabelled,0.5005181347150259,2,1118,-1.4698,-0.38277,1.08703,-3.6965,3.5262,1.276918278509805,-42.73,43.085,11.686610791032432,-208.88,448.31,120.34792301431126,139.99532480871366,1.780896128258832e-05,0.0010408077328618378,0.7000031976003351,2.6159892478327396,0.9999999991707178,0.9999996793381417,0.9982052542415734,0.9995988674496155
1100,966,intermediate_unlabelled,0.5005181347150259,3,1118,0.74711,1.7181,0.9709899999999999,-3.7154,3.5998,0.9303118525441876,-49.2,47.683,12.271411128529177,-539.4,427.18,165.20478890876566,191.21456714796014,1.9147847695387444e-05,0.0018447928860640494,1.1595145135260005,6.019788886627937,0.9999999982791807,0.9999980447296639,0.9955274100435425,0.9989513564739179
1100,966,intermediate_unlabelled,0.5005181347150259,4,1118,-1.6893,2.247e-06,1.689302247,-4.1107,3.6277,1.5890421774626065,-30.981,22.982,8.442940260768765,-33.267,48.449,14.204537352415027,18.81736279328525,2.104973791198614e-05,0.0029474996136393847,2.0627020543570374,1.8938616355611906,0.9999999995641307,0.9999982914987541,0.9696970196421061,0.9932367861968778
1100,966,intermediate_unlabelled,0.5005181347150259,5,1118,-1.4892,1.7242,3.2134,-6.8936,7.8018,3.2894284575509514,-63.727,66.074,21.616182625287205,-16.277,33.356,7.681912910554562,10.831968369529786,2.9903837850926352e-05,0.0038876433651965562,2.8680660164223406,0.8973386193276292,0.9999999997231538,0.999999313554519,0.9911589148138128,0.995726050017789
1100,966,intermediate_unlabelled,0.5005181347150259,6,1118,-0.029792,2.2968,2.326592,-4.9127,5.5599,2.0972250099885645,-28.098,47.057,10.031641063260205,-6.6632,7.6211,3.0861960930232555,3.386339355561363,2.9339373756987506e-05,0.004854830153087811,3.2270307857580103,0.24516345473531712,0.9999999995841219,0.9999973328384472,0.946846746660714,0.9970888985388299
1100,967,intermediate_unlabelled,0.5010362694300519,1,1118,-1.7458,3.8949e-06,1.7458038949,-3.3086,2.9254,1.3760687285595399,-26.733,29.363,8.620919360763574,-295.28,333.68,69.73350551878353,102.2364655441887,1.7525477748575447e-05,0.0015368273981759746,0.5884410456469764,4.276526585772779,0.9999999996676192,0.9999993890455066,0.9976680362491988,0.9991246934678745
1100,967,intermediate_unlabelled,0.5010362694300519,2,1118,-1.4698,-0.38279,1.08701,-3.697,3.5265,1.2769277737434868,-42.635,42.848,11.687522639743854,-208.72,449.65,119.0326843470483,139.26514910941387,1.8168621077373588e-05,0.000984049099132719,0.6969880768987627,2.4872707553702345,0.9999999991368816,0.9999997140126753,0.9982210066211943,0.9996397056430585
1100,967,intermediate_unlabelled,0.5010362694300519,3,1118,0.74714,1.7181,0.9709599999999999,-3.7173,3.6024,0.930281770738104,-49.223,47.564,12.278044649248253,-541.73,420.04,166.3210724686941,191.5999695664009,2.01425643739509e-05,0.0019435377831449998,1.2223548676898055,6.344880025625451,0.9999999980957257,0.9999978279166652,0.9950335917225815,0.9988242679170253
1100,967,intermediate_unlabelled,0.5010362694300519,4,1118,-1.6894,2.247e-06,1.689402247,-4.1127,3.6326,1.5890577983017908,-27.657,24.902,8.458541761253755,-41.826,54.511,14.915474373881933,20.312122197557343,2.369644746200235e-05,0.0036817298569893045,2.1244703558844784,2.1823575027278324,0.9999999994476338,0.9999973277544585,0.9679449627732191,0.9930701819023942
1100,967,intermediate_unlabelled,0.5010362694300519,5,1118,-1.4892,1.7242,3.2134,-6.8924,7.8049,3.289509889769149,-68.064,66.595,21.613977336877262,-17.614,35.343,8.120775869409659,11.477456179705067,3.00228037097913e-05,0.004042371558179806,2.846838454584064,0.9542198986007456,0.9999999997209492,0.9999992572131369,0.9912881138303352,0.9957427805003994
1100,967,intermediate_unlabelled,0.5010362694300519,6,1118,-0.029791,2.2969,2.326691,-4.9143,5.5565,2.0971779212152155,-29.653,43.379,10.175363432126385,-6.8316,7.8316,2.9992464669051877,3.4440996304897746,3.074529465420872e-05,0.005423460322956186,3.6422230904034016,0.2734675410965193,0.9999999995433042,0.999996668005759,0.9337426635272036,0.9968129081445422
1100,1446,intermediate_unlabelled,0.7492227979274612,1,1118,-1.7458,3.5953e-06,1.7458035953,-3.3085,2.925,1.3760739562693771,-26.496,29.316,8.620179496087852,-296.05,333.11,69.57465560822898,102.34646057089613,1.7643214847728774e-05,0.0015277654504599594,0.5759767135083208,4.2796567477768255,0.9999999996631389,0.9999993956634695,0.997765549663147,0.9991253499431901
1100,1446,intermediate_unlabelled,0.7492227979274612,2,1118,-1.4698,-0.38279,1.08701,-3.697,3.5265,1.2769107020019737,-42.493,42.872,11.686853511222838,-207.38,446.2,119.5732407781753,139.53651059768575,1.7686829107211614e-05,0.0009898490100828585,0.6932603769591125,2.4613124690533517,0.9999999991820491,0.9999997105126893,0.9982397880624652,0.9996451799417696
1100,1446,intermediate_unlabelled,0.7492227979274612,3,1118,0.74712,1.7181,0.97098,-3.7166,3.6009,0.9302755032195198,-48.868,47.446,12.276857723483687,-538.32,413.83,166.6018516100179,191.3235367597446,1.9654733591988186e-05,0.0019501042224029025,1.2097355571674848,6.201824851256562,0.9999999981868571,0.9999978102565958,0.9951350767955929,0.9988656620664428
1100,1446,intermediate_unlabelled,0.7492227979274612,4,1118,-1.6894,2.247e-06,1.689402247,-4.1116,3.6337,1.589053834427662,-28.119,26.022,8.456871519787306,-41.062,55.225,14.509790697674418,19.79252001564841,2.3979521066113043e-05,0.0038326970559198403,2.1165034224222556,2.2170859982208984,0.9999999994343574,0.9999971030424728,0.9681761257236436,0.9923841982289338
1100,1446,intermediate_unlabelled,0.7492227979274612,5,1118,-1.4892,1.7242,3.2134,-6.8944,7.8073,3.289575583502399,-71.05,63.988,21.632018118372056,-17.958,37.636,8.485015846153845,11.891908312688976,3.0076627751881874e-05,0.0040420950030220166,2.966183735558788,1.004182130308317,0.9999999997199511,0.9999992569199523,0.9905546276979208,0.9956801704023792
1100,1446,intermediate_unlabelled,0.7492227979274612,6,1118,-0.029791,2.297,2.326791,-4.9121,5.5533,2.0972152863138955,-29.804,45.996,10.143133556827063,-7.2526,8.3579,2.980058773703041,3.4948054854209816,2.9444030456213965e-05,0.00517972571295398,3.5513521430796993,0.27319903794253286,0.9999999995811537,0.999996962240069,0.9367035323501084,0.9969145797406299
1100,1447,intermediate_unlabelled,0.7497409326424871,1,1118,-1.7458,2.9961e-06,1.7458029961000001,-3.3081,2.9245,1.3760585675885555,-26.283,29.648,8.617556806563659,-287.43,327.38,69.78320849731664,101.0853237806308,1.7485977430570532e-05,0.0013556013954277753,0.5493366306987341,3.74626449040495,0.9999999996691137,0.9999995265639255,0.9979664869662466,0.9993128997640297
1100,1447,intermediate_unlabelled,0.7497409326424871,2,1118,-1.4698,-0.38277,1.08703,-3.6965,3.5258,1.276911038063338,-42.73,43.393,11.686129929884094,-207.54,447.38,120.91847764758496,140.31393147268506,1.7951233103209256e-05,0.0010461104925940708,0.6892912104253115,2.5707235145365517,0.9999999991574103,0.9999996755416871,0.9982597115433809,0.9996096764131449
1100,1447,intermediate_unlabelled,0.7497409326424871,3,1118,0.7471,1.7181,0.971,-3.7152,3.5982,0.9302953166566357,-48.512,47.493,12.281097154651283,-531.18,416.16,166.27768915026832,191.27846734280632,1.927755963101727e-05,0.0018082318051920172,1.2591655518889828,5.777825694073724,0.9999999982558007,0.9999981208496416,0.994731697726891,0.9990191513937134
1100,1447,intermediate_unlabelled,0.7497409326424871,4,1118,-1.6893,2.0223e-06,1.6893020223,-4.1103,3.6283,1.5890325830504353,-28.599,19.872,8.454752795772455,-32.503,47.379,13.717407665474061,18.088687067904306,2.109020445280667e-05,0.003019387681208896,2.1120622832694376,1.9038931552697922,0.9999999995624532,0.9999982067366253,0.968295530425445,0.9923970437305717
1100,1447,intermediate_unlabelled,0.7497409326424871,5,1118,-1.4892,1.7242,3.2134,-6.8939,7.8015,3.289465158988615,-64.296,67.661,21.628990771793738,-16.506,34.35,7.846338371198568,11.009672954518152,2.9726021064538266e-05,0.003959728509277502,2.9555873560470416,0.9175662872112268,0.9999999997264377,0.999999287504046,0.9906196604919933,0.9956920618584377
1100,1447,intermediate_unlabelled,0.7497409326424871,6,1118,-0.029792,2.2969,2.326692,-4.9154,5.5597,2.097227135271667,-31.245,44.896,10.05023039905294,-6.3474,7.3053,2.977271752236136,3.28875119800445,2.9169796571670877e-05,0.005049676035947157,3.2780344775242263,0.2508740363961156,0.9999999995889135,0.9999971133112528,0.9453128942507061,0.9967845349993293
1100,1448,intermediate_unlabelled,0.7502590673575129,1,1118,-1.7458,3.5953e-06,1.7458035953,-3.3087,2.9249,1.3760743770012955,-26.638,29.269,8.622596299670015,-296.46,333.11,69.68726500000001,102.40910846965846,1.7438171391772317e-05,0.0015647441495106847,0.6062684214489585,4.3399998877410955,0.9999999996709221,0.9999993660639395,0.9975253695911613,0.999101601629254
1100,1448,intermediate_unlabelled,0.7502590673575129,2,1118,-1.4698,-0.38279,1.08701,-3.6967,3.5269,1.2769161044604291,-42.398,42.919,11.686616170952279,-206.4,447.54,119.47388185152057,139.46648433534162,1.7900359254573306e-05,0.0009830643209459559,0.6879588943432156,2.458225143879063,0.9999999991621803,0.9999997144843517,0.9982665893438232,0.9996463701647067
1100,1448,intermediate_unlabelled,0.7502590673575129,3,1118,0.74712,1.7181,0.97098,-3.7166,3.601,0.9302785095452031,-48.536,47.564,12.275853285339009,-540.18,415.84,166.3645714669052,191.1909478681477,1.965993096062615e-05,0.001961111847379934,1.1978669950713412,6.283759415082315,0.9999999981858968,0.9999977857161577,0.9952295214806368,0.9988371312930951
1100,1448,intermediate_unlabelled,0.7502590673575129,4,1118,-1.6894,2.0223e-06,1.6894020223,-4.1125,3.633,1.5890519365471376,-27.444,24.955,8.46271654873734,-41.419,54.766,14.493208774597495,19.787876719911132,2.443580915985682e-05,0.003864750034563535,2.140106908832782,2.2294763259922505,0.9999999994126267,0.9999970540695674,0.967496056506863,0.9923088544502048
1100,1448,intermediate_unlabelled,0.7502590673575129,5,1118,-1.4892,1.7242,3.2134,-6.8934,7.806,3.289597689670424,-71.098,64.415,21.623342758101717,-18.34,37.674,8.477306525044723,11.88621390306873,3.0246449105327486e-05,0.004048795931368573,2.8932740330957865,1.0044509842084721,0.999999999716778,0.9999992544437634,0.9910081081267905,0.9956697535617139
1100,1448,intermediate_unlabelled,0.7502590673575129,6,1118,-0.029791,2.2969,2.326691,-4.9144,5.5593,2.097192274644572,-28.25,44.365,10.124656484880811,-7.2,8.1158,3.013812133273703,3.5190041304130952,3.094084714253171e-05,0.00540555562961701,3.507848137151165,0.2748002585551896,0.999999999537487,0.9999966902560521,0.9380626670287104,0.9969294662850375
1100,1449,intermediate_unlabelled,0.7507772020725388,1,1118,-1.7458,2.9961e-06,1.7458029961000001,-3.3079,2.9245,1.3760634305810646,-26.519,29.506,8.617188860585962,-292.6,329.65,70.0102425313059,101.4459154892866,1.7403388214612715e-05,0.001366747343977171,0.5424629273362038,3.8233381520296046,0.9999999996722317,0.9999995185422458,0.9980169181027396,0.9992893786876845
1100,1449,intermediate_unlabelled,0.7507772020725388,2,1118,-1.4698,-0.38277,1.08703,-3.6962,3.5263,1.2769155108308456,-42.635,42.801,11.686600197448538,-207.54,449.29,120.55261970483006,140.05543329836937,1.800148554705716e-05,0.0009974600641402365,0.6949985642784589,2.451033783913506,0.9999999991526871,0.9999997064570825,0.9982308580534625,0.99964648332998
1100,1449,intermediate_unlabelled,0.7507772020725388,3,1118,0.74711,1.7181,0.9709899999999999,-3.7157,3.5986,0.9302849636913539,-48.726,47.517,12.271480414430425,-540.96,415.84,166.6111839624329,191.65474169141055,1.8980127760181315e-05,0.0018780242628787507,1.1592723877961189,5.986692716556605,0.9999999983091941,0.9999979726517007,0.9955294489491642,0.9989512423736303
1100,1449,intermediate_unlabelled,0.7507772020725388,4,1118,-1.6893,2.247e-06,1.689302247,-4.1101,3.6303,1.5890457402345457,-27.515,24.529,8.431469415331227,-37.445,51.251,14.193039244186046,18.75402086297049,2.2265603206058058e-05,0.003311546474570957,2.013557379759711,1.9404810658559064,0.9999999995123252,0.9999978403399602,0.9710652891698636,0.9928673887592234
1100,1449,intermediate_unlabelled,0.7507772020725388,5,1118,-1.4892,1.7242,3.2134,-6.8938,7.8024,3.2895038111445998,-65.292,68.42,21.589687483932636,-17.27,34.961,7.958128096601074,11.233140701931573,2.9103044030814025e-05,0.003923072782250173,2.646123295051358,0.884131429169891,0.9999999997377841,0.9999993008288209,0.9924607692839794,0.9961827990283619
1100,1449,intermediate_unlabelled,0.7507772020725388,6,1118,-0.029791,2.2968,2.326591,-4.9133,5.5594,2.097257966068182,-28.25,45.199,10.079046418637295,-6.7368,7.7895,2.9333964221824687,3.348285025072063,2.938738056005494e-05,0.0051153195407538845,3.3713627085566427,0.24655061048123292,0.9999999995827658,0.9999970378829774,0.9423985803725198,0.9970825972597157
1100,1450,intermediate_unlabelled,0.7512953367875648,1,1118,-1.7458,3.5953e-06,1.7458035953,-3.3086,2.9254,1.3760758533074322,-26.401,29.458,8.620472233901616,-295.28,333.88,69.65980111806797,102.38744137720931,1.7699598294775536e-05,0.0015260298501797752,0.5773337236002006,4.264817443276212,0.9999999996609811,0.999999397539085,0.9977551193744971,0.9991320754716347
1100,1450,intermediate_unlabelled,0.7512953367875648,2,1118,-1.4698,-0.38279,1.08701,-3.6971,3.5264,1.2769139825171454,-42.469,43.251,11.686362006593228,-207.17,447.17,119.57564706618963,139.5406276422206,1.7703654207142557e-05,0.0009910048977331276,0.6838432581948327,2.4606174984698725,0.999999999180492,0.999999710155827,0.9982871954520429,0.9996451916598473
1100,1450,intermediate_unlabelled,0.7512953367875648,3,1118,0.74712,1.7181,0.97098,-3.7169,3.6014,0.9302768462303144,-48.394,47.683,12.276772965376578,-538.63,415.84,166.25052228980323,191.11099885783995,1.9533440612198542e-05,0.00196307116906373,1.2063179872852008,6.285012777326938,0.9999999982091602,0.9999977804206804,0.9951625526307947,0.9988367977331055
1100,1450,intermediate_unlabelled,0.7512953367875648,4,1118,-1.6893,2.0223e-06,1.6893020223,-4.1136,3.6339,1.5890519742011848,-28.261,25.311,8.471306665910138,-40.858,53.849,14.538081019677996,19.825421473141954,2.443131338431889e-05,0.0038426025855508267,2.173728863837297,2.2384859130265506,0.9999999994128413,0.9999970875466868,0.9665180575408204,0.9922776992724068
1100,1450,intermediate_unlabelled,0.7512953367875648,5,1118,-1.4892,1.7242,3.2134,-6.8939,7.8061,3.289589657071692,-72.022,65.102,21.618307701405058,-18.608,37.598,8.513250023255814,11.931054179135186,2.944933997555371e-05,0.004016311757644913,2.8601323113094734,0.9898891123710681,0.9999999997315108,0.9999992668087667,0.9912097257353734,0.9958380393863775
1100,1450,intermediate_unlabelled,0.7512953367875648,6,1118,-0.02979,2.2969,2.32669,-4.9151,5.557,2.097210025866083,-28.401,45.541,10.201892128771311,-7.3895,8.2842,2.984341901610018,3.502581385361963,3.1714667725318696e-05,0.005527653196715436,3.7192055759975067,0.28132432002907687,0.9999999995140599,0.9999965385117178,0.9311798541942738,0.9967376364549502
1100,1926,faulty_evident,0.9979274611398964,1,1123,-1.7458,6.2917e-06,1.7458062917000001,-3.308,2.9247,1.372880049873707,-26.354,29.34,8.62076772772096,-291.09,332.75,69.4574349777382,102.10318883309812,1.718737122261329e-05,0.0014795826544412802,0.5914692065320102,4.07000467864771,0.9999999996803723,0.9999994319387728,0.9976438743629511,0.9992052138852016
1100,1926,faulty_evident,0.9979274611398964,2,1123,-1.4698,-0.38281,1.0869900000000001,-3.7046,3.5216,1.2740798153251782,-41.948,42.682,11.656514925368342,-208.52,436.43,120.810948032057,139.5751667954572,1.8963636978965228e-05,0.001118848307715828,0.6918361710020603,2.9205501881864127,0.9999999990596412,0.9999996254636428,0.9982379719669823,0.9994935122564458
1100,1926,faulty_evident,0.9979274611398964,3,1123,0.74648,1.718,0.9715199999999999,-3.748,3.637,0.9294897231486458,-50.716,50.527,12.365059912287112,-707.67,668.08,170.11476902938557,209.723913867906,2.5376598409020736e-05,0.003218820374266569,1.3778521926885177,9.503939602478653,0.9999999969915295,0.9999940103779228,0.99377496173945,0.9981369993332027
1100,1926,faulty_evident,0.9979274611398964,4,1123,-1.6899,1.5729e-06,1.6899015729,-4.1103,3.63,1.5855638372345056,-28.101,22.52,8.38822626935291,-35.458,47.634,13.216054977738201,17.909394110762666,2.0808423390540453e-05,0.002838880096849752,1.9663432547614614,1.7986242083519652,0.9999999995751163,0.9999984090784872,0.9721362001607349,0.9935237805389369
1100,1926,faulty_evident,0.9979274611398964,5,1123,-1.4892,1.7244,3.2136,-6.9002,7.8133,3.282235298723888,-75.293,66.95,21.630174111591177,-23.995,35.955,8.243572149599288,11.386507155233032,4.556988598160818e-05,0.006614789837679874,3.27793162804536,1.3493412391713373,0.9999999993576747,0.9999979810210134,0.9884510409456986,0.9914393129776867
1100,1926,faulty_evident,0.9979274611398964,6,1123,-0.029793,2.2969,2.326693,-4.9117,5.5556,2.0922944643332855,-32.345,43.19,10.235474298833635,-6.0316,6.7789,2.720054348174532,3.0445684295942392,2.9522392424617595e-05,0.005199924323232762,3.8376074587034545,0.2886342031322242,0.9999999995795337,0.9999969243824134,0.9270523619476069,0.9954446617519873
1100,1927,faulty_evident,0.9984455958549224,1,1126,-1.7458,5.9921e-06,1.7458059921,-3.3076,2.9248,1.3710883236335716,-26.354,29.245,8.602729534353928,-291.09,333.11,68.14523964476021,101.78608349223774,1.7061322173486905e-05,0.001502407263968043,0.5809476692109601,4.084573498328561,0.9999999996858592,0.999999411609445,0.9977175255571328,0.999194584667173
1100,1927,faulty_evident,0.9984455958549224,2,1126,-1.4698,-0.38282,1.08698,-3.707,3.5214,1.2723740648960853,-42.374,42.469,11.642808518027692,-205.63,435.25,120.56580414742452,139.40105869216998,1.8630845367748005e-05,0.0011887764151596702,0.7141801082143384,2.9848722422190463,0.9999999990958147,0.9999995745176518,0.9981177439750091,0.9994693999205729
1100,1927,faulty_evident,0.9984455958549224,3,1126,0.74675,1.718,0.97125,-3.7485,3.6476,0.9282079427805364,-50.882,48.631,12.362597843781732,-707.98,673.52,170.84097039964476,210.56933514176393,2.4495028534484873e-05,0.0030347749933398085,1.426988843780319,9.583459550510371,0.9999999971778057,0.9999946644301436,0.9933184236354275,0.9981207747811464
1100,1927,faulty_evident,0.9984455958549224,4,1126,-1.6896,1.5729e-06,1.6896015729,-4.1088,3.6287,1.583424667101502,-28.084,20.974,8.36995134901136,-35.815,47.43,13.258041247779751,17.93589553208916,2.0891856422753912e-05,0.0028117393255584827,1.9169372170038375,1.7747284791203954,0.9999999995714215,0.9999984352390181,0.9734203614392818,0.9937281471082754
1100,1927,faulty_evident,0.9984455958549224,5,1126,-1.4892,1.7241,3.2133000000000003,-6.8987,7.8145,3.277865420590907,-70.719,66.642,21.560000987118666,-24.798,35.687,8.130673655417407,11.267888096139721,4.816508904624498e-05,0.006957856642362275,3.0925197704364855,1.3042195381157708,0.9999999992841762,0.9999977588737694,0.9896600249329621,0.9918064929273464
1100,1927,faulty_evident,0.9984455958549224,6,1126,-0.029793,2.2969,2.326693,-4.9131,5.555,2.0895280378349934,-32.8,42.697,10.234063678918385,-6.1684,6.6105,2.732449348134991,3.0746436186747625,2.986777806451515e-05,0.005348857343982588,3.8740796242763422,0.2951556936468197,0.9999999995698856,0.9999967361418342,0.9255819214430449,0.995311181237862
1100,1928,faulty_evident,0.998963730569948,1,1126,-1.7458,3.8949e-06,1.7458038949,-3.3068,2.9243,1.3711794387877196,-26.472,29.411,8.590927537092684,-287.23,328.52,69.05806727353465,101.01285722590474,1.823237473513307e-05,0.001382089106540896,0.5803010167428462,3.7831719029300457,0.9999999996416512,0.9999995034536555,0.9977164025756542,0.9992983468174779
1100,1928,faulty_evident,0.998963730569948,2,1126,-1.4698,-0.3828,1.087,-3.704,3.521,1.2723273218574669,-42.066,42.848,11.641442068469422,-213.88,435.25,121.49245847246891,140.05842328387985,1.8496017725980366e-05,0.0012647929103024678,0.7053712269054532,3.1802572527167166,0.9999999991063272,0.9999995167574763,0.9981635162181725,0.9993937249098813
1100,1928,faulty_evident,0.998963730569948,3,1126,0.74708,1.718,0.97092,-3.7536,3.6661,0.9285672441173691,-52.044,49.2,12.398262188527978,-768.98,773.01,173.35177738898756,215.80110189768254,2.672843800431665e-05,0.0032355267504408296,1.3840328360560852,10.075794971316359,0.9999999966533335,0.9999939350521677,0.9937526226164899,0.9980848142513148
1100,1928,faulty_evident,0.998963730569948,4,1126,-1.6893,4.0447e-06,1.6893040447,-4.1098,3.6272,1.5833651299212794,-35.193,19.978,8.535507619137125,-31.28,43.405,13.00579976909414,17.273090423768167,2.2622740106792002e-05,0.0031662587230416065,2.50786748833268,2.2007482565033127,0.9999999994966607,0.9999980125771314,0.9558621229654822,0.9885010345802562
1100,1928,faulty_evident,0.998963730569948,5,1126,-1.4892,1.7242,3.2134,-6.9007,7.8131,3.2779547128541426,-60.362,68.538,21.525746551357212,-27.549,33.853,7.7355907166962705,10.825069582895344,5.2517837987773626e-05,0.007645955296442662,2.980004781947246,1.3610868393423907,0.9999999991463656,0.9999972913349304,0.9903717999158868,0.990271294565585
1100,1928,faulty_evident,0.998963730569948,6,1126,-0.029794,2.2968,2.326594,-4.9122,5.5567,2.0895654072646783,-33.065,41.824,10.100667040271627,-5.6842,6.6211,2.812032230017762,2.9958079192551192,2.9188497598330283e-05,0.004939831926559845,3.527261774163659,0.25919232293790434,0.9999999995889599,0.9999972177096169,0.9370442575777748,0.9956585945196831
1100,1929,faulty_evident,0.999481865284974,1,1126,-1.7458,7.1905e-06,1.7458071905,-3.3074,2.9247,1.3710520880757389,-26.567,29.624,8.608535284275579,-292.6,331.57,68.35599960035525,101.91202995400359,1.7489873170348944e-05,0.0014823104796198195,0.5822489150974348,4.128969574736921,0.9999999996689236,0.9999994278258726,0.9977103728574217,0.99917899875626
1100,1929,faulty_evident,0.999481865284974,2,1126,-1.4698,-0.38282,1.08698,-3.7077,3.5216,1.272403015771509,-41.758,42.659,11.638866621465779,-206.2,435.25,120.37709353463589,139.37897964270635,1.8688913981487703e-05,0.0012019442018558343,0.6961108931511697,3.0688708928089206,0.9999999990878322,0.9999995653292194,0.9982106689136109,0.9994384820616942
1100,1929,faulty_evident,0.999481865284974,3,1126,0.7465,1.718,0.9714999999999999,-3.7481,3.6484,0.9281785629339879,-51.214,49.034,12.390891133580231,-709.53,693.85,171.30964570159858,211.67904873597072,2.5829605761779818e-05,0.0030882224011040084,1.5710026117903166,9.90438174543988,0.9999999968764077,0.9999944727467054,0.9919326804797236,0.9980234388906922
1100,1929,faulty_evident,0.999481865284974,4,1126,-1.6899,1.7976e-06,1.6899017976,-4.1104,3.6281,1.5834754468903671,-33.896,19.854,8.528228681435428,-34.592,47.583,13.243738747779753,17.973040844704606,2.248638947361964e-05,0.0030183813863649896,2.520440826024756,2.180151244386309,0.9999999995037793,0.999998195489337,0.9553301324902169,0.9905416244347276
1100,1929,faulty_evident,0.999481865284974,5,1126,-1.4892,1.7244,3.2136,-6.8992,7.8164,3.2780963218625576,-71.572,66.453,21.498366728462305,-25.867,36.986,8.218016177619894,11.393225341390972,4.93350702130976e-05,0.007033716527662423,2.9003492662337855,1.3154735817074248,0.9999999992478742,0.9999977098519645,0.9908585977294516,0.991896761997797
1100,1929,faulty_evident,0.999481865284974,6,1126,-0.029793,2.2969,2.326693,-4.911,5.5539,2.0894784554090418,-30.259,43.834,10.1890796099594,-6.0737,7.0842,2.727044523090586,3.062489782864286,2.9086092111685452e-05,0.005277558902586508,3.7520174781816507,0.28795699734129804,0.9999999995918156,0.9999968226300633,0.9297311820015631,0.9955099606185205
1100,1930,faulty_evident,1.0,1,1120,-1.7458,3.8949e-06,1.7458038949,-3.3071,2.9245,1.3748436311147254,-26.283,29.221,8.613609104998423,-286.29,328.31,69.38557336607141,101.3715501253233,1.7591069672267933e-05,0.001422508112520711,0.5780287378333094,3.805197427485315,0.9999999996650544,0.9999994772618249,0.9977461350319071,0.9992951840306123
1100,1930,faulty_evident,1.0,2,1120,-1.4698,-0.3828,1.087,-3.7049,3.5211,1.2757497761645566,-42.114,42.73,11.675292613164055,-213.32,435.66,121.5198308125,140.04893807647534,1.859821755317173e-05,0.0012352275503706592,0.6960061366753798,3.1027420036390496,0.9999999990963282,0.9999995418866515,0.9982224068052462,0.9994282690929364
1100,1930,faulty_evident,1.0,3,1120,0.74716,1.718,0.9708399999999999,-3.7564,3.6676,0.9312084635943436,-51.617,49.911,12.431959007981735,-765.56,767.43,175.25441785714284,218.1004772191837,2.624433150185436e-05,0.0033695120117120366,1.4858151695613073,10.335723816182671,0.9999999967619791,0.9999934601634203,0.9928353238387978,0.998027967613828
1100,1930,faulty_evident,1.0,4,1120,-1.6893,3.82e-06,1.6893038200000001,-4.1098,3.6273,1.587598404439664,-36.918,20.512,8.545151871340702,-32.096,43.813,13.134232316964285,17.421474450444915,2.2866711344219156e-05,0.003073265239324607,2.4715480804183882,2.1433794244674607,0.9999999994855984,0.9999981386405954,0.9572585180197637,0.9893404183337293
1100,1930,faulty_evident,1.0,5,1120,-1.4892,1.7242,3.2134,-6.8968,7.8142,3.286499080134622,-60.504,69.202,21.676126194306352,-27.587,34.388,7.8746269401785725,11.004356049814309,5.3123933182129016e-05,0.007683307560889352,3.254790349898799,1.3746046597345345,0.9999999991268569,0.9999972790119631,0.9886632311969221,0.9904564517213609
1100,1930,faulty_evident,1.0,6,1120,-0.029794,2.2968,2.326594,-4.9138,5.5548,2.095190091173455,-32.496,42.09,10.177673612836129,-5.9263,6.4947,2.9030903232142857,3.086985127443367,2.9299394185784944e-05,0.005250140374135977,3.6711693698981436,0.2704961971421985,0.9999999995851906,0.9999968724980071,0.9326788194243182,0.9955326149712197
1101,0,training_healthy,0.0,1,1144,-0.29041,0.25019,0.5406,-3.272,2.8809,0.8066942478616049,-29.932,32.895,7.874133051982344,-231.74,166.86,37.77559383741259,60.543410038396345,6.493470416810172e-06,0.0010862127313750508,0.4448104272706625,2.8327557015701395,0.999999999079292,0.9999991047610315,0.9984035373253821,0.9989027242997115
1101,0,training_healthy,0.0,2,1144,-1.0214,-0.38277,0.63863,-3.6981,3.5261,0.9816941145744784,-42.777,43.37,10.831172804576859,-205.63,451.0,102.18299766608392,121.50170309024978,1.3663714410568416e-05,0.0008478476547826031,0.5248660573590453,2.098274895878799,0.9999999986251201,0.9999996377789537,0.9988260877343704,0.9996887756431966
1101,0,training_healthy,0.0,3,1144,1.2691,1.8166,0.5475000000000001,-3.7181,3.5807,0.8931842559349716,-47.825,47.517,11.765874588354006,-555.08,441.3,158.26910096153844,186.0356882115144,2.5668590596255693e-05,0.002072541257144837,1.2888407120190217,6.302996103536142,0.9999999922998845,0.9999973182846498,0.9939837100511113,0.9988795603116766
1101,0,training_healthy,0.0,4,1144,-2.0223e-06,1.84,1.8400020223,-4.1193,4.544,1.8421128721053486,-35.122,27.995,10.744951786817774,-46.768,45.647,15.238384340034967,20.69046551499085,2.1632545160200767e-05,0.0025714849588708236,1.6156551116867008,1.5410104680554382,0.9999999995797189,0.999999037437472,0.9886307888397309,0.9970919746012455
1101,0,training_healthy,0.0,5,1144,-1.4892,1.6715,3.1607000000000003,-7.0791,7.7805,3.233882265445986,-66.121,65.623,20.860084755089954,-18.722,29.192,9.569207833041956,12.153109780740095,2.684524718027188e-05,0.0034794913889178753,2.4334850995829354,0.773491501085686,0.9999999997799514,0.9999994331137262,0.9931723909417123,0.9969951174005492
1101,0,training_healthy,0.0,6,1144,-2.7845,-0.011341,2.773159,-6.7094,6.0957,2.5117510645787333,-41.711,37.236,12.15096165048123,-10.053,8.6947,3.383134868881119,4.034146212167549,3.154317498596717e-05,0.005292269477448961,4.3419038094554026,0.28469605713550244,0.9999999996726325,0.9999977924354911,0.9339781955741742,0.9975009721398194
1101,1,training_healthy,0.0005184033177812,1,1144,-0.29041,0.25019,0.5406,-3.2722,2.8812,0.8067102673495783,-30.264,33.132,7.87417242260473,-230.97,161.65,39.11438743006993,60.438323079995556,6.2366957452479715e-06,0.0010571717849107666,0.4375922768710581,2.6482894494816955,0.9999999991506495,0.9999991523537157,0.998454981442662,0.9990346036862878
1101,1,training_healthy,0.0005184033177812,2,1144,-1.0214,-0.38277,0.63863,-3.6977,3.5261,0.9816790698924066,-42.777,42.99,10.831835234102202,-206.4,451.2,102.2193369055944,121.47644269840292,1.3705565090890476e-05,0.0009266292188224294,0.5633479319784813,2.3139326874293284,0.9999999986166791,0.9999995649965815,0.9986475525372791,0.9996202727581618
1101,1,training_healthy,0.0005184033177812,3,1144,1.2691,1.8166,0.5475000000000001,-3.7193,3.5905,0.8935936665346479,-48.441,47.873,11.801237054310318,-555.08,447.04,158.32693071678324,186.2641570176989,2.5441073584957615e-05,0.002010422451543141,1.434955954754032,6.030950607298976,0.9999999924361683,0.9999974796065588,0.9925813998598807,0.9989839567778599
1101,1,training_healthy,0.0005184033177812,4,1144,-2.247e-06,1.84,1.8400022470000001,-4.1224,4.5403,1.8421064523451345,-34.66,28.03,10.725623743776794,-46.004,45.341,14.686400729895105,19.983935645382044,2.0340482883743755e-05,0.0020912274650907578,1.4813017668435993,1.3541986174506926,0.9999999996284228,0.999999367348235,0.9904171716382265,0.9975894992736998
1101,1,training_healthy,0.0005184033177812,5,1144,-1.4892,1.6715,3.1607000000000003,-7.0787,7.7815,3.2338006073238676,-65.197,67.424,20.855380188555106,-17.729,27.931,9.252876958916083,11.644479546377319,2.8286153667237375e-05,0.0034263446696683364,2.401809745126146,0.7800149300434157,0.999999999755691,0.9999994501285355,0.9933465692249448,0.996555645646197
1101,1,training_healthy,0.0005184033177812,6,1144,-2.7845,-0.011341,2.773159,-6.7071,6.0963,2.511611580696699,-40.156,39.739,12.16749794080656,-9.2842,8.5684,3.297090428321678,3.8677471263339136,2.9489424682530453e-05,0.005308697292496541,4.395543597043316,0.2912887631775655,0.9999999997138673,0.9999977785917228,0.9324679036287727,0.9971539442551579
1101,2,training_healthy,0.0010368066355624,1,1144,-0.29032,0.25019,0.54051,-3.2709,2.8812,0.8066348638947283,-29.861,32.942,7.875130334367071,-219.66,168.57,40.17206538461539,59.10141015867736,6.652634924184732e-06,0.0011417753065125328,0.45484390649211076,2.9952510703238477,0.999999999033415,0.999999009837876,0.9983310383760682,0.9986985767048082
1101,2,training_healthy,0.0010368066355624,2,1144,-1.0214,-0.38277,0.63863,-3.6975,3.5269,0.9816522875369117,-42.635,42.99,10.830584200069223,-200.46,445.26,103.27756256993007,122.10746549365064,1.3697361994537552e-05,0.0008214711469968148,0.5351196462524467,1.9909920243547623,0.9999999986182995,0.9999996606380055,0.9987795824290445,0.9997180410738947
1101,2,training_healthy,0.0010368066355624,3,1144,1.2691,1.8166,0.5475000000000001,-3.7166,3.5914,0.8936157705583833,-48.441,47.944,11.801717219000787,-564.39,444.41,159.6199679020979,187.4858526741563,2.466676301405789e-05,0.0020009592147738767,1.3986265369219038,5.998339667392723,0.9999999928894402,0.9999975037437601,0.992954184408137,0.9989997592328093
1101,2,training_healthy,0.0010368066355624,4,1144,-1.7976e-06,1.84,1.8400017976,-4.117,4.5408,1.8421003148576898,-32.136,28.546,10.729300255425246,-43.915,43.049,14.186168894230768,19.208039779724174,1.9840315789300992e-05,0.0019522544118321286,1.509606664890285,1.3332101083277539,0.9999999996464716,0.9999994501815405,0.9900524322064783,0.9974616667427018
1101,2,training_healthy,0.0010368066355624,5,1144,-1.4892,1.6715,3.1607000000000003,-7.0772,7.7789,3.2338248915697396,-66.168,65.979,20.86375049006669,-18.455,28.427,9.437147246503498,11.892898472184571,2.7251265439027512e-05,0.0034303479494839943,2.475350752245898,0.7727249291426123,0.999999999773243,0.9999994488755636,0.9929370901636373,0.9967968264473394
1101,2,training_healthy,0.0010368066355624,6,1144,-2.7846,-0.011341,2.7732590000000004,-6.7072,6.0946,2.5114307954995634,-44.327,40.573,12.21159071598007,-8.4526,8.0737,3.1622634991258742,3.6149516122610694,3.0386521197287602e-05,0.005410759011963162,4.513985868792738,0.29949565061892425,0.9999999996961801,0.9999976911246456,0.9291720190799204,0.9965486855119358
1101,3,training_healthy,0.0015552099533437,1,1145,-0.29033,0.25019,0.54052,-3.2712,2.881,0.8062705328662688,-30.027,33.06,7.871140562428602,-216.0,172.43,39.14557683842795,58.51418081506083,6.290916207151684e-06,0.0010913204523009751,0.4391434230686357,2.8145865119596194,0.999999999134972,0.9999990952809107,0.9984428031183044,0.9988296239625776
1101,3,training_healthy,0.0015552099533437,2,1145,-1.0214,-0.38277,0.63863,-3.6972,3.5268,0.9812182788157082,-42.517,43.133,10.826208079704228,-199.28,442.58,103.63006844541484,122.2248156254253,1.353310559595163e-05,0.00081686696783533,0.5383806994682039,1.9500500418736202,0.9999999986503673,0.999999663765769,0.9987636432584174,0.9997279945657025
1101,3,training_healthy,0.0015552099533437,3,1145,1.2691,1.8166,0.5475000000000001,-3.7155,3.5922,0.8932379074547863,-48.797,47.636,11.79657422851782,-567.65,442.39,160.44105755458514,188.2672808943369,2.509881615321864e-05,0.00202294228916975,1.3841007485654915,6.128511322900955,0.9999999926347163,0.999997447598003,0.9930942106237547,0.9989605220009556
1101,3,training_healthy,0.0015552099533437,4,1145,-2.6965e-06,1.84,1.8400026965,-4.1211,4.5398,1.8412891784127683,-31.816,28.99,10.731674676738818,-43.762,43.609,13.917717641921397,18.80551278099516,1.9843585012346887e-05,0.0019986324667071245,1.559786684574909,1.387952987546649,0.9999999996463573,0.9999994225360435,0.9893812425635968,0.9971185432461434
1101,3,training_healthy,0.0015552099533437,5,1145,-1.4892,1.6715,3.1607000000000003,-7.0783,7.7773,3.2324060271835666,-65.173,66.05,20.846565891389112,-18.417,28.389,9.41207909257642,11.854765404975321,2.757932100170761e-05,0.003461537729500012,2.406200184171019,0.7673580325274785,0.9999999997675924,0.9999994381623042,0.9933164798299998,0.9968133665274932
1101,3,training_healthy,0.0015552099533437,6,1145,-2.7845,-0.011341,2.773159,-6.7061,6.0982,2.5103614101998937,-42.469,39.056,12.243783031526286,-8.8211,8.0842,3.252356593886463,3.705282796559599,3.071803217861477e-05,0.005463247599078638,4.616629708844016,0.3064024586115691,0.9999999996895235,0.9999976444462931,0.9261892212172897,0.9965713800962711
1101,4,training_healthy,0.0020736132711249,1,1144,-0.29031,0.25019,0.5405,-3.2713,2.881,0.8066233009300235,-30.027,33.274,7.874877501123763,-216.77,172.03,39.52137655594406,58.680420024263384,6.386773336965917e-06,0.0011079718164498892,0.44279632207484704,2.856640798586264,0.9999999991090958,0.9999990680379824,0.9984182609899459,0.9987999935871142
1101,4,training_healthy,0.0020736132711249,2,1144,-1.0214,-0.38277,0.63863,-3.6976,3.5268,0.9816397007164578,-42.659,42.896,10.830943711947848,-198.92,441.8,103.62660187062937,122.21406978990588,1.3799301924704794e-05,0.0008145843469041662,0.5381747929252789,1.9874387423420348,0.9999999985976457,0.9999996660156624,0.9987656899389481,0.9997175267065308
1101,4,training_healthy,0.0020736132711249,3,1144,1.2691,1.8166,0.5475000000000001,-3.7158,3.5925,0.893618166592924,-48.323,48.347,11.80386099634932,-568.74,440.53,160.08990479895107,187.82158508216213,2.5471767199792347e-05,0.002005153176610667,1.3983155740806321,6.147586300391512,0.9999999924176549,0.9999974935199852,0.9929598870300476,0.9989462277919002
1101,4,training_healthy,0.0020736132711249,4,1144,-1.3482e-06,1.84,1.8400013482000002,-4.1194,4.5412,1.8420924504429994,-31.621,28.724,10.741522679631608,-42.743,42.03,13.847714755244755,18.66566891030532,1.999308217498556e-05,0.0021964333169420254,1.594125869935751,1.484472982869848,0.9999999996410058,0.9999993007708247,0.988926320654427,0.9966436851432736
1101,4,training_healthy,0.0020736132711249,5,1144,-1.4892,1.6715,3.1607000000000003,-7.077,7.7788,3.233824857861944,-66.026,65.434,20.860589229759842,-18.149,28.657,9.444363158216783,11.89862245215893,2.7746799560639375e-05,0.003430443346314527,2.449720931553179,0.7728383616649098,0.9999999997649206,0.9999994489241769,0.9930810048663118,0.9967939553352394
1101,4,training_healthy,0.0020736132711249,6,1144,-2.7845,-0.011342,2.773158,-6.7054,6.0976,2.511447604395977,-43.19,42.242,12.26721578878139,-8.8211,8.1474,3.3031093583916085,3.744412212435682,3.19718251759462e-05,0.005612581704111207,4.669146651298006,0.3043811190136511,0.9999999996636552,0.9999975150928939,0.9247315873896049,0.9966848269595004
1101,480,intermediate_unlabelled,0.2488335925349922,1,1144,-0.29036,0.25019,0.5405500000000001,-3.2708,2.8802,0.8065850410388373,-30.359,32.966,7.873943092103619,-218.32,171.25,36.83469492132867,57.78666088337518,6.435537788021934e-06,0.0011121167990591448,0.46029461600089067,2.7518076204526394,0.9999999990954896,0.999999060787752,0.9982902382833064,0.998860437141678
1101,480,intermediate_unlabelled,0.2488335925349922,2,1144,-1.0214,-0.38277,0.63863,-3.6976,3.5267,0.9817011235698442,-42.398,43.156,10.83124316395831,-203.51,448.31,103.12545305944056,122.36345028703971,1.3532940180526943e-05,0.0008223167965169039,0.5204665577054719,2.030053272469423,0.9999999986512926,0.9999996595804042,0.9988457491767277,0.9997107821113047
1101,480,intermediate_unlabelled,0.2488335925349922,3,1144,1.2691,1.8166,0.5475000000000001,-3.7162,3.5817,0.8931864645848401,-47.541,47.825,11.770280882180883,-552.29,413.05,157.3318997465035,184.5648962284434,2.576662185807366e-05,0.0020509410754345155,1.282870333805486,6.300441074283328,0.999999992240771,0.999997373470661,0.9940440129066864,0.9988356062919316
1101,480,intermediate_unlabelled,0.2488335925349922,4,1144,-1.7976e-06,1.84,1.8400017976,-4.12,4.5402,1.842093926502629,-32.296,29.186,10.823411325557725,-48.398,48.347,14.307690861013986,19.584618323079898,2.4769672073193697e-05,0.003636111901018219,2.069813068967152,2.1443927312193694,0.9999999994489803,0.9999980638725507,0.9815444249351116,0.9936714283646302
1101,480,intermediate_unlabelled,0.2488335925349922,5,1144,-1.4892,1.6715,3.1607000000000003,-7.0794,7.7798,3.233708350756771,-64.272,64.865,20.834770618285965,-17.194,26.823,9.111235753496505,11.412809586359932,2.807549369698594e-05,0.0034293627055460426,2.2564386525926436,0.7813579994917895,0.9999999997593155,0.9999994494643003,0.994118271348402,0.9962749731255152
1101,480,intermediate_unlabelled,0.2488335925349922,6,1144,-2.7846,-0.011342,2.7732580000000002,-6.7044,6.0955,2.51150503367535,-43.569,43.303,12.270549051244943,-9.1158,8.2947,3.4191934020979016,3.8937902471839165,3.3260286475319964e-05,0.005638480306130881,4.6747061385957265,0.30966508826846695,0.9999999996360065,0.9999974919359796,0.924587586647696,0.9968294219621388
1101,481,intermediate_unlabelled,0.2493519958527734,1,1144,-0.29036,0.25019,0.5405500000000001,-3.2711,2.8801,0.8065811451265822,-30.264,32.942,7.873055690967528,-217.55,171.46,36.45808779720279,57.645574308062734,6.1854180225088775e-06,0.0010850872857891642,0.4473339259395036,2.6596242295190367,0.9999999991644327,0.9999991064920059,0.9983849001612052,0.998930929839074
1101,481,intermediate_unlabelled,0.2493519958527734,2,1144,-1.0214,-0.38277,0.63863,-3.6978,3.5268,0.9816899400949064,-42.801,43.346,10.832248699713064,-203.15,445.83,103.32184087412588,122.34312230436164,1.3424183312554283e-05,0.0008156615401413365,0.5443525084492751,2.024980372000811,0.9999999986728766,0.9999996654881702,0.9987374404129744,0.9997107049346947
1101,481,intermediate_unlabelled,0.2493519958527734,3,1144,1.2691,1.8166,0.5475000000000001,-3.7168,3.5811,0.8931920802033677,-48.56,47.162,11.786750674665633,-549.65,418.17,157.2907863548951,184.60197683262695,2.5757603043476674e-05,0.0020514638798216417,1.421577755321404,6.244579357834497,0.9999999922462112,0.9999973731151317,0.9927016104659493,0.9988578716395218
1101,481,intermediate_unlabelled,0.2493519958527734,4,1144,-2.0223e-06,1.84,1.8400020223,-4.1232,4.5406,1.8420931901321362,-32.972,29.737,10.828136578277036,-46.055,45.902,14.14693055506993,19.360265769707745,2.416644535821727e-05,0.0035469563511685348,2.0947206051942104,2.1185316869644084,0.9999999994754915,0.9999981579965216,0.981109926854839,0.9936714545181519
1101,481,intermediate_unlabelled,0.2493519958527734,5,1144,-1.4892,1.6715,3.1607000000000003,-7.0785,7.7787,3.2337011280918895,-63.633,64.723,20.8419798975078,-17.194,26.632,9.073053596153846,11.365584396351123,2.8280860422268004e-05,0.0033470579470254096,2.320618531615951,0.7693148701204984,0.9999999997557819,0.9999994763796961,0.9937821673792375,0.9963335831891214
1101,481,intermediate_unlabelled,0.2493519958527734,6,1144,-2.7845,-0.011342,2.773158,-6.7063,6.0966,2.5114640516623243,-41.9,42.697,12.268192285842378,-8.8842,8.2737,3.3961261005244756,3.848261455495268,3.219992216736096e-05,0.00550993997965961,4.670968395255578,0.3088037896604037,0.9999999996588426,0.9999976053780294,0.9246829365260831,0.9967701831966868
1101,482,intermediate_unlabelled,0.2498703991705547,1,1144,-0.29035,0.25019,0.54054,-3.2711,2.8803,0.8065846663592977,-30.145,32.966,7.874230975423524,-216.98,170.32,36.64431996503496,57.66740610965173,6.362576330199616e-06,0.0011170491912036278,0.45948713221275217,2.7346569436819754,0.9999999991158761,0.9999990526563677,0.9982963596092207,0.9988700679514216
1101,482,intermediate_unlabelled,0.2498703991705547,2,1144,-1.0214,-0.38277,0.63863,-3.6976,3.5274,0.981687469389917,-42.682,42.73,10.8325048862685,-202.94,445.63,103.09111125874126,122.18343456776114,1.3815608152949314e-05,0.0008274094334934473,0.5469822584475875,2.0830078346693854,0.9999999985943533,0.9999996553218988,0.9987252521918643,0.9996941148879824
1101,482,intermediate_unlabelled,0.2498703991705547,3,1144,1.2691,1.8166,0.5475000000000001,-3.7159,3.581,0.8931883481108718,-48.702,47.327,11.786166941031485,-553.84,416.93,157.6210349213287,184.9210285958158,2.596127393332981e-05,0.0020743852717231776,1.4169857067207647,6.241316061771506,0.9999999921230464,0.9999973139451803,0.9927480746930692,0.9988614644938382
1101,482,intermediate_unlabelled,0.2498703991705547,4,1144,-2.247e-06,1.84,1.8400022470000001,-4.1223,4.5409,1.842091040744121,-33.078,29.186,10.811804873768962,-47.532,46.207,14.049590288461538,19.200734759754916,2.3890809347295004e-05,0.00343314541393243,2.0086698300839587,2.0661863477064015,0.9999999994873883,0.999998275232402,0.9825905541115254,0.9938773424190035
1101,482,intermediate_unlabelled,0.2498703991705547,5,1144,-1.4892,1.6715,3.1607000000000003,-7.0788,7.7794,3.2337043669572925,-64.865,65.102,20.84251964100632,-16.468,26.899,9.065612001748251,11.345416215786159,2.841274843964923e-05,0.003367661741457868,2.3264090528939847,0.7761879123300366,0.9999999997534988,0.99999946946117,0.993751331335397,0.9962502474406422
1101,482,intermediate_unlabelled,0.2498703991705547,6,1144,-2.7845,-0.011342,2.773158,-6.7041,6.0936,2.511443717255434,-41.066,39.891,12.291503034101797,-8.7368,8.1789,3.2551518426573423,3.715144647753627,3.147571540650014e-05,0.005439731223255509,4.731524410381495,0.30963769946810393,0.999999999674013,0.9999976664087806,0.9229404907418373,0.9965155850778737
1101,483,intermediate_unlabelled,0.2503888024883359,1,1144,-0.29036,0.25019,0.5405500000000001,-3.2712,2.8801,0.8065811859725316,-30.217,32.824,7.873499509474714,-216.57,171.46,36.38885293706294,57.58575397633017,6.237777387649374e-06,0.001079329930613794,0.45018175299061725,2.617217355464349,0.9999999991502172,0.9999991161479781,0.9983644276264386,0.9989625665737217
1101,483,intermediate_unlabelled,0.2503888024883359,2,1144,-1.0214,-0.38277,0.63863,-3.6985,3.5267,0.9816814267607141,-42.896,42.848,10.8318597942698,-202.74,446.2,103.16422752622378,122.1068195671674,1.3777178468153469e-05,0.00080558907190701,0.5352852885795941,2.0366455394957566,0.9999999986021585,0.9999996738845504,0.9987791042080899,0.9997063214239327
1101,483,intermediate_unlabelled,0.2503888024883359,3,1144,1.2691,1.8166,0.5475000000000001,-3.7169,3.5811,0.8931932238387914,-47.825,47.636,11.786543255386215,-552.75,422.83,157.67244148601398,184.99416268928596,2.5396131432147804e-05,0.002052172387361045,1.418772904237871,6.211855790378173,0.9999999924622948,0.9999973705980788,0.992730198456623,0.9988737272025319
1101,483,intermediate_unlabelled,0.2503888024883359,4,1144,-1.7976e-06,1.84,1.8400017976,-4.1221,4.5409,1.842094773132679,-33.469,28.848,10.812793917996126,-46.462,45.545,14.025496066433568,19.198021421742144,2.3861314055155763e-05,0.0033570198324088217,2.0145950933409904,2.0356307649123973,0.9999999994886543,0.9999983515460796,0.9824899872465214,0.9940548264562341
1101,483,intermediate_unlabelled,0.2503888024883359,5,1144,-1.4892,1.6715,3.1607000000000003,-7.0785,7.7793,3.233706319168611,-64.794,64.652,20.849836731089333,-16.812,26.402,9.113127623251748,11.390308415001616,2.8560294530470523e-05,0.003359961830235068,2.3902558736893185,0.783658613575073,0.9999999997509316,0.9999994722295834,0.9934071237795162,0.9962375988533306
1101,483,intermediate_unlabelled,0.2503888024883359,6,1144,-2.7845,-0.011342,2.773158,-6.7076,6.0945,2.511440785099462,-40.649,42.735,12.256995691885741,-8.7053,8.0526,3.310552910839161,3.7658401127590073,3.093880107888368e-05,0.005422537027212484,4.642051433066231,0.30473321268870746,0.9999999996850395,0.9999976811021897,0.925508578800371,0.996713458382572
1101,484,intermediate_unlabelled,0.2509072058061171,1,1144,-0.29034,0.25019,0.54053,-3.2715,2.8812,0.8065561852981409,-30.335,32.634,7.872444572680594,-211.57,172.23,35.6974215472028,56.74370261634808,5.801470122666543e-06,0.00101356862178698,0.4330080204827103,2.50441272685851,0.9999999992649049,0.9999992220624164,0.9984865435736987,0.9990210258804554
1101,484,intermediate_unlabelled,0.2509072058061171,2,1144,-1.0214,-0.38277,0.63863,-3.6974,3.5259,0.981671328819377,-42.659,43.37,10.831368812421646,-202.37,443.31,103.59440297202798,122.56982953697529,1.398563736998287e-05,0.000892611931910658,0.5295473229259927,2.169986195523826,0.9999999985595259,0.9999995971359378,0.9988050892716508,0.9996681173384412
1101,484,intermediate_unlabelled,0.2509072058061171,3,1144,1.2691,1.8166,0.5475000000000001,-3.7158,3.5818,0.8931997399255112,-48.655,48.157,11.766655189486247,-554.61,424.38,156.7882445979021,184.24733076936883,2.5327970420552204e-05,0.0019599286280830935,1.2615341830863545,6.063942588957612,0.9999999925029546,0.9999976039650715,0.994237532225985,0.9989281118217347
1101,484,intermediate_unlabelled,0.2509072058061171,4,1144,-1.1235e-06,1.84,1.8400011235,-4.1197,4.5402,1.842078057837075,-32.118,30.128,10.79437743649128,-40.807,41.266,13.102643994755246,17.66186357192979,2.1558041002591658e-05,0.0025567570616709607,1.9171198614134302,1.833959194179312,0.9999999995826043,0.9999990487821134,0.9841021921177227,0.9942617948710477
1101,484,intermediate_unlabelled,0.2509072058061171,5,1144,-1.4892,1.6714,3.1606,-7.0776,7.7791,3.233670398983858,-63.372,65.173,20.839047005834026,-15.322,27.74,8.875921347902098,10.922761920980953,2.8476215358691854e-05,0.0032848078578617476,2.299196303324895,0.8313994903110238,0.9999999997523938,0.9999994957417764,0.9938950678184341,0.9952269485879727
1101,484,intermediate_unlabelled,0.2509072058061171,6,1144,-2.7845,-0.011341,2.773159,-6.7034,6.0977,2.5112926090737546,-41.066,40.839,12.225755615850089,-7.9684,7.5053,3.307481494755245,3.64094880223139,3.129401864672078e-05,0.005477527032860706,4.561481202540999,0.30094116001230253,0.9999999996777538,0.9999976331675043,0.9277894570751308,0.9965723581635421
1101,962,intermediate_unlabelled,0.4987039917055469,1,1145,-0.29046,0.25019,0.5406500000000001,-3.2716,2.8799,0.8062483257391363,-30.027,33.037,7.869187841954944,-219.09,169.91,36.792279606986895,57.80524042475233,6.241019512402407e-06,0.001090614432814778,0.44594370890605123,2.664725978630422,0.9999999991505378,0.9999990962642561,0.9983933586711139,0.9989321080734511
1101,962,intermediate_unlabelled,0.4987039917055469,2,1145,-1.0214,-0.38277,0.63863,-3.6978,3.5265,0.9812907881078322,-42.611,43.322,10.827944971374368,-204.28,449.49,102.9263306375546,122.27261551155358,1.3825639583794454e-05,0.0008459908771433438,0.5384627717095405,2.1542666096118865,0.9999999985926317,0.9999996386439246,0.998763675782087,0.9996750795628926
1101,962,intermediate_unlabelled,0.4987039917055469,3,1145,1.2691,1.8166,0.5475000000000001,-3.7167,3.581,0.8927804447439641,-48.655,47.991,11.767510085620927,-543.75,415.38,156.36846837554586,183.45067516534542,2.5652238462518308e-05,0.00195747115673071,1.2982886346163387,6.118477005264962,0.9999999923081001,0.9999976059686639,0.9938965973832202,0.9988817030298838
1101,962,intermediate_unlabelled,0.4987039917055469,4,1145,-2.0223e-06,1.8403,1.8403020223,-4.12,4.5412,1.841298055818214,-31.71,29.15,10.822902745333947,-45.953,46.819,13.653519165938865,18.453664355942525,2.4306286871560876e-05,0.0034572828563627376,2.1094464166057154,2.1444374469224132,0.9999999994699335,0.9999982490102775,0.9808220822975855,0.9928683651302438
1101,962,intermediate_unlabelled,0.4987039917055469,5,1145,-1.4892,1.6715,3.1607000000000003,-7.0792,7.7796,3.2323490836508073,-65.955,65.126,20.822022568508178,-17.461,27.701,9.22423506113537,11.635202816506329,2.8040498311466722e-05,0.003427989009092228,2.2214558272526688,0.7803950121938783,0.9999999997600494,0.9999994496256256,0.9942927395248053,0.9964888906856729
1101,962,intermediate_unlabelled,0.4987039917055469,6,1145,-2.7846,-0.011342,2.7732580000000002,-6.706,6.0947,2.510379437158509,-42.962,42.621,12.20788230303737,-8.7579,7.9684,3.2734633676855895,3.738863547593753,3.088735150784755e-05,0.0053783261805558594,4.516027696307312,0.295320984703617,0.9999999996862181,0.9999977172277758,0.9290607686499602,0.9968692308516324
1101,963,intermediate_unlabelled,0.4992223950233281,1,1144,-0.29036,0.25019,0.5405500000000001,-3.2713,2.8802,0.806597803478673,-30.098,33.179,7.875311082504987,-219.82,170.89,36.78188111888112,57.802972707809,6.491439876928643e-06,0.0011179900551070252,0.47608942426639317,2.7587069105173567,0.9999999990797098,0.99999905096975,0.9981713874014131,0.9988555471263133
1101,963,intermediate_unlabelled,0.4992223950233281,2,1144,-1.0214,-0.38277,0.63863,-3.6978,3.5265,0.9817166280186849,-42.706,42.967,10.83230461428188,-205.83,448.88,103.04611107517482,122.37681939200608,1.360570247398046e-05,0.0008522156987148582,0.5277395315800363,2.1118938799509674,0.9999999986367499,0.9999996337942281,0.9988134385882135,0.9996880225206259
1101,963,intermediate_unlabelled,0.4992223950233281,3,1144,1.2691,1.8166,0.5475000000000001,-3.7166,3.5811,0.8931721041675317,-48.181,47.233,11.769200459416039,-540.18,420.04,156.30109030594406,183.32724092192282,2.5574714450078396e-05,0.0020033583154859076,1.2710185856174598,6.197691935639154,0.9999999923558832,0.9999974936170698,0.9941528004462243,0.9988514994848808
1101,963,intermediate_unlabelled,0.4992223950233281,4,1144,-2.0223e-06,1.84,1.8400020223,-4.12,4.5417,1.842088458137202,-31.354,29.115,10.83857918906784,-45.188,47.43,13.682910620629373,18.48187906831495,2.417193547102595e-05,0.0035059436052551313,2.1483463339662814,2.1594069455269804,0.9999999994752528,0.9999982007179837,0.9801591032684637,0.9927890864125593
1101,963,intermediate_unlabelled,0.4992223950233281,5,1144,-1.4892,1.6715,3.1607000000000003,-7.0789,7.7805,3.2337519733043663,-64.96,65.363,20.83797466817935,-17.27,27.931,9.19426355332168,11.619398856072552,2.783805037004872e-05,0.0034734091627217655,2.279354048452879,0.7720224183042439,0.9999999997633713,0.9999994350576837,0.9939996726183177,0.9965603870047675
1101,963,intermediate_unlabelled,0.4992223950233281,6,1144,-2.7846,-0.011342,2.7732580000000002,-6.7056,6.0965,2.511497560904238,-44.365,40.08,12.276226235012032,-8.8421,8.2526,3.283796292832168,3.7608355510322604,3.143287889641789e-05,0.005565151469758456,4.689601749793597,0.30380931454373666,0.9999999996749015,0.999997557068356,0.9241595403631285,0.9967270898735517
1101,964,intermediate_unlabelled,0.4997407983411094,1,1144,-0.29037,0.25019,0.54056,-3.2712,2.8801,0.8065936137903099,-30.24,33.013,7.874909645994782,-219.46,171.25,36.68563078671329,57.789740088771104,6.4163822936754284e-06,0.0011148144878756446,0.472602172051864,2.7166305168722635,0.9999999991008729,0.9999990561651662,0.9981979242675544,0.9988899986162764
1101,964,intermediate_unlabelled,0.4997407983411094,2,1144,-1.0214,-0.38277,0.63863,-3.6978,3.5266,0.9817175071209482,-42.54,43.109,10.832333823199402,-204.85,450.22,102.98370567307693,122.34883183662708,1.3448561007628125e-05,0.000847511207508279,0.5304363279725296,2.0955303739075357,0.9999999986680638,0.999999637686477,0.9988012816391181,0.9996931079482922
1101,964,intermediate_unlabelled,0.4997407983411094,3,1144,1.2691,1.8166,0.5475000000000001,-3.716,3.5806,0.8931722202763266,-48.37,47.446,11.767394003788395,-540.64,415.84,156.16235212412587,183.28065563335764,2.581279277411909e-05,0.0019924633857055247,1.2569565411073353,6.204599504839577,0.9999999922128517,0.9999975192815,0.9942801998266952,0.9988493835668509
1101,964,intermediate_unlabelled,0.4997407983411094,4,1144,-1.7976e-06,1.84,1.8400017976,-4.1216,4.5409,1.8420842384510085,-31.603,28.937,10.836264018566162,-45.545,46.768,13.706384064685315,18.512285647235284,2.499325873228477e-05,0.0035970040473731714,2.1360700675600035,2.168382105215366,0.9999999994389849,0.9999981054226221,0.9803790096847385,0.9927665186472183
1101,964,intermediate_unlabelled,0.4997407983411094,5,1144,-1.4892,1.6715,3.1607000000000003,-7.0786,7.779,3.233752333680218,-65.718,64.557,20.830802042653218,-17.92,28.198,9.218869740384616,11.650589978318052,2.8001856950177776e-05,0.0034661110474747967,2.212111871886693,0.7749119043433191,0.9999999997605776,0.9999994375320284,0.9943455683665487,0.9965607336338467
1101,964,intermediate_unlabelled,0.4997407983411094,6,1144,-2.7845,-0.011342,2.773158,-6.705,6.0966,2.511519588872186,-43.834,41.142,12.248422584195104,-8.9158,8.3684,3.3186686966783214,3.8083095333212627,3.1819486653272274e-05,0.005584805110347465,4.6147250630061185,0.30724600226978016,0.9999999996668566,0.9999975394652485,0.9263106232759458,0.9967342867765734
1101,965,intermediate_unlabelled,0.5002592016588906,1,1144,-0.29034,0.25019,0.54053,-3.2715,2.8808,0.8065667806990597,-30.074,32.942,7.872606152962316,-212.34,171.09,36.068044519230774,56.946432974614495,5.991756758698306e-06,0.0010372495979749236,0.4353010432509255,2.5359673495642574,0.9999999992159052,0.9999991847035185,0.9984705175341955,0.9990029749956021
1101,965,intermediate_unlabelled,0.5002592016588906,2,1144,-1.0214,-0.38277,0.63863,-3.6974,3.5253,0.9816913073930358,-42.777,43.109,10.831780280780086,-206.03,448.11,103.45370378496503,122.67295406354542,1.3844699656981085e-05,0.0009229360851632826,0.536634065962767,2.2881518311617386,0.9999999985884254,0.9999995681734427,0.9987729456815599,0.9996342462059201
1101,965,intermediate_unlabelled,0.5002592016588906,3,1144,1.2691,1.8166,0.5475000000000001,-3.7166,3.5819,0.8931806783096382,-49.058,47.517,11.764900414969832,-541.42,420.5,155.86093841783216,183.16178028380853,2.5007109066968e-05,0.0019835096920320138,1.2465088975269545,6.071619213004088,0.9999999926916254,0.9999975454380197,0.9943726420858233,0.9989063038383249
1101,965,intermediate_unlabelled,0.5002592016588906,4,1144,-2.0223e-06,1.84,1.8400020223,-4.119,4.5405,1.8420756646210075,-31.674,30.234,10.835157644905163,-42.285,42.234,12.906123129370629,17.245629226346185,2.2141275179134362e-05,0.0026270475902248572,2.135005570036207,1.979507220492452,0.9999999995597141,0.9999989945993811,0.9803946904248689,0.9929833394954978
1101,965,intermediate_unlabelled,0.5002592016588906,5,1144,-1.4892,1.6714,3.1606,-7.0786,7.7783,3.233685520734935,-64.154,66.168,20.841090940963547,-16.124,25.409,8.926908971153845,11.044336337806786,2.8543318602430246e-05,0.003385141488458781,2.308014390250184,0.8060736623661807,0.999999999751225,0.9999994640232713,0.9938492111334231,0.9956937813432816
1101,965,intermediate_unlabelled,0.5002592016588906,6,1144,-2.7845,-0.011341,2.773159,-6.7041,6.0963,2.5113633948088063,-41.9,38.791,12.199299677283909,-8.1474,7.5579,3.218357368006993,3.5987705218193176,3.149808451947521e-05,0.0052930469765670755,4.489237061563316,0.2897212443510849,0.9999999996735396,0.9999977908082961,0.9298292173057748,0.9967485184294548
1101,966,intermediate_unlabelled,0.5007776049766719,1,1145,-0.29037,0.25019,0.54056,-3.2713,2.8799,0.8062383666097541,-30.145,32.989,7.869793098650937,-219.25,170.89,36.30510090829695,57.62434608851828,6.247284904240185e-06,0.0010723666854613116,0.446913194208776,2.637631605315106,0.9999999991469659,0.9999991268576606,0.998386594778994,0.9989480892701418
1101,966,intermediate_unlabelled,0.5007776049766719,2,1145,-1.0214,-0.38277,0.63863,-3.698,3.5262,0.9812704048770423,-42.801,43.275,10.82799840756143,-205.26,449.29,102.79120932751093,122.02777911474584,1.3556474923248633e-05,0.0008812100697309834,0.5475960313616138,2.1899197693546304,0.9999999986475103,0.9999996074882799,0.9987213119335276,0.9996623333950359
1101,966,intermediate_unlabelled,0.5007776049766719,3,1145,1.2691,1.8166,0.5475000000000001,-3.7172,3.5806,0.8927836879416621,-48.773,47.304,11.780561572719865,-541.42,413.52,156.13969346724892,183.14219940389503,2.5218179553253743e-05,0.0020032097936688456,1.415486520734647,6.224406691881912,0.9999999925745413,0.9999974959920319,0.9927564923499946,0.9988390615832488
1101,966,intermediate_unlabelled,0.5007776049766719,4,1145,-2.247e-06,1.84,1.8400022470000001,-4.1203,4.5419,1.8412761447038875,-31.958,29.008,10.831597323009793,-44.883,45.851,13.465840558951964,18.134043330292272,2.399920944930759e-05,0.00338914052817155,2.1357293314566155,2.1340654649536615,0.999999999482727,0.9999983177653167,0.9803682553789816,0.9926736703546301
1101,966,intermediate_unlabelled,0.5007776049766719,5,1145,-1.4892,1.6715,3.1607000000000003,-7.078,7.7801,3.2323246582675607,-65.173,65.315,20.837549834022777,-17.5,27.09,9.151591269868996,11.516248812184152,2.8710189747157485e-05,0.0033845540366769363,2.3508084385968706,0.7731100866971504,0.9999999997484039,0.9999994635269005,0.9936160894660809,0.9964604493437769
1101,966,intermediate_unlabelled,0.5007776049766719,6,1145,-2.7845,-0.011341,2.773159,-6.7058,6.0976,2.5103310781186727,-43.265,41.976,12.265312502317721,-8.5579,7.9789,3.2486243144104803,3.674697091686291,3.063535253888486e-05,0.005544114023308875,4.676997693862417,0.309131335955185,0.9999999996911813,0.9999975735121953,0.9244435017823913,0.9964506514452118
1101,1445,intermediate_unlabelled,0.7490927941938829,1,1144,-0.29037,0.25019,0.54056,-3.2712,2.8804,0.8065918704843695,-30.193,33.226,7.874673228529152,-219.46,169.91,35.76368791083917,57.47977328066538,6.343501803659013e-06,0.0011157491433922825,0.46370736659647116,2.756894193272321,0.9999999991211734,0.9999990549014244,0.9982650850117296,0.9988458807084925
1101,1445,intermediate_unlabelled,0.7490927941938829,2,1144,-1.0214,-0.38277,0.63863,-3.6981,3.5261,0.9816884938825472,-42.777,43.37,10.831507124708594,-205.26,448.52,103.28358048076923,122.35854362646316,1.362571401240195e-05,0.0008559231807889565,0.5257834309864348,2.172835534602819,0.999999998632727,0.9999996305487302,0.9988220587129188,0.9996675496768919
1101,1445,intermediate_unlabelled,0.7490927941938829,3,1144,1.2691,1.8166,0.5475000000000001,-3.7164,3.5807,0.8931860770235778,-48.773,47.185,11.767570809823562,-536.61,415.38,155.72690854895106,182.56936182829565,2.5789850028694632e-05,0.0019427742523925506,1.2430421989365326,6.110356233094055,0.9999999922267266,0.9999976424642315,0.9944067148644897,0.998873015061955
1101,1445,intermediate_unlabelled,0.7490927941938829,4,1144,-2.0223e-06,1.84,1.8400020223,-4.1212,4.5406,1.8420755237376827,-31.816,28.635,10.846412993728777,-45.341,46.615,13.158986092657344,17.617185923619964,2.5101257676396485e-05,0.0035933742076794547,2.186466296691752,2.223822164096921,0.9999999994341257,0.9999981092028164,0.9794712781803026,0.9915460909303658
1101,1445,intermediate_unlabelled,0.7490927941938829,5,1144,-1.4892,1.6715,3.1607000000000003,-7.0795,7.7796,3.233805060922868,-67.377,65.694,20.857966758129606,-18.264,29.115,9.376584897727273,11.878889100067141,2.8321563209548316e-05,0.003490008378016817,2.4390618217448035,0.7967905885984962,0.9999999997550808,0.9999994292686065,0.993139559116215,0.9965768573554573
1101,1445,intermediate_unlabelled,0.7490927941938829,6,1144,-2.7846,-0.011341,2.7732590000000004,-6.7074,6.0959,2.5115167469397948,-40.801,41.256,12.27086587210193,-8.9053,8.2737,3.2039095192307694,3.7127497713144084,3.064582082566824e-05,0.0053406601317065264,4.6745064889896435,0.3043226579176381,0.99999999969098,0.9999977511633017,0.9245983416986819,0.9966311639956686
1101,1446,intermediate_unlabelled,0.749611197511664,1,1144,-0.29035,0.25019,0.54054,-3.2719,2.8809,0.8065644229181355,-29.908,32.752,7.871971679874837,-211.77,172.03,35.02594217657342,56.692228531986,5.7599179578975546e-06,0.0009953547398703886,0.4211401166699093,2.4726631529990204,0.9999999992754122,0.999999249841392,0.9985682788287843,0.9990453396951535
1101,1446,intermediate_unlabelled,0.749611197511664,2,1144,-1.0214,-0.38277,0.63863,-3.6981,3.5257,0.9816908869499484,-42.706,42.943,10.832968877696704,-206.4,444.49,103.76907996503498,122.8309246246724,1.40510662770173e-05,0.0009486591808988059,0.5537778222535028,2.3609959496975566,0.9999999985460207,0.9999995435605811,0.9986934562877867,0.9996094546301911
1101,1446,intermediate_unlabelled,0.749611197511664,3,1144,1.2691,1.8166,0.5475000000000001,-3.715,3.5816,0.8931877730676401,-48.773,48.086,11.77707585350808,-531.95,414.29,155.0463490034965,181.9396705871174,2.5423341000140953e-05,0.0018715512464207499,1.3488926758279005,5.775316163465036,0.9999999924463943,0.9999978160397648,0.9934205840231363,0.9989918571480247
1101,1446,intermediate_unlabelled,0.749611197511664,4,1144,-1.5729e-06,1.84,1.8400015729,-4.1187,4.5415,1.842061573894705,-32.403,40.33,10.902326649890327,-39.89,42.03,12.492906236888112,16.50063238584899,2.2985891570594334e-05,0.002997707536463889,2.451651055068387,2.2886795752162223,0.9999999995254808,0.9999986877835769,0.9743879229803452,0.9896982251744901
1101,1446,intermediate_unlabelled,0.749611197511664,5,1144,-1.4892,1.6714,3.1606,-7.079,7.7785,3.233704160551651,-63.964,68.799,20.857206722516587,-16.506,25.906,9.015035678321679,11.195392842453039,2.801931099323023e-05,0.0033542308530316845,2.4517954897247756,0.7831578643681121,0.9999999997602778,0.9999994741895747,0.9930669639025875,0.99608579158137
1101,1446,intermediate_unlabelled,0.749611197511664,6,1144,-2.7844,-0.011341,2.7730590000000004,-6.7025,6.0955,2.5113595784481544,-42.431,38.45,12.166667713951222,-8.1158,7.4737,3.077814600524476,3.4763740440217052,3.099069987190734e-05,0.005321052240607094,4.398326412672622,0.2869330250987536,0.9999999996839725,0.9999977675026173,0.9323697074309821,0.9965824172294668
1101,1447,intermediate_unlabelled,0.7501296008294454,1,1144,-0.29036,0.25019,0.5405500000000001,-3.2712,2.8802,0.806590560478598,-30.288,33.274,7.874368269686444,-218.89,168.2,36.156954763986015,57.606463831867245,6.3471969049902855e-06,0.0010935327316318507,0.4610763496634802,2.725667370398099,0.999999999120152,0.999999092674533,0.9982846037084365,0.9988761529941454
1101,1447,intermediate_unlabelled,0.7501296008294454,2,1144,-1.0214,-0.38277,0.63863,-3.6979,3.5265,0.9816965865514851,-42.659,42.99,10.83150002366286,-204.28,445.83,103.32685236013985,122.37434228842902,1.3529846891534149e-05,0.0008404517675230014,0.5215430567373389,2.0643353067904546,0.9999999986518994,0.999999643963324,0.9988410104562422,0.9997000316136765
1101,1447,intermediate_unlabelled,0.7501296008294454,3,1144,1.2691,1.8166,0.5475000000000001,-3.7162,3.5807,0.8931818809096608,-48.892,47.636,11.76778437706791,-536.3,414.29,155.5827029020979,182.38788821686606,2.529715252353134e-05,0.0019269865004909088,1.2481277140363425,5.997445314843729,0.9999999925209051,0.9999976801883759,0.9943608842591704,0.998912384064682
1101,1447,intermediate_unlabelled,0.7501296008294454,4,1144,-1.5729e-06,1.84,1.8400015729,-4.1238,4.5404,1.8420745915463994,-31.816,29.346,10.851568086786088,-44.832,44.73,13.113956923076922,17.569081178413697,2.4688426041093448e-05,0.0035968529257037357,2.214052018922338,2.2562697679333863,0.9999999994525859,0.9999981055531191,0.9789646185882683,0.9912398488444337
1101,1447,intermediate_unlabelled,0.7501296008294454,5,1144,-1.4892,1.6715,3.1607000000000003,-7.0794,7.7805,3.2338007812250362,-66.145,66.121,20.84906915420295,-17.996,28.619,9.353041183566432,11.859117070923556,2.833779588430543e-05,0.0034439880633968085,2.367043775643259,0.789948557545383,0.9999999997548006,0.9999994447765274,0.9935344784846095,0.99661281489228
1101,1447,intermediate_unlabelled,0.7501296008294454,6,1144,-2.7846,-0.011341,2.7732590000000004,-6.7043,6.0941,2.5115324587340346,-43.683,40.877,12.210070724961811,-9.0105,8.2,3.183456591783217,3.7169054848936316,3.05703481733569e-05,0.005294382701887913,4.512396177160752,0.29579839286856957,0.9999999996925001,0.9999977902710192,0.9292055067179056,0.9968228287761643
1101,1448,intermediate_unlabelled,0.7506480041472265,1,1144,-0.29036,0.25019,0.5405500000000001,-3.271,2.8812,0.8065774642419068,-30.145,33.037,7.873244743583969,-215.43,171.82,35.422960375874126,57.02722933641448,6.028791180711289e-06,0.0010465333605814936,0.44216977670460056,2.581751696973489,0.9999999992061945,0.9999991697203043,0.9984220755744738,0.9989714088421212
1101,1448,intermediate_unlabelled,0.7506480041472265,2,1144,-1.0214,-0.38277,0.63863,-3.6973,3.5259,0.9816961961540603,-42.682,43.346,10.831779110448023,-206.2,446.77,103.57953416958041,122.68879859808938,1.37468817089525e-05,0.0008859735801197427,0.5318536982219597,2.1868776813094324,0.9999999986082952,0.9999996032732413,0.9987947302320955,0.9996650236437857
1101,1448,intermediate_unlabelled,0.7506480041472265,3,1144,1.2691,1.8166,0.5475000000000001,-3.7152,3.5815,0.8931781292750953,-49.603,48.323,11.766254171483679,-535.83,413.05,155.7882238548951,182.7226498387569,2.516401720661227e-05,0.0019560809425861513,1.2459286764547317,6.0108578788554565,0.9999999925995009,0.9999976105963414,0.99437929993237,0.9989133113621734
1101,1448,intermediate_unlabelled,0.7506480041472265,4,1144,-1.7976e-06,1.84,1.8400017976,-4.1201,4.5398,1.8420669781130987,-31.745,34.873,10.878124285003427,-42.641,43.609,12.727458299825177,16.94033692995816,2.3496606323674645e-05,0.003229919063808466,2.3425850900673604,2.287278666137102,0.9999999995041621,0.9999984746834772,0.9765374233229113,0.9902854760139754
1101,1448,intermediate_unlabelled,0.7506480041472265,5,1144,-1.4892,1.6715,3.1607000000000003,-7.08,7.7783,3.233733529432721,-64.32,67.59,20.836000107329824,-17.156,26.861,9.101825610139858,11.420631401468437,2.7658471159117575e-05,0.003431543899071492,2.2628222760393046,0.7915061152535471,0.9999999997664124,0.9999994487940493,0.9940855333074284,0.9961955674250692
1101,1448,intermediate_unlabelled,0.7506480041472265,6,1144,-2.7845,-0.011341,2.773159,-6.7022,6.0951,2.5114622601327787,-43.303,40.004,12.201911029579856,-8.4526,7.8842,3.126260215034965,3.604185879436567,3.061953101487163e-05,0.005486401634961007,4.4919961881593755,0.2958815484178182,0.9999999996915038,0.9999976260084895,0.9297708847275061,0.9966131543174037
1101,1449,intermediate_unlabelled,0.7511664074650077,1,1144,-0.29036,0.25019,0.5405500000000001,-3.2714,2.8799,0.8065935450975333,-29.932,33.06,7.873376039945894,-218.68,168.77,35.91664337412587,57.559551894687154,6.284482380367288e-06,0.0010687302028463052,0.4470861933079399,2.6108484830705976,0.999999999137454,0.9999991333669794,0.9983868145204633,0.9989676684049529
1101,1449,intermediate_unlabelled,0.7511664074650077,2,1144,-1.0214,-0.38277,0.63863,-3.6982,3.526,0.981694087417428,-42.659,43.204,10.831495361852749,-204.85,447.74,103.3497634353147,122.41293439484964,1.3495942516429156e-05,0.0008540388734416752,0.5220387719936742,2.0864058947924304,0.9999999986586506,0.9999996322476515,0.9988387961207432,0.9996935804074019
1101,1449,intermediate_unlabelled,0.7511664074650077,3,1144,1.2691,1.8166,0.5475000000000001,-3.7168,3.5811,0.8931817343601632,-48.773,47.327,11.767410887215371,-538.32,415.84,155.43444944930073,182.33515900835656,2.58030527826786e-05,0.0019047665268099245,1.24274324299667,6.047513455056043,0.9999999922187798,0.9999977345894586,0.9944092220800895,0.9988950754901192
1101,1449,intermediate_unlabelled,0.7511664074650077,4,1144,-2.0223e-06,1.84,1.8400020223,-4.1237,4.5405,1.8420724158178816,-31.407,29.15,10.860514755401358,-44.577,46.972,13.110256621503497,17.58947795052432,2.5002090869081183e-05,0.003672216715597995,2.2573411608354257,2.3127169349224967,0.9999999994385877,0.9999980249679674,0.9781611488018305,0.990812745815599
1101,1449,intermediate_unlabelled,0.7511664074650077,5,1144,-1.4892,1.6715,3.1607000000000003,-7.0788,7.7809,3.2338109462069666,-67.069,65.931,20.856981691116598,-17.996,28.848,9.350068785839161,11.870618517877684,2.765701925758683e-05,0.0035165949837572185,2.4355978380658767,0.7993510149755595,0.9999999997664404,0.9999994204161828,0.9931584376791643,0.9965629137746699
1101,1449,intermediate_unlabelled,0.7511664074650077,6,1144,-2.7845,-0.011341,2.773159,-6.709,6.0945,2.5115078981094396,-42.621,40.194,12.269369744343797,-8.9684,8.4421,3.2410652945804195,3.7337158693517742,3.0622426428153875e-05,0.005423738236185901,4.671492046098313,0.30924150239042103,0.999999999691451,0.9999976804975428,0.9246804008822532,0.9965613916217322
1101,1925,faulty_evident,0.997926386728875,1,1147,-0.29035,0.25019,0.54054,-3.2717,2.8816,0.80554395572457,-30.406,32.563,7.866861258207837,-214.45,177.6,35.268967105492585,57.205231718140084,6.6016435031921795e-06,0.0011480917565654266,0.47350508965615107,2.788904526361418,0.9999999990552039,0.9999989957799669,0.9981873283357754,0.9988076451289915
1101,1925,faulty_evident,0.997926386728875,2,1147,-1.0214,-0.3828,0.6386000000000001,-3.7082,3.5215,0.9803645884332883,-42.256,42.706,10.822495274468183,-205.06,436.03,104.59898733217088,122.75686417253503,1.5309364690858077e-05,0.0012122448925824653,0.5770847512177328,3.0838177419768176,0.9999999982747309,0.9999992459652748,0.9985784165954871,0.9993303740881214
1101,1925,faulty_evident,0.997926386728875,3,1147,1.2691,1.8166,0.5475000000000001,-3.7472,3.6337,0.8935627419459139,-50.314,50.432,11.886957588515132,-711.55,727.53,172.7589031299041,210.66905468061282,3.0668638128385384e-05,0.003145577455092857,1.4483215671355518,9.881752981453078,0.999999989007974,0.9999938092433335,0.9925522304619192,0.9979848641330735
1101,1925,faulty_evident,0.997926386728875,4,1147,-2.9212e-06,1.84,1.8400029212,-4.1203,4.5423,1.8396574725731323,-32.047,38.091,10.87482009126336,-37.598,41.062,12.302234385353094,16.43466491749185,2.2939451241271306e-05,0.0030339951855151855,2.385871545673661,2.294655877870623,0.999999999526922,0.9999986517677418,0.9756364185460878,0.9896595651260283
1101,1925,faulty_evident,0.997926386728875,5,1147,-1.4892,1.6715,3.1607000000000003,-7.0736,7.7811,3.229486058265584,-67.567,67.59,20.903410976031584,-24.186,31.981,9.276846501307759,11.561895255660193,5.088762967534373e-05,0.0070462995371774655,2.808922810617896,1.2518797549569811,0.9999999992098512,0.9999976314750827,0.9909312298171066,0.9909447691414197
1101,1925,faulty_evident,0.997926386728875,6,1147,-2.7843,-0.011334,2.772966,-6.7081,6.0932,2.50788054066979,-43.758,42.393,12.320501239812298,-7.4211,7.0842,2.9892809328683523,3.273170664968746,3.0902791888550633e-05,0.0054278542629311154,4.847417033140445,0.31473716174662797,0.9999999996861608,0.999997670122825,0.9193489562458362,0.9953582837581719
1101,1926,faulty_evident,0.9984447900466564,1,1150,-0.29056,0.25019,0.5407500000000001,-3.2719,2.8816,0.8044893023265578,-30.454,32.705,7.854307259638658,-216.2,177.6,34.238786704347824,56.865323225477965,6.5797494258162525e-06,0.001130995587129817,0.4659425390350757,2.7285670256759387,0.9999999990572155,0.9999990229770983,0.9982392146651906,0.9988464955119687
1101,1926,faulty_evident,0.9984447900466564,2,1150,-1.0214,-0.3828,0.6386000000000001,-3.708,3.5216,0.9790877311174213,-41.924,42.517,10.807133747617398,-205.63,435.82,104.69449799130435,122.81225650911372,1.5326275759770764e-05,0.0012295539917844432,0.5686905368017905,3.09048194433249,0.9999999982677873,0.9999992215542264,0.9986156042542117,0.9993266935704419
1101,1926,faulty_evident,0.9984447900466564,3,1150,1.2691,1.8166,0.5475000000000001,-3.7495,3.6407,0.8924443291133775,-50.219,51.333,11.885901223074777,-713.41,741.19,172.17793293043476,210.34577574519946,3.155168339822999e-05,0.0032191903637640083,1.5204288467715061,10.062657816736355,0.9999999883462564,0.9999935018964421,0.9917872197114725,0.9979154942392613
1101,1926,faulty_evident,0.9984447900466564,4,1150,-4.0447e-06,1.8406,1.8406040447,-4.1191,4.5414,1.8372838358274306,-31.621,35.798,10.804508487358564,-38.617,41.571,12.307847813043479,16.4015120102289,2.2669847828971738e-05,0.002952632009140958,2.144710871071424,2.050891512757523,0.9999999995392204,0.9999987207067921,0.9801006908342065,0.991715099956786
1101,1926,faulty_evident,0.9984447900466564,5,1150,-1.4892,1.6715,3.1607000000000003,-7.0741,7.7807,3.22526241208539,-65.955,66.69,20.865586586485808,-24.798,32.21,9.276329587826087,11.533975494004142,5.1353160392057554e-05,0.007113797815602857,2.7361545414143964,1.2582310204566167,0.9999999991941978,0.9999975792249133,0.9913657591933187,0.9908116943525915
1101,1926,faulty_evident,0.9984447900466564,6,1150,-2.7843,-0.011334,2.772966,-6.7093,6.0971,2.5046098316541756,-41.711,41.142,12.356269263997913,-7.5263,7.2842,3.031248147826087,3.311252741050616,3.149741675127176e-05,0.005495525891136934,4.968633574742329,0.314784946643453,0.9999999996739714,0.9999976049882877,0.9155894558822041,0.9954675818781739
1101,1927,faulty_evident,0.9989631933644376,1,1154,-0.29062,0.25019,0.54081,-3.2711,2.8822,0.8030892609807975,-30.548,32.989,7.837120044416315,-211.0,181.63,33.94115116117851,56.32618588876281,6.438933538328215e-06,0.0011159678086753054,0.4471517008819948,2.5684409966049393,0.9999999990990577,0.9999990458483663,0.998371383651086,0.9989576491739636
1101,1927,faulty_evident,0.9989631933644376,2,1154,-1.0216,-0.3828,0.6388,-3.7037,3.521,0.9773801404084573,-41.948,42.919,10.784426758593524,-213.88,434.68,105.01094913344888,123.1030358906905,1.6071555918071738e-05,0.0013363260869172484,0.5565167983979711,3.2878436846319032,0.9999999981003383,0.9999990755154562,0.9986687536065193,0.9992382901165513
1101,1927,faulty_evident,0.9989631933644376,3,1154,1.2691,1.8167,0.5476000000000001,-3.7531,3.6684,0.8915016780677142,-52.589,51.048,11.889096392682413,-769.76,876.55,170.1620117071057,211.83278172249365,3.283266597633949e-05,0.003418969146332914,1.4479049570593494,10.453218997957293,0.9999999874029777,0.9999926515380513,0.9925596064317426,0.9978917691499819
1101,1927,faulty_evident,0.9989631933644376,4,1154,-2.6965e-06,1.8408,1.8408026965,-4.1206,4.5401,1.8341128395755504,-32.012,50.746,10.829435845964538,-36.426,39.483,12.016152071057192,15.881659346682884,2.379460444513494e-05,0.0029618250107845945,2.4054367630798468,2.143282714900793,0.9999999994945363,0.9999987082509993,0.9750193937121662,0.9902786814392727
1101,1927,faulty_evident,0.9989631933644376,5,1154,-1.4892,1.6722,3.1614,-7.0759,7.7797,3.219729478570914,-60.101,68.965,20.811264965561335,-27.663,30.949,9.02267266984402,11.169676573778903,5.3623532963494245e-05,0.007731612083998139,2.7915670677836952,1.3333277893366091,0.9999999991243086,0.9999971280630692,0.9909638206160218,0.9887197909606645
1101,1927,faulty_evident,0.9989631933644376,6,1154,-2.7843,-0.011335,2.772965,-6.7063,6.0932,2.500138926320324,-44.403,38.677,12.27030225605294,-7.0211,6.6211,2.9764835320623915,3.2065303236394076,3.113909759772743e-05,0.005436314256977977,4.788980654474441,0.3071295140612111,0.9999999996817137,0.9999976482839608,0.9206918365223771,0.9953917122471112
1101,1928,faulty_evident,0.9994815966822188,1,1147,-0.29037,0.25019,0.54056,-3.2713,2.8817,0.8055337404876454,-30.525,32.658,7.8669934620977315,-216.2,177.8,34.279168657367045,56.93675196080997,6.7389428343235515e-06,0.0011561395096252181,0.480346306878037,2.7730054996965285,0.9999999990058054,0.9999989814374824,0.9981345807711073,0.9988115639462272
1101,1928,faulty_evident,0.9994815966822188,2,1147,-1.0214,-0.3828,0.6386000000000001,-3.7082,3.5211,0.9803835548626981,-42.066,42.896,10.820331337321988,-207.38,438.14,104.43408351351351,122.7544327881222,1.525290384698811e-05,0.001245896110999471,0.5782997389295135,3.1511989151024604,0.9999999982900472,0.9999992025857888,0.9985718491572985,0.9992993848079822
1101,1928,faulty_evident,0.9994815966822188,3,1147,1.2691,1.8166,0.5475000000000001,-3.7492,3.6435,0.8937975040380038,-51.759,50.266,11.901723145834426,-710.3,752.53,172.95797734088924,211.09821015499284,3.13117144585868e-05,0.003346683079409237,1.5817021001345088,10.103456587097437,0.9999999885745947,0.99999299800414,0.9911325479616833,0.9979119099899225
1101,1928,faulty_evident,0.9994815966822188,4,1147,-3.3706e-06,1.84,1.8400033706,-4.12,4.5413,1.8396296371917695,-31.567,41.13,10.856334053053802,-38.311,40.043,12.313711394943331,16.42901466862511,2.254960227084265e-05,0.003279634995513382,2.300663633005551,2.1905182484741434,0.9999999995433352,0.9999984233274003,0.9772873246719157,0.9905857187101528
1101,1928,faulty_evident,0.9994815966822188,5,1147,-1.4892,1.6715,3.1607000000000003,-7.0746,7.7807,3.2297733607888053,-67.187,66.287,20.84288147348766,-25.982,30.605,9.311785508282478,11.589583164587234,5.0302002460074916e-05,0.0070120886142862006,2.792517434468116,1.249046011890144,0.9999999992282305,0.9999976545932022,0.9909850568720758,0.9911496115059444
1101,1928,faulty_evident,0.9994815966822188,6,1147,-2.7844,-0.011333,2.773067,-6.7069,6.0969,2.507890737734593,-43.607,41.824,12.323011148941266,-7.5684,7.0842,3.0266050985178725,3.306898839727222,3.271696713549714e-05,0.005532389307955158,4.848887851943456,0.32050057947154276,0.9999999996477558,0.9999975788388601,0.9193321700840794,0.9952880531520594
1101,1929,faulty_evident,1.0,1,1149,-0.29035,0.25019,0.54054,-3.2716,2.8822,0.8048251406652616,-30.525,32.729,7.856069740998514,-211.57,179.72,34.05277080069626,56.528785559119385,6.4749077605614895e-06,0.0010923012850551621,0.43939513284493514,2.578696059490567,0.9999999990936285,0.9999990901262715,0.9984350433834269,0.9989569453731627
1101,1929,faulty_evident,1.0,2,1149,-1.0216,-0.3828,0.6388,-3.7053,3.521,0.9795007508189431,-41.853,42.706,10.811022523611646,-212.54,435.25,104.94411610095734,123.07845148296965,1.5795278849921608e-05,0.001310708201545055,0.5769168057094581,3.2690009082882177,0.9999999981642461,0.9999991149176309,0.9985762454532827,0.9992515755032981
1101,1929,faulty_evident,1.0,3,1149,1.2691,1.8166,0.5475000000000001,-3.7553,3.663,0.8933249005059564,-51.475,51.333,11.917988445797699,-769.76,853.11,172.6012055178416,213.95963080385272,3.176384294371462e-05,0.0034494230608002447,1.4864847045847382,10.513076386170406,0.9999999882060464,0.9999925514494696,0.9921939983091854,0.9978838566093624
1101,1929,faulty_evident,1.0,4,1149,-2.4717e-06,1.8403,1.8403024717,-4.1203,4.5403,1.8380468698481212,-31.319,43.334,10.895807092540968,-37.343,43.762,12.11357403394256,16.022144776839625,2.3591871511485196e-05,0.003080117498493858,2.549577067007672,2.3559034471923037,0.9999999995006246,0.9999986075451893,0.9722376268784013,0.9884517496504701
1101,1929,faulty_evident,1.0,5,1149,-1.4892,1.6719,3.1611000000000002,-7.0746,7.7811,3.2266187997965448,-64.628,68.965,20.902010717215774,-27.587,31.828,9.13201016013925,11.30918948130111,5.336098975691927e-05,0.007770717895632382,2.931874380144792,1.331491311495694,0.999999999132108,0.9999971116615202,0.9901146602760946,0.9891131646690761
1101,1929,faulty_evident,1.0,6,1149,-2.7843,-0.011334,2.772966,-6.7062,6.0968,2.505634723972734,-44.517,41.369,12.366763032747125,-7.3368,6.7895,3.028447237597911,3.2674246757019327,3.155273860621718e-05,0.005601357959201462,4.9831314593012115,0.3191665277453279,0.9999999996730832,0.9999975132576183,0.9152239898129891,0.9952117333305095
1102,0,training_healthy,0.0,1,1564,-1.7458,1.5708,3.3166,-4.8245,5.1156,2.31159640205839,-34.956,35.715,11.533205417710018,-307.57,338.48,70.43748030051151,105.8846538676081,1.8699254250197635e-05,0.0017591521472936436,0.8499311290427236,5.369909221186933,0.9999999998883279,0.9999997184286805,0.9972810226692673,0.9987063288269002
1102,0,training_healthy,0.0,2,1564,-1.0562,-0.38271,0.67349,-3.6978,3.5257,1.039306156796726,-42.896,43.18,12.288180445228765,-209.49,450.43,126.47134640025574,145.07432446161923,1.2444407227489925e-05,0.0009525162951532017,0.5272014603395712,2.3215486468343016,0.9999999988504943,0.9999995906747424,0.999080197077716,0.9997281006660236
1102,0,training_healthy,0.0,3,1564,0.82795,1.7181,0.89015,-3.7187,3.6092,0.9484209832992637,-48.133,47.896,12.82640712132752,-745.23,456.51,193.40419987212275,219.65527365567095,2.1467812232844838e-05,0.0018719688218541467,1.2643369026651612,6.455270960205107,0.999999997410536,0.999998060671369,0.9951313140287252,0.9991081670144079
1102,0,training_healthy,0.0,4,1564,-1.631,7.977e-05,1.63107977,-2.6865,2.4962,1.1167089892606563,-20.37,17.863,4.789117089576331,-36.935,47.889,13.752805175831202,19.099627827406312,1.560519844620997e-05,0.001831478971956145,1.288247419887314,1.1596637379467796,0.9999999997191271,0.9999986670494501,0.9631417545403987,0.9979173213037428
1102,0,training_healthy,0.0,5,1564,-1.4893,1.7557,3.245,-5.7856,5.7573,2.795981778852966,-68.538,64.889,21.57709496324993,-38.324,44.513,8.60707212212276,12.284260260480874,2.8789048765940618e-05,0.00353006880845325,2.862050159092323,0.9195087805487793,0.9999999997045668,0.9999992141920433,0.991164239052584,0.997096632186987
1102,0,training_healthy,0.0,6,1564,-0.02978,1.9518,1.98158,-0.59396,5.1293,1.1031259569871206,-41.028,43.645,7.754373114932984,-4.0421,7.9474,2.5268199411764707,2.837908746188784,2.725334383403023e-05,0.00355959178834327,3.3951162768877197,0.22674696716685827,0.9999999978210807,0.9999944417747647,0.8990566306179775,0.9967415327197792
1102,1,training_healthy,0.0005186721991701,1,1564,-1.7458,1.5708,3.3166,-4.8235,5.115,2.311603403495612,-34.885,35.407,11.531385093512188,-307.97,340.03,71.6500037084399,106.303844858641,1.8233453141988677e-05,0.0016662235448677166,0.8208374175746683,5.043792033669903,0.999999999893822,0.9999997483438874,0.9974634278642242,0.9988656718326705
1102,1,training_healthy,0.0005186721991701,2,1564,-1.0562,-0.38271,0.67349,-3.6977,3.5252,1.039300790617323,-42.896,43.227,12.287872616547006,-209.08,449.08,126.53604891304347,145.08244826008342,1.2882775017038482e-05,0.0009489093270894582,0.5264052054192998,2.377291312288054,0.9999999987680798,0.9999995940042953,0.9990829213383106,0.9997140622796478
1102,1,training_healthy,0.0005186721991701,3,1564,0.82795,1.7181,0.89015,-3.7216,3.6102,0.9484632941735516,-47.873,47.801,12.83303297597193,-748.33,458.84,193.4904372122762,219.8974174619908,2.131904352822394e-05,0.001926109572418573,1.3197265467598616,6.568587887825671,0.9999999974463203,0.9999979474508942,0.994699592640848,0.9990824226685814
1102,1,training_healthy,0.0005186721991701,4,1564,-1.631,7.8871e-05,1.631078871,-2.6867,2.4951,1.1167083758885754,-19.179,18.29,4.859822229435463,-34.49,46.411,13.077613801150896,18.315781901704607,1.7064391762590604e-05,0.0019677009594796214,1.5284326958247065,1.3444802849869315,0.9999999996641444,0.9999984598036699,0.9492563192907105,0.9969156966823565
1102,1,training_healthy,0.0005186721991701,5,1564,-1.4893,1.7557,3.245,-5.7829,5.7576,2.795897722117515,-79.227,64.344,21.605031775504234,-37.177,42.527,8.342704146419438,11.84822009140533,2.95806160708134e-05,0.003726779984180246,3.074379189636408,0.9572620324213519,0.9999999996880947,0.9999991228257201,0.9898240535123514,0.9966132517172244
1102,1,training_healthy,0.0005186721991701,6,1564,-0.02978,1.9519,1.9816799999999999,-0.59801,5.1296,1.1030831770440008,-38.829,39.777,7.772823875672911,-4.2,7.7158,2.510627134910486,2.785292471703694,2.7343003702742e-05,0.0035153728439824934,3.4367708844043516,0.22781960097367143,0.9999999978066987,0.999994578903916,0.8969401066131871,0.9966233688013241
1102,2,training_healthy,0.0010373443983402,1,1564,-1.7458,1.5708,3.3166,-4.8255,5.1145,2.311568325318757,-35.122,35.193,11.528334008969718,-303.38,332.54,74.07484643861892,104.46370108227667,1.8199485940249255e-05,0.0015522343638396463,0.772086872985164,4.908131345374568,0.9999999998942158,0.9999997834487819,0.997754930559136,0.9988842147781265
1102,2,training_healthy,0.0010373443983402,2,1564,-1.0562,-0.38271,0.67349,-3.6973,3.5262,1.039276256443978,-42.682,43.227,12.287559837872967,-206.4,445.06,127.63819711636829,145.93615090436407,1.2515202807846978e-05,0.0009154867746112987,0.5089313115874006,2.2271623230003836,0.9999999988373504,0.9999996230291895,0.9991428234460474,0.9997501937614085
1102,2,training_healthy,0.0010373443983402,3,1564,0.82796,1.7181,0.8901399999999999,-3.7144,3.6113,0.9484812967482136,-48.726,47.659,12.832272971968933,-755.32,454.19,195.6598565792839,221.88426203867314,2.1111056698903515e-05,0.0018445259594961,1.2751757646947837,6.430567485875296,0.9999999974958665,0.9999981174355936,0.9950518533983398,0.9991292162853309
1102,2,training_healthy,0.0010373443983402,4,1564,-1.631,7.1905e-05,1.631071905,-2.6869,2.4952,1.1167030526935013,-19.41,17.81,4.90030493729887,-34.082,45.596,12.82435627557545,17.909705981789887,1.6741987545718643e-05,0.0020853293265071116,1.6526705166976792,1.4476122002053105,0.9999999996767154,0.9999982689189195,0.9414121294043112,0.9962370188665644
1102,2,training_healthy,0.0010373443983402,5,1564,-1.4893,1.7557,3.245,-5.7856,5.7581,2.795949308959165,-68.728,64.486,21.563442575883844,-38.362,42.947,8.522846456521739,12.100288951581602,2.835026569344146e-05,0.0035550041668675827,2.756608781238332,0.9102247815661137,0.9999999997135023,0.9999992027213476,0.9917955418777002,0.997068889727909
1102,2,training_healthy,0.0010373443983402,6,1564,-0.029779,1.9517,1.981479,-0.59679,5.1334,1.1029870522833243,-41.18,42.81,7.771497003706364,-4.0,7.4105,2.548141694373401,2.7620653109722815,2.8664507221582886e-05,0.0036483948642476857,3.438028890354695,0.23158049921950197,0.9999999975895777,0.9999941596228283,0.8968230518466177,0.9964673825739024
1102,3,training_healthy,0.0015560165975103,1,1564,-1.7458,1.5708,3.3166,-4.8253,5.1146,2.3115626265120186,-35.407,35.265,11.527417230367337,-301.63,329.65,73.50226716112532,104.08472204273546,1.8392307772827385e-05,0.0015108016128162769,0.7570317904327757,4.772880370726917,0.9999999998919623,0.9999997952546008,0.997841394336619,0.9989383831495381
1102,3,training_healthy,0.0015560165975103,2,1564,-1.0562,-0.38271,0.67349,-3.6976,3.5263,1.0392683733705275,-42.659,43.583,12.288245514857739,-203.51,443.51,128.1612968606138,146.2685364230555,1.2778192188416718e-05,0.0009268095106750061,0.5168960526471765,2.200136305403798,0.9999999987879602,0.9999996125775389,0.9991158798224751,0.9997559779714555
1102,3,training_healthy,0.0015560165975103,3,1564,0.82795,1.7181,0.89015,-3.7137,3.6107,0.9485037596030522,-48.465,47.801,12.833380250625936,-753.77,453.72,196.71245688618924,222.85548556507112,2.099972949350723e-05,0.0018484519402422299,1.2670185307378612,6.441824569986157,0.9999999975222134,0.9999981094388343,0.9951159854670146,0.9991309995444688
1102,3,training_healthy,0.0015560165975103,4,1564,-1.631,8.0219e-05,1.631080219,-2.6874,2.4953,1.1167008139226606,-21.258,17.597,4.895161738880711,-33.471,46.207,12.738898868286444,17.743272521919987,1.7173382592026663e-05,0.0021050192858747367,1.6370125486617881,1.453166711363937,0.9999999996598407,0.9999982358506103,0.9424262693055718,0.9961078174689696
1102,3,training_healthy,0.0015560165975103,5,1564,-1.4893,1.7557,3.245,-5.7853,5.7564,2.795907422884691,-68.135,65.694,21.564869712893437,-38.667,43.138,8.503133549872123,12.068615777549098,2.8181120167441698e-05,0.0035651578397567687,2.776141912403331,0.9305893560959273,0.9999999997169147,0.9999991982708466,0.9916794456554117,0.9969204640805726
1102,3,training_healthy,0.0015560165975103,6,1564,-0.02978,1.9518,1.98158,-0.59261,5.1324,1.1030371524250524,-39.891,39.853,7.762513703171557,-4.0632,7.7158,2.5937874552429667,2.812378536098046,2.7215710709624144e-05,0.0035170178229106362,3.408231404921632,0.22785861324549778,0.9999999978270749,0.9999945730563815,0.8984564220355415,0.9966849040436009
1102,4,training_healthy,0.0020746887966804,1,1564,-1.7458,1.5708,3.3166,-4.8247,5.1145,2.3115627458262384,-35.359,35.075,11.528962742995216,-302.2,330.83,73.50860411764705,104.08974751834337,1.8150989160695895e-05,0.00151914333060033,0.7748449203473556,4.831777301363293,0.9999999998947783,0.9999997930851923,0.9977390936127318,0.9989122745731402
1102,4,training_healthy,0.0020746887966804,2,1564,-1.0562,-0.38271,0.67349,-3.6977,3.5263,1.0392570172538687,-42.706,43.133,12.288112462631506,-203.51,442.58,128.13721187979542,146.28083515257842,1.288094267603621e-05,0.0009314812138435319,0.5182911880319192,2.187223207483195,0.9999999987683883,0.9999996091526141,0.9991110578742196,0.9997590383343989
1102,4,training_healthy,0.0020746887966804,3,1564,0.82796,1.7181,0.8901399999999999,-3.7155,3.6107,0.9484872907881903,-48.868,47.541,12.831887716977166,-750.66,449.37,196.3064350511509,222.17088051452708,2.0825484916518826e-05,0.0018345463432417948,1.2552209558865413,6.475143111929985,0.9999999975631422,0.9999981372669051,0.9952056181230978,0.9991146760063623
1102,4,training_healthy,0.0020746887966804,4,1564,-1.631,7.6175e-05,1.631076175,-2.6874,2.4971,1.1167026994621227,-21.525,17.792,4.909515250407207,-34.643,45.341,12.869684712276213,17.84686519008056,1.7154097071822442e-05,0.0022957431051118574,1.679260691917235,1.5359630515487372,0.9999999996606057,0.999997899550183,0.9396847665265912,0.9957105771746726
1102,4,training_healthy,0.0020746887966804,5,1564,-1.4893,1.7557,3.245,-5.7861,5.756,2.7959490193614474,-67.567,64.936,21.558167425427772,-38.973,43.1,8.5283672314578,12.093141087167039,2.8206863840132097e-05,0.0035979356899318365,2.716936520576354,0.9110516559171098,0.9999999997163939,0.9999991833232204,0.9920270145387895,0.9970606966779518
1102,4,training_healthy,0.0020746887966804,6,1564,-0.029778,1.9518,1.981578,-0.59416,5.1336,1.1030169145594226,-40.611,40.118,7.787405464360028,-4.0421,7.6842,2.563898473785166,2.7933760481606487,2.7908170198501046e-05,0.003624671648904201,3.467734939874574,0.2329435279419872,0.9999999977150739,0.9999942346209414,0.8953812955787599,0.9964873213073941
1102,480,intermediate_unlabelled,0.2489626556016597,1,1564,-1.7458,1.5708,3.3166,-4.8248,5.1149,2.3115361708439965,-35.383,35.454,11.525597720778201,-300.69,325.06,69.37473438618926,102.78766091257823,1.799699948640226e-05,0.001611667994718632,0.7659407682917636,4.9381065468340335,0.9999999998965566,0.9999997654341848,0.9977895289458657,0.9988401617613023
1102,480,intermediate_unlabelled,0.2489626556016597,2,1564,-1.0562,-0.38271,0.67349,-3.6971,3.5262,1.0393424030768639,-42.99,43.299,12.29002166739459,-210.22,451.0,127.37337907928388,145.98852207536683,1.3023052367055376e-05,0.0009288361840761937,0.533208974503143,2.223051271836605,0.9999999987410868,0.999999611342014,0.9990593728040963,0.999752969422739
1102,480,intermediate_unlabelled,0.2489626556016597,3,1564,0.82795,1.7181,0.89015,-3.7146,3.6086,0.9483654364656701,-47.304,47.873,12.824482113469939,-727.22,428.73,194.13026483375958,218.2874139411906,1.994762433974722e-05,0.00174364118751447,1.2372040301490572,6.326349979092419,0.9999999977642392,0.9999983215097097,0.995337086514568,0.9991065272653346
1102,480,intermediate_unlabelled,0.2489626556016597,4,1564,-1.631,7.7972e-05,1.631077972,-2.6891,2.5009,1.1167127299095354,-20.583,18.325,4.80943601800505,-39.635,49.009,13.676520770460357,19.162190360245425,1.963110345462218e-05,0.002705880472457678,1.354337259472386,1.422958334308996,0.9999999995555111,0.9999970758450494,0.9595323262039055,0.9968955439622309
1102,480,intermediate_unlabelled,0.2489626556016597,5,1564,-1.4893,1.7556,3.2449000000000003,-5.785,5.7574,2.795814016244523,-67.353,65.718,21.580805630626696,-36.299,41.762,8.176324220588235,11.573637291653174,2.7989299500925548e-05,0.003516372673722499,2.931309960063792,0.9039024395641645,0.9999999997207529,0.9999992206645488,0.9907325590615984,0.9968302617560163
1102,480,intermediate_unlabelled,0.2489626556016597,6,1564,-0.029781,1.9518,1.981581,-0.59349,5.1336,1.103089105661915,-40.156,40.573,7.791238444674858,-4.2105,8.0947,2.682803287084399,2.929346786961707,2.8353969824279554e-05,0.003727693716879504,3.4772761836347392,0.237612874354484,0.9999999976415174,0.9999939016609236,0.8948805248588838,0.9966782492188878
1102,481,intermediate_unlabelled,0.2494813278008298,1,1564,-1.7458,1.5708,3.3166,-4.8256,5.1142,2.311530842797328,-35.715,34.719,11.523229080334676,-301.26,323.92,69.47796617647059,102.2978486376871,1.7747756525196358e-05,0.0014899007624575571,0.732135717879098,4.506588869839013,0.9999999998994022,0.9999998014223963,0.9979797128109479,0.9990245873896111
1102,481,intermediate_unlabelled,0.2494813278008298,2,1564,-1.0562,-0.38271,0.67349,-3.6965,3.5253,1.039332030182787,-42.611,43.322,12.288851694259428,-212.34,448.52,127.54356379795395,146.16797738215578,1.309303738004478e-05,0.0009559665393278188,0.5151344877420638,2.354761098583306,0.9999999987275124,0.9999995874959712,0.9991219844875735,0.9997231561815875
1102,481,intermediate_unlabelled,0.2494813278008298,3,1564,0.82795,1.7181,0.89015,-3.715,3.6084,0.9483676739904109,-48.11,47.896,12.824009196922386,-724.9,428.73,194.0807395140665,218.51693401820165,2.1083459347051354e-05,0.0018657811899465396,1.237976373248611,6.437448683953529,0.999999997502386,0.9999980752028532,0.9953310074388151,0.9990806472170053
1102,481,intermediate_unlabelled,0.2494813278008298,4,1564,-1.631,7.7074e-05,1.631077074,-2.688,2.4998,1.116707250101101,-19.925,18.663,4.895852649382734,-35.407,46.309,13.080759108056267,18.187492245719053,1.8928992619195602e-05,0.0025788137645455164,1.6356624933239248,1.5493844839449773,0.9999999995867366,0.9999973456485197,0.9425409675651163,0.9958577478995829
1102,481,intermediate_unlabelled,0.2494813278008298,5,1564,-1.4893,1.7556,3.2449000000000003,-5.7851,5.759,2.795696940703038,-64.723,65.126,21.564553147381584,-34.847,40.807,7.92176680370844,11.222312188268639,2.9404924079067188e-05,0.003700071880478647,2.8328730446452908,0.914276590410592,0.9999999996917914,0.9999991358490872,0.9913341510101382,0.9965405659025662
1102,481,intermediate_unlabelled,0.2494813278008298,6,1564,-0.02978,1.9518,1.98158,-0.59592,5.1353,1.103055693855757,-39.966,39.891,7.817209152277084,-4.0842,8.2,2.7368810760869566,2.94239248123838,2.8025277096485057e-05,0.003723434481019453,3.5360859520720735,0.2420564975779529,0.9999999976958774,0.9999939165622185,0.89184241560956,0.9965832867125983
1102,482,intermediate_unlabelled,0.25,1,1564,-1.7458,1.5708,3.3166,-4.8249,5.115,2.3115321217017293,-35.051,35.407,11.52639296896967,-300.08,322.94,69.22422583120205,102.72344770940629,1.8040479296369476e-05,0.0015811222714319378,0.7782731268559596,4.932756440882095,0.9999999998960551,0.9999997748158322,0.997718003062131,0.9988414622790774
1102,482,intermediate_unlabelled,0.25,2,1564,-1.0562,-0.38271,0.67349,-3.6971,3.5261,1.0393274069135991,-43.038,43.37,12.289391373529613,-210.22,449.08,127.68114001278771,146.14721769262297,1.2970419925366936e-05,0.0009256737654679638,0.5348239116413919,2.2114132030949456,0.9999999987512534,0.9999996142197872,0.9990535387442199,0.999755106444814
1102,482,intermediate_unlabelled,0.25,3,1564,0.82796,1.7181,0.8901399999999999,-3.7145,3.6088,0.9483726604144376,-47.446,47.754,12.824963518226776,-729.55,430.28,194.39337448849102,218.63950525692007,1.9924836215222603e-05,0.0017218232322248601,1.2364768529389063,6.307892772775869,0.9999999977693357,0.9999983622913954,0.9953429723824074,0.9991151651367921
1102,482,intermediate_unlabelled,0.25,4,1564,-1.631,7.8646e-05,1.631078646,-2.6872,2.5013,1.1167132121210392,-19.836,18.912,4.8337478437127315,-38.26,48.041,13.520298468670076,18.91411666582422,1.9135165247099918e-05,0.0026076331802532197,1.4381095691545143,1.4279837912415192,0.9999999995776868,0.999997285883228,0.9547176457014019,0.9967776337059566
1102,482,intermediate_unlabelled,0.25,5,1564,-1.4893,1.7557,3.245,-5.7855,5.7566,2.795844868318046,-67.353,65.126,21.57450511141838,-36.26,41.61,8.156384147698208,11.55002639610713,2.83054396439852e-05,0.003512540730893641,2.8758656952231973,0.9215392176009166,0.9999999997144046,0.9999992224414443,0.9910761776192161,0.9966896630917697
1102,482,intermediate_unlabelled,0.25,6,1564,-0.02978,1.9519,1.9816799999999999,-0.59517,5.1344,1.1030673794269188,-40.99,40.042,7.838718406261775,-4.1474,8.0421,2.6519183503836317,2.8690310568410844,2.821702558611967e-05,0.0035897350699436157,3.5810314084816204,0.2372896530716614,0.9999999976642394,0.9999943471357452,0.8895495125487813,0.9965557801863688
1102,483,intermediate_unlabelled,0.2505186721991701,1,1564,-1.7458,1.5708,3.3166,-4.8253,5.1147,2.3115363537224156,-35.146,35.122,11.525342882901317,-301.63,323.31,69.54595154092071,102.73964596830773,1.8048115691193358e-05,0.0015785183411060613,0.7587376794699241,4.8435820255080335,0.9999999998959679,0.9999997755256192,0.9978308607737424,0.9988830923057843
1102,483,intermediate_unlabelled,0.2505186721991701,2,1564,-1.0562,-0.38271,0.67349,-3.697,3.5259,1.039310876335332,-42.754,43.488,12.288707784652267,-209.86,447.95,127.70473010869566,146.0663329995874,1.3030135133409866e-05,0.0009338835285060543,0.5218109443465888,2.2572346488669464,0.9999999987397193,0.9999996070190593,0.9990990146306565,0.999744124857021
1102,483,intermediate_unlabelled,0.2505186721991701,3,1564,0.82796,1.7181,0.8901399999999999,-3.7147,3.609,0.948382843932824,-47.944,47.778,12.825916800351106,-729.55,429.04,194.50703561381073,218.74363657519237,2.023267575321972e-05,0.0017919848493291013,1.2370078242964713,6.463602114862912,0.9999999976998688,0.9999982236940416,0.995339754534091,0.9990718517488217
1102,483,intermediate_unlabelled,0.2505186721991701,4,1564,-1.631,7.7748e-05,1.631077748,-2.6872,2.4989,1.1167107595060122,-19.516,17.774,4.808502462712327,-37.598,48.449,13.331799741048593,18.696563773433517,1.8737512375480857e-05,0.0025167383331731173,1.352717585194031,1.3786135361334488,0.9999999995950564,0.9999974723037074,0.9596149322544159,0.9969231890714697
1102,483,intermediate_unlabelled,0.2505186721991701,5,1564,-1.4893,1.7557,3.245,-5.7857,5.7568,2.7958537326214885,-66.927,65.41,21.57044030748641,-35.725,41.762,8.12545903005115,11.51410169846525,2.8371416860893985e-05,0.003561512804563578,2.8377299532722593,0.9328771081774184,0.999999999713073,0.9999992005252174,0.9913090185529417,0.9965843582602982
1102,483,intermediate_unlabelled,0.2505186721991701,6,1564,-0.029781,1.9519,1.981681,-0.59403,5.133,1.103049073939706,-39.018,38.298,7.839991937743328,-4.0842,7.9789,2.564038480179028,2.802735902207513,2.8182844140204865e-05,0.003609189398967898,3.584217331352336,0.2385696352752333,0.999999997669874,0.9999942845899683,0.8893788592087761,0.9963319314675596
1102,484,intermediate_unlabelled,0.2510373443983402,1,1564,-1.7458,1.5708,3.3166,-4.8248,5.1145,2.311536550232034,-35.075,35.478,11.526472384059607,-300.69,322.58,69.49936359974424,102.75360947095967,1.78918078246893e-05,0.0015751151083708813,0.7740419815327936,4.923885716901147,0.999999999897762,0.9999997766503528,0.9977428102379329,0.9988460384155841
1102,484,intermediate_unlabelled,0.2510373443983402,2,1564,-1.0562,-0.38271,0.67349,-3.6968,3.5265,1.0393204423674418,-42.682,43.038,12.289093391985254,-207.54,445.42,127.68356457800512,146.11270740607864,1.2995628204897454e-05,0.0009297164490932087,0.5233948684067393,2.20342293503116,0.9999999987463849,0.9999996105839202,0.9990935828690156,0.999756855864423
1102,484,intermediate_unlabelled,0.2510373443983402,3,1564,0.82796,1.7181,0.8901399999999999,-3.7146,3.6087,0.9483867239148206,-48.394,47.707,12.826963268295321,-728.78,428.73,194.89273989769822,219.07844292399741,1.9754373228492783e-05,0.001761710447197487,1.2429021878423216,6.294194371361606,0.9999999978073438,0.9999982844917695,0.9952958867134395,0.9991212384264412
1102,484,intermediate_unlabelled,0.2510373443983402,4,1564,-1.631,8.0669e-05,1.631080669,-2.6891,2.4994,1.116705322551154,-19.143,17.508,4.817871585475654,-37.037,47.532,13.201438053069053,18.5283423567166,1.848494631000942e-05,0.0024431624640114,1.3878770984769182,1.3705529789588775,0.9999999996058979,0.9999976186520856,0.9576100260877441,0.9968972750873888
1102,484,intermediate_unlabelled,0.2510373443983402,5,1564,-1.4893,1.7557,3.245,-5.7851,5.7571,2.7958508300449187,-67.472,65.6,21.568029922607618,-35.878,41.227,8.120263961636828,11.493231316546986,2.846987773020164e-05,0.0035149983241734594,2.820232716951199,0.9193191622308563,0.9999999997110774,0.9999992214916636,0.9914144089885885,0.9966720489474027
1102,484,intermediate_unlabelled,0.2510373443983402,6,1564,-0.029781,1.9518,1.981581,-0.59821,5.1335,1.103044866982073,-39.132,38.677,7.854429275659971,-4.0842,7.5474,2.5461354309462916,2.764239733372744,2.836609677707371e-05,0.0035874221927059188,3.6174037911759878,0.2335091899272369,0.9999999976394944,0.9999943540448011,0.8876307539345587,0.9964001647296532
1102,962,intermediate_unlabelled,0.4989626556016597,1,1564,-1.7458,1.5708,3.3166,-4.8252,5.1144,2.31154312046892,-35.193,35.549,11.52572983883974,-301.83,324.08,69.60634562020459,103.0006557753182,1.7577674629651416e-05,0.001605890637700427,0.7613888733010679,4.857623238596951,0.9999999999013203,0.9999997672773553,0.997815807069754,0.9988822582832563
1102,962,intermediate_unlabelled,0.4989626556016597,2,1564,-1.0562,-0.38271,0.67349,-3.6967,3.5259,1.0393395252882849,-42.659,43.37,12.289542922385076,-208.72,447.54,127.55012799872124,146.04148151610568,1.3128572531596883e-05,0.0009303076617325908,0.521097185542043,2.2199720476200557,0.9999999987206101,0.9999996099372216,0.9991015992596881,0.9997532661883348
1102,962,intermediate_unlabelled,0.4989626556016597,3,1564,0.82796,1.7181,0.8901399999999999,-3.7155,3.6085,0.9483273174715907,-48.062,48.015,12.823911010367038,-729.55,422.83,193.4935287531969,217.55214170021426,2.001192966350601e-05,0.001765971678736049,1.2342544834536673,6.405945068646458,0.9999999977497656,0.9999982762030685,0.9953590209179762,0.9990736687148665
1102,962,intermediate_unlabelled,0.4989626556016597,4,1564,-1.631,6.4041e-05,1.631064041,-2.6905,2.4993,1.1167099753192735,-19.819,18.628,4.853421469331139,-36.935,47.124,13.433560690537085,18.435287167485665,1.945365363781911e-05,0.0026741537489196154,1.501161067415858,1.5118056533818671,0.9999999995635114,0.9999971447073325,0.9509651015024742,0.9961891995315804
1102,962,intermediate_unlabelled,0.4989626556016597,5,1564,-1.4893,1.7557,3.245,-5.7825,5.7564,2.795802902603976,-67.045,65.742,21.584608069704533,-36.642,42.068,8.308127012148338,11.774011160356514,2.895128542483539e-05,0.00362380356402528,2.965297787144207,0.9256926951982575,0.9999999997012244,0.9999991714759178,0.9905187489938504,0.9967902511831277
1102,962,intermediate_unlabelled,0.4989626556016597,6,1564,-0.02978,1.9518,1.98158,-0.59383,5.1347,1.1030479047713242,-39.208,40.611,7.8528366584913565,-3.8632,7.9895,2.4794652173913043,2.7217283059321473,2.846618141963906e-05,0.003646279559087974,3.611058632824081,0.23599499912487099,0.9999999976227478,0.999994166148867,0.888001179402094,0.9961770772221535
1102,963,intermediate_unlabelled,0.4994813278008299,1,1565,-1.7458,1.5708,3.3166,-4.8247,5.1146,2.310803461252011,-35.359,34.956,11.523248583892089,-301.63,323.15,69.53392352715655,102.96279625490943,1.757045972494857e-05,0.0016044173415633606,0.7818755090409658,4.95877168525502,0.9999999999013838,0.9999997676314989,0.997695545795739,0.9988342658489009
1102,963,intermediate_unlabelled,0.4994813278008299,2,1565,-1.0562,-0.38271,0.67349,-3.6968,3.5257,1.0390109045188591,-42.825,43.109,12.284761612228468,-209.29,447.38,127.60925513738019,146.05856156695825,1.2897424778895383e-05,0.000928793281326018,0.518966925485296,2.197837067174116,0.9999999987655567,0.9999996110895656,0.9991082433326031,0.9997578788442916
1102,963,intermediate_unlabelled,0.4994813278008299,3,1565,0.82796,1.7181,0.8901399999999999,-3.7155,3.6073,0.9479712733101401,-47.849,48.038,12.819646120145578,-725.98,423.61,193.20813343130988,217.2131609411157,2.0350328268987246e-05,0.0017673859810290555,1.2005677175816818,6.314352035447696,0.9999999976715545,0.9999982714045211,0.9956066266558734,0.9990976433522004
1102,963,intermediate_unlabelled,0.4994813278008299,4,1565,-1.631,6.6063e-05,1.631066063,-2.6902,2.5007,1.1163555092655195,-20.814,18.592,4.903362176762954,-37.801,47.583,13.512610929712462,18.52776021554056,2.012198672265072e-05,0.002741660510801377,1.6587884554267736,1.5957351626640581,0.9999999995328805,0.9999969961174329,0.9410402106869613,0.9958032189265609
1102,963,intermediate_unlabelled,0.4994813278008299,5,1565,-1.4893,1.7557,3.245,-5.7831,5.7558,2.7951112360638306,-77.212,66.808,21.580993926745077,-37.024,42.221,8.293570762939298,11.759489250549201,2.9265245563481186e-05,0.0036252156079215887,3.0898334529855154,0.9617415806740152,0.99999999969471,0.9999991701914455,0.9896979316853948,0.9965226371405032
1102,963,intermediate_unlabelled,0.4994813278008299,6,1565,-0.02978,1.9518,1.98158,-0.59854,5.1312,1.1027157474078972,-39.398,41.9,7.855534674819111,-4.0,7.9053,2.527695233226837,2.749314105573666,2.8418414523554175e-05,0.0036240377471200183,3.621851336006076,0.23507118191790793,0.9999999976292141,0.9999942331386171,0.8873704556506468,0.9963090730018841
1102,964,intermediate_unlabelled,0.5,1,1564,-1.7458,1.5708,3.3166,-4.8252,5.1147,2.311544354990513,-35.312,35.17,11.527700047126608,-302.6,324.08,69.62248848465472,102.97131163467427,1.760698552772776e-05,0.001601157663404902,0.7905035801477748,4.9962195656201365,0.9999999999009919,0.9999997687517822,0.9976461604465902,0.9988167628425269
1102,964,intermediate_unlabelled,0.5,2,1564,-1.0562,-0.38271,0.67349,-3.6968,3.5259,1.0393343388403689,-43.062,43.441,12.289563049325283,-209.49,447.54,127.5458209590793,146.0306979062254,1.2936148346227032e-05,0.0009241533450085703,0.5314688523662531,2.222936948058699,0.9999999987578417,0.9999996152831513,0.9990654295395005,0.9997524490082322
1102,964,intermediate_unlabelled,0.5,3,1564,0.82796,1.7181,0.8901399999999999,-3.7144,3.6081,0.9483255519623224,-48.133,47.944,12.822677489670658,-727.53,423.3,193.16582731457802,217.17666218746746,2.0670832780359545e-05,0.001736800860773465,1.2243559454222237,6.422895268563093,0.9999999975991458,0.9999983329263975,0.9954324553779416,0.99906610799379
1102,964,intermediate_unlabelled,0.5,4,1564,-1.631,6.0895e-05,1.631060895,-2.6906,2.4995,1.1167130512519963,-20.263,18.485,4.8964350016178,-38.056,47.94,13.615935517902816,18.66246933377096,1.9571376834702497e-05,0.00281322254138318,1.634094703328341,1.6137278233455437,0.9999999995582114,0.9999968386266896,0.9426686069059006,0.9957676633308606
1102,964,intermediate_unlabelled,0.5,5,1564,-1.4893,1.7557,3.245,-5.7832,5.7561,2.7958729317266227,-73.586,65.931,21.599779133664317,-36.948,42.221,8.323206065856777,11.808258464489455,2.9063272141668253e-05,0.003594924203226588,3.0547088621623035,0.945829725935817,0.99999999969891,0.9999991848309584,0.9899495924879531,0.9966679150891293
1102,964,intermediate_unlabelled,0.5,6,1564,-0.02978,1.9518,1.98158,-0.5947,5.1368,1.1030719089521273,-42.81,39.739,7.827403741328124,-3.9579,7.8842,2.5357386572890026,2.769902355287915,2.8590984394188873e-05,0.003693411081842694,3.5583022637919903,0.23618678121125153,0.9999999976018844,0.9999940141248926,0.8906980815748703,0.9963059558942062
1102,965,intermediate_unlabelled,0.5005186721991701,1,1564,-1.7458,1.5708,3.3166,-4.8258,5.1145,2.3115306708633168,-35.715,34.956,11.52357644031179,-299.15,321.4,69.70946891943734,102.31314572605737,1.7438640057044768e-05,0.0014168739433404703,0.736382750502691,4.408521610699877,0.999999999902875,0.9999998218809845,0.9979563075925406,0.9990667072135994
1102,965,intermediate_unlabelled,0.5005186721991701,2,1564,-1.0562,-0.38271,0.67349,-3.6965,3.5246,1.0393153684765875,-42.872,43.417,12.289687272091667,-208.72,449.49,127.9292059207161,146.3123301704446,1.3074950728766483e-05,0.0009532478190881006,0.5374688467107472,2.3409370845787105,0.9999999987310119,0.9999995900424103,0.9990442074645657,0.9997253334851066
1102,965,intermediate_unlabelled,0.5005186721991701,3,1564,0.82795,1.7181,0.89015,-3.7167,3.6088,0.9483632798247992,-47.067,47.944,12.822940561854832,-729.86,428.73,192.19922583120203,216.69962502276468,2.10697534435186e-05,0.0018718012286742074,1.2230860523176295,6.39186980208255,0.9999999975056302,0.9999980605261919,0.9954422706315251,0.9990817905702135
1102,965,intermediate_unlabelled,0.5005186721991701,4,1564,-1.631,7.3254e-05,1.631073254,-2.6874,2.4993,1.1167015121614774,-29.914,17.988,5.156112669209457,-32.554,44.017,12.569245313299232,17.166493692300445,1.883707098834122e-05,0.002694663820109638,2.301691837401917,2.0649983349894847,0.9999999995907409,0.9999971005565209,0.8948334999995252,0.9915579502193367
1102,965,intermediate_unlabelled,0.5005186721991701,5,1564,-1.4893,1.7557,3.245,-5.784,5.7579,2.7957631547333404,-65.742,67.045,21.58673777056903,-34.732,40.425,7.924210978260869,11.190843515725597,2.9580108316347853e-05,0.003679632617157836,2.976736680538035,0.9293346372953301,0.9999999996881073,0.9999991456265348,0.9904469778820321,0.9964145320725551
1102,965,intermediate_unlabelled,0.5005186721991701,6,1564,-0.02978,1.9518,1.98158,-0.59828,5.1333,1.1030144323406823,-40.649,38.563,7.868180135311318,-3.9263,7.1474,2.49362560741688,2.6896751255353353,2.8649302209230537e-05,0.003651814734346846,3.6463905370446974,0.23585620951175004,0.9999999975920748,0.9999941480164367,0.886130936469551,0.9961154573251575
1102,966,intermediate_unlabelled,0.5010373443983402,1,1564,-1.7458,1.5708,3.3166,-4.8249,5.1146,2.311544501280379,-35.193,34.956,11.525852409029548,-301.06,324.85,69.66756488491048,102.90447733072227,1.76042743879119e-05,0.0015916265645204118,0.762212499011431,4.846190567626815,0.9999999999010221,0.9999997715552275,0.9978111222194497,0.998885343093338
1102,966,intermediate_unlabelled,0.5010373443983402,2,1564,-1.0562,-0.38271,0.67349,-3.6968,3.5252,1.0393182921290085,-42.754,43.559,12.288863926154152,-208.11,447.95,127.3892444948849,145.82829468795117,1.2905841090825e-05,0.0009319168856742818,0.5199014464426208,2.289088230263203,0.9999999987636483,0.9999996086349915,0.999105631011806,0.9997368328500464
1102,966,intermediate_unlabelled,0.5010373443983402,3,1564,0.82796,1.7181,0.8901399999999999,-3.7165,3.6087,0.9483311502031353,-48.607,47.707,12.824893198738145,-724.12,422.05,193.4496979347826,217.44214042640488,2.022475763589638e-05,0.0017556059632290173,1.2439372013353218,6.418608283190425,0.999999997701642,0.9999982954862279,0.9952864881563105,0.9990687545311243
1102,966,intermediate_unlabelled,0.5010373443983402,4,1564,-1.631,6.6512e-05,1.631066512,-2.6889,2.4995,1.116709757596011,-20.636,18.254,4.85989937053423,-36.069,46.615,13.273788554987211,18.162705203708544,1.92048390657306e-05,0.00262977926173375,1.5220025248878855,1.51912932405647,0.9999999995746063,0.9999972393061989,0.9496955893259298,0.9960172146082141
1102,966,intermediate_unlabelled,0.5010373443983402,5,1564,-1.4893,1.7557,3.245,-5.784,5.7561,2.7957988792798876,-69.581,66.168,21.578793890911857,-36.222,41.762,8.234648599744245,11.666620460166357,2.854632239678975e-05,0.003601745090787466,2.9223395199237716,0.9254340507375057,0.9999999997095254,0.9999991817165869,0.9907877638728493,0.9967303805696579
1102,966,intermediate_unlabelled,0.5010373443983402,6,1564,-0.029781,1.9519,1.981681,-0.59153,5.1361,1.1030608999488982,-37.502,40.384,7.912429268270421,-3.9158,7.7474,2.510574245524297,2.7231291020469377,2.9209580697435847e-05,0.0037032019061729814,3.737859196310682,0.241441542458556,0.999999997497018,0.9999939831522556,0.8813824549044831,0.9960084046510423
1102,1444,intermediate_unlabelled,0.7489626556016598,1,1564,-1.7458,1.5708,3.3166,-4.8252,5.1143,2.311549294615558,-35.265,34.862,11.527580306220248,-301.26,323.15,69.12585140025575,103.0729374672548,1.7517174945863438e-05,0.0015761070970791828,0.7841634607515403,4.904886644249531,0.9999999999019985,0.9999997760470244,0.9976837824699392,0.9988629372480745
1102,1444,intermediate_unlabelled,0.7489626556016598,2,1564,-1.0562,-0.38271,0.67349,-3.6967,3.5257,1.039304949146587,-42.706,43.583,12.288862975291966,-206.77,447.38,128.00419500639387,146.21039054279532,1.3058071367030893e-05,0.0009223815906066603,0.5205807785957389,2.287844692128584,0.9999999987342976,0.9999996169827721,0.9991032875047671,0.9997369543579132
1102,1444,intermediate_unlabelled,0.7489626556016598,3,1564,0.82796,1.7181,0.8901399999999999,-3.7137,3.6077,0.9483420964574869,-48.607,47.967,12.826609235880198,-723.65,420.04,192.95565551150895,216.78899946342335,2.0858422703685174e-05,0.001785951346945829,1.2476854667488761,6.321841448095883,0.9999999975553734,0.9999982356654286,0.9952592953603917,0.9990917690721002
1102,1444,intermediate_unlabelled,0.7489626556016598,4,1564,-1.631,7.1007e-05,1.631071007,-2.6899,2.4995,1.116710724106512,-23.622,17.597,5.008992644670146,-35.815,45.392,12.972899584398979,17.733388432825794,1.9955521600249786e-05,0.002918197581608701,1.9452989011819202,1.8565188952399163,0.9999999995407004,0.9999965975917751,0.921507703534636,0.9937214205041834
1102,1444,intermediate_unlabelled,0.7489626556016598,5,1564,-1.4893,1.7557,3.245,-5.7839,5.7546,2.795929569268402,-68.775,66.642,21.578487715256234,-37.445,43.176,8.393584138746803,11.966611798933194,2.842759117890005e-05,0.003654802487737703,2.8897808108972507,0.9350710885281374,0.9999999997119376,0.9999991568946935,0.9909925542308826,0.9968334529506755
1102,1444,intermediate_unlabelled,0.7489626556016598,6,1564,-0.029781,1.9518,1.981581,-0.59437,5.1349,1.1030590918977499,-41.711,44.517,7.869827527632492,-3.9368,7.8211,2.4102223337595907,2.6658939142405824,2.764796613836812e-05,0.0037042534814244236,3.651557343266199,0.23899612812253646,0.9999999977574678,0.9999939783817783,0.8858380906194775,0.995924138683869
1102,1445,intermediate_unlabelled,0.7494813278008299,1,1564,-1.7458,1.5708,3.3166,-4.8261,5.1138,2.311542622831578,-35.62,34.956,11.523697884741201,-298.17,319.89,69.2498626662404,102.57788334078339,1.7564225261632e-05,0.0013915452362508053,0.7251520444296344,4.358380373209148,0.9999999999014721,0.9999998282957844,0.9980182983713363,0.9990936811848298
1102,1445,intermediate_unlabelled,0.7494813278008299,2,1564,-1.0562,-0.38271,0.67349,-3.6966,3.5249,1.0392963375079771,-42.825,43.559,12.28963267660503,-207.74,443.15,128.48763726982097,146.76372410338422,1.3313421988321588e-05,0.0009825395701461104,0.5238966367869593,2.449025190398943,0.9999999986842792,0.9999995640278317,0.999091926046753,0.9996997726864641
1102,1445,intermediate_unlabelled,0.7494813278008299,3,1564,0.82795,1.7181,0.89015,-3.7162,3.6088,0.948367826552448,-48.773,48.062,12.825440248589995,-725.67,425.62,190.57775210997443,214.82752304736272,2.1159765976205507e-05,0.0018809195806718992,1.2390798351024854,6.465569560152534,0.9999999974842656,0.999998040882896,0.9953238007814987,0.9990458097685164
1102,1445,intermediate_unlabelled,0.7494813278008299,4,1564,-1.631,5.6176e-05,1.631056176,-2.6874,2.4998,1.116698582701017,-30.465,18.219,5.2197182340763035,-30.058,42.132,12.060023142583123,16.459492866337342,1.925639666194109e-05,0.002804359211236159,2.4404833295471544,2.225790683662604,0.9999999995723149,0.999996858774625,0.8839664622930442,0.989206233531387
1102,1445,intermediate_unlabelled,0.7494813278008299,5,1564,-1.4893,1.7557,3.245,-5.7835,5.7576,2.7957078824071098,-65.6,68.183,21.583857196329923,-35.038,40.616,7.931866345907929,11.236910937569396,2.9668010152719324e-05,0.0037637332396403735,2.976099256699499,0.9518384355402892,0.9999999996862518,0.9999991053035788,0.9904485327440119,0.9962713019567672
1102,1445,intermediate_unlabelled,0.7494813278008299,6,1564,-0.029781,1.9518,1.981581,-0.59706,5.1309,1.102966590941903,-38.374,40.118,7.9490982899555185,-3.8526,7.0211,2.3729097762148337,2.574718509809855,2.791227260609376e-05,0.003708291728708885,3.8182339920358688,0.24163517902034962,0.9999999977143135,0.9999939650005943,0.8770848985828378,0.9955526082935575
1102,1446,intermediate_unlabelled,0.75,1,1565,-1.7458,1.5708,3.3166,-4.8253,5.1144,2.310807020867283,-35.122,34.909,11.523745090597213,-301.26,323.15,68.98346316932908,103.01415844600542,1.74470713311093e-05,0.0015887668456821716,0.7848353753344095,4.916286126050839,0.999999999902765,0.9999997721352579,0.9976782644295944,0.998856373363432
1102,1446,intermediate_unlabelled,0.75,2,1565,-1.0562,-0.38271,0.67349,-3.6965,3.5256,1.0389724359477268,-42.967,43.275,12.284148596836475,-206.4,447.38,127.78482453674123,146.0455368368557,1.307134608878572e-05,0.0009313138453227931,0.5204003467586096,2.280582020442091,0.999999998732023,0.9999996088961803,0.9991032150596053,0.9997383046482866
1102,1446,intermediate_unlabelled,0.75,3,1565,0.82795,1.7181,0.89015,-3.7148,3.6076,0.9479986375907254,-46.996,47.967,12.81567054234752,-725.21,422.52,193.05230686261982,216.9185447876141,2.0171132768532795e-05,0.0017705519987120362,1.15167921154629,6.330089892128211,0.9999999977123678,0.9999982646723139,0.9959555019976278,0.9990901739740123
1102,1446,intermediate_unlabelled,0.75,4,1565,-1.631,6.9658e-05,1.631069658,-2.6906,2.5008,1.1163530608467105,-24.084,18.183,5.013890189844687,-36.375,46.105,13.005009236421726,17.809389257127197,2.0802255363564585e-05,0.0030202064339396686,1.9603025595181427,1.9048515675492965,0.9999999995007628,0.9999963525723687,0.9204021088265649,0.993451040342249
1102,1446,intermediate_unlabelled,0.75,5,1565,-1.4893,1.7557,3.245,-5.7837,5.7555,2.795066352938277,-70.576,67.946,21.57861149017313,-37.75,43.329,8.432753395527156,12.028596924989026,2.8759995372368466e-05,0.0037563419308770355,3.0417727469968763,0.9704792230014593,0.9999999997051662,0.9999991083529763,0.9900153050692125,0.996625798949532
1102,1446,intermediate_unlabelled,0.75,6,1565,-0.029781,1.9519,1.981681,-0.59598,5.1348,1.102741203556693,-40.08,39.777,7.885746241392905,-4.0211,7.8211,2.393604856230032,2.656917757670203,2.7022433963204022e-05,0.0036108922547934325,3.6858330199915734,0.23356298297935907,0.9999999978564565,0.9999942746694492,0.8840436723602617,0.9960839986966232
1102,1447,intermediate_unlabelled,0.7505186721991701,1,1564,-1.7458,1.5708,3.3166,-4.8262,5.1137,2.3115422182714824,-35.478,34.814,11.522831383593141,-298.74,320.46,69.42265020460358,102.54775026278048,1.7785109254598685e-05,0.0014092255261176708,0.7141148559883279,4.335325317005684,0.9999999998989786,0.9999998236609181,0.9980779301540813,0.9991023363278089
1102,1447,intermediate_unlabelled,0.7505186721991701,2,1564,-1.0562,-0.38271,0.67349,-3.6962,3.5248,1.0393069083678126,-42.706,43.322,12.289196893889478,-208.72,447.17,128.34138514705882,146.62718029827997,1.3155463389642916e-05,0.0009705824496968436,0.5217164161949682,2.432677914914168,0.9999999987153211,0.9999995740009386,0.9990994392168966,0.999703626882959
1102,1447,intermediate_unlabelled,0.7505186721991701,3,1564,0.82795,1.7181,0.89015,-3.7149,3.6085,0.9483524182225419,-48.275,47.801,12.825335799705153,-725.98,423.61,191.21033755754476,215.47895060050365,2.1244782795212455e-05,0.001879213195416437,1.2423044786394792,6.456564785672303,0.9999999974640048,0.9999980448982623,0.9952992988787974,0.9990525447780246
1102,1447,intermediate_unlabelled,0.7505186721991701,4,1564,-1.631,6.9658e-05,1.631069658,-2.6871,2.4994,1.1166996002464304,-28.51,18.165,5.2039193593755435,-30.873,42.539,12.184098216112531,16.565196967993735,2.004273024131472e-05,0.0028315590654054,2.405262182383642,2.195907186617069,0.9999999995366734,0.999996797539485,0.8867749415081734,0.9896235945156184
1102,1447,intermediate_unlabelled,0.7505186721991701,5,1564,-1.4893,1.7557,3.245,-5.7839,5.7576,2.7957631179194617,-66.571,68.467,21.59613986707683,-35.687,40.922,8.038465617007672,11.370911887116721,2.982174191617157e-05,0.0038228025486983903,3.055688017880709,0.9343733798313143,0.9999999996829863,0.9999990765419748,0.9899397154143345,0.9964908913997629
1102,1447,intermediate_unlabelled,0.7505186721991701,6,1564,-0.029781,1.9518,1.981581,-0.59457,5.135,1.1030200527385108,-39.929,39.246,7.86807430878586,-3.8211,7.5474,2.4249363874680308,2.620101499931962,2.8727803029264237e-05,0.003707926773695349,3.6459025920135724,0.2389582907934912,0.9999999975788961,0.9999939660520041,0.8861601250953268,0.9958055388075101
1102,1448,intermediate_unlabelled,0.7510373443983402,1,1564,-1.7458,1.5708,3.3166,-4.8254,5.1145,2.311547726277894,-35.265,35.004,11.526880584104344,-301.83,323.31,69.10582906010231,103.12541750677235,1.760340141794587e-05,0.001592162628649097,0.7753173494105833,4.844033074345773,0.999999999901032,0.9999997711750681,0.9977355382397276,0.9988921438083199
1102,1448,intermediate_unlabelled,0.7510373443983402,2,1564,-1.0562,-0.38271,0.67349,-3.6968,3.5256,1.039310152799146,-42.872,43.393,12.288902452447463,-207.74,447.38,127.97310248081843,146.19405311022356,1.304138764944768e-05,0.0009126542865341724,0.524482231985816,2.21188164513487,0.9999999987375341,0.999999625170947,0.9990897753512281,0.9997539264859646
1102,1448,intermediate_unlabelled,0.7510373443983402,3,1564,0.82796,1.7181,0.8901399999999999,-3.7147,3.6077,0.948327479916649,-48.204,47.801,12.821462029592146,-720.86,423.3,192.83740842071612,216.6934401026872,2.048660698446649e-05,0.0017723688517898826,1.2039061019646309,6.24385614408719,0.9999999976417454,0.9999982622883978,0.9955834144590621,0.999113086932001
1102,1448,intermediate_unlabelled,0.7510373443983402,4,1564,-1.631,7.6175e-05,1.631076175,-2.6907,2.5001,1.1167084133773686,-19.854,18.681,4.9536717919811535,-36.222,45.239,13.039190828005117,17.830838848407634,2.0145642647411074e-05,0.0029603577039002396,1.7967129023619084,1.757483301389803,0.9999999995319057,0.9999964980430537,0.931905189926842,0.9944403211747439
1102,1448,intermediate_unlabelled,0.7510373443983402,5,1564,-1.4893,1.7557,3.245,-5.7833,5.7552,2.7959268154408967,-68.775,66.405,21.582344718756847,-38.018,43.367,8.422146737212277,12.007642904658578,2.8450057611978878e-05,0.0036154848015663523,2.918125795133231,0.9182628358204964,0.9999999997114812,0.9999991752778055,0.9908174573802006,0.9969677751495516
1102,1448,intermediate_unlabelled,0.7510373443983402,6,1564,-0.029781,1.9518,1.981581,-0.5972,5.1334,1.1030524639697052,-39.474,42.735,7.865918624831681,-3.9474,7.6947,2.4080024552429666,2.6678135649237515,2.7687564582289896e-05,0.003655567680545915,3.6449591179029497,0.23289388509393502,0.999999997751032,0.9999941360812967,0.8861564237662944,0.9961449506231256
1102,1924,faulty_evident,0.9979253112033196,1,1570,-1.7458,1.5708,3.3166,-4.8251,5.1139,2.307139782895887,-35.075,34.909,11.506105240020414,-298.74,324.49,69.68101612738853,103.36306368746018,1.8204658707410253e-05,0.0015320095144306014,0.7670095202346219,4.712809542210899,0.9999999998941759,0.9999997883665297,0.9977758296462823,0.9989562635205016
1102,1924,faulty_evident,0.9979253112033196,2,1570,-1.0562,-0.38273,0.67347,-3.7054,3.5214,1.0372629827971633,-42.208,42.919,12.262191733049846,-211.0,433.55,129.04877463694265,146.8094524619158,1.4002214482284463e-05,0.001087174713993933,0.5350249819041122,2.8249011706215312,0.9999999985454808,0.9999994611869818,0.9990486683222678,0.9996011737486071
1102,1924,faulty_evident,0.9979253112033196,3,1570,0.82796,1.718,0.8900399999999999,-3.7473,3.6621,0.9487859846151883,-51.072,50.29,12.969797471485176,-1023.2,712.32,214.6005375605096,256.55417456939637,3.0144250390083702e-05,0.0038832404392245574,1.5098883709710296,10.241015656446324,0.9999999948970224,0.9999916327654446,0.9932033919447286,0.9984992029950283
1102,1924,faulty_evident,0.9979253112033196,4,1570,-1.631,6.3367e-05,1.631063367,-2.6877,2.4965,1.1145539017226211,-29.221,17.01,5.086440618048687,-29.395,43.151,11.650759439490447,16.150519951544545,1.7866404574182425e-05,0.002407287005219438,2.1628298862643787,1.8619518089122655,0.9999999996316591,0.9999976791818238,0.9050926048552967,0.9919938129127738
1102,1924,faulty_evident,0.9979253112033196,5,1570,-1.4893,1.7556,3.2449000000000003,-5.7613,5.7864,2.790542778610734,-67.614,68.112,21.60043554083246,-42.221,41.38,8.267882590445861,11.675077834543119,4.9781174080693284e-05,0.00690159616771096,3.2481635927878267,1.2671371437141388,0.9999999991161814,0.9999969527735607,0.9886301683788731,0.99392601506876
1102,1924,faulty_evident,0.9979253112033196,6,1570,-0.029781,1.9517,1.981481,-0.59652,5.1311,1.1007986007381112,-40.042,40.99,7.881877764123784,-3.8737,6.8632,2.489234377070064,2.635433274911686,2.9298903512511403e-05,0.0037953201639513547,3.696491751952758,0.24574182097496564,0.9999999974971138,0.9999936538256712,0.8832055636099003,0.9956203592376326
1102,1925,faulty_evident,0.9984439834024896,1,1573,-1.7458,1.5708,3.3166,-4.8253,5.1144,2.304935248909503,-34.885,34.814,11.494241966233213,-298.37,325.06,68.63096795295614,103.11609861011722,1.8029281801225102e-05,0.0015174789988826704,0.7584428107411328,4.6574741917188085,0.9999999998965181,0.9999997925172383,0.9978207701078624,0.9989766910918755
1102,1925,faulty_evident,0.9984439834024896,2,1573,-1.0562,-0.38273,0.67347,-3.7052,3.5215,1.0362750603749076,-42.943,42.754,12.248734058076996,-211.0,433.34,129.04287551811825,146.70160353921244,1.4351056926718178e-05,0.0011072406732158518,0.536671504026554,2.8440179321888888,0.9999999984750132,0.9999994400257611,0.9990406868974452,0.9995940485322492
1102,1925,faulty_evident,0.9984439834024896,3,1573,0.82796,1.718,0.8900399999999999,-3.7469,3.6653,0.9480087576661422,-50.835,49.484,12.980557737104974,-1022.5,713.41,214.5721661157025,257.2926251433105,2.9636991287258813e-05,0.0035392539438979897,1.541709883768318,10.186590285808458,0.9999999950609195,0.9999930373569559,0.9929244874882894,0.9985338393635226
1102,1925,faulty_evident,0.9984439834024896,4,1573,-1.631,6.7411e-05,1.631067411,-2.688,2.4976,1.1134912700759907,-28.706,17.295,5.093605364158008,-29.294,43.609,11.728134300699299,16.210219973730357,1.7825075137212143e-05,0.002412329216542568,2.188948121229485,1.9109067172284069,0.9999999996338982,0.999997665273494,0.902950747369185,0.9916223857231822
1102,1925,faulty_evident,0.9984439834024896,5,1573,-1.4893,1.7556,3.2449000000000003,-5.7589,5.788,2.7880781641898293,-63.727,67.496,21.5109830815785,-44.17,40.693,8.262508119516847,11.687269906946927,5.1425501541911534e-05,0.007236587095276636,3.0460551555326574,1.2839624243152057,0.999999999058693,0.9999966428535148,0.9899245880218874,0.9937807740212421
1102,1925,faulty_evident,0.9984439834024896,6,1573,-0.029781,1.9517,1.981481,-0.59416,5.1356,1.0997628343351462,-39.208,39.36,7.865433921721202,-3.8632,6.7474,2.5035219332485696,2.6465265141698624,2.8523899848179925e-05,0.003824881527138927,3.6725321577659735,0.2408129752356127,0.9999999976028792,0.9999935427597817,0.8842993868625801,0.9958298232483879
1102,1926,faulty_evident,0.9989626556016598,1,1568,-1.7458,1.5708,3.3166,-4.826,5.1141,2.3086004970744542,-34.862,34.435,11.50949115714292,-296.83,322.37,68.75291047831632,102.88101741094553,1.8044579963267913e-05,0.0014101449276746354,0.7127816301448339,4.289548200301108,0.9999999998959339,0.9999998232096134,0.9980806422946534,0.9991280896437034
1102,1926,faulty_evident,0.9989626556016598,2,1568,-1.0562,-0.38273,0.67347,-3.7043,3.5206,1.0379086525872354,-42.256,43.085,12.270746861035294,-217.55,431.63,130.14950881377553,147.63612286118368,1.4253628213931429e-05,0.0012733968076289247,0.5650078307535242,3.123174985919841,0.9999999984907252,0.9999992576067313,0.9989404220213453,0.9995163523576153
1102,1926,faulty_evident,0.9989626556016598,3,1568,0.82796,1.718,0.8900399999999999,-3.7535,3.6977,0.9519098647597045,-52.375,49.603,13.090166288448987,-1045.6,858.23,215.7924041454082,265.7048491890915,3.184334738736975e-05,0.004024541038840557,1.515906715648314,11.384374988126048,0.9999999943200196,0.9999910703669198,0.9932751506353124,0.9984043733320371
1102,1926,faulty_evident,0.9989626556016598,4,1568,-1.6309,5.7075e-05,1.630957075,-2.6901,2.4953,1.115257258138524,-31.941,18.272,5.216971732199664,-27.256,41.317,11.480752330994898,15.76174084613824,1.910553382061687e-05,0.002587505255006556,2.448541559495739,2.1452310401148567,0.9999999995785401,0.99999732056243,0.8830168573170101,0.9886626575673482
1102,1926,faulty_evident,0.9989626556016598,5,1568,-1.4893,1.7556,3.2449000000000003,-5.7558,5.7863,2.792002318500595,-66.95,69.889,21.660158234092616,-60.752,39.164,8.082365503188777,11.533312574335369,6.38361873588182e-05,0.009457950090371254,3.2466888315121425,1.5516254093774982,0.9999999985447494,0.9999942734462232,0.9887043611545371,0.9906576164083425
1102,1926,faulty_evident,0.9989626556016598,6,1568,-0.02978,1.9516,1.98138,-0.5972,5.1322,1.1014410051436803,-40.421,42.128,7.9778482892072144,-3.9158,6.4526,2.421933299744898,2.579543534276219,2.911547001601212e-05,0.0039011663662638484,3.89363538157249,0.2516031472961691,0.9999999975066662,0.9999933021593153,0.8728124577879405,0.9952024380420738
1102,1927,faulty_evident,0.99948132780083,1,1570,-1.7458,1.5708,3.3166,-4.8254,5.1143,2.3071363455642317,-35.075,34.719,11.505996295014596,-298.74,323.92,68.86043482802548,103.1811000521665,1.8002643636224153e-05,0.0015447096016089263,0.7693801722933314,4.731212605715113,0.999999999896714,0.9999997848044934,0.997761989825459,0.9989451388617576
1102,1927,faulty_evident,0.99948132780083,2,1570,-1.0562,-0.38273,0.67347,-3.7056,3.5217,1.0372534269984364,-42.659,42.967,12.261555230406831,-213.88,435.46,128.92763563694268,146.73017909749964,1.4004829844059409e-05,0.0011192925082293768,0.5245018555973543,2.893498130148343,0.9999999985437428,0.9999994281530158,0.9990856915623308,0.999581976440021
1102,1927,faulty_evident,0.99948132780083,3,1570,0.82796,1.718,0.8900399999999999,-3.747,3.6731,0.9491145852579935,-51.214,49.389,12.989336431467104,-1022.5,724.9,215.02612386624207,257.6938047406398,2.9826075430932607e-05,0.003698517722244831,1.587061936629714,10.287140147220338,0.9999999950253167,0.9999924144657145,0.9925105833194393,0.9985119202579055
1102,1927,faulty_evident,0.99948132780083,4,1570,-1.631,6.6962e-05,1.631066962,-2.6879,2.4968,1.1145574382473207,-30.341,17.472,5.136327709935488,-29.599,43.66,11.692980452229301,16.20302687539277,1.8224036519008195e-05,0.002511366005769534,2.2767245409488788,2.022251218622312,0.9999999996171995,0.9999974734853154,0.8963936882586033,0.9906084335597272
1102,1927,faulty_evident,0.99948132780083,5,1570,-1.4893,1.7556,3.2449000000000003,-5.7618,5.7874,2.7903859000696305,-62.329,66.642,21.594269496370625,-43.711,40.501,8.3288392566879,11.772848897881309,5.1753532476817444e-05,0.007194369870143752,3.0395363602593317,1.2952205145152138,0.9999999990442465,0.9999966871435976,0.99004551769952,0.9937669487767734
1102,1927,faulty_evident,0.99948132780083,6,1570,-0.02978,1.9517,1.98148,-0.59437,5.1317,1.1008030284798214,-40.839,38.374,7.887045482674857,-3.9158,6.8526,2.485933561146497,2.6349004305971593,2.9673025876933397e-05,0.0038266316161391146,3.7085271632859893,0.24501180766965533,0.9999999974095021,0.9999935482447282,0.8825573561521975,0.9956484295628625
1102,1928,faulty_evident,1.0,1,1570,-1.7458,1.5708,3.3166,-4.8258,5.1142,2.3071277383223605,-35.17,34.672,11.504686380779564,-297.4,322.94,68.59372671337579,102.81769367692952,1.8029803507158215e-05,0.0014372198973044432,0.7531577545553363,4.468879456504453,0.999999999896031,0.9999998156784575,0.997854988372545,0.9990524468669414
1102,1928,faulty_evident,1.0,2,1570,-1.0562,-0.38273,0.67347,-3.7051,3.5206,1.037257443282831,-42.398,42.825,12.263011693667192,-217.14,430.66,129.6976678535032,147.2823522211028,1.4256057003276731e-05,0.0012173527302523177,0.5589542809394233,3.0637658565714814,0.9999999984926203,0.9999993218594876,0.9989617090700231,0.9995338636279274
1102,1928,faulty_evident,1.0,3,1570,0.82796,1.718,0.8900399999999999,-3.7554,3.6931,0.9511742325859429,-51.617,50.077,13.080200390605993,-1045.1,830.76,218.2894429936306,267.3195070523605,3.2679985612414787e-05,0.004257380805738233,1.5628733773746772,11.432913911117462,0.9999999939910204,0.9999899894254531,0.9928394735771506,0.998386922613408
1102,1928,faulty_evident,1.0,4,1570,-1.6309,4.921e-05,1.63094921,-2.6901,2.4961,1.1145415755121169,-32.936,17.721,5.198020452008386,-27.714,41.622,11.480267232484076,15.798193577102868,1.908233020765898e-05,0.002576253568444287,2.4130077244019374,2.115997381755314,0.9999999995793373,0.9999973403719826,0.8857218435166955,0.9891230388093085
1102,1928,faulty_evident,1.0,5,1570,-1.4893,1.7556,3.2449000000000003,-5.7561,5.7901,2.79038119390829,-65.363,69.913,21.653515136868503,-60.064,39.852,8.188492346496815,11.647926800990113,6.042180594884423e-05,0.00883378607741525,3.3044014517920406,1.539209899034696,0.9999999986978562,0.9999950000103522,0.9882893329394487,0.9909958928632521
1102,1928,faulty_evident,1.0,6,1570,-0.02978,1.9517,1.98148,-0.59511,5.1339,1.100761230525157,-39.246,40.877,7.9490048365078065,-3.8211,6.6211,2.454399821656051,2.608499407842227,2.9894490215412112e-05,0.003876223513710759,3.83702378849594,0.24714145458734982,0.9999999973931099,0.999993378999514,0.8757831131137912,0.9954792249136883
1103,0,training_healthy,0.0,1,1287,-0.25019,1.5708,1.82099,-5.1122,3.269,1.403024575169898,-34.719,35.122,10.549329657887016,-259.4,236.34,48.85129434343435,74.0294428021691,8.662017691012454e-06,0.001204811577379114,0.5606676246837162,3.3596916034509627,0.9999999997530867,0.9999996206166166,0.9985868095187329,0.9989481758952816
1103,0,training_healthy,0.0,2,1287,-1.0214,-0.38277,0.63863,-3.6974,3.5266,0.9255518075279604,-42.801,42.872,10.211733161239168,-209.29,451.97,102.5886696037296,120.06317571409095,1.2710005583120626e-05,0.0008456829180761271,0.5123092096700012,2.0739698930971926,0.9999999988814731,0.9999995928288838,0.9987416681193041,0.9996621657181709
1103,0,training_healthy,0.0,3,1287,1.269,1.8166,0.5476000000000001,-3.7192,3.5946,0.842537469096353,-47.659,47.564,11.123498146859339,-555.86,439.28,160.20421452991454,184.98730674977185,2.4695902854033923e-05,0.0018413816049703746,1.3035148906864693,5.459100344484871,0.999999993477238,0.9999976189943144,0.9931115760384662,0.999072653971639
1103,0,training_healthy,0.0,4,1287,-1.84,6.9209e-05,1.8400692090000001,-4.5401,4.1202,1.736769248644503,-27.444,31.639,10.122007993067324,-48.041,44.424,15.405257420357419,20.902619370183274,1.885882870615688e-05,0.0018197717803798321,1.4668078327905596,1.2548446606569472,0.9999999996768965,0.9999994631023478,0.9894445058791486,0.9981433163473893
1103,0,training_healthy,0.0,5,1287,-1.4893,1.6715,3.1608,-7.0762,7.7729,3.048882525887043,-66.785,65.481,19.666279563466126,-20.9,27.663,9.559564602952603,12.020040898811706,2.7626032135881324e-05,0.003317643214586069,2.2902658469812383,0.7146198581019207,0.9999999997735093,0.9999994196985249,0.9931959897927861,0.9978753150681349
1103,0,training_healthy,0.0,6,1287,-0.029793,2.8473,2.8770930000000003,-6.3839,7.0252,2.744161800287924,-46.526,47.436,13.989079246598946,-8.8526,9.5053,3.5952168616938613,4.205291181423643,2.9671581682148586e-05,0.004886618712873083,3.7461754446999462,0.26245181376569016,0.9999999997052426,0.9999984017474881,0.9634765313140333,0.9978305007207535
1103,1,training_healthy,0.0005186721991701,1,1286,-0.25019,1.5708,1.82099,-5.112,3.2688,1.4035956580335003,-34.459,34.98,10.552434414037544,-260.91,239.8,49.32472925349922,74.31126307211166,8.543060790156786e-06,0.0011250780524460467,0.5325526454871297,3.1745866783172536,0.9999999997599797,0.999999670449529,0.9987258393064011,0.9990655477769503
1103,1,training_healthy,0.0005186721991701,2,1286,-1.0214,-0.38277,0.63863,-3.6974,3.5262,0.9259049681581941,-42.564,42.99,10.216254919030822,-208.52,452.34,102.70640694401244,120.17041800159068,1.2803735232953908e-05,0.0008375329492718886,0.5285509166841438,2.0698226007788896,0.9999999988654233,0.9999996011478712,0.9986616958027699,0.9996636506811936
1103,1,training_healthy,0.0005186721991701,3,1286,1.269,1.8166,0.5476000000000001,-3.72,3.595,0.8428762569886858,-47.991,47.47,11.13047603851419,-556.17,438.82,159.9745046423017,184.9079327664423,2.4934879273285348e-05,0.001829344382458862,1.3283775043920434,5.442848698258199,0.9999999933523012,0.9999976529801267,0.992854225316363,0.999082052895131
1103,1,training_healthy,0.0005186721991701,4,1286,-1.84,6.1794e-05,1.8400617940000001,-4.5389,4.1197,1.7374372171897503,-28.19,32.492,10.124357427620758,-45.239,44.22,14.732460081648522,19.997477606907758,1.8753981875814607e-05,0.001789093314172638,1.4567956656373113,1.2158283581957272,0.9999999996805264,0.9999994814789417,0.9895937389818795,0.9980921105428944
1103,1,training_healthy,0.0005186721991701,5,1286,-1.4893,1.6715,3.1608,-7.076,7.7718,3.050021472051611,-65.86,66.856,19.669360792727172,-21.206,26.326,9.456330167962674,11.795839355934397,2.7462590860216154e-05,0.0032386505272103717,2.2638157109094235,0.7275093168305965,0.999999999776335,0.9999994484606578,0.9933548488612338,0.9977011424721303
1103,1,training_healthy,0.0005186721991701,6,1286,-0.029791,2.8473,2.877091,-6.3826,7.0234,2.745059616303912,-56.689,45.806,14.051314124228183,-8.6526,8.8737,3.4801337558320364,4.028904811897409,2.7439546909357753e-05,0.004981968739745228,3.9612497278673695,0.2756741781255536,0.9999999997479075,0.9999983392126734,0.9594399558606986,0.9973775627295213
1103,2,training_healthy,0.0010373443983402,1,1286,-0.25019,1.5708,1.82099,-5.1117,3.2687,1.4035272552694396,-34.103,35.146,10.55361849391535,-249.03,226.58,50.97338192846034,73.01173563723346,8.93617279200154e-06,0.0011818823246235344,0.555531688566228,3.3806218236559293,0.9999999997373712,0.9999996356231013,0.9986137342738618,0.9988943032831612
1103,2,training_healthy,0.0010373443983402,2,1286,-1.0214,-0.38277,0.63863,-3.697,3.5266,0.9258852248355626,-42.564,43.038,10.215299435036517,-205.42,446.77,103.68372688180405,120.7765428040898,1.2635262049745764e-05,0.0007765197941710224,0.5053695875675596,1.8322256174135008,0.9999999988950649,0.9999996584104248,0.9987764413337661,0.9997356325362192
1103,2,training_healthy,0.0010373443983402,3,1286,1.269,1.8166,0.5476000000000001,-3.716,3.5953,0.8428944571168632,-48.536,47.327,11.128438093642194,-562.84,436.96,161.5087918429238,186.3570932489655,2.4635147250762765e-05,0.0018070454494058645,1.278115319762848,5.524784725627211,0.9999999935110365,0.9999977114476886,0.9933841561186262,0.9990608139684796
1103,2,training_healthy,0.0010373443983402,4,1286,-1.84,4.2694e-05,1.840042694,-4.5398,4.1192,1.7374302773893051,-27.87,32.581,10.14152953308213,-45.138,42.794,14.278857554432347,19.299245599821678,1.908500730928476e-05,0.001961522961613588,1.571292511312509,1.3355296904788811,0.9999999996691478,0.9999993748586474,0.987924517018215,0.9975181722732677
1103,2,training_healthy,0.0010373443983402,5,1286,-1.4893,1.6715,3.1608,-7.0756,7.774,3.0500350098117868,-64.628,64.912,19.666781658017936,-21.588,27.358,9.614938248833592,11.998441840563059,2.70121016831485e-05,0.0032994333279650727,2.2333386780312545,0.7116975182241407,0.999999999783612,0.9999994268315481,0.9935314513123001,0.9978829107089715
1103,2,training_healthy,0.0010373443983402,6,1286,-0.029791,2.8473,2.877091,-6.3841,7.0196,2.7448871642518586,-50.356,47.019,14.044201656243505,-7.7053,8.1158,3.3760096796267494,3.781954331049807,2.89137891072963e-05,0.004865684292950176,3.937057638388789,0.27572249451066577,0.9999999997200779,0.9999984162030082,0.9599027377163676,0.9969510971637273
1103,3,training_healthy,0.0015560165975103,1,1286,-0.25019,1.5708,1.82099,-5.1116,3.2689,1.4035140884993467,-34.34,35.217,10.552007098802001,-247.12,224.62,49.89936636858476,72.4623103363349,9.083281572472089e-06,0.0011334149154851212,0.5229067935659939,3.095772730174622,0.9999999997286498,0.9999996661090056,0.9987715077008789,0.9990627238828106
1103,3,training_healthy,0.0015560165975103,2,1286,-1.0214,-0.38277,0.63863,-3.6973,3.5264,0.9258772820240272,-42.682,43.18,10.215029433317342,-203.15,445.63,104.07329265940903,120.9571698286065,1.2955926732500385e-05,0.0007662930181426154,0.4967483492883821,1.8821388360031643,0.9999999988382622,0.9999996676702824,0.9988178230044154,0.9997195936604883
1103,3,training_healthy,0.0015560165975103,3,1286,1.269,1.8166,0.5476000000000001,-3.716,3.596,0.8429133802491893,-48.702,47.351,11.127246575804069,-567.96,433.85,162.30236713063763,187.2145253095574,2.408378222025666e-05,0.001756403513965899,1.249544489479103,5.342918978993502,0.999999993798244,0.999997837938054,0.9936762650422782,0.9991273664705008
1103,3,training_healthy,0.0015560165975103,4,1286,-1.84,4.8536e-05,1.840048536,-4.5411,4.119,1.737423502407848,-27.71,31.39,10.141435285973987,-43.558,40.96,14.072068911353032,18.93173914087829,1.8952958803624343e-05,0.0019310867699529426,1.571552541337343,1.319043811010854,0.9999999996737092,0.9999993940351968,0.9879202813465322,0.9974870405940485
1103,3,training_healthy,0.0015560165975103,5,1286,-1.4893,1.6715,3.1608,-7.077,7.7735,3.0500293008988346,-64.035,64.96,19.666338750122563,-21.588,27.243,9.61306449066874,11.975824706796208,2.7340632592507757e-05,0.0033378490779259733,2.2272125356686994,0.7125621654983018,0.9999999997783163,0.9999994129712428,0.9935667139434314,0.9978686631595465
1103,3,training_healthy,0.0015560165975103,6,1286,-0.029793,2.8472,2.876993,-6.3841,7.0208,2.744940655346461,-49.067,45.578,14.074292974361951,-7.7368,8.2842,3.504583883359253,3.905040965029656,2.9236693451738824e-05,0.00502688855649031,4.04086338853307,0.2823364341525503,0.9999999997137923,0.9999983085227547,0.9578977824775876,0.9969713816532209
1103,4,training_healthy,0.0020746887966804,1,1286,-0.25019,1.5708,1.82099,-5.1115,3.2686,1.4035207772938576,-34.198,35.028,10.552882038143734,-247.69,224.05,50.181262550544325,72.52985059453486,8.94603702978224e-06,0.0011343784467430014,0.5306448452570992,3.1835062498043336,0.9999999997367885,0.9999996653762958,0.998735069042729,0.9990101163354757
1103,4,training_healthy,0.0020746887966804,2,1286,-1.0214,-0.38277,0.63863,-3.6973,3.5267,0.9258735029966996,-42.564,43.18,10.215461215451247,-203.15,444.69,103.97804500000001,120.87169328472511,1.2685283091948375e-05,0.0007641130838687782,0.5040638777605964,1.8484577672876146,0.9999999988862898,0.9999996696646989,0.9987828071263908,0.9997295059218827
1103,4,training_healthy,0.0020746887966804,3,1286,1.269,1.8166,0.5476000000000001,-3.7166,3.5961,0.8429050793775,-49.223,46.972,11.128934409604412,-569.21,432.61,161.8781250622084,186.66184616693735,2.412490522369003e-05,0.0017142582260842186,1.260680135255875,5.328363715674337,0.9999999937770466,0.9999979411220586,0.9935645742275645,0.9991228349875235
1103,4,training_healthy,0.0020746887966804,4,1286,-1.84,3.82e-05,1.8400382000000002,-4.5429,4.1225,1.737425684563165,-27.835,32.225,10.173091504522851,-44.832,41.622,14.2337333748056,19.138124280294495,1.9458940095252962e-05,0.0023143561123603602,1.7625095484685098,1.551097546633784,0.9999999996560556,0.9999991246012013,0.9848775960141465,0.9965865867821505
1103,4,training_healthy,0.0020746887966804,5,1286,-1.4893,1.6715,3.1608,-7.0767,7.7744,3.0500378654359315,-64.438,64.983,19.668506366518347,-21.512,27.052,9.597520899688957,11.976048644810591,2.62491028415003e-05,0.0033423180461608364,2.2512135867202083,0.7121309699250764,0.9999999997956638,0.9999994114276648,0.993428288699189,0.9978689450340379
1103,4,training_healthy,0.0020746887966804,6,1286,-0.029792,2.8471,2.8768920000000002,-6.3827,7.0239,2.7449301143942986,-48.612,46.489,14.065399159511284,-7.9895,8.2211,3.485389809486781,3.902390507061377,2.9642076792646066e-05,0.005161105430086498,4.010782072836552,0.28299908063671636,0.9999999997058021,0.9999982162658809,0.9584822136468325,0.9969621610922288
1103,480,intermediate_unlabelled,0.2489626556016597,1,1287,-0.25019,1.5708,1.82099,-5.112,3.2686,1.402926567193046,-34.767,34.956,10.545784534758608,-247.12,225.23,47.27501672882672,71.39817471786016,8.473145668428124e-06,0.0011548231875031212,0.5319992429297505,3.1365405872495304,0.9999999997637121,0.9999996522437912,0.9987268854064695,0.9990172568533998
1103,480,intermediate_unlabelled,0.2489626556016597,2,1287,-1.0214,-0.38277,0.63863,-3.6967,3.5263,0.925571471450319,-42.706,43.37,10.211513369541457,-209.65,451.57,103.51221982128982,121.03519517837823,1.2996883118783873e-05,0.0007888426796485529,0.5040420505819958,1.9790503670336035,0.999999998831398,0.9999996470816107,0.998781963720875,0.9996964798750582
1103,480,intermediate_unlabelled,0.2489626556016597,3,1287,1.2691,1.8166,0.5475000000000001,-3.7168,3.5948,0.8425108499637745,-48.133,46.806,11.111785374599684,-552.29,410.72,160.74413973581972,184.78441045568525,2.3761660765216135e-05,0.0017257276638556324,1.1611135480761994,5.306049946150158,0.9999999939628099,0.9999979122025087,0.9945269729614685,0.9990910462811089
1103,480,intermediate_unlabelled,0.2489626556016597,4,1287,-1.8403,7.0332e-05,1.840370332,-4.5419,4.126,1.7367787262073633,-28.546,32.207,10.163522417649684,-48.704,45.851,15.275070699300699,20.73245582391239,2.1821434876572256e-05,0.003021908301061726,1.7470107574533735,1.7580276029890989,0.9999999995679806,0.999998498269175,0.985116186561514,0.9963013182406468
1103,480,intermediate_unlabelled,0.2489626556016597,5,1287,-1.4893,1.6715,3.1608,-7.0778,7.7726,3.04877572175804,-61.855,67.282,19.643388436375737,-20.939,25.103,9.283057066045068,11.540971589257511,2.706235351584372e-05,0.0030869588156212154,2.128734994567534,0.7028395157672294,0.9999999997829616,0.999999499329646,0.9941109090448947,0.9977312422341599
1103,480,intermediate_unlabelled,0.2489626556016597,6,1287,-0.029793,2.8472,2.876993,-6.3805,7.0193,2.744013306559975,-55.02,45.048,14.030834907765234,-8.7474,9.0842,3.7419130427350424,4.229977776882547,3.0520358478088914e-05,0.0052091436642266115,3.902446657885473,0.2812103269792797,0.9999999996882895,0.9999981818288307,0.9605424225842675,0.9974610199804459
1103,481,intermediate_unlabelled,0.2494813278008298,1,1286,-0.25019,1.5708,1.82099,-5.1121,3.2686,1.403463329853353,-34.459,35.146,10.549118363432317,-244.6,224.26,46.72750465007776,70.93647304964998,8.523201324337285e-06,0.0010769580141554568,0.5083561075723516,2.9669561057452607,0.9999999997610794,0.999999698981485,0.9988383414489949,0.9991099532854876
1103,481,intermediate_unlabelled,0.2494813278008298,2,1286,-1.0214,-0.38277,0.63863,-3.6967,3.5259,0.9259192949712086,-42.659,42.896,10.216047573320242,-211.97,449.65,103.64728130637637,121.1184199383105,1.3297196303995708e-05,0.0008197962903428067,0.5159234361144176,2.0627661908242496,0.9999999987762812,0.9999996187075056,0.9987249079744747,0.9996705311870864
1103,481,intermediate_unlabelled,0.2494813278008298,3,1286,1.269,1.8166,0.5476000000000001,-3.7159,3.5938,0.8428376392574021,-48.536,46.996,11.123413495915711,-554.3,414.29,160.83738586314152,185.03573471408404,2.408415036080639e-05,0.0017597771284213008,1.2396365779746323,5.229708181191002,0.99999999379795,0.9999978301681638,0.9937721480258536,0.9991224770076408
1103,481,intermediate_unlabelled,0.2494813278008298,4,1286,-1.84,6.8984e-05,1.8400689840000002,-4.5425,4.1224,1.737425273417385,-27.781,33.025,10.165935248440585,-45.443,44.424,14.614480439346812,19.600398055449393,2.062041809579982e-05,0.0027489721723790287,1.7228441536731425,1.619274697539801,0.9999999996137716,0.9999987600400363,0.9855350454164825,0.9964591695353581
1103,481,intermediate_unlabelled,0.2494813278008298,5,1286,-1.4893,1.6715,3.1608,-7.0773,7.7728,3.049921065545034,-62.874,66.95,19.66629040126021,-20.824,24.645,9.121183120528771,11.305944183999163,2.740633888002877e-05,0.0031527313017011512,2.257857445822629,0.7106847743263122,0.9999999997772463,0.9999994775375199,0.993387831167016,0.9975553928674654
1103,481,intermediate_unlabelled,0.2494813278008298,6,1286,-0.029793,2.8472,2.876993,-6.3803,7.0259,2.7450353315579075,-46.033,46.109,14.038354140315121,-8.5053,8.9579,3.7072036174183522,4.160884785148947,2.9298143539847614e-05,0.005235850741495074,3.910903275726553,0.28217961031048155,0.999999999712599,0.9999981644788692,0.9604110138137388,0.9973493108476454
1103,482,intermediate_unlabelled,0.25,1,1286,-0.25019,1.5708,1.82099,-5.112,3.2683,1.4034685664241604,-34.554,35.051,10.550635646726596,-245.78,225.03,47.10002256609642,71.34877167851775,8.65549958531646e-06,0.0011581778527532602,0.5359118830863554,3.1384044254357715,0.9999999997536034,0.9999996501275511,0.9987092656604587,0.9990155489924025
1103,482,intermediate_unlabelled,0.25,2,1286,-1.0214,-0.38277,0.63863,-3.6969,3.5267,0.9259287643385101,-42.682,43.109,10.215203983631845,-208.88,448.52,103.78639034214616,121.22251012797004,1.2845597365096e-05,0.0008088933959461783,0.49166392825429206,1.9627705366293469,0.9999999988579894,0.9999996286870839,0.9988419663674802,0.9997013464391131
1103,482,intermediate_unlabelled,0.25,3,1286,1.269,1.8166,0.5476000000000001,-3.7155,3.5947,0.8428375249284444,-48.228,46.735,11.113693199062075,-552.75,411.5,160.94992219284603,185.01162531928705,2.410295692375953e-05,0.0017371667954282127,1.1457228099741235,5.263009396711399,0.9999999937881277,0.999997886287598,0.9946732857466801,0.9991083914429135
1103,482,intermediate_unlabelled,0.25,4,1286,-1.84,7.595e-05,1.8400759500000001,-4.5422,4.1254,1.7374321669042052,-27.71,32.136,10.156889481407962,-48.347,45.239,15.12738080482115,20.498649652129014,2.0863316274216503e-05,0.002773721112024409,1.667421389738494,1.6621050018808345,0.9999999996046198,0.9999987377896183,0.9864327250962323,0.9966117534321476
1103,482,intermediate_unlabelled,0.25,5,1286,-1.4893,1.6715,3.1608,-7.0777,7.7724,3.049935398797301,-62.187,66.595,19.6308982753495,-21.015,24.95,9.276188985225506,11.523217441027922,2.6743361290723536e-05,0.0030098643004956645,1.931968947772088,0.6884539549031576,0.9999999997878947,0.9999995251143047,0.9951456700624235,0.997811345336328
1103,482,intermediate_unlabelled,0.25,6,1286,-0.029792,2.8473,2.877092,-6.3807,7.026,2.745016979035005,-53.238,45.882,14.065875703818902,-8.0842,8.7053,3.6002458164852253,4.043883417541027,3.0001494793087527e-05,0.005186395445404555,4.006020325576881,0.2836686200306809,0.9999999996986292,0.9999981990583232,0.9585857394195187,0.9971698325502557
1103,483,intermediate_unlabelled,0.2505186721991701,1,1286,-0.25019,1.5708,1.82099,-5.1122,3.2686,1.4034675047814127,-34.601,35.122,10.55061058574429,-246.71,223.89,47.185746920684295,71.33189672720286,8.748677207351406e-06,0.001128950502872502,0.5328263868815419,3.051617097130894,0.9999999997482694,0.9999996683667367,0.9987240854059714,0.9990682729194098
1103,483,intermediate_unlabelled,0.2505186721991701,2,1286,-1.0214,-0.38277,0.63863,-3.6969,3.5261,0.9259162539633752,-42.919,43.204,10.215930649201212,-208.88,449.49,103.6758385614308,121.01077796091262,1.2945389956138236e-05,0.0008180394987571912,0.5082868093541179,2.0476612782660952,0.9999999988401752,0.9999996202233783,0.99876240577007,0.9996733443051087
1103,483,intermediate_unlabelled,0.2505186721991701,3,1286,1.2691,1.8166,0.5475000000000001,-3.7163,3.594,0.8428428338871746,-48.939,46.782,11.125307838986828,-552.29,411.5,161.02597874805596,185.07955795883274,2.4238786901629246e-05,0.0017169977561548903,1.2490065992277826,5.392068730378111,0.9999999937178057,0.9999979344051629,0.9936794548842558,0.9990637458198139
1103,483,intermediate_unlabelled,0.2505186721991701,4,1286,-1.84,7.3703e-05,1.840073703,-4.5438,4.1247,1.7374334582492077,-27.746,31.55,10.174924500012088,-47.022,44.832,15.000777212286158,20.275222343293112,2.0490824387792703e-05,0.0027862859706932184,1.7741389252429258,1.6839950302698188,0.9999999996186105,0.9999987257010544,0.9846813804268267,0.9964425534075014
1103,483,intermediate_unlabelled,0.2505186721991701,5,1286,-1.4893,1.6715,3.1608,-7.0775,7.773,3.0499307910033435,-61.097,66.619,19.652323361344724,-20.977,25.103,9.259961591757387,11.515531542538357,2.7022451007304453e-05,0.003059826818887394,2.138730068449611,0.6791911288540572,0.9999999997834448,0.9999995088247017,0.9940607352255713,0.9978620095197157
1103,483,intermediate_unlabelled,0.2505186721991701,6,1286,-0.029793,2.8472,2.876993,-6.3787,7.0232,2.744954305079643,-51.266,44.479,14.018823527718743,-8.2947,8.4421,3.5570182216174184,3.991095934729046,3.028000300330062e-05,0.0052262935412658055,3.8477269453892404,0.2805431750746938,0.9999999996930057,0.9999981709776888,0.9615960865187984,0.9971438547777168
1103,484,intermediate_unlabelled,0.2510373443983402,1,1286,-0.25019,1.5708,1.82099,-5.112,3.2686,1.4034715697784552,-34.672,35.122,10.551456157209527,-245.0,224.62,47.05221936236392,71.28745213977481,8.710537493563491e-06,0.0011550395896294014,0.545178838809698,3.1350207503611713,0.9999999997504602,0.9999996524901276,0.9986644092428927,0.9990160615358595
1103,484,intermediate_unlabelled,0.2510373443983402,2,1286,-1.0214,-0.38277,0.63863,-3.6967,3.5277,0.9259294489966932,-42.825,43.038,10.216839233319282,-208.11,448.52,103.85463511664076,121.20047599550011,1.2762499659487976e-05,0.0007598447792842739,0.5161513603166907,1.928173347474476,0.9999999988727131,0.9999996737391084,0.9987239797075625,0.9997110025568501
1103,484,intermediate_unlabelled,0.2510373443983402,3,1286,1.269,1.8166,0.5476000000000001,-3.7153,3.5944,0.8428506413592384,-48.015,46.782,11.125754473012316,-549.65,409.95,161.5234380326594,185.55513133114434,2.4961336068151264e-05,0.001699501561763114,1.2480638083965887,5.227944531120251,0.9999999933377478,0.9999979775008919,0.9936895456210447,0.999122616602819
1103,484,intermediate_unlabelled,0.2510373443983402,4,1286,-1.84,6.1794e-05,1.8400617940000001,-4.5434,4.1254,1.7374322520656071,-27.888,31.923,10.173817042662215,-46.513,43.966,14.806462776049768,20.044017736163635,2.025355395280655e-05,0.002607205265561323,1.7676701231599483,1.6045627216397236,0.9999999996273926,0.9999988857066924,0.9847904139844009,0.9966955985114941
1103,484,intermediate_unlabelled,0.2510373443983402,5,1286,-1.4893,1.6715,3.1608,-7.0785,7.7714,3.049933275812731,-63.04,65.647,19.650715854320097,-21.168,25.18,9.315563238724728,11.530933685174194,2.6579830655660013e-05,0.003095175280539097,2.1229597495642794,0.6872107812652299,0.9999999997904808,0.9999994971368821,0.9941473079528552,0.9978268150657319
1103,484,intermediate_unlabelled,0.2510373443983402,6,1286,-0.029794,2.8473,2.877094,-6.3816,7.0241,2.7449473124040784,-53.352,48.195,14.068356967077344,-7.8842,8.3158,3.4820495069984445,3.8939959110591618,2.9007406790900117e-05,0.0050184455129235785,4.0206690350505685,0.2762593414698489,0.9999999997182646,0.9999983144042683,0.9582907343799152,0.9970850884754964
1103,962,intermediate_unlabelled,0.4989626556016597,1,1286,-0.25019,1.5708,1.82099,-5.1122,3.2688,1.4034814053929734,-34.459,35.241,10.550395723772972,-248.46,225.03,47.20901975894246,71.45090149679416,8.646921812950909e-06,0.0011357767836602877,0.5256327641942565,3.128980419841136,0.9999999997540947,0.9999996642700444,0.9987582778990209,0.9990235355952662
1103,962,intermediate_unlabelled,0.4989626556016597,2,1286,-1.0214,-0.38277,0.63863,-3.6968,3.5262,0.9259333534211261,-42.825,42.872,10.216649317030711,-208.72,449.08,103.8754450466563,121.19560136374129,1.2719597646205892e-05,0.0007872232144820963,0.5094613105755982,1.879168062443068,0.9999999988802795,0.9999996489904208,0.9987568340046586,0.9997253262616221
1103,962,intermediate_unlabelled,0.4989626556016597,3,1286,1.2691,1.8166,0.5475000000000001,-3.7165,3.595,0.8428330450015862,-48.607,46.853,11.123169246777925,-539.87,409.95,160.00853209175742,183.90445428194388,2.4040002962928863e-05,0.0016806176743915367,1.2291467945673582,5.207233988622345,0.9999999938204363,0.9999980246843108,0.9938770232869508,0.9991112080448975
1103,962,intermediate_unlabelled,0.4989626556016597,4,1286,-1.84,6.8759e-05,1.840068759,-4.5398,4.1261,1.737425133849427,-29.452,31.674,10.211550960506065,-47.583,45.596,14.78934481726283,19.75804134503969,2.1831937072403954e-05,0.0031051004944733242,1.9735012987916374,1.8610883514878447,0.9999999995670535,0.9999984146997178,0.9811473646318186,0.9953676869680943
1103,962,intermediate_unlabelled,0.4989626556016597,5,1286,-1.4893,1.6715,3.1608,-7.0771,7.7722,3.0499671611749575,-64.367,64.581,19.654285620903284,-21.015,26.441,9.352225843701401,11.669170744324648,2.6875796194089977e-05,0.0030667878871551784,2.150707390800829,0.6809653915256149,0.99999999978579,0.9999995065564636,0.9939950376583487,0.997924916880355
1103,962,intermediate_unlabelled,0.4989626556016597,6,1286,-0.029792,2.8472,2.876992,-6.3806,7.0262,2.7449576155997897,-50.053,47.057,14.02377167608501,-7.8526,8.3053,3.416442892690513,3.8596490216416783,2.895564185401757e-05,0.004964572431360631,3.862988164992535,0.27499936095262084,0.9999999997192712,0.9999983509125343,0.9613125536124825,0.9970913901258437
1103,963,intermediate_unlabelled,0.4994813278008299,1,1286,-0.25019,1.5708,1.82099,-5.1121,3.2688,1.4034796929254918,-34.506,35.028,10.551152646239105,-248.83,224.26,47.08858573872473,71.45358178637832,8.883083875098228e-06,0.0011589097399050284,0.5395764845198958,3.174182246082756,0.9999999997404775,0.9999996498632229,0.9986916634929689,0.9989958113975596
1103,963,intermediate_unlabelled,0.4994813278008299,2,1286,-1.0214,-0.38277,0.63863,-3.697,3.5261,0.9259308406427449,-42.73,43.156,10.216092308647532,-208.31,448.88,103.79221731726282,121.14214533979354,1.2723296697033241e-05,0.000784760599020215,0.5025515310078846,1.9214509006829195,0.9999999988796299,0.9999996513704122,0.9987902427228048,0.9997129064351272
1103,963,intermediate_unlabelled,0.4994813278008299,3,1286,1.2691,1.8166,0.5475000000000001,-3.7165,3.5944,0.8428153958636394,-48.418,47.138,11.122715663835024,-539.4,412.27,159.66161694401242,183.5433096217894,2.3944197453586796e-05,0.0016747783169501638,1.2305205378426802,5.216569908845616,0.9999999938695778,0.9999980375492433,0.9938628546374807,0.9991054380939658
1103,963,intermediate_unlabelled,0.4994813278008299,4,1286,-1.84,6.7411e-05,1.8400674110000002,-4.542,4.1257,1.7374267980043583,-29.292,32.847,10.2165494610282,-48.551,47.175,14.813978930793157,19.813457071581556,2.20970427624562e-05,0.0031079198002956646,1.9992321960308135,1.8718744418300617,0.999999999556474,0.9999984118439406,0.9806667721370459,0.9953416367434434
1103,963,intermediate_unlabelled,0.4994813278008299,5,1286,-1.4893,1.6715,3.1608,-7.0773,7.7721,3.0499657060033316,-63.443,65.126,19.655145125169675,-20.9,26.173,9.33965120762053,11.654496640107501,2.701914757450303e-05,0.0031229478677841857,2.160628452788416,0.6835940025035536,0.9999999997834985,0.9999994875618626,0.9939398677023087,0.997901014336938
1103,963,intermediate_unlabelled,0.4994813278008299,6,1286,-0.029791,2.8473,2.877091,-6.3814,7.0257,2.745004636989695,-50.963,46.754,14.054523438034874,-7.8737,8.4842,3.407753623639191,3.8746933630744294,2.9609437876705527e-05,0.005120548056389087,3.972451624498303,0.2752838713038466,0.999999999706452,0.9999982448668976,0.9592243768933421,0.9971305283619719
1103,964,intermediate_unlabelled,0.5,1,1286,-0.25019,1.5708,1.82099,-5.112,3.2689,1.4034787160453046,-34.459,35.028,10.551608436069891,-248.62,224.83,47.28031387247278,71.46538443953905,8.887562278771108e-06,0.0011644726164591283,0.5495235822816779,3.205332016072313,0.999999999740215,0.9999996464004484,0.9986430612092521,0.9989755810179459
1103,964,intermediate_unlabelled,0.5,2,1286,-1.0214,-0.38277,0.63863,-3.697,3.5261,0.9259332319704374,-42.635,43.275,10.215925027455375,-209.49,449.86,103.68598583981337,121.0133822073273,1.3022731789867039e-05,0.0007781465692886241,0.4979060064818603,1.9144182201805957,0.9999999988262737,0.9999996573199613,0.9988125040503317,0.9997142905151476
1103,964,intermediate_unlabelled,0.5,3,1286,1.2691,1.8166,0.5475000000000001,-3.7159,3.5947,0.8428231185932764,-48.655,47.067,11.11010318193418,-537.85,410.26,159.71055025660962,183.6099046015904,2.36881045006722e-05,0.0017054830015799834,1.109411350972261,5.247179364872917,0.9999999940000528,0.9999979628347878,0.9950032622786129,0.9990957431240912
1103,964,intermediate_unlabelled,0.5,4,1286,-1.84,6.8759e-05,1.840068759,-4.5382,4.1272,1.7374267264891927,-28.83,32.936,10.192479639308397,-49.672,46.411,14.88627964230171,19.878300968506817,2.1914288759570224e-05,0.0031668002396029516,1.8714928517694596,1.888084699029792,0.9999999995637813,0.9999983503200707,0.9829983428057517,0.9952908618083582
1103,964,intermediate_unlabelled,0.5,5,1286,-1.4893,1.6715,3.1608,-7.0773,7.7713,3.0499686119082856,-63.751,64.509,19.63646758821917,-20.9,26.173,9.353143400466562,11.678388837391754,2.6918116078818885e-05,0.003058907629643083,1.9826492137757932,0.6793818415827992,0.9999999997851151,0.9999995090328092,0.9948898967038114,0.9979389757047129
1103,964,intermediate_unlabelled,0.5,6,1286,-0.029792,2.8473,2.877092,-6.382,7.0253,2.744997227907232,-51.38,46.451,14.026989700495225,-8.0842,8.6526,3.4212751726283046,3.912249497956254,2.961022136888504e-05,0.005211397738348094,3.8759578004836537,0.2773114193507193,0.9999999997064395,0.9999981818961053,0.9610652970631903,0.9971515257021358
1103,965,intermediate_unlabelled,0.5005186721991701,1,1286,-0.25019,1.5708,1.82099,-5.1123,3.2685,1.4034680746475587,-34.151,35.265,10.550173017959947,-243.82,222.71,46.452328172628306,70.73630604189256,8.465521659301577e-06,0.0010668504911137734,0.524137336564461,2.9091557314994367,0.9999999997643012,0.9999997053703944,0.9987652841852435,0.999139776933385
1103,965,intermediate_unlabelled,0.5005186721991701,2,1286,-1.0214,-0.38277,0.63863,-3.6967,3.5257,0.9259194163077206,-42.754,42.896,10.215897642805931,-208.88,447.74,104.16739618973561,121.3623227980455,1.3257091704376598e-05,0.0008419129855902556,0.5050472684239491,2.0132644132783284,0.9999999987836407,0.9999995969566947,0.998778139175487,0.9996835225580083
1103,965,intermediate_unlabelled,0.5005186721991701,3,1286,1.269,1.8166,0.5476000000000001,-3.7169,3.5939,0.8428357127592362,-48.536,47.801,11.110192228385419,-540.18,415.07,158.61721951010884,182.75847859714668,2.350798086028521e-05,0.001730168731636001,1.1158881545029533,5.129905885854352,0.9999999940912094,0.999997906075709,0.9949445308779206,0.9991400325251807
1103,965,intermediate_unlabelled,0.5005186721991701,4,1286,-1.84,5.2131e-05,1.840052131,-4.5394,4.1212,1.7374081127104752,-27.675,32.314,10.160644293033839,-43.405,41.622,13.713196629082427,17.99986339299184,1.9887142502214142e-05,0.0024868697121325878,1.6931227548127383,1.5505944607054585,0.9999999996407509,0.9999989876905894,0.9860186727675618,0.9960935057731507
1103,965,intermediate_unlabelled,0.5005186721991701,5,1286,-1.4893,1.6714,3.1607000000000003,-7.0766,7.7726,3.0499257990228026,-63.585,65.789,19.640637716680885,-21.13,24.721,9.134225476671851,11.289039086747852,2.6673659632560213e-05,0.00312365234808655,2.0216861103414505,0.697757470854859,0.9999999997889979,0.9999994874494111,0.9946883926345462,0.9976528156459341
1103,965,intermediate_unlabelled,0.5005186721991701,6,1286,-0.029792,2.8473,2.877092,-6.3804,7.028,2.7448827242180083,-43.872,46.602,14.03986765755747,-7.3684,8.0842,3.323590632970451,3.727795100948813,2.833217129054334e-05,0.00494355563852758,3.9285197388913904,0.2781041260881896,0.9999999997312248,0.9999983647635354,0.9600549042532215,0.9967928631249282
1103,966,intermediate_unlabelled,0.5010373443983402,1,1286,-0.25019,1.5708,1.82099,-5.1118,3.2687,1.4034770281856757,-34.53,35.146,10.550739201708012,-246.71,223.69,47.15694435458787,71.3671398556094,8.66005467406874e-06,0.0011364281154666285,0.5321097977309911,3.0869564392234468,0.9999999997533431,0.9999996639757496,0.9987275489392665,0.9990473496829784
1103,966,intermediate_unlabelled,0.5010373443983402,2,1286,-1.0214,-0.38277,0.63863,-3.6968,3.5262,0.9259211667705061,-42.848,42.99,10.216054374935581,-206.97,450.06,103.35299524105754,120.68189174169088,1.2914056991610252e-05,0.0008091616025531393,0.5073546814593145,1.9567491488865496,0.9999999988457802,0.9999996284282123,0.9987669667111485,0.9997007408814427
1103,966,intermediate_unlabelled,0.5010373443983402,3,1286,1.2691,1.8166,0.5475000000000001,-3.7162,3.594,0.842818179472907,-48.015,47.162,11.122731140648847,-541.73,409.17,159.88718430793156,183.75319555275132,2.3771995561413124e-05,0.0016680805960144931,1.2300392881650972,5.237790555384119,0.999999993957418,0.9999980524678699,0.9938676803682156,0.9990987985353219
1103,966,intermediate_unlabelled,0.5010373443983402,4,1286,-1.84,7.0332e-05,1.840070332,-4.54,4.1267,1.7374222550062917,-29.47,32.829,10.198195589734635,-46.207,43.202,14.573445291601868,19.37812963417891,2.1067339788650186e-05,0.0029502263471109427,1.903367746415755,1.7818769866481403,0.9999999995968463,0.9999985698324798,0.9824289137410384,0.9955764638210922
1103,966,intermediate_unlabelled,0.5010373443983402,5,1286,-1.4893,1.6715,3.1608,-7.0776,7.7721,3.0499556536017236,-63.609,64.723,19.652045973800902,-21.053,25.638,9.353049810264386,11.622200718101224,2.688974466163663e-05,0.003060253955940712,2.1306851360713672,0.6843516925040154,0.9999999997855678,0.9999995085468404,0.9941053120151204,0.9978827886921632
1103,966,intermediate_unlabelled,0.5010373443983402,6,1286,-0.029791,2.8472,2.876991,-6.3807,7.0251,2.744928837410399,-50.963,46.489,14.067269612176073,-7.6526,8.3158,3.3704697223950237,3.7875686936796407,2.9469675043736985e-05,0.005220635216586468,4.023771512032973,0.2830287731031449,0.9999999997092115,0.9999981748236997,0.958218338014297,0.9967789383752531
1103,1444,intermediate_unlabelled,0.7489626556016598,1,1286,-0.25019,1.5708,1.82099,-5.1121,3.2686,1.4034766667910914,-34.696,35.051,10.551957150533704,-246.35,224.05,46.35029262830482,71.19725198381035,9.006631007732034e-06,0.0011498821072095998,0.551072407460775,3.1694724356286046,0.9999999997332071,0.9999996559453809,0.9986354842378785,0.9989936926133438
1103,1444,intermediate_unlabelled,0.7489626556016598,2,1286,-1.0214,-0.38277,0.63863,-3.6971,3.5261,0.9259106671136104,-42.611,43.109,10.216440328606803,-206.6,448.52,103.97562524883358,121.05563849500803,1.2889833541637497e-05,0.0007861045647796118,0.5136694148834151,1.940775211738768,0.9999999988500973,0.9999996501780597,0.99873612909776,0.9997046084853094
1103,1444,intermediate_unlabelled,0.7489626556016598,3,1286,1.2691,1.8166,0.5475000000000001,-3.7162,3.5937,0.8428296287365086,-48.489,47.09,11.124048717415876,-537.85,406.07,159.12175786158633,182.932661083208,2.4021269898813337e-05,0.0016478355618786411,1.2298682053500436,5.2171739310581895,0.9999999938300511,0.9999980996273151,0.9938708753464088,0.9990987928434062
1103,1444,intermediate_unlabelled,0.7489626556016598,4,1286,-1.84,6.8535e-05,1.8400685350000001,-4.5434,4.1241,1.7374165052694823,-28.048,32.492,10.209501066476689,-45.239,43.915,14.156049055209953,18.803494390697022,2.174263025248513e-05,0.0031266839142263633,1.962246653786733,1.9195075804801538,0.9999999995705869,0.9999983918702894,0.9813562822496248,0.9945408415860596
1103,1444,intermediate_unlabelled,0.7489626556016598,5,1286,-1.4893,1.6715,3.1608,-7.0776,7.7715,3.050015291726346,-66.263,65.86,19.677247882333575,-21.13,26.976,9.478822811819596,11.853801023021976,2.6540740474566767e-05,0.0031408205469942783,2.34112227656916,0.7267930026093958,0.9999999997910982,0.9999994817332738,0.9928973070543153,0.9977288317641506
1103,1444,intermediate_unlabelled,0.7489626556016598,6,1286,-0.029791,2.8472,2.876991,-6.3833,7.0224,2.744971026181626,-51.456,45.427,14.064980820033547,-8.0105,8.4526,3.3252585800933128,3.820890696758486,2.9240112439954945e-05,0.005103736014212293,4.013864531016085,0.28489258927079364,0.9999999997137294,0.9999982562086017,0.9584144587962385,0.9968414920896543
1103,1445,intermediate_unlabelled,0.7494813278008299,1,1286,-0.25019,1.5708,1.82099,-5.112,3.2686,1.4034624039384538,-34.222,35.051,10.552026665649729,-242.32,221.78,45.629716446345256,70.59743867896893,9.023840258732581e-06,0.0011121667966395943,0.5498515312385048,2.9070619671975964,0.9999999997321821,0.9999996789245642,0.9986415441975135,0.999139961563078
1103,1445,intermediate_unlabelled,0.7494813278008299,2,1286,-1.0214,-0.38277,0.63863,-3.6972,3.5255,0.9258977460744946,-42.659,43.275,10.216274469994376,-205.63,445.63,104.51527110419906,121.51787146734776,1.3349050558454384e-05,0.0008419889508035637,0.5110061412467787,2.0158173709578273,0.9999999987666959,0.9999995967920332,0.9987491960117338,0.9996817295523897
1103,1445,intermediate_unlabelled,0.7494813278008299,3,1286,1.269,1.8166,0.5476000000000001,-3.7174,3.5926,0.8428320215469675,-49.437,47.683,11.121163226636996,-534.28,413.05,156.32292586314153,180.3331472505727,2.4295955673160772e-05,0.0016743633329722115,1.2167723833026365,4.991306551246132,0.9999999936884643,0.999998036946044,0.9939980262570267,0.9991669325203557
1103,1445,intermediate_unlabelled,0.7494813278008299,4,1286,-1.84,5.1682e-05,1.8400516820000001,-4.5413,4.1211,1.7374020376697328,-28.066,31.532,10.194481329369887,-41.164,39.381,13.169440338258164,17.195430606980988,2.046199001177184e-05,0.0024956750691820765,1.8864730559658416,1.6738331853999482,0.9999999996196806,0.9999989801248164,0.9827294847438273,0.9949922765113327
1103,1445,intermediate_unlabelled,0.7494813278008299,5,1286,-1.4893,1.6715,3.1608,-7.0789,7.7721,3.0499382999223816,-65.315,67.164,19.68098068381647,-21.359,25.256,9.171526008553656,11.33941678305003,2.65783584730227e-05,0.003133355987494615,2.383365237441603,0.7367693182444027,0.9999999997905031,0.9999994839437341,0.9926405034507695,0.9974137556851546
1103,1445,intermediate_unlabelled,0.7494813278008299,6,1286,-0.029793,2.8472,2.876993,-6.3824,7.0251,2.744808239743958,-47.057,44.972,14.039465976261539,-7.3895,7.5789,3.2072586018662523,3.565818208774085,2.858829200918887e-05,0.004981121718203791,3.9281286931966126,0.28269184163535843,0.9999999997263377,0.999998339614439,0.9600606875629244,0.9963342599547556
1103,1446,intermediate_unlabelled,0.75,1,1286,-0.25019,1.5708,1.82099,-5.1123,3.2687,1.4034766310151838,-34.601,35.051,10.551555667263367,-246.51,224.05,46.40278209175739,71.23687326010909,8.980237602965703e-06,0.0011456670809253272,0.5460806903538331,3.157660223981395,0.9999999997347694,0.9999996584753011,0.998660006561532,0.9990021800424658
1103,1446,intermediate_unlabelled,0.75,2,1286,-1.0214,-0.38277,0.63863,-3.6974,3.5262,0.9259096753149584,-42.73,43.085,10.216115591284916,-205.83,447.54,103.9520834992224,121.06485758000326,1.2835798599822824e-05,0.0007950820429290068,0.5101443379091699,1.911496309434566,0.9999999988597198,0.9999996417903128,0.9987533787541751,0.9997138152260275
1103,1446,intermediate_unlabelled,0.75,3,1286,1.2691,1.8166,0.5475000000000001,-3.7162,3.5934,0.8428242533636775,-48.607,47.043,11.123936619626575,-536.61,410.72,158.8961574727838,182.7070331349963,2.3646766232674163e-05,0.0016808531557474223,1.231083712995377,5.122502763777414,0.9999999940209533,0.9999980229321984,0.9938585421605932,0.9991304132814255
1103,1446,intermediate_unlabelled,0.75,4,1286,-1.84,7.3703e-05,1.840073703,-4.5443,4.1254,1.7374171033853394,-28.955,32.581,10.217953705872484,-46.921,44.22,14.268875093312596,18.950110590125444,2.2089730850448027e-05,0.0032276860547737376,2.0047543610556002,1.9559225514860512,0.999999999556767,0.9999982858872757,0.98056417494603,0.9944207937005898
1103,1446,intermediate_unlabelled,0.75,5,1286,-1.4893,1.6715,3.1608,-7.0781,7.7707,3.0500134293508436,-64.96,65.339,19.66392393152828,-21.015,26.67,9.475453789269052,11.857243937178454,2.6621016212416248e-05,0.003113248274511202,2.22803128606052,0.706431943060126,0.9999999997898329,0.9999994907006443,0.9935603972094648,0.9978506833665421
1103,1446,intermediate_unlabelled,0.75,6,1286,-0.029792,2.8473,2.877092,-6.3815,7.0226,2.744990618259099,-53.238,46.071,14.026970118447771,-7.9053,8.3158,3.394803561430793,3.870751969487531,2.9179680606220027e-05,0.004846952705589815,3.8779253395283195,0.27103943373276684,0.9999999997149113,0.9999984282319397,0.961024844987314,0.9971982200630899
1103,1447,intermediate_unlabelled,0.7505186721991701,1,1286,-0.25019,1.5708,1.82099,-5.1122,3.2685,1.4034659107681517,-34.364,35.051,10.550281375069602,-243.46,222.14,45.7692816407465,70.65795262105493,8.638065430700955e-06,0.0010800243217455841,0.5214436966502013,2.846200340358683,0.9999999997545947,0.9999996979641159,0.9987779750669221,0.9991766229150826
1103,1447,intermediate_unlabelled,0.7505186721991701,2,1286,-1.0214,-0.38277,0.63863,-3.697,3.5257,0.9259053363357749,-42.682,43.227,10.216239875061104,-206.2,446.2,104.66076785381026,121.68988360207514,1.3340575614305236e-05,0.0008301971251326969,0.5134733434029161,2.0258391807715075,0.9999999987682632,0.9999996082679544,0.9987370679726629,0.9996796395699596
1103,1447,intermediate_unlabelled,0.7505186721991701,3,1286,1.269,1.8167,0.5477000000000001,-3.7158,3.5928,0.8428279508104575,-49.129,47.967,11.121133743649189,-535.06,412.74,157.25632046656298,181.19506507676485,2.412072106738356e-05,0.0016830831828868558,1.2163651444949424,4.977987463200623,0.9999999937791783,0.999998015951805,0.9940020593878844,0.9991748823617939
1103,1447,intermediate_unlabelled,0.7505186721991701,4,1286,-1.84,5.1907e-05,1.840051907,-4.5386,4.1219,1.7374019023526401,-28.03,32.136,10.189827320724334,-42.336,39.686,13.235709094090199,17.289153699347132,2.0835611012814776e-05,0.0025879168918864497,1.860250568522853,1.7019456341266033,0.9999999996056645,0.9999989023038408,0.9831948878098353,0.9948800417225007
1103,1447,intermediate_unlabelled,0.7505186721991701,5,1286,-1.4893,1.6715,3.1608,-7.0792,7.772,3.0499552928150986,-64.367,66.666,19.66703353131105,-21.206,25.6,9.237864943234836,11.430180114228248,2.659718740897008e-05,0.0031084373148811775,2.260063482417183,0.7040149204756859,0.9999999997902066,0.9999994923167137,0.9933753580266448,0.9976787742141006
1103,1447,intermediate_unlabelled,0.7505186721991701,6,1286,-0.029792,2.8473,2.877092,-6.3815,7.0247,2.7448626304961126,-51.228,46.261,14.07050950334693,-7.4211,8.0316,3.232756279160187,3.6451917731368133,2.885658285773013e-05,0.005120710029336704,4.037382508549698,0.28152990881283774,0.999999999721181,0.9999982444963056,0.9579487721453264,0.996580287065202
1103,1448,intermediate_unlabelled,0.7510373443983402,1,1286,-0.25019,1.5708,1.82099,-5.1123,3.2684,1.4034779384774025,-34.506,34.98,10.55043414560644,-246.71,224.46,46.610103514774494,71.33060013471123,8.668910942050877e-06,0.0011409992704433524,0.5256280345518584,3.0984033905885435,0.9999999997528392,0.9999996614935841,0.9987583069302303,0.9990411281142889
1103,1448,intermediate_unlabelled,0.7510373443983402,2,1286,-1.0214,-0.38277,0.63863,-3.6969,3.5262,0.9259195653931317,-42.611,43.275,10.215304408123112,-206.4,447.17,104.12997138413685,121.23552895306709,1.2998268009205633e-05,0.0007681124599286462,0.4911830267837229,1.881898961614233,0.9999999988306703,0.9999996659342302,0.9988442538065198,0.9997228136473704
1103,1448,intermediate_unlabelled,0.7510373443983402,3,1286,1.2691,1.8166,0.5475000000000001,-3.7157,3.5946,0.8428240614190897,-47.825,47.019,11.11053624467,-537.39,409.95,159.16024745723175,182.8895269053921,2.3924073364329284e-05,0.0016580239959134565,1.1058296127397644,5.1815855058317375,0.9999999938798801,0.9999980741134857,0.9950359466277428,0.9991102645931895
1103,1448,intermediate_unlabelled,0.7510373443983402,4,1286,-1.84,7.0108e-05,1.8400701080000001,-4.5455,4.1264,1.737416256408618,-28.617,32.652,10.207842740729024,-45.953,44.119,14.22193666407465,18.92092579556574,2.2096887224604565e-05,0.0033986765763092948,1.9530694793430652,1.980953205619883,0.9999999995564799,0.999998098555655,0.9815258191612053,0.9942580741549752
1103,1448,intermediate_unlabelled,0.7510373443983402,5,1286,-1.4893,1.6715,3.1608,-7.0778,7.7708,3.0500134022323633,-64.865,66.287,19.64802459826242,-20.939,26.67,9.468130457231727,11.875948853549946,2.6612313262592457e-05,0.0030785939825604958,2.085600996240551,0.7139991595038897,0.9999999997899698,0.9999995024880964,0.9943505091822026,0.9978057373544552
1103,1448,intermediate_unlabelled,0.7510373443983402,6,1286,-0.029793,2.8473,2.8770930000000003,-6.3843,7.0224,2.745008526282113,-47.285,47.247,14.064452314412806,-8.0211,8.7158,3.354408367029549,3.867963869193596,2.91863770042887e-05,0.00504083064737747,4.012316218739805,0.2808177864609472,0.9999999997147817,0.9999982992628293,0.9584440414339129,0.9970168796819071
1103,1924,faulty_evident,0.9979253112033196,1,1291,-0.25019,1.5708,1.82099,-5.1113,3.2687,1.4007697105328454,-34.222,35.122,10.533094627214819,-243.82,221.17,46.60409867544539,71.22816609172592,8.817108457690724e-06,0.0011731462778119279,0.5699803899724049,3.0674943059017425,0.9999999997484954,0.9999996400239782,0.9985349277765925,0.999057999381802
1103,1924,faulty_evident,0.9979253112033196,2,1291,-1.0215,-0.3828,0.6387,-3.7064,3.5211,0.9240772392626951,-42.09,42.801,10.198881275508114,-207.38,437.17,105.21859191324556,121.51013197766468,1.3947737534193773e-05,0.0011304557335400566,0.5450592363351164,2.8097611630513204,0.9999999986556163,0.9999992623562611,0.9985719611420947,0.999379505042063
1103,1924,faulty_evident,0.9979253112033196,3,1291,1.2691,1.8166,0.5475000000000001,-3.7477,3.6459,0.8424679265288211,-50.882,52.565,11.220251246039206,-704.56,727.53,179.79447539891558,212.39772309208885,2.973472719416139e-05,0.0029341746956771443,1.4488667608681745,9.168050850764848,0.9999999905575637,0.9999939431012365,0.991630100400011,0.9980835371982676
1103,1924,faulty_evident,0.9979253112033196,4,1291,-1.8403,3.7076e-05,1.840337076,-4.5426,4.1216,1.7340656688934564,-27.87,31.354,10.168351029934964,-40.96,38.005,13.182909957397365,17.21319519745513,2.0174273772666237e-05,0.002428949422456352,1.8757449849764511,1.624533243299121,0.9999999996310027,0.9999990304806811,0.9828384493655897,0.9952821014396194
1103,1924,faulty_evident,0.9979253112033196,5,1291,-1.4893,1.672,3.1612999999999998,-7.0713,7.7778,3.044136692943555,-67.116,66.998,19.686477385526807,-23.766,32.019,9.54780515569326,11.81835905117021,4.5662343260851815e-05,0.006547300379889683,2.6969719842719426,1.1522348277426526,0.9999999993826755,0.9999976985923483,0.9905723968764752,0.9943234690078182
1103,1924,faulty_evident,0.9979253112033196,6,1291,-0.029793,2.8472,2.876993,-6.3806,7.0193,2.7393741659086053,-48.953,45.01,14.076105981354505,-6.7368,7.1789,3.1318602571649885,3.4054333454432375,2.8687846444610954e-05,0.0048442917977935705,4.1407659826495795,0.28272739589193846,0.9999999997243262,0.9999984239414303,0.9557531688212534,0.9958747554104215
1103,1925,faulty_evident,0.9984439834024896,1,1287,-0.25019,1.5708,1.82099,-5.1112,3.2694,1.40292929115411,-34.269,35.122,10.549954959451421,-244.43,220.6,45.69637912198912,71.01362138873476,8.913110056971933e-06,0.0011608141579906397,0.5691750758688431,3.0153429735311876,0.9999999997385468,0.9999996488828282,0.9985437361251378,0.9990865989922759
1103,1925,faulty_evident,0.9984439834024896,2,1287,-1.0214,-0.3828,0.6386000000000001,-3.7067,3.5213,0.9254928574409595,-42.256,42.706,10.214728841020321,-207.17,436.23,105.21745414141414,121.48760453256885,1.430103839346318e-05,0.0011496482891423356,0.5372316825876304,2.8053512081248377,0.9999999985838415,0.9999992388566659,0.9986170649567562,0.9993829570222822
1103,1925,faulty_evident,0.9984439834024896,3,1287,1.2691,1.8166,0.5475000000000001,-3.7471,3.6512,0.8437867516192574,-51.546,51.333,11.239210150982602,-711.08,749.89,179.4561615073815,212.59842857227522,2.9354518674422826e-05,0.0029405967080545262,1.406929267878969,9.393484585415685,0.9999999907842889,0.9999939367175986,0.9921364156898413,0.9980195923284714
1103,1925,faulty_evident,0.9984439834024896,4,1287,-1.84,3.8649e-05,1.840038649,-4.5426,4.1229,1.7367317477730397,-28.155,31.514,10.172820762368072,-41.062,38.158,13.233783663558663,17.25873760358862,1.9670540749583664e-05,0.0023916514061864793,1.780161586635086,1.5909454816857496,0.999999999648479,0.9999990635388141,0.9845699494038688,0.9955004468409978
1103,1925,faulty_evident,0.9984439834024896,5,1287,-1.4893,1.6714,3.1607000000000003,-7.0741,7.7748,3.0487281012745817,-67.685,67.045,19.712376348558028,-24.186,33.089,9.531061815073814,11.798750303455074,4.6834500467801654e-05,0.006672260341060981,2.4780148580063157,1.1541224829650352,0.9999999993490442,0.9999976165639783,0.9920680892921995,0.9942775410064241
1103,1925,faulty_evident,0.9984439834024896,6,1287,-0.029793,2.8472,2.876993,-6.3796,7.0211,2.7436361900587776,-52.214,45.01,14.073221404976712,-7.0737,7.1158,3.177213187257187,3.452392187651165,2.897940282321294e-05,0.004930230402548591,4.065556356134411,0.28738230401310255,0.9999999997187972,0.9999983722414485,0.9573635219384394,0.9958458005664402
1103,1926,faulty_evident,0.9989626556016598,1,1290,-0.25019,1.5708,1.82099,-5.1112,3.2681,1.401277653361929,-34.293,35.051,10.536946241782983,-242.68,219.66,45.13462520930233,70.54319264337371,9.005664707174637e-06,0.0011329478601979793,0.5587553704894925,2.900596242557212,0.9999999997329636,0.999999665140951,0.9985931408349198,0.9991439774587705
1103,1926,faulty_evident,0.9989626556016598,2,1290,-1.0214,-0.3828,0.6386000000000001,-3.7029,3.5209,0.9244143394960612,-42.019,42.825,10.20223206448438,-215.8,435.46,105.54787964341087,121.88063429732019,1.4660087647471338e-05,0.0012243586549837543,0.5592664424209856,2.9655634966469813,0.999999998513216,0.9999991330858692,0.9984974659026964,0.9993138189830802
1103,1926,faulty_evident,0.9989626556016598,3,1290,1.2691,1.8166,0.5475000000000001,-3.752,3.677,0.8433493116656806,-50.953,50.314,11.24114179498444,-768.2,849.23,176.15567278294574,212.1820199119688,3.064561195704906e-05,0.0031261946099637636,1.309777180706479,9.332332822328613,0.999999989963798,0.9999931370889837,0.9931916158517505,0.9981359205065978
1103,1926,faulty_evident,0.9989626556016598,4,1290,-1.84,3.5054e-05,1.8400350540000001,-4.5412,4.1212,1.7346978570559215,-29.914,31.123,10.211874859608919,-39.126,36.732,12.767834616279071,16.59083287722138,2.0176722951434186e-05,0.002528874078446541,2.048931516399534,1.8556810597138862,0.999999999629993,0.9999989493758061,0.9796647044779468,0.9933366578249954
1103,1926,faulty_evident,0.9989626556016598,5,1290,-1.4893,1.6714,3.1607000000000003,-7.0748,7.7797,3.0452319393938887,-60.22,68.562,19.701779450071196,-27.205,32.096,9.324733367441862,11.50155737583936,4.982256920485459e-05,0.007215232896524688,2.709363558386574,1.233082583106915,0.999999999264007,0.9999972046173444,0.9905001945882559,0.9930721119825864
1103,1926,faulty_evident,0.9989626556016598,6,1290,-0.029796,2.8471,2.8768960000000003,-6.3804,7.0218,2.7403381057697938,-48.574,46.033,14.080502265774225,-6.4211,7.0526,3.0443334899224803,3.2906804083991674,2.9244292406850838e-05,0.0048650808267282275,4.1470925592260075,0.29177963526822537,0.9999999997139516,0.9999984115858348,0.9556430715092489,0.9952711511486704
1103,1927,faulty_evident,0.99948132780083,1,1292,-0.2502,1.5708,1.821,-5.1112,3.2689,1.4002183364473584,-34.388,35.146,10.528622568261579,-244.43,220.8,45.648041671826626,70.87753453312143,8.874924829323954e-06,0.0011804575332953883,0.5692965487937236,3.0515309417832372,0.9999999997403065,0.9999996351513519,0.9985372010283947,0.9990606134086875
1103,1927,faulty_evident,0.99948132780083,2,1292,-1.0215,-0.3828,0.6387,-3.7067,3.5214,0.9237242013661887,-42.327,42.73,10.19387305664945,-210.06,438.51,104.90654193498453,121.34299142614545,1.4133565789036856e-05,0.0011450737189345746,0.5389129086341693,2.8654250829503707,0.9999999986201451,0.9999992418903842,0.9986026777703612,0.9993553874427574
1103,1927,faulty_evident,0.99948132780083,3,1292,1.2691,1.8166,0.5475000000000001,-3.7489,3.6552,0.8423055843191268,-50.811,50.598,11.224575344762817,-703.32,760.75,179.85407330495354,212.84167440213764,3.064068198405831e-05,0.0031241621612080922,1.475195207703156,9.50586392122607,0.9999999899728282,0.9999931304680173,0.9913285890790104,0.997973175364332
1103,1927,faulty_evident,0.99948132780083,4,1292,-1.8403,3.6627e-05,1.8403366270000001,-4.541,4.1233,1.7333923967779246,-27.515,31.621,10.169659204168292,-40.4,39.228,13.236981184210528,17.23247228812999,1.9869796500854786e-05,0.0024249971953108677,1.9034364276685927,1.6577145792680579,0.9999999996420038,0.9999990332082639,0.9823279814208398,0.9950880382953939
1103,1927,faulty_evident,0.99948132780083,5,1292,-1.4893,1.6719,3.1612,-7.0745,7.7782,3.0430463333644644,-66.595,66.05,19.655854019519733,-25.256,32.325,9.570278481424149,11.849590644827337,4.761480018986081e-05,0.006613745676759859,2.642777953851919,1.1551199042566627,0.9999999993292653,0.9999976492277719,0.9909209582494813,0.9943303037757395
1103,1927,faulty_evident,0.99948132780083,6,1292,-0.029793,2.8472,2.876993,-6.3801,7.0199,2.738303761908464,-50.432,44.327,14.064769587369671,-6.8,7.1158,3.1136970456656345,3.395359814613974,2.9383743623955093e-05,0.004936245935005368,4.1204109755455525,0.2837833956586332,0.9999999997115335,0.9999983616644554,0.9561247966126776,0.9958453613357104
1103,1928,faulty_evident,1.0,1,1287,-0.25019,1.5708,1.82099,-5.1114,3.2687,1.4029202374971745,-34.293,35.217,10.550259452994931,-244.43,220.03,45.38972815073815,70.70972090764162,9.192837747994837e-06,0.001131189961251473,0.5763499948619775,3.0085484094489736,0.999999999722083,0.9999996671313516,0.9985068457920001,0.999083273841518
1103,1928,faulty_evident,1.0,2,1287,-1.0214,-0.3828,0.6386000000000001,-3.7045,3.5211,0.9254929947603059,-41.971,42.564,10.214355987259577,-213.68,435.09,105.62941090909091,121.93134300536938,1.4715319790022495e-05,0.0011814791347799635,0.5406849041855807,2.869638277854164,0.9999999985017912,0.999999195353508,0.9985991069670843,0.999359531629205
1103,1928,faulty_evident,1.0,3,1287,1.2691,1.8166,0.5475000000000001,-3.7544,3.6692,0.8442105537637217,-53.015,50.669,11.26412041219788,-764.01,827.34,178.24815663558664,213.97625690001138,3.022271702653651e-05,0.0031849725920044384,1.3909934657734038,9.556500537869502,0.9999999902360593,0.9999928942056664,0.9923485285471481,0.9980547330598584
1103,1928,faulty_evident,1.0,4,1287,-1.84,3.6177e-05,1.840036177,-4.5419,4.1213,1.736722151497349,-28.368,31.514,10.209483682089616,-38.718,36.681,12.893343003108004,16.71305214822715,2.0156859586728028e-05,0.0025678232392715885,1.9790891246342308,1.7896766340099324,0.9999999996308847,0.9999989190015833,0.981031632832784,0.9938953625501371
1103,1928,faulty_evident,1.0,5,1287,-1.4893,1.6714,3.1607000000000003,-7.0726,7.7765,3.048692317810279,-61.286,69.06,19.738872802273686,-27.319,33.853,9.416946809634808,11.62783465094216,5.0373257355219445e-05,0.007221024832916673,2.661322216373901,1.2297473038965332,0.9999999992477921,0.9999972065306645,0.9908702600908319,0.9932944291752722
1103,1928,faulty_evident,1.0,6,1287,-0.029793,2.8471,2.8768930000000004,-6.3806,7.021,2.7435674921433186,-47.399,45.958,14.112298847029079,-6.6211,6.9895,3.1147103954933955,3.3741841087211895,2.9263638275568962e-05,0.005069698088627428,4.1995626133018975,0.2918978382476558,0.9999999997133967,0.9999982779194717,0.954696351886421,0.995521314944699
2000,0,training_healthy,0.0,1,244,0.89606,0.89606,0.0,-0.00029492,0.00037919,9.623506410918196e-05,-0.094797,0.1185,0.02818065840376467,11.146,18.061,13.836356557377048,13.999088938886434,1.9452678876525055e-15,9.623506410744478e-05,0.028180658403567854,0.24828510000850273,0.12321353050853069,0.01197514668866951,0.009582066861403052,0.9931746233341591
2000,0,training_healthy,0.0,2,244,-1.1148,-0.90677,0.20803000000000005,-8.4264e-05,1.6082,0.5203042075428168,-19.647,21.069,7.208757308712743,-81.397,396.49,138.18927008196724,157.4312995793035,1.338001231231231e-05,0.0011577488205930582,0.40046858699453597,1.8152232956811305,0.9999999860078265,0.9999968724912822,0.9984574585814507,0.9997786941748648
2000,0,training_healthy,0.0,3,244,0.86411,1.0476,0.18349000000000004,-1.6023,0.010364,0.48299431503647355,-25.998,18.533,7.620218631720239,-659.86,139.24,221.0228131147541,249.76000946694302,1.4771798620512882e-05,0.001771324287692,0.7769574952813121,3.7983775286563857,0.9999999810711736,0.9999916923966781,0.9947933401991245,0.9996055664286915
2000,0,training_healthy,0.0,4,244,3.1416,3.1416,0.0,-6.3198e-05,6.3198e-05,1.831830779127989e-05,-0.035549,0.035549,0.010049427540583723,1.5284,3.2605,2.3313696721311477,2.403520123437807,8.881784197001252e-15,1.831830779127989e-05,0.010049427540583723,0.0373073614529641,,,,0.9979609375563256
2000,0,training_healthy,0.0,5,244,0.97953,1.3707,0.39117,-4.2132e-05,2.9428,0.9647379933538731,-35.099,38.322,12.955012489720621,-5.12,13.832,3.553126434426229,4.193166948986182,2.07644896298096e-05,0.0017151267277433423,1.180758163480121,0.41468341513056106,0.9999999910396148,0.9999979854327907,0.9958392356376359,0.9885056563021131
2000,0,training_healthy,0.0,6,244,0.91565,0.92347,0.00782000000000005,-6.7411e-05,0.058648,0.01930403649055526,-0.91005,0.83421,0.2670480153330554,1.7263,2.3053,1.9464606557377047,1.9575073896600672,1.7398600597525874e-06,0.000130395720313148,0.07128366525887031,0.013344832654537593,0.9999998427778335,0.9999708878048906,0.9637160677198446,0.9979333860478105
2000,1,training_healthy,0.0006234413965087,1,244,0.89605,0.89606,9.99999999995449e-06,-0.00025279,0.00042132,9.75491756022168e-05,-0.1185,0.1185,0.029575642501855154,12.488,19.973,15.744389344262295,15.932138201642287,5.003783183658265e-07,0.00011501569136159399,0.029840549637716412,0.24675375097010346,0.9728859998890681,0.01856284560238128,0.007169876745055579,0.9948683444137812
2000,1,training_healthy,0.0006234413965087,2,244,-1.1148,-0.90677,0.20803000000000005,-4.2132e-05,1.6077,0.5203227494708365,-19.386,20.879,7.211617414463595,-83.308,399.38,139.2059004098361,158.22358778626656,1.330184709141742e-05,0.0012775837209480314,0.4238165385160291,1.907884687436697,0.9999999861709262,0.9999961882770201,0.998273546724348,0.9997560295103872
2000,1,training_healthy,0.0006234413965087,3,244,0.86411,1.0476,0.18349000000000004,-1.6045,0.01007,0.4832948307133193,-26.211,18.296,7.634954770414609,-655.67,146.69,212.14544836065573,244.05606417297648,1.449501763773857e-05,0.0017038121937229572,0.7551501061231275,3.975501656613165,0.9999999817818108,0.9999923254000999,0.995101569300599,0.9995904888930509
2000,1,training_healthy,0.0006234413965087,4,244,3.1416,3.1416,0.0,-6.3198e-05,6.3198e-05,1.8759776127461088e-05,-0.035549,0.035549,0.011715136266463285,-0.50945,0.15284,0.11107815573770492,0.14716385332691106,8.881784197001252e-15,1.8759776127461088e-05,0.011715136266463285,0.03897203456171294,,,,0.941504972355181
2000,1,training_healthy,0.0006234413965087,5,244,0.97952,1.3707,0.3911800000000001,-4.2132e-05,2.9439,0.9648641490526323,-34.53,37.303,12.939808970661772,-5.0818,14.137,3.603701098360656,4.364836741649494,1.9286555580060308e-05,0.0018350296923661706,0.9916356251143479,0.43182175314768895,0.9999999922706453,0.9999976944647307,0.9970605389563867,0.9912215714673066
2000,1,training_healthy,0.0006234413965087,6,244,0.91564,0.92347,0.007830000000000004,-6.7411e-05,0.058783,0.019307745082203485,-0.94797,0.91005,0.2712515954766253,-2.2211,-1.6,1.7881397540983608,1.797387316413721,1.8916209754090373e-06,0.00013665895172653485,0.08296675741950194,0.012728222032142744,0.9999998144097161,0.9999680397675798,0.9520747951417798,0.9975550748514362
2000,2,training_healthy,0.0012468827930174,1,244,0.89606,0.89606,0.0,-0.00033706,0.00037919,0.00012071436507655609,-0.1185,0.1422,0.03193330878392254,9.6,16.108,12.007128278688525,12.188661092190845,1.9452678876525055e-15,0.00012071436507619876,0.03193330878414966,0.24285385289340755,0.12321353050853069,0.0024744375807247932,-0.010923318228755705,0.9932659535485245
2000,2,training_healthy,0.0012468827930174,2,244,-1.1148,-0.90677,0.20803000000000005,-8.4264e-05,1.6081,0.5203143905798892,-19.362,21.069,7.213285217606719,-84.285,397.06,139.4502712704918,158.35509672939443,1.382458018429514e-05,0.0012388043818416872,0.4395357887114577,1.7905433285634484,0.9999999850618988,0.9999964178671314,0.998143514869246,0.9997871775726315
2000,2,training_healthy,0.0012468827930174,3,244,0.86411,1.0476,0.18349000000000004,-1.6037,0.010322,0.4829942277564283,-26.306,18.841,7.627452697531602,-660.63,151.81,222.39086188524587,250.93830601251156,1.547720819296984e-05,0.0017818328577831378,0.795434227832599,4.0526515473077325,0.9999999792180015,0.9999915933212428,0.9945518021658648,0.9995638384797833
2000,2,training_healthy,0.0012468827930174,4,244,3.1416,3.1416,0.0,-6.3198e-05,0.0001264,2.683720345182698e-05,-0.035549,0.035549,0.013463580258803598,1.1208,3.0567,1.9901963114754098,2.1110668351376356,8.881784197001252e-15,2.683720345182698e-05,0.013463580258803598,0.034378212414486936,,,,0.9988072555306443
2000,2,training_healthy,0.0012468827930174,5,244,0.97953,1.3707,0.39117,-4.2132e-05,2.9439,0.9647532507948821,-34.791,38.014,12.956505160838049,-5.5403,13.297,3.6005770901639345,4.184156071098967,2.0834075064967372e-05,0.0018498449297116623,1.1871845540640293,0.43131741538684043,0.999999990979471,0.9999976604147044,0.9957945993309423,0.9872413819137439
2000,2,training_healthy,0.0012468827930174,6,244,0.91565,0.92347,0.00782000000000005,-6.7411e-05,0.058648,0.019302805784314682,-1.2134,0.87213,0.28375876083684154,1.6526,2.2105,1.8636762295081968,1.8743106030979086,1.9360542030801378e-06,0.00018768570050737548,0.11952323331075576,0.014259361504292642,0.9999998053073259,0.9999395626415474,0.9069624028515995,0.997439440239015
2000,3,training_healthy,0.0018703241895261,1,244,0.89606,0.89607,1.0000000000065512e-05,-0.00033706,0.00037919,0.00013499601905982267,-0.094797,0.094797,0.03257553619351617,8.6237,15.539,11.22141475409836,11.419061177091029,5.827697468776014e-07,0.000130180928754298,0.03242843773495346,0.2539775675298778,0.4153694735393048,0.3681945551645819,0.12213497064359378,0.9927675549891687
2000,3,training_healthy,0.0018703241895261,2,244,-1.1148,-0.90677,0.20803000000000005,-8.4264e-05,1.6085,0.5203068402251645,-19.196,21.258,7.212232497909007,-89.085,394.94,139.0572725,157.79596581405087,1.3529250918639787e-05,0.0011659848485866156,0.41764442382685485,1.7163084712089092,0.9999999856929166,0.9999968275766802,0.9983236065604478,0.999804487135875
2000,3,training_healthy,0.0018703241895261,3,244,0.86411,1.0476,0.18349000000000004,-1.6019,0.010407,0.48298991443438605,-25.856,18.841,7.624030499902206,-660.63,155.22,222.67829967213115,251.13070033148188,1.521949630260194e-05,0.0016770071206804486,0.7487184940347922,4.021409327961704,0.9999999799040605,0.9999925584722004,0.9951701008112799,0.999573222805291
2000,3,training_healthy,0.0018703241895261,4,244,3.1416,3.1416,0.0,-9.4797e-05,9.4797e-05,2.5588122257323564e-05,-0.035549,0.035549,0.012255310321063837,1.1717,3.1077,2.044069672131147,2.157599296083269,8.881784197001252e-15,2.5588122257323564e-05,0.012255310321063837,0.03517921483337505,,,,0.9987020050601776
2000,3,training_healthy,0.0018703241895261,5,244,0.97953,1.3707,0.39117,-4.2132e-05,2.9438,0.964755990400021,-34.909,38.345,12.950545892710803,-5.5785,12.991,3.5802114754098366,4.17348098867052,2.1363684209015964e-05,0.001825250624577703,1.1181821041340065,0.41169584306382107,0.9999999905149157,0.999997719241992,0.9962669897673626,0.9884033860243342
2000,3,training_healthy,0.0018703241895261,6,244,0.91565,0.92347,0.00782000000000005,-6.7411e-05,0.05885,0.019303311499814322,-1.1376,0.83421,0.27710839757862676,1.6526,2.1789,1.854355737704918,1.8628950204928483,1.9447387132455035e-06,0.0001660408740304844,0.10249525615608511,0.015604514303647248,0.9999998035656478,0.9999527139121187,0.9290828198051072,0.9961571597788708
2000,4,training_healthy,0.0024937655860349,1,244,0.89606,0.89606,0.0,-0.00029492,0.00037919,0.00012742805428001387,-0.1185,0.1422,0.03282202680328273,7.6881,14.197,10.245681967213114,10.456598789822218,1.9452678876525055e-15,0.00012742805427688235,0.03282202680312675,0.22654663113067375,0.12321353050853069,0.021524387130596855,0.007541495923084467,0.994106539684711
2000,4,training_healthy,0.0024937655860349,2,244,-1.1148,-0.90677,0.20803000000000005,-4.2132e-05,1.6079,0.5203265464740364,-19.481,20.974,7.21208834393153,-85.831,394.94,139.0652319262295,157.977621357011,1.3509634523284368e-05,0.0012082647150926664,0.400951884119585,1.7766531285518734,0.9999999857344289,0.9999965920767887,0.9984553060310274,0.9997912957014486
2000,4,training_healthy,0.0024937655860349,3,244,0.86411,1.0475,0.18339000000000005,-1.6041,0.010659,0.4829031083361272,-25.595,18.485,7.617524190504035,-659.08,157.71,223.44411770491806,251.4484416755514,1.5685270292237797e-05,0.0017748576864673874,0.7286005963547459,4.416543999387536,0.9999999786518572,0.9999916542446016,0.9954206784222317,0.9994859647844456
2000,4,training_healthy,0.0024937655860349,4,244,3.1416,3.1416,0.0,-6.3198e-05,0.0001264,2.5103843228236364e-05,-0.035549,0.035549,0.012360540968949618,1.2736,3.2096,2.156820491803278,2.2568889610388494,8.881784197001252e-15,2.5103843228236364e-05,0.012360540968949618,0.03578583513470659,,,,0.9985492991933298
2000,4,training_healthy,0.0024937655860349,5,244,0.97953,1.3707,0.39117,-4.2132e-05,2.9435,0.9647573404591632,-34.862,38.559,12.95756146668727,-5.8078,13.22,3.5714442622950826,4.159571237412361,2.140531713497839e-05,0.0018866207414599853,1.1950991480298734,0.43687338519334706,0.999999990477959,0.9999975627745805,0.9957390674656821,0.9869669777833925
2000,4,training_healthy,0.0024937655860349,6,244,0.91565,0.92347,0.00782000000000005,-6.7411e-05,0.058648,0.01930488465199501,-1.0996,0.94797,0.2707939956305407,1.6211,2.1895,1.8271360655737703,1.8377968584337205,1.8619218041297881e-06,0.00013646545575814848,0.08386018975502177,0.014667028775663692,0.9999998199486434,0.9999681025002343,0.9508405586024405,0.9972434904579328
2000,399,intermediate_unlabelled,0.2487531172069825,1,244,0.89606,0.89606,0.0,-0.00029492,0.00033706,8.929454370761306e-05,-0.094797,0.071098,0.0271403701460377,6.3458,12.285,8.668048360655739,8.859684739238102,1.9452678876525055e-15,8.92945437031442e-05,0.027140370145849056,0.21894253301546965,0.12321353050853069,0.030757270138824903,0.009120852724130688,0.9928394806725526
2000,399,intermediate_unlabelled,0.2487531172069825,2,244,-1.1148,-0.90677,0.20803000000000005,-8.4264e-05,1.609,0.5203453133237358,-18.959,20.737,7.213363117019129,-80.624,401.86,140.23360446721313,159.32017651628178,1.3430404087850366e-05,0.001339723973812838,0.4543549150204495,1.9925175231967396,0.9999999859025955,0.9999958065458673,0.998016391884791,0.9997350824872393
2000,399,intermediate_unlabelled,0.2487531172069825,3,244,0.86411,1.0476,0.18349000000000004,-1.6031,0.011586,0.48250616106205996,-25.69,18.817,7.601770377363482,-639.99,155.22,220.13862295081967,247.2888166772741,1.5540875928396148e-05,0.0018716141119123157,0.8793720974035194,4.174489710990812,0.9999999790381292,0.9999907012423516,0.9932927478940756,0.9995247507023035
2000,399,intermediate_unlabelled,0.2487531172069825,4,244,3.1416,3.1416,0.0,-6.3198e-05,6.3198e-05,1.54060897127631e-05,-0.035549,0.035549,0.009520127686540387,1.6812,3.2605,2.4238663934426223,2.477685814705618,8.881784197001252e-15,1.54060897127631e-05,0.009520127686540387,0.03692287955283545,,,,0.9974128791196162
2000,399,intermediate_unlabelled,0.2487531172069825,5,244,0.97953,1.3707,0.39117,-4.2132e-05,2.9434,0.9647200606756454,-33.226,38.085,12.950688176422899,-5.5403,12.341,3.39793905737705,3.9693884742013528,2.0741631312099823e-05,0.0016372354053284719,1.1299169997680893,0.43157131798430204,0.9999999910590579,0.9999981707376321,0.9961878765073086,0.9862869370575802
2000,399,intermediate_unlabelled,0.2487531172069825,6,244,0.91565,0.92347,0.00782000000000005,-0.00013482,0.058715,0.01930110922627887,-0.98589,0.87213,0.27133850283832,1.7368,2.2737,1.9428438524590164,1.9522728940672807,1.8254768615220223e-06,0.00014083389076874003,0.08556794737577253,0.012188287632603417,0.9999998269345127,0.999965981128191,0.9489744994605493,0.9979757795452294
2000,400,intermediate_unlabelled,0.2493765586034912,1,244,0.89606,0.89606,0.0,-0.00029492,0.00033706,8.773293255147675e-05,-0.094797,0.094797,0.030267888330298334,6.9153,12.692,9.142851229508198,9.324032248765798,1.9452678876525055e-15,8.77329325488338e-05,0.03026788833053795,0.21509297029565874,0.12321353050853069,0.01814870003508391,-0.01146300004618872,0.9930628903065355
2000,400,intermediate_unlabelled,0.2493765586034912,2,244,-1.1148,-0.90677,0.20803000000000005,-8.4264e-05,1.6091,0.52034031954738,-19.007,20.761,7.212815943407757,-80.258,402.06,140.07871024590165,159.2435710078634,1.4113793024432953e-05,0.001317224376322194,0.4494752443500972,2.0665645790953655,0.9999999844313758,0.9999959471416443,0.9980583484505684,0.9997153167885472
2000,400,intermediate_unlabelled,0.2493765586034912,3,244,0.86411,1.0476,0.18349000000000004,-1.6023,0.011671,0.48251551385113667,-26.093,18.983,7.597243359539875,-639.99,154.14,219.79453450819673,247.03020445412736,1.5715489530228356e-05,0.001857839364175505,0.8421875512166079,4.26981806355539,0.9999999785645525,0.9999908375027435,0.9938427275563212,0.9995027882054024
2000,400,intermediate_unlabelled,0.2493765586034912,4,244,3.1416,3.1416,0.0,-6.3198e-05,6.3198e-05,1.5138137277403327e-05,-0.035549,0.035549,0.009102974034824471,1.7831,3.2605,2.4689668032786884,2.5149658809975866,8.881784197001252e-15,1.5138137277403327e-05,0.009102974034824471,0.032300398297193306,,,,0.9977221717046363
2000,400,intermediate_unlabelled,0.2493765586034912,5,244,0.97953,1.3707,0.39117,-4.2132e-05,2.943,0.9647213190178168,-33.013,38.037,12.952150585809708,-5.4639,12.647,3.425488852459017,3.979598273981977,2.1314530336178584e-05,0.001711622333025675,1.1488675139709337,0.43883396550131737,0.999999990558336,0.99999800105493,0.9960595149741364,0.9856150442208046
2000,400,intermediate_unlabelled,0.2493765586034912,6,244,0.91565,0.92347,0.00782000000000005,-6.7411e-05,0.058715,0.01929983110558759,-0.98589,0.98589,0.273156690669784,1.6421,2.1579,1.854010655737705,1.8626575975792417,1.7925177576079883e-06,0.00015221995946353508,0.09108824021303337,0.013355401186824874,0.9999998331278251,0.999960269564261,0.9427629837829965,0.9972212738593359
2000,401,intermediate_unlabelled,0.25,1,244,0.89606,0.89606,0.0,-0.00029492,0.00037919,8.764983699993261e-05,-0.1185,0.1185,0.025387588691356162,6.1424,11.919,8.41530942622951,8.610317508923071,1.9452678876525055e-15,8.764983699624122e-05,0.025387588691255365,0.20572712589818448,0.12321353050853069,0.02532361206220178,0.004873536840563009,0.9936061548034036
2000,401,intermediate_unlabelled,0.25,2,244,-1.1148,-0.90677,0.20803000000000005,-8.4264e-05,1.6093,0.5203523892026479,-19.457,21.14,7.2138858716887455,-80.624,403.57,139.85249012295083,159.08526316078442,1.2893822864737859e-05,0.0013711690826145122,0.46016972288955005,2.037061162111484,0.9999999870069788,0.999995607141692,0.9979654382502525,0.9997235510005961
2000,401,intermediate_unlabelled,0.25,3,244,0.86411,1.0476,0.18349000000000004,-1.6024,0.011544,0.4824886883340569,-25.477,19.078,7.60472169501971,-637.19,153.67,220.22203360655737,247.31987214952926,1.603499040382251e-05,0.001879932248820159,0.9196858213897806,4.3206333409875795,0.9999999776834094,0.9999906167530516,0.9926657685209638,0.9994891388786526
2000,401,intermediate_unlabelled,0.25,4,244,3.1416,3.1416,0.0,-6.3198e-05,6.3198e-05,1.7865934073528654e-05,-0.035549,0.035549,0.009788363408727298,1.9359,3.2096,2.5326459016393437,2.566505697218001,8.881784197001252e-15,1.7865934073528654e-05,0.009788363408727298,0.03450220140881144,,,,0.9965470405303603
2000,401,intermediate_unlabelled,0.25,5,244,0.97953,1.3707,0.39117,-4.2132e-05,2.9433,0.9647239919750564,-33.7,38.227,12.953712586931728,-5.6931,12.533,3.453210036885246,4.006983117870438,2.0132901045457115e-05,0.0017645737716212658,1.1647133231124016,0.43170219725860687,0.9999999915762174,0.9999978793431957,0.995950656421494,0.9862060848151865
2000,401,intermediate_unlabelled,0.25,6,244,0.91565,0.92347,0.00782000000000005,-6.7411e-05,0.058648,0.019299704944842885,-0.94797,0.94797,0.27075138959684575,1.8,2.2842,1.9833090163934428,1.990905096913972,1.7764442565975e-06,0.00014288462480838732,0.08353945501260991,0.012763562237349868,0.9999998361098642,0.9999650038796674,0.951209876979803,0.9972984615985072
2000,402,intermediate_unlabelled,0.2506234413965087,1,244,0.89606,0.89606,0.0,-0.00029492,0.00037919,8.664803316158131e-05,-0.094797,0.094797,0.02574760793847224,5.939,11.919,8.148907377049179,8.350972484628146,1.9452678876525055e-15,8.664803315666471e-05,0.02574760793835624,0.2036790279001934,0.12321353050853069,0.03375544362512444,0.0056086042343003895,0.9937594504264426
2000,402,intermediate_unlabelled,0.2506234413965087,2,244,-1.1148,-0.90677,0.20803000000000005,-8.4264e-05,1.6094,0.520348319215955,-19.362,21.069,7.213761802475644,-79.688,405.32,139.64194795081966,158.96689211673703,1.3364436919959167e-05,0.0013097105939142927,0.4561577544559003,2.068463856018992,0.9999999860413603,0.9999959972077946,0.9980003559760389,0.9997148350767032
2000,402,intermediate_unlabelled,0.2506234413965087,3,244,0.86411,1.0476,0.18349000000000004,-1.6024,0.011418,0.4824809553747529,-25.382,18.699,7.601725686989757,-637.66,155.22,219.49319631147543,246.6725286856806,1.5655232591175353e-05,0.0018687606708714516,0.906309499286182,4.285548927743483,0.9999999787287396,0.9999907271405525,0.9928725210418704,0.9994971142135302
2000,402,intermediate_unlabelled,0.2506234413965087,4,244,3.1416,3.1416,0.0,-6.3198e-05,6.3198e-05,1.831830779127989e-05,-0.035549,0.035549,0.010049427540583723,1.5793,3.0058,2.272906557377049,2.3165862827112447,8.881784197001252e-15,1.831830779127989e-05,0.010049427540583723,0.03438058082367892,,,,0.9970475429083793
2000,402,intermediate_unlabelled,0.2506234413965087,5,244,0.97953,1.3707,0.39117,-8.4264e-05,2.9432,0.9647101330166141,-32.8,38.488,12.955855866793085,-5.4257,12.456,3.441310282786885,3.98759299546561,2.155013804931415e-05,0.0017209155333820715,1.1895491340962672,0.4530427421635271,0.9999999903484532,0.9999979771151621,0.9957773222726193,0.9845785087499905
2000,402,intermediate_unlabelled,0.2506234413965087,6,244,0.91565,0.92347,0.00782000000000005,-6.7411e-05,0.058648,0.01929982175427542,-0.94797,0.87213,0.2707082648060439,1.8842,2.4316,2.1000868852459016,2.1092653398405,1.9070930336322683e-06,0.0001453937740209656,0.0837827963138851,0.012837436215672614,0.9999998111122663,0.9999637608435815,0.9509017147239973,0.9978651270112598
2000,403,intermediate_unlabelled,0.2512468827930174,1,244,0.89606,0.89606,0.0,-0.00029492,0.00033706,8.365795998617932e-05,-0.1185,0.094797,0.02636601688836175,7.2814,13.058,9.511770081967212,9.676506031123468,1.9452678876525055e-15,8.365795998431002e-05,0.026366016888280844,0.2141986353224007,0.12321353050853069,0.012865526373748106,0.003911964817577681,0.9927177437318464
2000,403,intermediate_unlabelled,0.2512468827930174,2,244,-1.1148,-0.90677,0.20803000000000005,-8.4264e-05,1.6093,0.5203300827905304,-19.031,20.903,7.212450999382515,-80.461,401.65,139.9474233196721,159.0589304245873,1.3510349296473528e-05,0.0013283673786152932,0.4517602990872317,1.9872198765784315,0.9999999857343291,0.9999958781536977,0.998038382054005,0.9997357209951019
2000,403,intermediate_unlabelled,0.2512468827930174,3,244,0.86411,1.0476,0.18349000000000004,-1.6025,0.011544,0.4825062295400017,-25.927,18.722,7.598378888186329,-636.88,156.47,219.75653020491805,246.78229646519003,1.5668521777387952e-05,0.001894888266491776,0.862373898324779,4.2728431884609055,0.9999999786921956,0.9999904688324117,0.9935447736615021,0.9994984536535745
2000,403,intermediate_unlabelled,0.2512468827930174,4,244,3.1416,3.1416,0.0,-6.3198e-05,6.3198e-05,1.7401804512845176e-05,-0.035549,0.017774,0.008959613185993186,1.7831,3.1586,2.424699180327869,2.4632584315775117,8.881784197001252e-15,1.7401804512845176e-05,0.008959613185993186,0.03593278871608507,,,,0.9965688782454337
2000,403,intermediate_unlabelled,0.2512468827930174,5,244,0.97953,1.3707,0.39117,-4.2132e-05,2.9429,0.9647120274434201,-33.44,39.625,12.96163519636797,-5.5403,12.533,3.314007618852459,3.905079688979713,2.2219487668163557e-05,0.0016596660721635076,1.25272446069237,0.4456067787459915,0.9999999897394494,0.9999981173415071,0.9953198811904487,0.9853227387027466
2000,403,intermediate_unlabelled,0.2512468827930174,6,244,0.91565,0.92347,0.00782000000000005,-6.7411e-05,0.058715,0.019298535524602017,-0.87213,0.83421,0.2694095735202304,1.9895,2.5158,2.1944418032786888,2.2027044546997443,1.8408290969986998e-06,0.00015005229107336118,0.07951508701094562,0.012311052993126168,0.9999998240101761,0.9999614202549169,0.9554529006090804,0.9979121260758037
2000,800,intermediate_unlabelled,0.4987531172069825,1,244,0.89606,0.89606,0.0,-0.00033706,0.00037919,9.665006063086986e-05,-0.1185,0.094797,0.030038994218921946,6.5085,12.488,8.949799590163934,9.145695418716185,1.9452678876525055e-15,9.66500606271873e-05,0.03003899421869473,0.20984734576246855,0.12321353050853069,0.02530779681827355,0.010986049772696276,0.9937709743465306
2000,800,intermediate_unlabelled,0.4987531172069825,2,244,-1.1148,-0.90677,0.20803000000000005,-8.4264e-05,1.6096,0.5203549422877549,-19.268,21.235,7.214532570090453,-83.919,400.88,140.76590036885247,159.6599009640577,1.3313815194084956e-05,0.001242179383549983,0.45543195952294957,1.9828960470609447,0.999999986146551,0.9999963999974123,0.9980071083973072,0.9997378916633005
2000,800,intermediate_unlabelled,0.4987531172069825,3,244,0.86411,1.0476,0.18349000000000004,-1.6025,0.011418,0.48253676675469553,-25.595,18.865,7.611815192619755,-637.97,158.79,218.3772225409836,245.59256849804734,1.533297442265846e-05,0.0019281192511989233,0.9525963488659199,4.34727160092196,0.9999999795956914,0.9999901313369421,0.992144099114846,0.9994874824945051
2000,800,intermediate_unlabelled,0.4987531172069825,4,244,3.1416,3.1416,0.0,-6.3198e-05,6.3198e-05,2.0229186844997897e-05,-0.035549,0.035549,0.01267090996399129,1.7321,3.3624,2.4292959016393443,2.484045192677117,8.881784197001252e-15,2.0229186844997897e-05,0.01267090996399129,0.033090127601890146,,,,0.9979627266601101
2000,800,intermediate_unlabelled,0.4987531172069825,5,244,0.97953,1.3707,0.39117,-4.2132e-05,2.9434,0.9647245832976231,-33.7,39.246,12.954472373122575,-5.6167,12.915,3.508647540983607,4.062072363123185,2.1928578876357172e-05,0.0017998123217965608,1.1758806118938943,0.4460473051005913,0.9999999900064803,0.9999977855922121,0.9958731326002122,0.9855868171627117
2000,800,intermediate_unlabelled,0.4987531172069825,6,244,0.91565,0.92347,0.00782000000000005,-0.00013482,0.058783,0.019297466619092204,-0.87213,0.87213,0.2670702584542342,1.7053,2.2211,1.9035774590163939,1.9120860645691846,1.962257351999705e-06,0.00011835979186815953,0.071183636009211,0.012846936723454197,0.9999997999809314,0.9999759691879884,0.9638259126632955,0.9974549793440384
2000,801,intermediate_unlabelled,0.4993765586034913,1,244,0.89605,0.89606,9.99999999995449e-06,-0.00025279,0.00033706,8.994415170747374e-05,-0.094797,0.094797,0.026278528912699314,6.1424,12.488,8.99430737704918,9.214680214704268,5.823086331473872e-07,9.125551250615197e-05,0.026310387942778134,0.18580127626007747,0.4159803510728668,0.009004435804635382,0.006462472572665909,0.9956899845591685
2000,801,intermediate_unlabelled,0.4993765586034913,2,244,-1.1148,-0.90677,0.20803000000000005,-4.2132e-05,1.6083,0.5203690123182085,-19.244,21.092,7.21423181782644,-83.308,400.88,141.1327975409836,159.92743158666974,1.5079998649066044e-05,0.001267357370032728,0.43781431829424194,2.136839147136192,0.9999999822271531,0.9999962530814703,0.9981583764940011,0.9996959346481288
2000,801,intermediate_unlabelled,0.4993765586034913,3,244,0.86411,1.0476,0.18349000000000004,-1.6038,0.010238,0.4826976833171801,-25.311,19.054,7.615979836414027,-632.54,162.67,210.56091975409842,240.19733817737108,1.5196253689823538e-05,0.0018318149840851694,0.9406438109338705,4.400386883239997,0.9999999799656483,0.9999911061909715,0.9923478541147264,0.9994914541481766
2000,801,intermediate_unlabelled,0.4993765586034913,4,244,3.1416,3.1416,0.0,-0.0001264,6.3198e-05,2.4105944179365565e-05,-0.035549,0.035549,0.010303893484829962,-0.25473,1.1717,0.6554018647540985,0.7604360466524869,8.881784197001252e-15,2.4105944179365565e-05,0.010303893484829962,0.0341087044003781,,,,0.9976774037958339
2000,801,intermediate_unlabelled,0.4993765586034913,5,244,0.97952,1.3707,0.3911800000000001,-4.2132e-05,2.9441,0.9648678807140603,-33.582,37.895,12.952213235778899,-5.2728,13.373,3.608394180327869,4.217801537447861,2.1247884751028535e-05,0.001834461759551747,1.1097533506736905,0.42266901811577273,0.9999999906183406,0.9999977061693213,0.9963237928807027,0.9907353963160663
2000,801,intermediate_unlabelled,0.4993765586034913,6,244,0.91565,0.92347,0.00782000000000005,-0.00013482,0.058783,0.01930985749953225,-0.83421,0.98589,0.2714035683267858,1.9053,2.3895,2.0751516393442624,2.080709104320755,1.852802603900024e-06,0.0001448992274314162,0.08475184480737404,0.013475861388361042,0.9999998217592586,0.99996400102008,0.9499938168980021,0.9960618621953874
2000,802,intermediate_unlabelled,0.5,1,244,0.89606,0.89606,0.0,-0.00029492,0.00037919,0.00010056049335166941,-0.1185,0.094797,0.03189717742966465,6.9153,13.261,9.36774918032787,9.559624118630826,1.9452678876525055e-15,0.00010056049334448343,0.03189717742934365,0.2282235356308813,0.12321353050853069,0.04945786653946388,0.015520373155785666,0.9928035360979531
2000,802,intermediate_unlabelled,0.5,2,244,-1.1148,-0.90677,0.20803000000000005,-8.4264e-05,1.6089,0.5203217588465565,-19.196,21.235,7.213200689007312,-84.488,399.74,139.39337868852456,158.31122280118615,1.3885533065700934e-05,0.0012267098752103823,0.44436007053509313,2.014095288572092,0.9999999849304153,0.9999964888391034,0.998102486103576,0.9997295879428897
2000,802,intermediate_unlabelled,0.5,3,244,0.86411,1.0476,0.18349000000000004,-1.6033,0.011418,0.4825682495612111,-25.974,19.173,7.613444339748597,-640.76,160.35,218.2997463114754,245.59967159496378,1.5383076768055605e-05,0.0019153432633987387,0.9380106250293515,4.178481752693231,0.9999999794616292,0.9999902653828603,0.9923878446409425,0.99952832307621
2000,802,intermediate_unlabelled,0.5,4,244,3.1416,3.1416,0.0,-6.3198e-05,6.3198e-05,1.9191091692992676e-05,-0.035549,0.035549,0.010552238595726859,1.5793,3.2096,2.3169606557377045,2.375779765314683,8.881784197001252e-15,1.9191091692992676e-05,0.010552238595726859,0.03669973622728713,,,,0.9975573460510598
2000,802,intermediate_unlabelled,0.5,5,244,0.97953,1.3707,0.39117,-0.00025279,2.9434,0.964716366213801,-33.297,38.203,12.944463230549406,-5.5403,12.533,3.510368442622951,4.057094493855036,2.2138298089276753e-05,0.0016854517499213283,1.0590445465940903,0.4780025272357989,0.9999999898142721,0.9999980588976933,0.9966487164684963,0.9834180773437385
2000,802,intermediate_unlabelled,0.5,6,244,0.91565,0.92347,0.00782000000000005,-0.00013482,0.058715,0.019297824989166035,-0.98589,0.91005,0.2742543650348487,1.8211,2.3158,2.0040528688524586,2.011513759921234,1.8720676774780004e-06,0.00014424069131974054,0.09474503624817998,0.014291989442668079,0.9999998179551635,0.9999643502557221,0.9384320418752324,0.9965854115416111
2000,803,intermediate_unlabelled,0.5006234413965087,1,244,0.89606,0.89606,0.0,-0.00029492,0.00037919,0.0001125106871253848,-0.1185,0.1185,0.032256118760949706,6.7119,12.854,9.165856967213116,9.361480480713437,1.9452678876525055e-15,0.00011251068711920194,0.032256118760645526,0.22111013304928342,0.12321353050853069,0.042553813722358454,0.014707279623367467,0.993233800281074
2000,803,intermediate_unlabelled,0.5006234413965087,2,244,-1.1148,-0.90677,0.20803000000000005,-8.4264e-05,1.6092,0.520359858614594,-19.291,21.306,7.2142238369274,-82.942,401.65,140.02207823770493,159.012707813063,1.3242068812317214e-05,0.0012646491130606271,0.44634229443952406,2.0115144379720786,0.9999999862955192,0.9999962673271935,0.9980858920614806,0.999730654366718
2000,803,intermediate_unlabelled,0.5006234413965087,3,244,0.86411,1.0476,0.18349000000000004,-1.6032,0.011081,0.48258385166745715,-25.572,19.291,7.61587726134838,-637.97,159.57,218.5767713114754,245.888167370144,1.5625409381140058e-05,0.001933472356993693,0.9481720093925892,4.376513867616105,0.9999999788096019,0.9999900806554575,0.9922259746794901,0.9994844714091256
2000,803,intermediate_unlabelled,0.5006234413965087,4,244,3.1416,3.1416,0.0,-6.3198e-05,6.3198e-05,1.9191091692992676e-05,-0.035549,0.035549,0.011934162205927029,1.6302,3.4643,2.4560176229508195,2.5212272778709037,8.881784197001252e-15,1.9191091692992676e-05,0.011934162205927029,0.0332057209250319,,,,0.9983001656393656
2000,803,intermediate_unlabelled,0.5006234413965087,5,244,0.97953,1.3707,0.39117,-0.0001264,2.9437,0.964700626425112,-33.914,37.658,12.955984119535128,-5.4257,12.876,3.5607857377049177,4.084695963090184,2.2459863642016104e-05,0.001765941757831953,1.1987529428023478,0.4843910816633389,0.9999999895161483,0.9999978676053128,0.9957116139649749,0.9827303771369232
2000,803,intermediate_unlabelled,0.5006234413965087,6,244,0.91565,0.92347,0.00782000000000005,-6.7411e-05,0.058648,0.01929853749418526,-0.94797,0.91005,0.27077314885814907,1.8105,2.2842,1.987450819672131,1.9948026041050435,1.9062648006409607e-06,0.00013422394128183751,0.08411078796993844,0.013102927869375655,0.9999998112645384,0.9999691247335519,0.9505307509237287,0.9970638639709579
2000,804,intermediate_unlabelled,0.5012468827930174,1,244,0.89606,0.89606,0.0,-0.00033706,0.00037919,0.00011228434337270421,-0.094797,0.094797,0.03171621255206147,6.7119,13.261,9.293064344262296,9.5066608449304,1.9452678876525055e-15,0.00011228434336722915,0.03171621255196729,0.23898750145032147,0.12321353050853069,0.037666147413985676,0.004494350593259396,0.9928634637939212
2000,804,intermediate_unlabelled,0.5012468827930174,2,244,-1.1148,-0.90677,0.20803000000000005,-8.4264e-05,1.6093,0.5203608505007352,-18.936,20.903,7.214423068432345,-84.285,401.29,140.30911024590165,159.26992745231993,1.3736081234312205e-05,0.0012251932901963419,0.4406598120728405,1.9228204267983542,0.9999999852536334,0.9999964969279337,0.9981346477740344,0.9997541742087778
2000,804,intermediate_unlabelled,0.5012468827930174,3,244,0.86411,1.0476,0.18349000000000004,-1.6037,0.011207,0.48257291888892484,-25.998,18.936,7.609082955240718,-638.44,161.12,218.81875491803282,246.02151502452026,1.5422423257314463e-05,0.0019248041501185515,0.9010880616768976,4.4421690720450195,0.9999999793562967,0.9999901712916843,0.992969946545288,0.9994677922001691
2000,804,intermediate_unlabelled,0.5012468827930174,4,244,3.1416,3.1416,0.0,-6.3198e-05,6.3198e-05,1.940315439244478e-05,-0.035549,0.035549,0.011825162507981189,1.5284,3.3624,2.400477868852459,2.46643792835462,8.881784197001252e-15,1.940315439244478e-05,0.011825162507981189,0.03769945589995618,,,,0.9977839151261476
2000,804,intermediate_unlabelled,0.5012468827930174,5,244,0.97953,1.3707,0.39117,-0.0001264,2.943,0.9647047482047593,-33.534,38.582,12.965344828247401,-5.6167,12.724,3.507705327868852,4.047806712622888,2.1707159063331155e-05,0.001825753344429089,1.2938376292991172,0.47670889070687616,0.999999990207235,0.9999977225093947,0.9950094895329343,0.9833190025029195
2000,804,intermediate_unlabelled,0.5012468827930174,6,244,0.91565,0.92347,0.00782000000000005,-6.7411e-05,0.058648,0.019299425091859317,-0.94797,0.83421,0.2694317018542127,1.8842,2.4105,2.0856766393442623,2.0938499041102787,1.9023728043017688e-06,0.00013241743801570483,0.07973689973926565,0.012788434859269329,0.9999998120240753,0.9999699399164491,0.9552058719987392,0.9976033793580917
2000,1201,intermediate_unlabelled,0.7487531172069826,1,244,0.89606,0.89606,0.0,-0.00033706,0.00037919,0.00011591858057055307,-0.16589,0.1422,0.03574273439473112,4.4339,9.9661,6.534149999999999,6.778484035891511,1.9452678876525055e-15,0.00011591858056683149,0.03574273439467144,0.2064704335884219,0.12321353050853069,0.02559829804286131,0.0029376237368047347,0.9934271916261295
2000,1201,intermediate_unlabelled,0.7487531172069826,2,244,-1.1148,-0.90677,0.20803000000000005,-8.4264e-05,1.6088,0.5203659924118783,-18.936,20.855,7.214242297008493,-83.715,401.65,141.00315364754096,159.88074596005796,1.4090101702610486e-05,0.0012737488809039976,0.436973658732885,1.9686956480934397,0.9999999844838549,0.9999962136348646,0.9981655457188624,0.9997424281276015
2000,1201,intermediate_unlabelled,0.7487531172069826,3,244,0.86411,1.0476,0.18349000000000004,-1.6029,0.012134,0.4824534180364011,-25.737,19.102,7.594902155469145,-632.54,164.69,214.96321229508197,242.21120396583623,1.4726210781249537e-05,0.0018437254922084886,0.8473196405638471,4.195325120521117,0.999999981177642,0.9999909748570741,0.9937632690771688,0.9995223894467097
2000,1201,intermediate_unlabelled,0.7487531172069826,4,244,3.1416,3.1416,0.0,-6.3198e-05,6.3198e-05,1.897665935723819e-05,-0.035549,0.035549,0.010674217340679625,1.6302,3.1586,2.378552868852459,2.4306777653517564,8.881784197001252e-15,1.897665935723819e-05,0.010674217340679625,0.032077019257134916,,,,0.9979456458748619
2000,1201,intermediate_unlabelled,0.7487531172069826,5,244,0.97953,1.3707,0.39117,-4.2132e-05,2.9447,0.9647023421485116,-34.198,38.44,12.957933420827771,-6.0752,12.303,3.316512741803279,3.863036577626976,2.2436654998654995e-05,0.0018585549729500431,1.2140446273443481,0.4562887615086297,0.9999999895380047,0.9999976376693885,0.99560261000229,0.9842695393653288
2000,1201,intermediate_unlabelled,0.7487531172069826,6,244,0.91565,0.92347,0.00782000000000005,-0.00013482,0.058783,0.0192987178720524,-1.0238,0.91005,0.27414687517679426,1.6316,2.1368,1.8243717213114754,1.8335054113145322,1.9267760763864193e-06,0.00014826874316279168,0.09455222727963503,0.01319680881664773,0.9999998071853161,0.9999623168911602,0.9386414846293212,0.9973903330475931
2000,1202,intermediate_unlabelled,0.7493765586034913,1,244,0.89606,0.89606,0.0,-0.00033706,0.00037919,0.00011919835970767382,-0.1422,0.094797,0.035027221746795456,4.5966,10.576,6.947087295081967,7.2037360368069985,1.9452678876525055e-15,0.00011919835970414503,0.03502722174660059,0.19279193388619145,0.12321353050853069,0.024241463439048677,0.009368398162498421,0.9948702724316515
2000,1202,intermediate_unlabelled,0.7493765586034913,2,244,-1.1148,-0.90677,0.20803000000000005,-4.2132e-05,1.6091,0.5203664875818637,-19.244,21.4,7.214384086468718,-85.261,401.29,140.8898008196721,159.73513397325593,1.4103363772255818e-05,0.0012062345157817583,0.43817801814681495,1.9177808354839596,0.9999999844545866,0.9999966059763856,0.9981553457353491,0.9997554419869233
2000,1202,intermediate_unlabelled,0.7493765586034913,3,244,0.86411,1.0476,0.18349000000000004,-1.6036,0.012134,0.4824387697725898,-25.429,19.22,7.60613250536633,-630.52,167.02,215.62657172131148,242.65229491681828,1.4918217370920422e-05,0.0018774276981281806,0.9475032712841747,4.081442252169532,0.9999999806832807,0.999990638879286,0.9922160170499749,0.9995489137496252
2000,1202,intermediate_unlabelled,0.7493765586034913,4,244,3.1416,3.1416,0.0,-6.3198e-05,6.3198e-05,1.9191091692992676e-05,-0.035549,0.035549,0.01149202539129906,1.5284,3.2096,2.283133196721311,2.3443352309081242,8.881784197001252e-15,1.9191091692992676e-05,0.01149202539129906,0.03345652410909322,,,,0.9980222770633698
2000,1202,intermediate_unlabelled,0.7493765586034913,5,244,0.97953,1.3707,0.39117,-4.2132e-05,2.9441,0.9647047381455031,-34.056,37.99,12.951427645672561,-6.0752,11.998,3.3514254098360654,3.8618114306415334,2.189977260522917e-05,0.0018806550219722471,1.141286557354387,0.4524438433385017,0.9999999900327127,0.9999975843951797,0.9961109630037608,0.9841862498809544
2000,1202,intermediate_unlabelled,0.7493765586034913,6,244,0.91565,0.92347,0.00782000000000005,-6.7411e-05,0.058648,0.019299622892178517,-0.91005,0.94797,0.2719457709816411,1.7158,2.2316,1.905258606557377,1.9139639888072135,1.903837331657584e-06,0.00013379371034167765,0.08802867707935079,0.013244030477421804,0.9999998117527866,0.9999693430426406,0.9461602537610391,0.9973587981384779
2000,1203,intermediate_unlabelled,0.75,1,244,0.89605,0.89607,2.0000000000020002e-05,-0.00037919,0.00042132,0.0001497143121550147,-0.1185,0.16589,0.03805100068577073,4.4339,10.739,6.790553278688524,7.082153780274686,1.0531887817695182e-06,0.00014159439199771086,0.03780470084306511,0.22433741520676687,0.5825252351816855,0.3418248752214081,0.11566977543939524,0.9937623851481873
2000,1203,intermediate_unlabelled,0.75,2,244,-1.1148,-0.90677,0.20803000000000005,-4.2132e-05,1.6093,0.5203662698621967,-19.291,21.187,7.214535075464664,-85.831,401.49,141.12388061475409,159.97251933607802,1.4144645488401322e-05,0.0011893289948802393,0.4331245969074296,1.9673367361453697,0.9999999843633312,0.9999967032608108,0.9981977470103602,0.9997440535886484
2000,1203,intermediate_unlabelled,0.75,3,244,0.86411,1.0476,0.18349000000000004,-1.6035,0.011544,0.4824591339317153,-25.263,19.031,7.6076664078413305,-634.4,167.8,216.33964139344263,243.34517409106627,1.4997461512115688e-05,0.0018296250786137757,0.9324463983351067,4.044291329055559,0.999999980477234,0.9999911131300246,0.9924649424032186,0.9995606757559581
2000,1203,intermediate_unlabelled,0.75,4,244,3.1416,3.1416,0.0,-9.4797e-05,9.4797e-05,2.5905999318152757e-05,-0.035549,0.035549,0.012255345984876003,1.3755,3.2605,2.2376233606557374,2.3206593248665697,8.881784197001252e-15,2.5905999318152757e-05,0.012255345984876003,0.035011682192044855,,,,0.9983797272848293
2000,1203,intermediate_unlabelled,0.75,5,244,0.97953,1.3707,0.39117,-4.2132e-05,2.9446,0.9646765178303531,-34.056,38.488,12.966014239444258,-5.9224,12.685,3.5119311885245903,4.021196526093342,2.127365764566359e-05,0.0018449342291589888,1.30922618307779,0.4503714190234157,0.9999999905944423,0.9999976720647578,0.9948903553572781,0.9847466270988045
2000,1203,intermediate_unlabelled,0.75,6,244,0.91565,0.92347,0.00782000000000005,-6.7411e-05,0.05885,0.019299397206569955,-0.91005,0.87213,0.27109928004797945,1.6947,2.2105,1.896113524590164,1.90422705239952,1.8865296968146248e-06,0.00013742374254500526,0.08550327686753903,0.013025502790306027,0.9999998151674283,0.9999676816048356,0.948960653024026,0.9972451085075601
2000,1204,intermediate_unlabelled,0.7506234413965087,1,244,0.89605,0.89607,2.0000000000020002e-05,-0.00037919,0.00042132,0.00015152567521510487,-0.18959,0.21329,0.04116039817721103,4.2305,10.739,6.830727049180327,7.124498270099849,1.4609785334118647e-06,0.0001500128406663526,0.04115348565888394,0.23118581105428176,0.7269691279097646,0.31302648533133254,0.09865990078344078,0.9934613648090435
2000,1204,intermediate_unlabelled,0.7506234413965087,2,244,-1.1148,-0.90677,0.20803000000000005,-4.2132e-05,1.6094,0.5203649944485284,-18.841,20.855,7.21401900795691,-86.766,402.63,142.03846229508196,160.6014319228845,1.477884248510599e-05,0.001251858176150932,0.4187876855698448,2.1362622679220746,0.999999982928977,0.9999963418926855,0.9983153137321142,0.9996980942925219
2000,1204,intermediate_unlabelled,0.7506234413965087,3,244,0.86411,1.0476,0.18349000000000004,-1.6035,0.011713,0.48244747246941316,-25.856,18.912,7.600673577002563,-632.07,169.04,216.16304672131147,243.25438392431866,1.4900780412912163e-05,0.0018069273091885498,0.882700816464581,3.9704627723769126,0.9999999807277311,0.9999913299627542,0.9932383438326053,0.999578265808953
2000,1204,intermediate_unlabelled,0.7506234413965087,4,244,3.1416,3.1416,0.0,-6.3198e-05,9.4797e-05,2.526624627124782e-05,-0.035549,0.035549,0.012670875469837558,1.4774,3.3624,2.3432655737704913,2.428834641041788,8.881784197001252e-15,2.526624627124782e-05,0.012670875469837558,0.037345160335428305,,,,0.9982910179820345
2000,1204,intermediate_unlabelled,0.7506234413965087,5,244,0.97953,1.3707,0.39117,-4.2132e-05,2.9452,0.9646955785724829,-34.151,37.35,12.966194465499758,-5.9988,12.609,3.492672786885246,4.01176127570772,2.2501958179102024e-05,0.0018614072466117077,1.307256904767709,0.4679066911903036,0.9999999894769065,0.9999976282933879,0.9949059408564648,0.9836190075373783
2000,1204,intermediate_unlabelled,0.7506234413965087,6,244,0.91565,0.92347,0.00782000000000005,-6.7411e-05,0.058715,0.01930020730806247,-0.94797,0.87213,0.2760749736915146,1.7789,2.2842,1.9705782786885246,1.9793908492612937,1.880275835397125e-06,0.00015941981674983833,0.09999596071816351,0.013217489421343556,0.9999998163749872,0.9999564698103296,0.9320982083253097,0.9974874666667488
2000,1205,intermediate_unlabelled,0.7512468827930174,1,244,0.89606,0.89607,1.0000000000065512e-05,-0.00037919,0.00037919,0.0001396841982401145,-0.094797,0.1185,0.03697736942252431,3.0915,10.169,5.882123770491805,6.307027385417779,8.023950209757516e-07,0.00012906759102179733,0.036698354346053834,0.20599533817063664,0.6927901335730828,0.3903467720173339,0.12304880232120018,0.995895880221787
2000,1205,intermediate_unlabelled,0.7512468827930174,2,244,-1.1148,-0.90677,0.20803000000000005,-8.4264e-05,1.6094,0.5203391259217529,-19.268,21.306,7.213198719890369,-86.4,400.52,140.74843319672132,159.40776998408433,1.4291143140345447e-05,0.0012337047971863555,0.41998668227137254,2.150652341445075,0.9999999840366504,0.9999964466885648,0.9983053966043335,0.9996932979625871
2000,1205,intermediate_unlabelled,0.7512468827930174,3,244,0.86411,1.0476,0.18349000000000004,-1.6029,0.011502,0.48243994996011974,-25.429,19.149,7.603679517455075,-634.09,168.57,216.37388688524587,243.4871526796165,1.4963652176976124e-05,0.0018068523792126633,0.9221827612343383,4.121872055722648,0.9999999805647923,0.9999913315029834,0.9926224766992189,0.9995452918408221
2000,1205,intermediate_unlabelled,0.7512468827930174,4,244,3.1416,3.1416,0.0,-9.4797e-05,9.4797e-05,2.4275024213997476e-05,-0.035549,0.071098,0.012042199530687293,1.5284,3.3624,2.33136844262295,2.406385533317348,8.881784197001252e-15,2.4275024213997476e-05,0.012042199530687293,0.03479063331668727,,,,0.9982960020895271
2000,1205,intermediate_unlabelled,0.7512468827930174,5,244,0.97953,1.3707,0.39117,-4.2132e-05,2.9441,0.9646969005888939,-33.534,37.492,12.97047749317175,-5.9988,12.112,3.4007640573770495,3.9532271782935484,2.2301949520261543e-05,0.0017869393442886369,1.3458564078214994,0.42831002837938054,0.9999999896631357,0.9999978196188005,0.9946031840837363,0.9865046687053981
2000,1205,intermediate_unlabelled,0.7512468827930174,6,244,0.91565,0.92347,0.00782000000000005,-0.00013482,0.058715,0.01929981869893543,-0.87213,0.98589,0.2726814568090469,1.5789,2.1158,1.7913733606557378,1.8006487436454128,1.7485589833729385e-06,0.00013922379724873695,0.09026467465505053,0.011865765279511768,0.9999998412163772,0.9999668390463273,0.9436216185416392,0.9978850526887394
2000,1600,faulty_evident,0.9975062344139652,1,247,0.89605,0.89607,2.0000000000020002e-05,-0.0013482,0.001264,0.00030538735457436207,-0.49768,0.37919,0.10689406313466265,4.5966,12.081,7.4699068825910935,7.907103792227128,2.471372496805208e-06,0.00029606023056533707,0.10674688352033018,0.48842373168931025,0.8612628874999774,0.40925389676616375,0.09271042273058569,0.9821005236319074
2000,1600,faulty_evident,0.9975062344139652,2,247,-1.1148,-0.90677,0.20803000000000005,-0.010533,1.599,0.5172201622423742,-19.836,21.329,7.180800676433042,-163.57,377.29,141.38154846153844,158.28736313375524,1.5319567813458e-05,0.0015440863108083815,0.5126017794845398,4.062939800185704,0.9999999817803923,0.9999943797496916,0.9974506314672946,0.9990000228612618
2000,1600,faulty_evident,0.9975062344139652,3,247,0.86398,1.0476,0.18362000000000012,-1.6522,0.031178,0.4873022660258042,-31.378,22.254,8.266513303576195,-977.13,299.27,243.9171190283401,301.1476939104917,2.9649406410602525e-05,0.004189909188740039,1.3830449775933313,13.558911303267017,0.9999999242762134,0.9999547503998594,0.9859225064275802,0.9977699498449117
2000,1600,faulty_evident,0.9975062344139652,4,247,3.1416,3.1416,0.0,-0.00034759,0.00053718,9.481850161662471e-05,-0.17774,0.19552,0.03647230713865239,0.91701,3.2096,1.8629075303643723,2.0575161616108577,1.3322676295501878e-14,9.481850161662471e-05,0.03647230713865239,0.05157874763455515,-1.0,,,0.9982550514496287
2000,1600,faulty_evident,0.9975062344139652,5,247,0.97953,1.3707,0.39117,-0.011376,2.9362,0.9587446725841491,-39.791,38.156,13.292697566500054,-18.187,29.421,3.804809874493927,5.420742906359728,8.213056245641777e-05,0.012735344743522252,3.2275743600100393,2.184529784354449,0.9999998605698733,0.9998874931929287,0.9701010530535782,0.8831805257700803
2000,1600,faulty_evident,0.9975062344139652,6,247,0.91565,0.92347,0.00782000000000005,-0.00053929,0.058176,0.019201235250704538,-1.5168,0.98589,0.3270115925330353,1.6421,2.5263,1.890098380566802,1.905298398139099,4.0927347230880665e-06,0.0005829662561607523,0.19605034265349397,0.03192417940347477,0.9999991345168918,0.9994126490755101,0.800500904104631,0.9911372149142363
2000,1601,faulty_evident,0.9981296758104738,1,246,0.89605,0.89608,2.999999999997449e-05,-0.0018117,0.0018117,0.0004051441607337648,-0.68728,0.56878,0.14825619352229272,-1.7085,9.3966,3.4794586585365854,4.749055996185995,2.535371674303428e-06,0.0003744365337181881,0.14756734031498916,0.4893280426267565,0.9225356354108497,0.424231252878423,0.1011739060679622,0.99263567562693
2000,1601,faulty_evident,0.9981296758104738,2,246,-1.1148,-0.90677,0.20803000000000005,-0.010617,1.5985,0.5182600432900406,-19.955,21.472,7.196254378607258,-166.86,376.11,141.46668573170734,158.41069133301957,1.5842537673195946e-05,0.001602478146475133,0.5277865954160713,4.180981972835148,0.9999999805631129,0.9999939637957386,0.9973087741655814,0.998948389998574
2000,1601,faulty_evident,0.9981296758104738,3,246,0.86394,1.0476,0.18366000000000005,-1.6571,0.032652,0.4886140325243223,-31.07,22.609,8.308689453627254,-986.45,300.82,242.86340853658538,302.2005970455192,3.0054969292754625e-05,0.00431921478465628,1.362108498472228,13.99806272774053,0.9999999223729644,0.9999521399886278,0.9864874050280517,0.9976930053655533
2000,1601,faulty_evident,0.9981296758104738,4,246,3.1416,3.1416,0.0,-0.00037919,0.00063198,9.419571365698968e-05,-0.15997,0.19552,0.03615793205204756,0.91701,3.3114,1.877520081300813,2.087156445995013,1.3322676295501878e-14,9.419571365698968e-05,0.03615793205204756,0.05097794620451414,-1.0,,,0.998435487851829
2000,1601,faulty_evident,0.9981296758104738,5,246,0.97952,1.3707,0.3911800000000001,-0.011797,2.9346,0.9606097574621963,-43.536,39.317,13.367578738870517,-18.722,29.879,3.77909825203252,5.478328802068823,8.59922175736147e-05,0.013082543458214638,3.4053204962291255,2.275100460373083,0.9999998475034932,0.999881595237223,0.9670387108029473,0.8780795735863746
2000,1601,faulty_evident,0.9981296758104738,6,246,0.91565,0.92347,0.00782000000000005,-0.00047188,0.058243,0.019240468552325446,-1.7443,0.91005,0.34181702032174194,1.5789,2.4947,1.8498524390243904,1.8652301655636108,3.855178877601376e-06,0.0006206679944336165,0.21945285889636088,0.033350134521286656,0.9999992338094591,0.9993361823382853,0.7668323432257883,0.9902268159072056
2000,1602,faulty_evident,0.9987531172069826,1,244,0.89605,0.89609,4.0000000000040004e-05,-0.0017274,0.0018959,0.0003733685434550614,-0.52138,0.52138,0.1333921679736907,-2.1153,9.2339,3.55849737704918,4.667045493682272,2.6171370505276654e-06,0.0003336138745321636,0.13250154181505,0.4369620430730831,0.9226369204168404,0.4713706558078715,0.1174662438197438,0.9945409640787688
2000,1602,faulty_evident,0.9987531172069826,2,244,-1.1148,-0.90677,0.20803000000000005,-0.010364,1.5979,0.5204093384181226,-19.694,21.377,7.227265450634112,-167.8,377.86,142.52472409836065,159.5079968494025,1.571327383726273e-05,0.0017050031857461427,0.5321740104593053,4.232726204731428,0.9999999807012222,0.9999932050963664,0.9972872120732861,0.998937692860373
2000,1602,faulty_evident,0.9987531172069826,3,244,0.86385,1.0476,0.18375000000000008,-1.6582,0.03459,0.49083821458710875,-30.501,21.851,8.359976970290203,-991.57,298.5,240.99092786885245,302.2501613567028,3.0304145906491736e-05,0.004368193725553556,1.3536603171665942,13.773484920111294,0.9999999206279132,0.9999514112909699,0.9868222446090779,0.9978226562549743
2000,1602,faulty_evident,0.9987531172069826,4,244,3.1416,3.1416,0.0,-0.00034759,0.00056878,8.916912701611232e-05,-0.21329,0.15997,0.03327229007187586,0.76418,3.2096,1.7335974180327867,1.9745291042885078,8.881784197001252e-15,8.916912701611232e-05,0.03327229007187586,0.05722908090534543,,,,0.9981653813485565
2000,1602,faulty_evident,0.9987531172069826,5,244,0.97953,1.3707,0.39117,-0.012892,2.922,0.9637938701339056,-41.45,38.393,13.377619662895858,-20.136,31.904,3.9220574959016394,5.627083996500684,9.037897116897089e-05,0.0143159461889171,3.392802402360835,2.265925547868225,0.9999998302408233,0.9998587670078217,0.9673403141071714,0.8856069565318687
2000,1602,faulty_evident,0.9987531172069826,6,244,0.91565,0.92347,0.00782000000000005,-0.00053929,0.058176,0.019323887342878508,-1.5168,0.91005,0.32879928944513087,1.6421,2.6526,1.9109991803278688,1.9317092396521214,3.608346360374029e-06,0.0006211704978878271,0.19800221221541986,0.03177207430404308,0.9999993241134001,0.9993394268696454,0.7984730957618852,0.9936414179763847
2000,1603,faulty_evident,0.9993765586034912,1,244,0.89605,0.89608,2.999999999997449e-05,-0.0018117,0.0019802,0.00040274637293713327,-0.61618,0.73468,0.15059239949319772,-2.3186,8.0542,3.274091106557377,4.160940910303201,2.441571214911208e-06,0.00037867840404388957,0.1499733870089602,0.5032703792565807,0.9259795527661434,0.3971433953765072,0.09623628504378233,0.9913845369556693
2000,1603,faulty_evident,0.9993765586034912,2,244,-1.1148,-0.90677,0.20803000000000005,-0.010491,1.5981,0.5204081903985511,-18.722,21.069,7.2252656915015185,-168.37,377.65,142.37624590163935,159.3944525435354,1.5648535229021534e-05,0.001701176344950236,0.5038865384009599,4.253701400555239,0.9999999808596257,0.9999932340005666,0.9975672565854017,0.9989298356966804
2000,1603,faulty_evident,0.9993765586034912,3,244,0.86386,1.0476,0.18374000000000013,-1.6575,0.034759,0.49089150536167536,-30.098,22.799,8.389234186322716,-983.81,304.39,241.27343975409835,302.4418162744721,3.119797560407433e-05,0.004598331746522453,1.5069571991588184,14.47430057979863,0.9999999158818382,0.9999461709284536,0.9837527904538209,0.9975960603301249
2000,1603,faulty_evident,0.9993765586034912,4,244,3.1416,3.1416,0.0,-0.00044239,0.00075838,0.00011362640498922155,-0.24884,0.24884,0.043224930043747736,0.76418,3.2605,1.8169101639344263,2.0614372514044343,8.881784197001252e-15,0.00011362640498922155,0.043224930043747736,0.0632973052905846,,,,0.9978855196869839
2000,1603,faulty_evident,0.9993765586034912,5,244,0.97953,1.3707,0.39117,-0.012513,2.9358,0.9643280192441789,-47.47,38.227,13.444755395070608,-20.824,31.484,3.8874511885245897,5.643817260106335,8.978720652292162e-05,0.014250486363925273,3.4828408701063718,2.407123926660329,0.9999998324504809,0.9998602537364227,0.9659017867595396,0.8717402131402632
2000,1603,faulty_evident,0.9993765586034912,6,244,0.91565,0.92347,0.00782000000000005,-0.0006067,0.058311,0.01932644779874094,-1.5168,0.94797,0.3578255152756649,1.7158,2.6842,1.970745901639344,1.989426701812672,3.720106773415155e-06,0.0006645576788292065,0.24247289999666127,0.03653279374703799,0.999999281497278,0.9992441841106824,0.7355363179762179,0.990946353285568
2000,1604,faulty_evident,1.0,1,246,0.89605,0.89608,2.999999999997449e-05,-0.0017695,0.0018538,0.0003975278814630951,-0.71098,0.68728,0.1549506468249931,-2.1153,9.9661,3.8394418292682926,5.033264215474488,2.3294277731678446e-06,0.0003777006731206206,0.15459306965733713,0.49075599849401796,0.9256141666695694,0.364545931797367,0.07719817050288576,0.9933640642383375
2000,1604,faulty_evident,1.0,2,246,-1.1148,-0.90677,0.20803000000000005,-0.012429,1.5975,0.5182558634253644,-19.694,21.14,7.197074226965437,-176.83,372.85,141.22431016260165,158.09473455787978,1.698087457139506e-05,0.0018215538798903987,0.5257038124310551,4.504060573664817,0.9999999779774158,0.9999921990869317,0.9973305587264569,0.9987965925113665
2000,1604,faulty_evident,1.0,3,246,0.86377,1.0476,0.18383000000000005,-1.6825,0.03813,0.49059017574237423,-31.212,22.538,8.51192872559217,-1037.1,319.14,236.0027264227642,307.00160334704094,3.3525565602474905e-05,0.005051428106174713,1.6187915683533558,15.777738749271812,0.9999999044809864,0.9999351887191641,0.9817738718507044,0.9974494478137508
2000,1604,faulty_evident,1.0,4,246,3.1416,3.1416,0.0,-0.001106,0.0013272,0.00016491107190786438,-0.40881,0.58656,0.06514016034500036,-1.4265,0.15284,0.5645447967479674,0.6640928502546535,1.3322676295501878e-14,0.00016491107190786438,0.06514016034500036,0.09776128857194467,-1.0,,,0.9605989790938085
2000,1604,faulty_evident,1.0,5,246,0.97952,1.3707,0.3911800000000001,-0.014325,2.9377,0.9601781454760947,-47.944,38.156,13.438961268047139,-21.817,34.617,3.948423573170732,5.910629621235176,0.0001006484822735457,0.015417581037748852,3.6044773775320795,2.5663494266695093,0.9999997936002846,0.9998353606160795,0.9634080463355782,0.8802466776421135
2000,1604,faulty_evident,1.0,6,246,0.91565,0.92347,0.00782000000000005,-0.0006067,0.058378,0.019258760860219527,-1.4788,0.98589,0.34977681521402804,1.7789,2.8211,2.0487841463414638,2.067275554661845,4.110131793419811e-06,0.0006963827937663951,0.23077852624381726,0.03675771358878766,0.9999991405029657,0.9991663157734627,0.751631572650388,0.991093230729215
2100,0,training_healthy,0.0,1,356,-1.0911,0.89605,1.98715,-4.6119,8.4264e-05,2.5003453837787792,-34.53,38.18,13.57626385463099,-348.49,249.03,75.72573286516854,116.8763316648571,1.3088517695311328e-05,0.0011268960678903444,0.6613035558661545,3.633891714484798,0.9999999998619471,0.9999998514002446,0.9988130036871073,0.9994745306170801
2100,0,training_healthy,0.0,2,356,-0.90677,-0.71508,0.19168999999999992,-4.2132e-05,0.44702,0.24124431995697887,-4.7873,3.5312,1.3367038055817932,101.17,163.57,128.61505617977528,129.77401892165724,2.7243090500139154e-06,0.00035888541605950806,0.26333032102555665,1.276094413970181,0.999999999357208,0.9999981947411286,0.9804036168869397,0.9972775392267503
2100,0,training_healthy,0.0,3,356,0.86411,1.1833,0.31919,-8.4264e-05,0.75008,0.4016920482252229,-8.2947,6.4225,2.2839205901964337,-204.9,23.128,88.61306775280899,104.37894192620196,1.610601350729318e-05,0.001380749324508381,0.6745896528587624,2.984147882960996,0.999999991899169,0.9999902703621395,0.9553847423006051,0.9987802654511667
2100,0,training_healthy,0.0,4,356,3.1415,3.1416,9.999999999976694e-05,-0.0018327,0.0027175,0.00042603615092224,-0.65766,0.65766,0.08514436075067126,-31.179,27.969,8.022595379213483,12.199231759248356,5.667292352479786e-06,0.0007745495733021108,0.10018350059068849,0.09517013493409338,0.9496561572971627,0.286598641070889,0.030153671667500326,0.9999694962480372
2100,0,training_healthy,0.0,5,356,1.2432,1.3707,0.12749999999999995,-0.30344,8.4264e-05,0.16026357675329234,-6.9202,4.7636,1.3131084340816146,-4.1266,17.844,6.153456061797752,8.522659222621526,2.098506368239211e-05,0.001497323262913623,0.9727135205219124,0.35607590331712125,0.9999999137607567,0.999927860586473,0.6717650179177486,0.9989559952226805
2100,0,training_healthy,0.0,6,356,0.92347,3.0985,2.17503,-0.00013482,5.0571,2.7368745241262946,-51.304,47.512,15.462728364048886,1.0526,8.1158,3.845594382022471,4.123208585453482,3.2312151278626336e-05,0.0050249643572150655,4.387251613218175,0.3016232327415382,0.99999999929774,0.9999972382040357,0.9589040420706214,0.9792224733081049
2100,1,training_healthy,0.0006257822277847,1,350,-1.0074,0.89606,1.90346,-4.6283,8.4264e-05,2.4652176954227865,-34.554,39.601,13.821380371688054,-344.62,251.92,74.83703685714285,116.23287539400901,1.2314413682817891e-05,0.0011637483246389874,0.6213634565664033,3.6332145366226176,0.9999999998674184,0.99999983870809,0.9989889957170464,0.9994702926481644
2100,1,training_healthy,0.0006257822277847,2,350,-0.90677,-0.66159,0.24517999999999995,-4.2132e-05,0.59752,0.31758151255793116,-5.9011,4.9295,1.7962155463567266,91.566,169.34,127.15482857142858,128.7116805312667,2.7511067118859394e-06,0.00035181788458463816,0.2413756850060379,1.504068890656069,0.9999999996011301,0.9999990232280926,0.9909299438065244,0.9971566041374768
2100,1,training_healthy,0.0006257822277847,3,350,0.86411,1.2684,0.4042899999999999,-4.2132e-05,0.98762,0.5236823514815286,-10.357,7.5601,3.011676860926606,-203.03,35.236,88.41564919999998,102.57252978633974,1.6556422013466953e-05,0.0013903619342379137,0.6894515804608546,2.9539118851392367,0.9999999946884764,0.9999942982916067,0.9734438024815788,0.9988759367657291
2100,1,training_healthy,0.0006257822277847,4,350,3.1416,3.1416,0.0,-0.0012008,0.00094797,0.00026873299408975234,-0.24884,0.33771,0.056639649367962314,-28.886,26.899,7.324463642857142,11.428332317902429,1.1086841406065005e-14,0.0002687329940961105,0.05663964936982117,0.06681403677509755,,-0.01986169469937193,-0.047491473117465426,0.9999829066273118
2100,1,training_healthy,0.0006257822277847,5,350,1.2116,1.3707,0.15910000000000002,-0.39743,8.4264e-05,0.20586451505151557,-5.6167,6.1855,1.4629741294782028,-4.6997,17.232,6.038557028571429,8.343917487901402,2.1763789914074887e-05,0.0015738349671575076,0.891432993651333,0.33952216675701813,0.9999999407113326,0.999952434568413,0.792942032479684,0.9990313216020946
2100,1,training_healthy,0.0006257822277847,6,350,-2.7049,0.92347,3.62837,-8.8289,6.7411e-05,4.6991251920213974,-66.282,89.792,27.630953636039894,-9.9474,-0.38947,4.245595514285714,4.820936493813121,3.7458934225350054e-05,0.0055709303273170216,8.524070847471952,0.54528876616868,0.9999999996623838,0.9999988772234265,0.9512253102890698,0.9710810957992622
2100,2,training_healthy,0.0012515644555694,1,336,-0.78626,0.89606,1.6823199999999998,-4.6689,4.2132e-05,2.3584282756062325,-34.577,45.195,14.66723212255205,-331.4,254.77,70.95836383928571,113.99373309999505,5.9897756134003994e-06,0.0012508303613292257,0.655451824778699,3.627807376012116,0.9999999999602622,0.99999980001555,0.9990011010138371,0.9994537264088026
2100,2,training_healthy,0.0012515644555694,2,336,-0.90677,-0.46084,0.44592999999999994,-4.2132e-05,1.2385,0.6252261631282998,-12.087,9.1953,3.901027439049786,57.803,181.83,117.11399702380952,121.42508498954102,3.600697840189264e-06,0.0004614396508861517,0.3796921374778215,1.547660502495082,0.999999999795607,0.9999995954045823,0.9952521560071275,0.9988347489329029
2100,2,training_healthy,0.0012515644555694,3,336,0.86411,1.5702,0.70609,-8.4264e-05,1.9625,0.9898584377631449,-19.433,15.95,6.230804928891619,-205.83,67.678,99.47704559523811,109.69633580932901,1.900137274872025e-05,0.0019458575010610326,1.011987461759211,4.313723819572867,0.9999999977299157,0.999997021350544,0.9867222994881408,0.9984087473255991
2100,2,training_healthy,0.0012515644555694,4,336,3.1415,3.1416,9.999999999976694e-05,-0.0029071,0.0019907,0.000468193698459922,-0.40881,0.44436,0.09056984157093644,-31.433,27.052,8.04738443452381,12.147013609181368,5.7634694407219466e-06,0.000749449025583082,0.1078824172275873,0.10264905613859747,0.9352969566726772,0.3686573338791089,0.053385080167895255,0.9999642936977995
2100,2,training_healthy,0.0012515644555694,5,336,1.1106,1.3707,0.2601,-0.72787,8.4264e-05,0.36429529938258215,-9.3849,8.4606,2.557195733272053,-8.5206,17.691,5.852340889880953,7.959817038704504,2.1158024642370138e-05,0.0021780565827920384,1.2110954937885958,0.44183511707511564,0.9999999792520938,0.9999722062259394,0.8807412242736032,0.9983123923816265
2100,2,training_healthy,0.0012515644555694,6,336,-1.0006,0.92347,1.92407,-5.3541,0.00013482,2.6980499265390665,-48.005,59.76,17.567136456320434,-6.7789,1.6842,3.3799525922619047,3.701330922772079,2.7161527639258043e-05,0.0053437879250735065,5.32031491229445,0.33698485817368384,0.999999999375518,0.9999969713722466,0.9530364135168848,0.9831626550750979
2100,3,training_healthy,0.0018773466833541,1,349,-0.86626,0.89606,1.7623199999999999,-4.4567,8.4264e-05,2.27041525784127,-28.747,48.038,13.605828198089142,-287.63,186.63,55.43605951289398,89.4068575476267,7.394210258141536e-06,0.0014393233484251307,0.7418593116831094,3.3998883675265246,0.9999999999447553,0.999999689224004,0.9985126926661027,0.999192999448845
2100,3,training_healthy,0.0018773466833541,2,349,-0.90677,-0.03277,0.874,-4.2132e-05,2.2102,1.1261425924834396,-25.524,14.172,6.78618531975137,-12.285,209.65,94.02301512893983,108.42652840999509,5.114880758003145e-06,0.000765246138132227,0.7693488247741272,1.6844337787474497,0.9999999998925144,0.9999996401013183,0.9935531879053486,0.9995218063466531
2100,3,training_healthy,0.0018773466833541,3,349,0.86411,2.0999,1.2357899999999997,-4.2132e-05,3.1262,1.5923575470317446,-35.146,21.4,9.64134665735079,-324.26,108.35,103.44954633237822,119.39715421063444,2.4020015307982028e-05,0.00304939634981028,1.3430781990389156,5.351465138563907,0.9999999988145403,0.9999970080121662,0.9902500214628178,0.9983871620216335
2100,3,training_healthy,0.0018773466833541,4,349,3.1416,3.1416,0.0,-0.0024963,0.0018959,0.0004322858142119265,-0.63988,0.58656,0.09514431514293008,-26.033,23.791,7.151164971346705,10.277644836212213,8.881784197001252e-15,0.0004322858142119265,0.09514431514293008,0.1169875442340997,,,,0.9999349987125273
2100,3,training_healthy,0.0018773466833541,5,349,1.0089,1.3707,0.3618000000000001,-0.91978,8.4264e-05,0.46570494666141854,-9.4797,10.191,2.9584414432017945,-19.181,12.953,5.764079243553008,7.314441978387894,2.399648526929065e-05,0.001995063457277685,1.0606346054590872,0.3995039870272879,0.9999999861925685,0.999984920466944,0.9335302857965365,0.998462601109332
2100,3,training_healthy,0.0018773466833541,6,349,0.91545,0.92347,0.008020000000000027,-0.023796,6.7411e-05,0.010239218910643695,-5.119,7.015,1.2842102675688356,-1.9684,1.7474,1.212361088825215,1.281187100575251,5.335479287233391e-06,0.0009317332997154111,1.2828723660734846,0.06608520647709928,0.9999986125831891,0.9930986104630701,0.04564672587847098,0.9983402068940924
2100,4,training_healthy,0.0025031289111389,1,330,-0.69189,0.89605,1.5879400000000001,-4.697,4.2132e-05,2.2941195807889954,-30.501,48.655,14.814896787659418,-295.89,233.86,66.00108387878788,104.74112157781397,6.40239081818754e-06,0.001190988882866723,0.7191734565019277,3.456799829042201,0.9999999999495685,0.999999811162421,0.9988212083458232,0.9994139720745626
2100,4,training_healthy,0.0025031289111389,2,330,-0.90677,-0.25135,0.6554199999999999,-4.2132e-05,1.9375,0.9470509673753538,-20.405,12.964,6.136524250291837,22.861,198.51,105.0463181818182,114.7141491753623,3.5074991375842507e-06,0.00038362723224144856,0.5865726687571832,1.637366070862861,0.9999999999111434,0.9999998922790991,0.9954212300579794,0.9993688728630489
2100,4,training_healthy,0.0025031289111389,3,330,0.86411,1.8506,0.98649,-4.2132e-05,2.919,1.4253860770844122,-31.212,19.931,9.244891711926913,-271.49,94.687,105.70423900000002,117.62402460110194,1.772115186216898e-05,0.0016273198553896214,0.8875340989089562,4.045664955974459,0.999999998998907,0.9999990192384041,0.9953812121501537,0.9989585887903775
2100,4,training_healthy,0.0025031289111389,4,330,3.1416,3.1416,0.0,-0.00158,0.0023383,0.00038411351007040367,-0.40881,0.39104,0.07897039858366954,-30.058,24.759,8.130544924242423,11.785775343743035,1.1131045194200148e-14,0.00038411351010062564,0.0789703985864017,0.094323178386231,0.1201526759538461,-0.09455756069597855,-0.07034124618997108,0.9999679740814817
2100,4,training_healthy,0.0025031289111389,5,330,1.0396,1.3707,0.33109999999999995,-0.98294,8.4264e-05,0.47791926775804483,-10.238,11.21,3.2466966992786297,-14.787,18.264,5.983742757575757,7.960648107845754,2.356463732597312e-05,0.0019626006812531118,1.0854369031309443,0.4126504511560449,0.9999999842823837,0.9999870727100757,0.9424621325195278,0.9985978937821228
2100,4,training_healthy,0.0025031289111389,6,330,0.32323,0.92347,0.60024,-1.7907,6.7411e-05,0.8675655153584751,-21.159,26.657,7.167428182467991,-5.0105,1.6421,2.7440502727272724,2.8551520691213947,2.0141176563374516e-05,0.0038428351548105365,4.489827762094208,0.2866993774376121,0.9999999965088457,0.9999849792852562,0.7794852122059915,0.974831860188522
2100,398,intermediate_unlabelled,0.2490613266583229,1,348,-0.98769,0.89606,1.88375,-4.6641,4.2132e-05,2.471189187272535,-34.838,42.137,14.241733518569434,-343.28,252.69,65.9256759770115,113.38879593958458,7.064538711068333e-06,0.0016232500284653099,0.8497251670259464,3.427918121387028,0.9999999999555487,0.99999967157575,0.9982185779647306,0.9995211488523505
2100,398,intermediate_unlabelled,0.2490613266583229,2,348,-0.90677,-0.55371,0.35305999999999993,-4.2132e-05,0.87504,0.46322112181061315,-8.9109,6.8017,2.6823149100766246,80.624,172.43,124.14304885057471,126.6192052581214,3.4188027818845785e-06,0.00042837977654370494,0.303214701350418,1.534179529892995,0.9999999997036171,0.9999993297195151,0.9935903765502391,0.9981030733017269
2100,398,intermediate_unlabelled,0.2490613266583229,3,348,0.86411,1.4342,0.5700899999999999,-8.4264e-05,1.4169,0.7479301956237387,-13.769,10.665,4.362420581434654,-210.79,33.994,89.3451948275862,104.11104069676566,2.084722350898341e-05,0.001592993428899087,0.7268159921602549,3.36394793921778,0.9999999957738388,0.9999963618326887,0.9860234251180746,0.9986034091017312
2100,398,intermediate_unlabelled,0.2490613266583229,4,348,3.1415,3.1416,9.999999999976694e-05,-0.0038867,0.0035707,0.0006035482530711132,-1.2087,0.6932,0.10988857734879173,-31.688,27.46,7.841174626436781,11.997731806695892,5.937861288898707e-06,0.0006805665290356967,0.11313142069551488,0.11997340598974837,0.9685054698661434,0.499677191922418,0.15384139664180735,0.9999498537838031
2100,398,intermediate_unlabelled,0.2490613266583229,5,348,1.1536,1.3707,0.21710000000000007,-0.54523,4.2132e-05,0.2844525905194937,-7.8919,7.7734,1.9843535995766493,-6.037,18.57,6.144727264367816,8.398142397298898,2.5823420550328753e-05,0.0021447616039843923,1.1107224814470538,0.4079914849852695,0.9999999552604713,0.999954162173418,0.8287022578345852,0.9986421428617043
2100,398,intermediate_unlabelled,0.2490613266583229,6,348,0.92347,2.0291,1.1056300000000001,-0.00013482,2.7517,1.4507379508948586,-35.113,24.913,9.6215943871379,1.1895,5.9158,3.147819540229885,3.320450755770104,3.06848479682282e-05,0.0040061981231017405,4.792212920196936,0.29229127594320775,0.9999999975659812,0.9999938752483521,0.8671381205462156,0.960989458633922
2100,399,intermediate_unlabelled,0.2496871088861076,1,337,-0.80994,0.89606,1.706,-4.6831,4.2132e-05,2.3774530422979763,-33.819,45.929,14.74090747145224,-322.94,248.83,65.57572462908013,110.84534807094302,6.128861900130089e-06,0.0011890852098331267,0.6380541137671685,3.4892646484093093,0.9999999999596028,0.999999823554627,0.9990629124265963,0.9994766291665473
2100,399,intermediate_unlabelled,0.2496871088861076,2,337,-0.90677,-0.41916,0.48761,-4.2132e-05,1.3386,0.6796152074319374,-13.864,9.8589,4.230300258002998,54.712,185.65,116.1221454005935,121.24210849327943,3.123996690820928e-06,0.0004257072945666599,0.4184527323329946,1.5165375765499962,0.9999999998715086,0.9999997134908533,0.9950957257094503,0.9990533439330169
2100,399,intermediate_unlabelled,0.2496871088861076,3,337,0.86411,1.629,0.76489,-4.2132e-05,2.1013,1.0658920452488776,-21.116,14.622,6.6728181270986076,-211.57,55.104,96.2416459050445,108.77560170117118,1.9779267251537583e-05,0.0021953313172743357,0.9681006942117201,3.8687112442518163,0.9999999979067538,0.9999967136726271,0.9894198469070312,0.9985971455880213
2100,399,intermediate_unlabelled,0.2496871088861076,4,337,3.1415,3.1416,9.999999999976694e-05,-0.0036655,0.0034759,0.0005680020202487163,-1.0842,0.58656,0.11148052326863764,-32.096,25.727,7.965142626112759,11.90378699674817,6.033991855360001e-06,0.0007327587874478681,0.11931484050437235,0.12217834131637663,0.9684384521676013,0.40773980482864863,0.05785650720643752,0.9999472446146933
2100,399,intermediate_unlabelled,0.2496871088861076,5,337,1.0935,1.3707,0.2772000000000001,-0.76651,4.2132e-05,0.3859862555043204,-8.6976,8.0578,2.596063700502422,-8.7499,17.691,6.077836554896143,8.072619204343045,2.2411489031963737e-05,0.001802921738956834,1.0427847198460143,0.3868297708786226,0.9999999795341245,0.9999829917658799,0.9157822574733024,0.9987599709162442
2100,399,intermediate_unlabelled,0.2496871088861076,6,337,0.92347,1.7284,0.8049299999999999,-6.7411e-05,2.2179,1.1220512477749776,-32.534,21.159,8.301468457174924,1.2421,5.2632,3.0694999999999997,3.2050958607300406,2.7132842604926947e-05,0.003406587247830391,4.52534068142785,0.26775700169113764,0.9999999964437797,0.9999928368833835,0.8383549094391661,0.9569470043598844
2100,400,intermediate_unlabelled,0.2503128911138924,1,342,-0.86402,0.89606,1.7600799999999999,-4.7608,4.2132e-05,2.378873020569111,-28.842,50.171,14.417744585059262,-280.72,220.8,60.512833801169585,96.29294611253154,6.736256936186156e-06,0.0012818086086930304,0.7038792383059589,3.5667536417025514,0.9999999999545834,0.9999997884708182,0.9988077703485444,0.999257788503392
2100,400,intermediate_unlabelled,0.2503128911138924,2,342,-0.90677,-0.15886,0.74791,-4.2132e-05,2.022,1.0110479561452657,-21.377,12.513,6.155101231996147,11.146,202.94,103.8337105263158,115.19280704534194,3.942339076408061e-06,0.0004952137620225652,0.6411531559558331,1.9165705511220927,0.9999999999138448,0.9999998287486473,0.9945601117924726,0.9992615341632912
2100,400,intermediate_unlabelled,0.2503128911138924,3,342,0.86411,1.9618,1.09769,-8.4264e-05,2.9684,1.4837590655852413,-31.686,18.13,9.077011631514765,-285.92,88.478,103.50299713450293,117.94248242858652,2.099605385390829e-05,0.002540477779722459,1.2284266751462163,4.840207241385323,0.9999999988656214,0.999997692845271,0.9908003167455789,0.9984742883061833
2100,400,intermediate_unlabelled,0.2503128911138924,4,342,3.1415,3.1416,9.999999999976694e-05,-0.0033495,0.0020223,0.0004802165933480232,-0.6932,0.62211,0.11048853716780967,-28.886,21.805,7.050100847953217,10.367167064146395,6.4092762816299355e-06,0.0005966683999861726,0.11815860078138955,0.1305654263521444,0.8768543511097407,0.4638385648678523,0.12374995954712796,0.999920658509597
2100,400,intermediate_unlabelled,0.2503128911138924,5,342,1.0209,1.3707,0.3498000000000001,-0.95075,8.4264e-05,0.47237078703313085,-10.214,12.561,3.1085509359955097,-16.774,16.965,6.114656397660819,7.91000626712356,2.3651098761894063e-05,0.001981563916757675,1.2812233075561053,0.48700640489309566,0.9999999858224669,0.9999860437129687,0.9111124639039619,0.9980135115597769
2100,400,intermediate_unlabelled,0.2503128911138924,6,342,0.92347,1.8947,0.97123,-0.00013482,2.6372,1.313620709594288,-39.17,18.922,8.965103802831823,-1.6842,5.5789,3.1376120204678366,3.3361523829611253,2.784259886803854e-05,0.003899226032686602,4.12082418035789,0.26414671068082457,0.9999999974533802,0.9999930275341152,0.8881000298421181,0.985386138965875
2100,401,intermediate_unlabelled,0.2509386733416771,1,340,-0.86129,0.89606,1.75735,-4.7011,4.2132e-05,2.4114695874157377,-33.297,47.564,14.74882061014426,-316.03,252.08,65.24145117647058,109.25144159389438,6.1845309306080595e-06,0.0012169910369577304,0.7029059994507044,3.7140316190850005,0.9999999999612311,0.9999998186893372,0.998863832379385,0.9993843690830678
2100,401,intermediate_unlabelled,0.2509386733416771,2,340,-0.90677,-0.37844,0.52833,-4.2132e-05,1.4132,0.7250899009683709,-14.599,10.143,4.452001597603995,46.292,192.57,113.90132647058824,119.98014063376097,3.6118871440552567e-06,0.0004425473387670997,0.44878549979836296,1.7188935208507397,0.9999999998536886,0.9999997261527118,0.9949063107830878,0.998960388405372
2100,401,intermediate_unlabelled,0.2509386733416771,3,340,0.86411,1.685,0.82089,-8.4264e-05,2.1969,1.1265001764979263,-23.51,17.111,6.9657807912441045,-214.67,67.678,97.68799652941176,109.7790976295333,1.8154892375566056e-05,0.0022755416736785408,1.0764679210572026,4.268653553653526,0.9999999984689256,0.9999968141809922,0.9879872688786625,0.9984212953569239
2100,401,intermediate_unlabelled,0.2509386733416771,4,340,3.1415,3.1416,9.999999999976694e-05,-0.005909,0.0026227,0.000681269718700768,-0.71098,0.85317,0.114738823948489,-31.79,25.371,7.830580147058823,11.779983299249478,5.9718586246551175e-06,0.0006688258243826339,0.11480436892263901,0.139938832974231,0.9725151728776859,0.5693887463642612,0.22027744313682918,0.9999294210156251
2100,401,intermediate_unlabelled,0.2509386733416771,5,340,1.0781,1.3707,0.29259999999999997,-0.7872,8.4264e-05,0.4011097098012723,-8.4606,10.522,2.641724099317745,-9.9343,18.111,6.006676026470588,8.125508925008415,2.0712499474103866e-05,0.001774391917529368,1.028723322169661,0.38538658942743975,0.9999999843082596,0.9999846436519936,0.9210634831148439,0.9987673683113495
2100,401,intermediate_unlabelled,0.2509386733416771,6,340,0.92347,1.9768,1.0533299999999999,-0.00013482,2.8258,1.4458399637244699,-37.123,26.96,9.968711465799661,1.1789,6.5474,3.189689411764706,3.3746121351854907,2.9108660698132245e-05,0.004116351391903529,4.614702899317766,0.2866123495961232,0.9999999976098827,0.9999936533666802,0.8864011788941644,0.9655751226767487
2100,402,intermediate_unlabelled,0.2515644555694618,1,334,-0.75948,0.89606,1.65554,-4.7083,4.2132e-05,2.343755241107849,-31.33,48.892,14.796782068182086,-299.31,235.0,64.00823260479042,105.07021255538375,6.757264754811546e-06,0.0013351436621952023,0.7791980312762905,3.880535399216657,0.9999999999481648,0.999999767080591,0.9986126583149448,0.9992712326319918
2100,402,intermediate_unlabelled,0.2515644555694618,2,334,-0.90677,-0.28369,0.62308,-4.2132e-05,1.7718,0.8822625960447387,-18.557,11.826,5.593253779331088,32.827,201.23,108.9188143712575,117.53775726989149,3.4392197687227992e-06,0.0004632230722725276,0.5859903856768041,1.8683037352864114,0.9999999999051964,0.9999998055079365,0.9944969121008612,0.9991054237754887
2100,402,intermediate_unlabelled,0.2515644555694618,3,334,0.86411,1.8099,0.94579,-4.2132e-05,2.6893,1.339012837407892,-28.652,24.031,8.545618875252195,-258.6,79.475,101.31264670658682,113.56854086061968,2.1588618494035298e-05,0.002952040306115443,1.2964723094830792,5.2536817832561375,0.9999999983787965,0.9999962593117703,0.9884248579759712,0.9979638474191954
2100,402,intermediate_unlabelled,0.2515644555694618,4,334,3.1415,3.1416,9.999999999976694e-05,-0.0069518,0.0038867,0.0007313445224967546,-1.3686,1.2264,0.15477525951711346,-31.484,24.505,8.087936032934131,11.761374169341584,6.085697663630505e-06,0.000726421906517446,0.15294649375632877,0.19241768404310272,0.9666435378809862,0.5199253492059365,0.19501328874564383,0.999866066267938
2100,402,intermediate_unlabelled,0.2515644555694618,5,334,1.048,1.3707,0.3227,-0.92282,8.4264e-05,0.4564306066757733,-8.5791,11.85,3.0602758082728623,-13.373,17.767,6.0558826317365275,8.077622584464976,2.2652019705668164e-05,0.0018534698912018117,1.099113160560287,0.39803688786067665,0.999999984663922,0.9999872480508564,0.9332792793699256,0.9987087159840407
2100,402,intermediate_unlabelled,0.2515644555694618,6,334,-2.2312,0.92347,3.15467,-8.9728,0.00013482,4.467604503481039,-65.41,104.39,29.94903373054053,-9.4211,1.6737,4.038038233532935,4.717956032940999,4.140432724989129e-05,0.0051954431856158214,10.225788272846259,0.4707963490997319,0.9999999994642044,0.9999989721296406,0.9399038353569152,0.9845523302861209
2100,797,intermediate_unlabelled,0.4987484355444305,1,348,-0.995,0.89606,1.89106,-4.7971,4.2132e-05,2.4740944027026943,-29.482,50.432,14.457075254895662,-286.86,213.68,56.85105132183908,95.79530607967746,7.101857312425804e-06,0.0015152420550982597,0.8056975839049415,3.6907069385314903,0.9999999999561242,0.9999997160867544,0.9984460505311575,0.9992117614804689
2100,797,intermediate_unlabelled,0.4987484355444305,2,348,-0.90677,-0.14346,0.7633099999999999,-8.4264e-05,1.936,0.9988275480492504,-21.543,11.992,5.864049094503852,12.285,199.12,103.6237816091954,114.70145459967632,4.058828959193665e-06,0.0005292659588995347,0.6354269319840655,1.6626678367800278,0.9999999999120345,0.9999997925997863,0.9941119362791762,0.9994283291736167
2100,797,intermediate_unlabelled,0.4987484355444305,3,348,0.86411,1.9795,1.11539,-8.4264e-05,2.8318,1.4594351615653223,-31.307,17.3,8.614838212939501,-285.15,88.478,102.5975454597701,117.03875923511363,2.231189846633298e-05,0.00272772300840835,1.2368507764511976,5.343457388871143,0.9999999987552033,0.9999971947079822,0.9896400885467445,0.9981029869975232
2100,797,intermediate_unlabelled,0.4987484355444305,4,348,3.1415,3.1417,0.00019999999999997797,-0.0087845,0.0068254,0.0011443397041113238,-2.2751,1.813,0.26518006701905383,-31.841,22.62,6.88362025862069,10.748117412298459,9.402963132075532e-06,0.0007570111796344118,0.25643166191507144,0.2947463461788857,0.9614628170330586,0.7615020647580778,0.2553444772903042,0.9996239244577958
2100,797,intermediate_unlabelled,0.4987484355444305,5,348,1.0186,1.3707,0.3521000000000001,-0.90011,0.00016853,0.4602664799569344,-9.1716,10.57,2.8965169906744777,-15.322,17.805,6.382659051724138,8.27930986619368,2.157684531884746e-05,0.0019853192152226103,1.1458926651176622,0.4033457298498715,0.9999999883141774,0.9999849605219464,0.9184189581037723,0.9987328073517365
2100,797,intermediate_unlabelled,0.4987484355444305,6,348,-0.97358,0.92347,1.8970500000000001,-4.8293,0.00013482,2.4827526475330197,-33.71,62.225,15.475424077610588,-6.3368,2.0316,3.1042965775862066,3.3993026463996068,2.8586537209415607e-05,0.005695928057333638,5.468862506888629,0.3435437619492489,0.9999999992938345,0.9999957650882108,0.935476282821733,0.9811691202631035
2100,798,intermediate_unlabelled,0.4993742177722152,1,345,-0.90689,0.89606,1.80295,-4.5824,4.2132e-05,2.389087134611709,-34.269,36.971,13.547942932211,-345.8,244.6,71.40244385507246,117.12774404387017,5.469707488098877e-06,0.0011502866869313579,0.6433477915161067,3.6806506273590003,0.9999999999708438,0.9999998332895771,0.9988719093894697,0.9994827660407971
2100,798,intermediate_unlabelled,0.4993742177722152,2,345,-0.90677,-0.79196,0.11480999999999997,-4.2132e-05,0.2932,0.15218397487260354,-2.7965,2.3699,0.8890724942065528,113.08,158.97,134.9623188405797,135.4590418186796,2.638091824417931e-06,0.00031858096499951617,0.2151901957735308,1.1789016360896865,0.9999999983274168,0.9999964964406031,0.9702666151768203,0.9948133095001725
2100,798,intermediate_unlabelled,0.4993742177722152,3,345,0.86411,1.0579,0.19379000000000002,-4.2132e-05,0.49387,0.25682515726883354,-6.1855,4.6688,1.555535243107585,-208.16,-11.797,98.80829275362318,110.19122301559442,1.5043493853914494e-05,0.001106308683712987,0.5394896919211423,2.802991272221343,0.9999999809056336,0.9999851349053632,0.9379323250909212,0.9983473861920481
2100,798,intermediate_unlabelled,0.4993742177722152,4,345,3.1415,3.1417,0.00019999999999997797,-0.0055298,0.0070782,0.000981073161178297,-1.5642,1.0842,0.17046570788709758,-35.815,27.409,8.690086028985506,13.147592368834728,8.591070637981195e-06,0.0007495008936752085,0.16643075246067884,0.1973039611366522,0.977375134576003,0.7276350038048688,0.24202732990952033,0.9998864605113666
2100,798,intermediate_unlabelled,0.4993742177722152,5,345,1.2918,1.3707,0.07889999999999997,-0.20586,4.2132e-05,0.10443407397697466,-5.3323,3.7208,1.009057193997442,-4.4322,17.614,6.08087468115942,8.35550881289571,2.030459015770685e-05,0.0014824694674901186,0.818323810933989,0.37104904612960415,0.9999997901459564,0.9998377135771299,0.5850912579588595,0.9988682060724056
2100,798,intermediate_unlabelled,0.4993742177722152,6,345,0.92347,2.775,1.85153,-6.7411e-05,4.719,2.453660616192105,-52.138,39.094,14.564516267619428,1.1474,7.3368,3.4101910144927534,3.6907099568189206,3.141057281052058e-05,0.004636504685982453,4.4138229695088205,0.3035893262100662,0.9999999990883688,0.9999971473134499,0.9529737071001657,0.9765914292466491
2100,799,intermediate_unlabelled,0.5,1,331,-0.6824,0.89606,1.57846,-4.6498,8.4264e-05,2.2837662569419366,-34.838,44.626,14.68105387864201,-331.2,250.94,69.42453102719033,113.65675018215306,6.146044868210743e-06,0.0012309762173556018,0.6597836172936311,3.6312090755001707,0.9999999999525149,0.9999997966666961,0.9989897367319511,0.9994577232873367
2100,799,intermediate_unlabelled,0.5,2,331,-0.90677,-0.47821,0.42855999999999994,-4.2132e-05,1.2625,0.6201487777846452,-12.347,9.6456,3.9984218040007264,59.512,186.06,118.94245619335348,123.1952407723517,3.4936247301143787e-06,0.00042206260836276827,0.36502768178976513,1.6441159934373129,0.9999999997918398,0.9999996647127624,0.9958242018277403,0.9986866881601366
2100,799,intermediate_unlabelled,0.5,3,331,0.86411,1.5453,0.6811899999999999,-8.4264e-05,2.0109,0.9854864851246191,-19.339,14.931,6.400524555397425,-208.16,47.654,98.50487129909365,111.03820909221776,2.4375251870923135e-05,0.0025024404818879816,0.9780382732179556,3.9837566154135167,0.9999999959888214,0.9999950984393915,0.9882562733430026,0.9983248703664988
2100,799,intermediate_unlabelled,0.5,4,331,3.1415,3.1417,0.00019999999999997797,-0.010522,0.0061302,0.0012119534694198207,-1.3686,1.4575,0.20921817217203928,-34.592,26.746,7.79523081570997,12.365891117566905,8.831987948075676e-06,0.0008539278390848822,0.1985847615568309,0.28097274165038444,0.9725087417686604,0.7253978493897414,0.31694261310053934,0.9997405185627986
2100,799,intermediate_unlabelled,0.5,5,331,1.1181,1.3707,0.25259999999999994,-0.74877,8.4264e-05,0.3650749124259782,-9.3138,8.508,2.592096203140296,-8.1767,17.5,5.705831655589124,7.78179707075362,2.1434744939979215e-05,0.0020139374875711422,1.1351111820651014,0.41051483070355,0.9999999774386641,0.9999767720455406,0.8990191493509418,0.9985004290301035
2100,799,intermediate_unlabelled,0.5,6,331,-0.10387,0.92347,1.02734,-3.0403,0.00013482,1.4869767662997935,-27.188,38.222,10.690491824760404,-5.5158,1.8,2.837810658610272,3.0134399388103144,2.3199635334019108e-05,0.004262354985241678,4.832656496244399,0.29382129564418125,0.9999999984035342,0.9999937494083158,0.8919919066953644,0.9794633950973801
2100,800,intermediate_unlabelled,0.5006257822277848,1,338,-0.84712,0.89606,1.74318,-4.7286,4.2132e-05,2.406356509875868,-31.117,48.797,14.78480368822261,-300.85,236.18,63.72798656804733,104.85002991442869,6.852825189004648e-06,0.001460517582266971,0.8165891269107389,3.634138386429163,0.9999999999518666,0.9999997291954881,0.9984737207527304,0.9993583772238284
2100,800,intermediate_unlabelled,0.5006257822277848,2,338,-0.90677,-0.27201,0.63476,-4.2132e-05,1.721,0.8763946257309537,-18.58,11.613,5.406066640016678,28.231,194.89,110.4999704142012,118.4114644107796,3.7202299622952575e-06,0.000484203718824234,0.556846765684674,1.6244928060703536,0.9999999998930124,0.9999997795315115,0.9946810842879599,0.9992711543107274
2100,800,intermediate_unlabelled,0.5006257822277848,3,338,0.86411,1.8247,0.9605899999999999,-4.2132e-05,2.6064,1.3261323996895522,-27.254,21.827,8.22674157194988,-260.47,69.23,102.07559517751481,114.87108621176613,2.1268724597433823e-05,0.002649054029525807,1.1936583404063363,4.859811474984222,0.9999999984731905,0.9999968829270394,0.989417928817194,0.9982393247042262
2100,800,intermediate_unlabelled,0.5006257822277848,4,338,3.1415,3.1417,0.00019999999999997797,-0.0087845,0.0052454,0.0009392608618701496,-1.7952,1.9552,0.21320194249935212,-32.197,24.556,8.016204245562129,11.646330448156297,8.194524282201246e-06,0.00077636650030182,0.20966101263404363,0.24117751932100895,0.9732401234209459,0.7353535543721649,0.20541139077807058,0.9997844331577843
2100,800,intermediate_unlabelled,0.5006257822277848,5,338,1.0449,1.3707,0.3258000000000001,-0.88823,4.2132e-05,0.4494105852003755,-8.1763,10.333,2.944739939843541,-12.227,18.417,6.318147393491125,8.271532697081842,2.3390725010242412e-05,0.0017790007241590808,1.090810548987016,0.4162302697652148,0.9999999839434726,0.9999876978150418,0.9288628284343503,0.9986499711481747
2100,800,intermediate_unlabelled,0.5006257822277848,6,338,-0.90514,0.92347,1.8286099999999998,-4.9667,6.7411e-05,2.5251067412471206,-37.919,66.206,16.34954370218154,-6.4421,1.7053,3.3885092899408282,3.6412278740743615,2.5944062209419227e-05,0.005207880865789728,5.263404178785434,0.30998230312418124,0.9999999993732702,0.9999966795156168,0.946763742125223,0.9834366714104851
2100,801,intermediate_unlabelled,0.5012515644555695,1,353,-1.0407,0.89606,1.93676,-4.5707,8.4264e-05,2.45739759497515,-34.269,35.62,13.257904439152657,-345.03,243.82,74.47947107648726,117.25390458853218,1.3317522250209676e-05,0.0011266445107363072,0.6387970203724831,3.7061077589932996,0.9999999998495895,0.9999998465273867,0.9988385871682617,0.9994701124978537
2100,801,intermediate_unlabelled,0.5012515644555695,2,353,-0.90677,-0.86795,0.038819999999999966,-4.2132e-05,0.092438,0.04928478686856464,-1.3983,1.0902,0.305314781183438,126.35,156.49,139.39079320113316,139.66634613729528,2.276293806323766e-06,0.00027314415442360787,0.1476721287744884,0.9553165837046304,0.9999999890639325,0.9999746926862567,0.8752495091207357,0.9940482392661664
2100,801,intermediate_unlabelled,0.5012515644555695,3,353,0.86411,0.93044,0.06633,-4.2132e-05,0.158,0.08422751922627426,-2.5832,2.4647,0.6386533704686982,-206.91,-25.457,101.564611898017,111.66875247683979,3.7868441331050518e-06,0.0007346408301206004,0.4452990850962969,2.7309816227473993,0.9999999896351952,0.999937281707688,0.7168315941699593,0.9982676815492184
2100,801,intermediate_unlabelled,0.5012515644555695,4,353,3.1415,3.1417,0.00019999999999997797,-0.010112,0.0074258,0.0012594196285987454,-1.7063,1.0487,0.18255836366854605,-36.273,27.714,8.56298478753541,13.175547216775565,8.397749806226437e-06,0.0008024087926527556,0.17148253763626492,0.24027452055673643,0.9779101093916106,0.7733747383820176,0.34356698135348546,0.9998336546203587
2100,801,intermediate_unlabelled,0.5012515644555695,5,353,1.3432,1.3707,0.02750000000000008,-0.06838,0.0001264,0.03480804537983163,-4.9058,3.7919,0.9379885598601652,-3.5916,17.844,6.224695147308781,8.768118906495495,1.9243897475465525e-05,0.0012490550599845202,0.9173718371397869,0.29056287132390496,0.9999984412483142,0.9989332698671084,0.20851711655787494,0.9993271402348592
2100,801,intermediate_unlabelled,0.5012515644555695,6,353,-1.4642,0.92347,2.38767,-5.6559,6.7411e-05,3.030083798369306,-47.171,50.963,17.08476359416295,-7.0,1.8737,3.4863848186968838,3.799733997706099,3.015424114640841e-05,0.005748336712543424,5.0876251032249105,0.34444556291744777,0.9999999994927574,0.9999970496581372,0.9546323035684872,0.9830161748376542
2100,1196,intermediate_unlabelled,0.7484355444305382,1,331,-0.93738,0.89606,1.83344,-4.702,4.2132e-05,2.5206882285840035,-35.81,50.835,15.505909845914381,-332.75,272.83,67.4394442900302,117.0314625122518,8.001426930027613e-06,0.0014085136865177694,0.7539080572973011,3.8705816552783623,0.9999999999378544,0.9999997664177473,0.9988175420836348,0.9994217516668898
2100,1196,intermediate_unlabelled,0.7484355444305382,2,331,-0.90677,-0.41267,0.4941,-4.2132e-05,1.2674,0.6793845341281172,-13.959,9.93,4.19600420732285,46.658,186.06,117.23270694864048,122.32843728310637,3.4601912432022673e-06,0.00043109119816602074,0.43807439573467416,1.6542802585466703,0.9999999998399531,0.9999996938313508,0.9945353434699722,0.9988785249078824
2100,1196,intermediate_unlabelled,0.7484355444305382,3,331,0.86411,1.638,0.7738899999999999,-8.4264e-05,1.9896,1.0639386761604013,-22.609,15.168,6.653827019345983,-216.38,48.43,95.94720797583082,109.87537339611681,2.259263912785847e-05,0.002946454167968803,1.2558752516186726,4.504567339468444,0.9999999972187464,0.9999938135709998,0.9820264596556539,0.9980705164868487
2100,1196,intermediate_unlabelled,0.7484355444305382,4,331,3.1415,3.1417,0.00019999999999997797,-0.011692,0.0088477,0.001413487900020924,-1.8308,2.0796,0.25486372084495185,-39.33,29.141,8.213274788519637,13.286000993265718,7.878442610185244e-06,0.0008240152259108433,0.2419502912599162,0.3237002638000932,0.9799751240681657,0.8144038214574593,0.31484519296632185,0.9997030598286397
2100,1196,intermediate_unlabelled,0.7484355444305382,5,331,1.0909,1.3707,0.27980000000000005,-0.724,0.00033706,0.3842549783839692,-9.0294,10.925,2.5845250399867603,-9.3994,19.41,6.318901897280965,8.713741712719276,2.3108934265461635e-05,0.0019871007594139886,1.085418606268451,0.44302033492265636,0.9999999777340202,0.9999783663709667,0.907543038808771,0.9985070042636291
2100,1196,intermediate_unlabelled,0.7484355444305382,6,331,-2.848,0.92347,3.77147,-9.6779,6.7411e-05,5.1861873943156125,-74.586,140.34,33.779578100414724,-9.8421,1.7158,4.049194561933535,4.772307038428905,4.552459686806615e-05,0.005950139723436191,11.322835657136821,0.6638704496016566,0.9999999995246688,0.9999989539561144,0.9421480647132647,0.9706042008147673
2100,1197,intermediate_unlabelled,0.7490613266583229,1,324,-0.82081,0.89606,1.7168700000000001,-4.6263,4.2132e-05,2.425671812236421,-36.639,42.351,14.88924666863183,-356.91,260.34,72.31979811728397,123.21361730474652,7.396748228435097e-06,0.0015866967839009496,0.7440578932945222,3.71681938518455,0.9999999999393098,0.999999675284432,0.9987506893327361,0.9995252119902645
2100,1197,intermediate_unlabelled,0.7490613266583229,2,324,-0.90677,-0.66269,0.24407999999999996,-4.2132e-05,0.65814,0.344903391241135,-6.7069,5.356,2.130203667013648,91.403,170.89,129.26317283950615,130.76520782081047,2.770303051832567e-06,0.0003271199373844007,0.258686720594696,1.5148723414730823,0.9999999995787531,0.9999992965992917,0.9925992300184705,0.9970581141339914
2100,1197,intermediate_unlabelled,0.7490613266583229,3,324,0.86411,1.2667,0.4025899999999999,-8.4264e-05,1.09,0.5688099570644891,-10.902,8.7924,3.539996165631418,-203.03,12.884,94.6922500617284,109.47986230885896,1.845119729967777e-05,0.0014411746856503572,0.6099858821169907,3.1990312970307855,0.9999999931320352,0.999994859760221,0.9850427687914937,0.9983517874083647
2100,1197,intermediate_unlabelled,0.7490613266583229,4,324,3.1415,3.1417,0.00019999999999997797,-0.0078366,0.0078366,0.001325789476566782,-1.3153,2.1507,0.2137580138180442,-39.483,30.873,8.592452499999998,14.06535664648494,7.947101032972097e-06,0.0007601637568890994,0.20043770257676705,0.254271171499772,0.9818435702246807,0.8272567389280231,0.3477269230217168,0.9998364814120205
2100,1197,intermediate_unlabelled,0.7490613266583229,5,324,1.2122,1.3707,0.15850000000000009,-0.43404,4.2132e-05,0.22365731479350864,-7.7971,6.6595,1.7656748847994286,-4.3558,18.073,6.218759836419753,8.566675704352527,2.228317319533558e-05,0.00170906372385281,1.0788331296168232,0.3797802809161211,0.9999999353551491,0.9999530423206432,0.7916849924709113,0.9988654268415712
2100,1197,intermediate_unlabelled,0.7490613266583229,6,324,-3.0241,0.92347,3.94757,-10.636,0.00013482,5.578071945372062,-90.019,142.73,35.54023365454132,-10.821,1.6632,3.9570832098765427,4.732114097659303,4.301182669052631e-05,0.006075120968955621,9.853034639095753,0.46713436838862477,0.9999999996119089,0.9999990666074401,0.9608019516293471,0.9860708048477176
2100,1198,intermediate_unlabelled,0.7496871088861077,1,335,-1.0132,0.89606,1.9092600000000002,-4.7424,0.0,2.5700690032083293,-33.7,51.973,15.508289373489097,-320.62,264.57,65.6074654925373,112.82995452301746,1.4317371260135067e-05,0.0015283791385594472,0.7810436315794258,3.802772264408286,0.9999999998168848,0.9999997301059066,0.9987312474968087,0.9993956786232809
2100,1198,intermediate_unlabelled,0.7496871088861077,2,335,-0.90677,-0.31541,0.5913599999999999,-4.2132e-05,1.4692,0.7961454485991036,-16.471,10.807,4.82219853056077,31.485,192.2,111.67002388059701,118.83317018767838,3.6581161879119565e-06,0.00045409584292346677,0.48287601165823785,1.8617135019047062,0.9999999998753839,0.9999997528664561,0.9949740552905034,0.9989499168907272
2100,1198,intermediate_unlabelled,0.7496871088861077,3,335,0.86411,1.769,0.9048899999999999,-8.4264e-05,2.2502,1.218063603554102,-25.5,19.67,7.454892150618871,-255.5,59.451,99.5314752238806,113.89626331691876,2.2753077096759018e-05,0.002771565834144237,1.2902374965812753,4.806598346215363,0.9999999979410462,0.9999957836948725,0.9849093494237633,0.9981414719143208
2100,1198,intermediate_unlabelled,0.7496871088861077,4,335,3.1416,3.1416,0.0,-0.0030967,0.0034443,0.0005482011509450828,-0.74653,0.88872,0.12032507327714059,-33.267,28.58,8.76212208955224,12.744939694403152,1.108798373810706e-14,0.0005482011509093918,0.12032507327313909,0.14076331816767193,,0.11145755398065679,0.10234404301355585,0.9999390075555223
2100,1198,intermediate_unlabelled,0.7496871088861077,5,335,1.0572,1.3707,0.3135000000000001,-0.78269,0.00075838,0.42161005977314314,-7.7971,10.214,2.7030585238847977,-12.915,20.06,6.822645549253732,9.02342306058289,2.3350639323026433e-05,0.0019997740556880767,0.9639236836913933,0.4485688494404796,0.9999999819305095,0.9999815918304196,0.9342574718298328,0.9986132106767656
2100,1198,intermediate_unlabelled,0.7496871088861077,6,335,-2.9423,0.92347,3.86577,-9.6114,0.00013482,5.204772285418721,-69.884,155.2,33.42849207722965,-9.6,1.7263,3.8971901283582087,4.585592902186605,4.767063372740255e-05,0.005855884685051152,11.62658705117965,0.6807731120566551,0.9999999995049391,0.999998983362999,0.9375672475302838,0.9670224122525916
2100,1199,intermediate_unlabelled,0.7503128911138923,1,327,-0.64746,0.89606,1.54352,-4.6749,4.2132e-05,2.268193952751963,-31.804,47.209,14.89973289780242,-301.63,239.23,63.03653128440368,107.39256616412511,6.216624958580681e-06,0.0011500834508773388,0.6706820836860526,3.515029367125093,0.999999999949614,0.9999998221877423,0.9989865482197864,0.9994389868771048
2100,1199,intermediate_unlabelled,0.7503128911138923,2,327,-0.90677,-0.31841,0.58836,-8.4264e-05,1.7803,0.8647382311546625,-18.462,12.49,5.700105660988718,30.915,197.17,111.29255657492354,118.85646252605682,3.6368515126453474e-06,0.00042685597317313725,0.532300059717696,1.677084814979462,0.9999999998813077,0.9999998327099203,0.9956303049817555,0.9991918539706769
2100,1199,intermediate_unlabelled,0.7503128911138923,3,327,0.86411,1.765,0.9008899999999999,-8.4264e-05,2.7294,1.3239547129271338,-28.273,19.386,8.779962067278692,-264.5,61.779,107.29799724770642,120.57623962888422,2.110495798590494e-05,0.0028136223509010677,1.2453026280153026,5.172857659353921,0.9999999982953229,0.9999965858055654,0.9898905092924412,0.9978572545848995
2100,1199,intermediate_unlabelled,0.7503128911138923,4,327,3.1416,3.1416,0.0,-0.0021803,0.0025595,0.0004054791217775037,-0.65766,0.79985,0.10180821783251298,-30.618,25.167,7.908682446483181,11.75118988941148,1.1546319456101628e-14,0.0004054791217775037,0.10180821783251298,0.13337795405490546,-0.9999999999999998,,,0.9999355741379878
2100,1199,intermediate_unlabelled,0.7503128911138923,5,327,1.0581,1.3707,0.3126,-0.95231,4.2132e-05,0.4588768007352447,-10.001,10.712,3.22503915927913,-13.832,17.576,6.001014489296637,7.995599105361179,2.2368013249771817e-05,0.0022021207736988087,1.2071933291228547,0.43123583307484376,0.9999999840904288,0.9999824917396763,0.9273012202050941,0.9984768642584705
2100,1199,intermediate_unlabelled,0.7503128911138923,6,327,0.75365,0.92347,0.16981999999999997,-0.52999,6.7411e-05,0.249694969369953,-16.116,19.225,4.6944464757616045,-4.0632,1.7368,2.3065827217125383,2.3612243519319103,1.7757148033788843e-05,0.0033228787207255053,4.400925308433949,0.2432718581614585,0.9999999660690502,0.9998654013902165,0.3480539509997697,0.977712660098302
2100,1200,intermediate_unlabelled,0.7509386733416771,1,328,-0.63753,0.89606,1.53359,-4.654,4.2132e-05,2.2554437304950086,-33.25,45.787,14.816996238487468,-315.25,252.08,65.14039972560975,111.57931629701737,5.8607210883973515e-06,0.0010944245099638876,0.6588304092401382,3.268643307274808,0.999999999954432,0.9999998395976465,0.9990110881798588,0.9995521069946325
2100,1200,intermediate_unlabelled,0.7509386733416771,2,328,-0.90677,-0.4245,0.48227,-4.2132e-05,1.4634,0.7093782986498994,-14.907,10.546,4.674132186499557,52.027,190.09,115.24128353658537,120.56873364226985,3.880198020938115e-06,0.0005039472404451162,0.42383067136013636,1.8013706625445574,0.9999999997979983,0.9999996355221964,0.9958805928727106,0.9987077026155375
2100,1200,intermediate_unlabelled,0.7509386733416771,3,328,0.86411,1.6215,0.7573899999999999,-8.4264e-05,2.3004,1.1138995424558542,-23.13,20.31,7.425155194382243,-229.27,48.43,103.02532679878048,116.13076197064669,2.172892927241777e-05,0.002696991129897157,1.3148575344649942,4.483041122307239,0.9999999974318026,0.9999955770539073,0.984196399295777,0.997973486867487
2100,1200,intermediate_unlabelled,0.7509386733416771,4,328,3.1415,3.1416,9.999999999976694e-05,-0.0057194,0.0021487,0.0005979635557835842,-0.71098,1.3153,0.13093886755971323,-31.28,26.441,8.230931448170733,12.04279411907279,6.189709510006381e-06,0.0006964028670828702,0.13239207224455307,0.15068201586283672,0.962452603862265,0.49517484547524887,0.15240406014716587,0.999921217984926
2100,1200,intermediate_unlabelled,0.7509386733416771,5,328,1.0956,1.3707,0.2751000000000001,-0.84007,8.4264e-05,0.4042001908555346,-8.508,9.7641,2.860008518492704,-9.9725,17.767,6.010325240853659,7.903569211819819,2.325800472292536e-05,0.0020073142809433017,1.0962677001578065,0.43246964323717835,0.9999999776910247,0.9999813222946787,0.9236228137250654,0.9984314882967863
2100,1200,intermediate_unlabelled,0.7509386733416771,6,328,0.92347,1.9179,0.9944299999999999,-6.7411e-05,3.0299,1.4629081995543385,-35.757,31.093,10.572133194720378,0.74737,6.4421,2.902758018292683,3.0824312428216247,2.7842869309395917e-05,0.0038975333678203236,4.441860483325107,0.30157864678026697,0.9999999975544428,0.9999946401451778,0.9074558662014217,0.9567802972546995
2100,1594,faulty_evident,0.9974968710888612,1,341,-0.81622,0.89606,1.7122799999999998,-4.6852,4.2132e-05,2.3691892784738653,-33.44,46.071,14.678802635453508,-315.82,260.54,63.48754999999999,110.54460540901965,6.200325639985635e-06,0.0012090796649110946,0.6988281415710008,3.555255202889969,0.9999999999590765,0.9999998160827558,0.9988662361626351,0.9994599864533383
2100,1594,faulty_evident,0.9974968710888612,2,341,-0.90677,-0.41017,0.4966,-4.2132e-05,1.3596,0.6871995232438071,-13.698,9.9774,4.274715989076357,43.973,182.97,113.48938123167156,118.38735166902451,3.3517467713603007e-06,0.0004143780411203636,0.45194545185785506,1.5312349027375947,0.9999999998578125,0.9999997362053006,0.9943955295030757,0.9989672859504541
2100,1594,faulty_evident,0.9974968710888612,3,341,0.86411,1.6415,0.7773899999999999,-0.00021066,2.1273,1.0754811947130878,-22.846,16.945,6.707024300746849,-217.16,41.134,78.65481648093842,93.03568596469603,2.0407281727772763e-05,0.0019818028228836882,0.8462580674109241,3.295747377798254,0.9999999978490343,0.9999973870569222,0.9920081353922212,0.9987491938220995
2100,1594,faulty_evident,0.9974968710888612,4,341,3.1416,3.1416,0.0,-0.0016431,0.0016431,0.00035697210517692934,-0.39104,0.37326,0.07763804934067588,-31.484,27.51,8.291086774193548,12.177991033237287,7.387634607290292e-15,0.00035697210518905766,0.07763804934216212,0.09315758282603816,,-0.0360857843089547,-0.026789825895923713,0.9999707161167483
2100,1594,faulty_evident,0.9974968710888612,5,341,1.09,1.3707,0.28069999999999995,-0.77485,8.4264e-05,0.3880580269115423,-10.499,8.508,2.7130592016317046,-8.7881,18.035,6.350761841642228,8.390484613635568,2.3022995822467866e-05,0.002012977240887441,1.2698375755120825,0.44570988849353516,0.9999999789987096,0.9999791347137332,0.8837069202437855,0.9984822175534277
2100,1594,faulty_evident,0.9974968710888612,6,341,0.92347,1.7271,0.8036300000000001,-0.00013482,2.2092,1.1119582948608546,-33.103,23.206,9.244008839305787,0.91579,4.6526,2.717148181818182,2.8296505826275644,2.9443895251877716e-05,0.004240652565524848,6.167211077721849,0.326394620993787,0.999999995809568,0.9999887388092764,0.7449167348474566,0.910653074159376
2100,1595,faulty_evident,0.9981226533166458,1,332,-0.72893,0.89605,1.6249799999999999,-4.6899,4.2132e-05,2.3257273903819513,-32.444,46.83,14.85165402244664,-302.77,241.34,62.38548918674699,108.0718356297734,6.309482664475018e-06,0.0012884283719361337,0.6952385245017448,3.4176611278264626,0.9999999999530359,0.999999781863336,0.9989038550838446,0.9994784349950139
2100,1595,faulty_evident,0.9981226533166458,2,332,-0.90677,-0.33799,0.56878,-4.2132e-05,1.6403,0.8141709714145053,-16.708,11.707,5.216366937182275,29.939,190.45,109.19473493975904,116.08939424486009,3.898595782866464e-06,0.000496183880840613,0.506177562891091,1.74307010125778,0.9999999998536347,0.9999997335756271,0.9952809838668555,0.9990215531758757
2100,1595,faulty_evident,0.9981226533166458,3,332,0.86411,1.7393,0.87519,-0.0001264,2.5254,1.2524901768364536,-27.349,22.799,8.07819584881634,-213.9,54.018,81.07506081325302,95.12156092506754,2.0414145529435235e-05,0.0025503746489932474,1.1883590296930677,4.387348047395619,0.9999999983050091,0.9999968256056092,0.9891207766700002,0.9980269156374326
2100,1595,faulty_evident,0.9981226533166458,4,332,3.1416,3.1416,0.0,-0.0014852,0.0020223,0.00035985701572811385,-0.47991,0.44436,0.0804004574669484,-31.382,26.542,8.403062259036144,12.268186277497522,1.3322676295501878e-14,0.00035985701572811385,0.0804004574669484,0.09109195652569667,,,,0.9999724336913441
2100,1595,faulty_evident,0.9981226533166458,5,332,1.0643,1.3707,0.3064,-0.88987,8.4264e-05,0.4381306544944949,-9.4323,10.973,3.0775846901532167,-12.074,18.493,6.44428888253012,8.410639119387499,2.297009581830514e-05,0.0024842495623456444,1.2918794868970884,0.5170089200237844,0.9999999824882315,0.9999752518090317,0.9076341933858956,0.9980133248079969
2100,1595,faulty_evident,0.9981226533166458,6,332,-0.80132,0.92347,1.72479,-4.9964,0.00013482,2.4690394345343933,-44.744,59.153,16.94257122297341,-5.9474,1.6737,3.030152740963856,3.243614043946791,2.8200626518627215e-05,0.005454761546364514,6.280303411269657,0.3585260123718648,0.9999999991674035,0.99999626271723,0.9287600722240891,0.9725034709067086
2100,1596,faulty_evident,0.9987484355444304,1,342,-0.8837,0.89605,1.77975,-4.6563,4.2132e-05,2.4101070818966277,-34.696,42.682,14.333218516258206,-336.37,256.88,66.46870175438596,114.27426071907875,6.518997465630393e-06,0.001487380854095723,0.7686947660292616,3.5363376922529,0.9999999999577308,0.9999997171970975,0.9985609470377895,0.999499880456111
2100,1596,faulty_evident,0.9987484355444304,2,342,-0.90677,-0.54989,0.35688,-4.2132e-05,0.93453,0.48333122948767454,-9.4323,7.2046,2.8843428910508706,73.342,176.62,121.59091812865496,124.07951931946589,3.1739202381241028e-06,0.000390232994951129,0.298838417602302,1.452008336723587,0.9999999997507866,0.9999995030535221,0.9946184091528579,0.9982743626651901
2100,1596,faulty_evident,0.9987484355444304,3,342,0.86411,1.44,0.5758899999999999,-8.4264e-05,1.5089,0.7797279512211859,-15.286,11.589,4.661620495631846,-209.24,20.8,75.92947517543861,90.97815233164786,2.0699399482070012e-05,0.0016569863556474516,0.5894630225496991,2.92009530695372,0.9999999959292891,0.9999964435197725,0.9919730075652369,0.9986947553651215
2100,1596,faulty_evident,0.9987484355444304,4,342,3.1416,3.1416,0.0,-0.0017379,0.0017379,0.00037281620248861137,-0.47991,0.35549,0.08439366900973068,-31.637,29.243,8.400912192982457,12.5450197664982,1.1546319456101628e-14,0.00037281620248861137,0.08439366900973068,0.10352612283683461,1.0,,,0.9999659257207641
2100,1596,faulty_evident,0.9987484355444304,5,342,1.1517,1.3707,0.21900000000000008,-0.57974,8.4264e-05,0.29614600259927504,-8.508,8.0104,2.1271413674416704,-5.846,17.996,6.337550929824562,8.49769204315032,2.3687733719964877e-05,0.0019751176519344008,1.2014579733102009,0.3871479187725847,0.9999999631207823,0.9999647462872674,0.8252230537051245,0.9988495030421619
2100,1596,faulty_evident,0.9987484355444304,6,342,-1.6872,0.92347,2.61067,-6.8476,0.00013482,3.5357395260652917,-57.371,72.046,22.548790582717196,-6.7684,1.6842,3.4887646695906436,3.7920055011650486,3.750112193096408e-05,0.006324494610402558,8.281577578502015,0.4828011323539947,0.9999999993500114,0.9999974840388719,0.9301130238075166,0.9643443983890938
2100,1597,faulty_evident,0.9993742177722152,1,340,-0.84008,0.89605,1.7361300000000002,-4.6219,4.2132e-05,2.368150464798511,-34.648,39.981,14.003810111240274,-338.48,260.34,70.9023085,116.84726228213,6.2483973832941615e-06,0.0014281543277002318,0.7143374643819429,3.3760217310660443,0.9999999999591478,0.9999997314130463,0.9986981894347242,0.9995631023448571
2100,1597,faulty_evident,0.9993742177722152,2,340,-0.90677,-0.66875,0.23802,-4.2132e-05,0.634,0.3247102783466321,-6.1855,5.0479,1.934460316440874,90.631,167.23,126.58945588235295,127.93848690043794,2.603320919943935e-06,0.00032068344343556907,0.2570685023547888,1.5026088577689336,0.9999999996226946,0.999999248634535,0.9911309927213953,0.9967068803511203
2100,1597,faulty_evident,0.9993742177722152,3,340,0.86411,1.2571,0.39299000000000006,-4.2132e-05,1.0494,0.5360729048387658,-10.309,8.1763,3.198565673329223,-212.35,7.4507,75.67207317647059,91.29203678683471,1.685885497056633e-05,0.0010341555338565904,0.48355156548942885,2.687409215175327,0.9999999941965254,0.9999970831256223,0.9885066172474667,0.9986445448500211
2100,1597,faulty_evident,0.9993742177722152,4,340,3.1416,3.1416,0.0,-0.0020223,0.0011692,0.00035290853195417367,-0.42659,0.35549,0.08023458019248748,-30.975,29.141,8.331665661764706,12.550167281969406,7.388448730369184e-15,0.0003529085319632864,0.08023458019383822,0.08620771360878471,,-0.0271870663741999,-0.024311234328976902,0.9999763542766144
2100,1597,faulty_evident,0.9993742177722152,5,340,1.2157,1.3707,0.15500000000000003,-0.42044,8.4264e-05,0.21114229577398377,-9.2427,4.9768,1.7845437354541636,-4.5469,17.5,6.137593117647058,8.335169268571681,2.0109962157247294e-05,0.001608677117056798,1.273148297010141,0.40562975054624223,0.9999999468887617,0.9999540397199546,0.7007312802950116,0.9986755239149694
2100,1597,faulty_evident,0.9993742177722152,6,340,0.92347,1.1255,0.20202999999999993,-6.7411e-05,0.54644,0.2755399030074239,-22.031,20.704,5.41854462009486,1.3789,4.0421,2.744147352941176,2.7929914722758973,2.6008675319203288e-05,0.0038361332895895136,5.162052196732583,0.2923452202752162,0.9999999476925399,0.9998467595129752,0.304025335458062,0.8270445111155953
2100,1598,faulty_evident,1.0,1,343,-0.93721,0.89605,1.8332600000000001,-4.7634,4.2132e-05,2.4600300799527783,-30.264,49.318,14.679436594331415,-289.34,233.29,60.173185393586,101.063878990863,6.828608140245911e-06,0.0014172409770524606,0.7917200623966499,3.279324636339851,0.9999999999568099,0.9999997542950232,0.9985446767657551,0.9994431390560794
2100,1598,faulty_evident,1.0,2,343,-0.90677,-0.20745,0.6993199999999999,-4.2132e-05,1.8161,0.9385506473543387,-19.149,11.755,5.625809506519868,7.4847,192.0,103.61758279883382,112.96919139304845,4.701712550218526e-06,0.0005790465953535867,0.6179354590142839,1.853399517380507,0.9999999998592767,0.9999997151025513,0.9939495449581901,0.9991517835037536
2100,1598,faulty_evident,1.0,3,343,0.86411,1.9044,1.0402900000000002,-8.4264e-05,2.7023,1.3959762682747157,-30.928,19.433,8.409584358076756,-250.38,64.884,86.63265192419824,100.87777518481509,2.1483324443816056e-05,0.0026536799335599255,1.1578308052018964,4.34137297504058,0.9999999986723802,0.9999971357534222,0.9904769173880894,0.9983852591074881
2100,1598,faulty_evident,1.0,4,343,3.1415,3.1416,9.999999999976694e-05,-0.0047399,0.0023067,0.0006464314253518012,-0.7643,0.88872,0.1313043848114425,-30.567,23.842,7.801731049562681,11.331184728851545,5.9467189268837395e-06,0.0006640343825963666,0.13240955428944456,0.1659389378160537,0.9735491137460178,0.5580093409580993,0.1714634983789952,0.9998925183951952
2100,1598,faulty_evident,1.0,5,343,1.0297,1.3707,0.34099999999999997,-0.89354,0.0013482,0.45726139337248123,-10.902,12.347,3.052951615356105,-15.971,18.264,6.653374513119533,8.64629035738822,2.6152954142811916e-05,0.002618748780152704,1.2692708141021378,0.5577385818941134,0.9999999816854078,0.9999738287090745,0.909515157513518,0.9977858803023472
2100,1598,faulty_evident,1.0,6,343,0.91549,0.92347,0.007979999999999987,-0.027234,0.00013482,0.010541109471082655,-6.3704,7.8871,1.8003330661598105,-2.2421,1.8421,1.4381804839650145,1.5345535033123947,8.220962019121214e-06,0.0014408140300793371,1.7987673977384604,0.10667028049124531,0.9999966802040576,0.98468523746001,0.0421859758651266,0.9967687150495895
2200,0,training_healthy,0.0,1,246,-1.0911,-1.0911,0.0,-0.00050558,0.00042132,0.0001240334374058683,-0.094797,0.094797,0.033787424861572726,-25.342,-16.515,20.170853658536583,20.339563483696427,3.6571518774455764e-15,0.00012403343740595448,0.03378742486154767,0.23379258752447424,-0.4671985792894011,-0.0005223877296503756,0.0011195556681769742,0.9959948697210927
2200,0,training_healthy,0.0,2,246,-0.9655,-0.71508,0.25042,-1.9802,4.2132e-05,0.6331091284875797,-26.78,21.969,8.973743252888612,-189.68,257.49,104.31310040650408,115.01988656221796,6.389398383975182e-06,0.0009372705951373445,0.449006935503365,1.2967945162903638,0.9999999978051862,0.9999986335375133,0.9987491922142311,0.9998776411720031
2200,0,training_healthy,0.0,3,246,1.1833,1.332,0.14870000000000005,-8.4264e-05,1.3302,0.40090903652138693,-18.083,22.467,6.5074749889785055,-393.49,330.47,131.57494024390243,153.445071586565,2.03678009934263e-05,0.0013995300453528894,0.7212229497893405,3.9556595119538245,0.9999999280396186,0.999992600753549,0.99384498307258,0.9995005055029706
2200,0,training_healthy,0.0,4,246,3.1416,3.1416,0.0,-6.3198e-05,6.3198e-05,1.8243691156122983e-05,-0.035549,0.035549,0.010261894093894604,-0.35662,0.35662,0.2091670934959349,0.23046023228782564,1.3322676295501878e-14,1.8243691156122983e-05,0.010261894093894604,0.03210629163875657,-1.0,,,0.9902430208213879
2200,0,training_healthy,0.0,5,246,0.84409,1.2432,0.3991100000000001,-3.0756,4.2132e-05,1.0006047477366267,-43.062,44.412,14.128633659922576,-12.609,3.2096,3.396714508130082,4.145369754543896,1.751469270354617e-05,0.00219547581292147,2.783319339571963,0.5870822003576145,0.999999993130196,0.9999969747294639,0.9804051260153536,0.9720674186361348
2200,0,training_healthy,0.0,6,246,3.0905,3.0985,0.008000000000000007,-0.061546,6.7411e-05,0.020002196663293337,-1.0617,0.7963,0.2882848651605741,1.8211,2.5895,2.033119105691057,2.0469550072007117,1.558074940564086e-05,0.0007380293053351041,0.09488817265139605,0.013067846938245165,0.9999864979837471,0.999147587209798,0.9452085700633376,0.9984865806686962
2200,1,training_healthy,0.0006222775357809,1,243,-0.78627,-0.78626,1.0000000000065512e-05,-0.00080051,0.00067411,0.00017628223339897782,-0.1422,0.23699,0.04229651273267903,-24.0,-14.4,18.000037037037036,18.253285841072145,1.1945461491651735e-06,0.00010992903024470431,0.03993844157237275,0.3120437822013796,0.9126372561746081,0.7858598421683912,0.32926552912019,0.9946859902613705
2200,1,training_healthy,0.0006222775357809,2,243,-0.7687,-0.46084,0.30786,-2.6536,4.2132e-05,0.8164965399518587,-37.966,32.776,12.545313289331267,-248.05,287.23,98.46023991769547,116.10351762127388,7.932915760588401e-06,0.0010336550710318218,0.5721235397933165,1.3468583748900944,0.9999999976856734,0.9999990177968816,0.9989622764470627,0.9999021911124605
2200,1,training_healthy,0.0006222775357809,3,243,1.5702,1.7045,0.13429999999999986,-4.2132e-05,1.3232,0.38335845010626407,-19.765,22.183,6.832053869835345,-419.26,360.59,123.51922716049383,152.49759048010975,1.9408652937639687e-05,0.0014566958816838017,0.7107803214853954,4.475876698802698,0.999999917626912,0.999991368059466,0.9945779546981746,0.9994280581408562
2200,1,training_healthy,0.0006222775357809,4,243,3.1416,3.1416,0.0,-0.00018959,0.0001264,3.114068241724196e-05,-0.071098,0.088872,0.014422792673475468,-0.61134,0.30567,0.25514699588477374,0.31081828226989777,8.881784197001252e-15,3.114068241724196e-05,0.014422792673475468,0.03492800984759141,-1.0,,,0.9923960108681196
2200,1,training_healthy,0.0006222775357809,5,243,0.66839,1.1106,0.44221,-3.7083,4.2132e-05,1.1640814606804264,-56.025,60.883,17.889449122969584,-15.398,4.7379,3.6476119670781895,4.6200211559175095,1.97809317821532e-05,0.0025825635194676954,3.7485375129206733,0.9874564943527901,0.9999999927014482,0.999996958251381,0.9778026452222132,0.9521174046974555
2200,1,training_healthy,0.0006222775357809,6,243,-1.0094,-1.0006,0.008800000000000141,-0.074152,0.00013482,0.02326341935966893,-1.2892,1.0996,0.3592253293535589,-2.4842,-2.1789,2.270870781893004,2.2718220788663643,1.4894347500794438e-05,0.0006203660282364494,0.10148026001436816,0.016042068836360147,0.9999896010410608,0.9995624450459294,0.9594928354626323,0.9698421712204849
2200,2,training_healthy,0.0012445550715619,1,243,-0.86628,-0.86626,2.0000000000020002e-05,-0.00067411,0.00067411,0.00015351180510893118,-0.21329,0.23699,0.047931642027760395,-22.292,-14.034,16.889135802469138,17.02981929904204,1.3644317127311598e-06,0.0001531279145921381,0.04754092988609263,0.3323102132422702,0.948283569188091,0.28479231133645994,0.12742584684510666,0.988380515810446
2200,2,training_healthy,0.0012445550715619,2,243,-0.47268,-0.03277,0.43990999999999997,-3.7674,4.2132e-05,1.1650754968984087,-51.214,48.749,17.705973647889532,-265.91,268.8,77.40205967078191,103.90788232586179,8.022632095589067e-06,0.00088983817350863,0.4977691435117806,1.622464745174517,0.9999999988441745,0.9999996473947217,0.9996070707289779,0.9998628862031157
2200,2,training_healthy,0.0012445550715619,3,243,2.0999,2.2503,0.1504000000000003,-8.4264e-05,1.4498,0.4237422629508668,-25.24,24.244,7.406281093514962,-322.24,302.38,89.19222139917694,116.48919350060008,1.7725757335942765e-05,0.0013374207398354925,1.1447435047268475,4.579962207380908,0.9999999449473367,0.9999940398360333,0.9879875471326095,0.9990687411166226
2200,2,training_healthy,0.0012445550715619,4,243,3.1416,3.1416,0.0,-0.0001264,0.0001264,2.474379381115039e-05,-0.071098,0.053323,0.015169664948650678,0.0,0.40756,0.23187621399176955,0.24932472093670258,8.881784197001252e-15,2.474379381115039e-05,0.015169664948650678,0.03674249753898607,-1.0,,,0.916108190144217
2200,2,training_healthy,0.0012445550715619,5,243,0.41865,1.0089,0.5902499999999999,-4.8952,8.4264e-05,1.5462966585351379,-67.116,62.471,22.95128502465965,-19.181,9.0555,3.989154386831276,5.334042477546323,1.926253945619825e-05,0.0028912032984940855,2.2901258556190776,0.7800018355329993,0.9999999961439797,0.999997836919183,0.9950111769685017,0.9805657473567352
2200,2,training_healthy,0.0012445550715619,6,243,0.90365,0.91545,0.011800000000000033,-0.098353,0.00013482,0.030934152912340477,-1.5547,2.7302,0.5801892049164021,-1.4947,-0.88421,1.084601646090535,1.0977593167671005,2.325385175463121e-06,0.00032482979467537753,0.3600393371623032,0.023811748538807166,0.9999998595811251,0.9999315277613003,0.7841648060365246,0.990078052812557
2200,3,training_healthy,0.0018668326073428,1,243,-0.6919,-0.69189,9.99999999995449e-06,-0.00088477,0.00071624,0.00019147767095105243,-0.23699,0.26069,0.05995092649633988,-22.454,-12.692,16.475102880658437,16.73339071506565,1.4820875327706529e-06,0.00013593373932447198,0.058163580287160885,0.38564025833497895,0.9202403342700415,0.70901235175169,0.24240881784414886,0.9913000055374497
2200,3,training_healthy,0.0018668326073428,2,243,-0.61682,-0.25135,0.36547,-3.2105,4.2132e-05,0.9786215703946636,-46.024,41.189,15.2628953678625,-270.35,280.88,88.60068312757201,110.96852552167545,8.856075520144733e-06,0.0010526578670627387,0.5145983565126954,1.8012780140207598,0.9999999979497766,0.9999992962995066,0.9994342398587617,0.9998339926621488
2200,3,training_healthy,0.0018668326073428,3,243,1.8506,1.9878,0.1372,-4.2132e-05,1.3547,0.39095845838898097,-20.642,24.268,6.985125563949293,-373.62,326.28,107.34069423868311,136.37680677450948,1.7664830342691383e-05,0.0014364276387257065,0.8842771397624938,4.823772877896895,0.9999999344215139,0.999991951336637,0.9919603548335384,0.9992073953928956
2200,3,training_healthy,0.0018668326073428,4,243,3.1416,3.1416,0.0,-9.4797e-05,9.4797e-05,2.4324921541497313e-05,-0.053323,0.035549,0.01249045214431997,0.050945,0.50945,0.2616465843621399,0.27460317980094495,8.881784197001252e-15,2.4324921541497313e-05,0.01249045214431997,0.03543831485327538,-1.0,,,0.9051936223405094
2200,3,training_healthy,0.0018668326073428,5,243,0.53699,1.0396,0.5026100000000001,-4.2865,4.2132e-05,1.3329216855619517,-61.547,59.935,20.59505487635088,-17.041,10.966,3.4859724197530864,4.756210423508342,2.2429281566504004e-05,0.003310915702693687,3.672571878840928,0.9546551160591644,0.9999999927540606,0.9999961951629599,0.9839745264702885,0.9641996037921277
2200,3,training_healthy,0.0018668326073428,6,243,0.31319,0.32324,0.010050000000000003,-0.08541,6.7411e-05,0.026672699786301976,-1.2513,1.2892,0.4124191459878677,-2.2105,-1.8211,1.9737440329218106,1.9771642130668103,1.8516094465163214e-06,0.0001531638775524332,0.07500431658816314,0.015637871300040473,0.9999998765498229,0.9999796461774029,0.983328200808221,0.9909161303486276
2200,4,training_healthy,0.0024891101431238,1,244,-1.1713,-1.1713,0.0,-0.00096904,0.00050558,0.00012471569441826282,-0.23699,0.37919,0.047155356387680716,-18.224,-7.1186,11.395965573770493,11.951286759784077,3.801376165554113e-15,0.00012471569441549553,0.0471553563875812,0.24263020055639728,-0.014371205955107066,0.03298304414382523,0.007163651195791054,0.9977276334808375
2200,4,training_healthy,0.0024891101431238,2,244,-0.82095,-0.52961,0.29133999999999993,-2.4504,4.2132e-05,0.7618884580795271,-34.956,29.506,11.434112780049182,-236.34,284.75,100.65667540983608,116.29174697533954,7.429148479826685e-06,0.0009633771401303757,0.3860251778807134,1.8737354899856256,0.9999999977532857,0.9999990167356644,0.999432333795805,0.999797534165017
2200,4,training_healthy,0.0024891101431238,3,244,1.4701,1.6061,0.13600000000000012,-4.2132e-05,1.3038,0.3816741754901397,-23.818,22.467,6.666682393474623,-432.3,348.17,126.58330204918035,153.46663346972431,2.033618310983104e-05,0.0019739049769305337,0.9646163754934338,3.5048665542701163,0.9999999124315501,0.9999839498328822,0.9894814164004185,0.9996377699321171
2200,4,training_healthy,0.0024891101431238,4,244,3.1416,3.1416,0.0,-0.00022119,9.4797e-05,3.236684299734458e-05,-0.053323,0.071098,0.014572015889435724,-0.50945,0.76418,0.3758267213114754,0.4185332800093797,8.881784197001252e-15,3.236684299734458e-05,0.014572015889435724,0.03752597714986974,,,,0.9953705950680328
2200,4,training_healthy,0.0024891101431238,5,244,0.71459,1.1418,0.42721,-3.5065,4.2132e-05,1.109237774464136,-49.697,59.912,16.83034973502872,-13.602,4.1266,3.8343553114754094,4.622407014951994,2.027369392167487e-05,0.00286406947196581,4.212317355874051,0.9406394004915182,0.9999999918448716,0.9999958672528284,0.9681749446910254,0.9477402019396215
2200,4,training_healthy,0.0024891101431238,6,244,-1.567,-1.5585,0.008499999999999952,-0.069838,6.7411e-05,0.022173189927600926,-1.1376,1.0617,0.3347317634295493,-2.8526,-2.5158,2.618675409836065,2.6194866887035486,1.4713683020740746e-05,0.000435725499009095,0.08584704687181478,0.020550645541664542,0.9999891811040552,0.9997671094823115,0.9666479577390031,0.9490660899507605
2200,400,intermediate_unlabelled,0.2489110143123833,1,242,-0.86403,-0.86402,9.99999999995449e-06,-0.00054772,0.00071624,0.0001284111048528794,-0.26069,0.1422,0.03878091162085579,-20.746,-12.488,15.396818181818182,15.563864036673738,7.619287529542402e-07,9.719166620019454e-05,0.03739671248430147,0.26033746591816864,0.8759233980061766,0.6565956241781501,0.28658758915491916,0.9934294814599376
2200,400,intermediate_unlabelled,0.2489110143123833,2,242,-0.55391,-0.15886,0.39505,-3.4574,4.2132e-05,1.0586415523932249,-48.323,45.076,16.444208495029137,-277.26,277.26,82.7818041322314,107.5342638642103,8.830801472748473e-06,0.0010046606911448825,0.45137907811212635,1.9150090821977537,0.9999999982616383,0.9999994531027452,0.9996258697417092,0.9998142529385102
2200,400,intermediate_unlabelled,0.2489110143123833,3,242,1.9618,2.1033,0.14149999999999996,-0.0001264,1.3898,0.4029605160933336,-26.828,24.126,7.195678788125008,-368.5,317.28,97.00455578512397,126.30538534055397,1.8874930978041985e-05,0.0012036171471922956,1.2323196858221326,4.642189607638665,0.9999999297914808,0.9999946612988803,0.9852309259935289,0.9991617423356681
2200,400,intermediate_unlabelled,0.2489110143123833,4,242,3.1416,3.1416,0.0,-0.00037919,0.00025279,4.720236763002642e-05,-0.12442,0.12442,0.02081878433615991,0.050945,0.96796,0.5888179545454545,0.6589681205695483,1.3322676295501878e-14,4.720236763002642e-05,0.02081878433615991,0.03666533416901159,,,,0.9922914774863391
2200,400,intermediate_unlabelled,0.2489110143123833,5,242,0.48434,1.0209,0.5365599999999999,-4.5644,8.4264e-05,1.4231122571659405,-67.093,56.404,21.598563884785438,-18.417,3.8591,3.961577061983471,5.1463456498363565,1.821596770846335e-05,0.0026282619030053053,2.0146975269141953,0.5727316703789981,0.9999999958254591,0.9999978983563268,0.9956421821769944,0.9877415655992969
2200,400,intermediate_unlabelled,0.2489110143123833,6,242,1.884,1.8947,0.010700000000000154,-0.09114,6.7411e-05,0.028453992760530747,-1.5168,1.3272,0.43905033296003565,1.2842,2.2526,1.5076557851239671,1.538004008192071,1.4910210643247793e-05,0.0005681012565322775,0.10336226773631922,0.013815289826284867,0.9999930092063729,0.9997611238276559,0.9720639183030231,0.9989670426627151
2200,401,intermediate_unlabelled,0.2495332918481642,1,243,-0.86131,-0.86129,2.0000000000020002e-05,-0.0010533,0.00067411,0.00015831407219754517,-0.26069,0.52138,0.05588007756820678,-19.566,-9.6,13.119042798353911,13.484761667378784,1.2378705475391522e-06,0.00014405757687254196,0.055208369561696766,0.36788408039871534,0.967651660415338,0.5490287457344758,0.16620266684874624,0.9930229603406009
2200,401,intermediate_unlabelled,0.2495332918481642,2,243,-0.70754,-0.37844,0.32909999999999995,-2.8962,4.2132e-05,0.8818684429059307,-42.137,36.758,13.796912895871394,-270.92,283.2,93.75871769547325,114.06162788952217,8.574420849496262e-06,0.0010607033538325716,0.45756254017439607,1.7351470689807902,0.9999999976215006,0.9999991177506001,0.9994528443736569,0.9998458423609736
2200,401,intermediate_unlabelled,0.2495332918481642,3,243,1.685,1.8192,0.13419999999999987,-8.4264e-05,1.3362,0.38385710200061657,-21.4,22.514,6.903220996529088,-420.97,348.48,112.58712510288065,144.43880739233484,1.8475207242434522e-05,0.0012645478026993124,0.8213071179083169,4.102105471012301,0.9999999247716023,0.9999935344406113,0.9929013711690219,0.9994841898389402
2200,401,intermediate_unlabelled,0.2495332918481642,4,243,3.1416,3.1416,0.0,-0.00028439,0.0001264,3.671226221415208e-05,-0.088872,0.071098,0.016125176957717254,-1.0699,0.61134,0.48597304526748974,0.5545269850749713,8.881784197001252e-15,3.671226221415208e-05,0.016125176957717254,0.03916872278605061,-1.0,,,0.9974693231067678
2200,401,intermediate_unlabelled,0.2495332918481642,5,243,0.61488,1.0781,0.4632200000000001,-3.9754,8.4264e-05,1.2303590141172387,-56.973,50.693,18.86956744653143,-14.825,6.037,3.219452753086419,4.308092977578458,1.907111755294149e-05,0.0029421603149251963,1.7796260843129281,0.5713852912912329,0.9999999937975373,0.9999964793592097,0.9955451790546124,0.9835742889754909
2200,401,intermediate_unlabelled,0.2495332918481642,6,243,1.9676,1.9768,0.009199999999999875,-0.079613,6.7411e-05,0.024596984996508663,-1.3272,1.0996,0.3839242171114796,1.4947,2.2947,1.6783144032921808,1.698998220424058,1.3845756257807148e-05,0.0003917625180423708,0.08622118776669936,0.013277327988874559,0.9999917539824648,0.999849647094279,0.9744601507536041,0.9987376364704958
2200,402,intermediate_unlabelled,0.2501555693839452,1,243,-0.75949,-0.75948,9.99999999995449e-06,-0.00058985,0.00046345,0.00011150383868481193,-0.16589,0.30809,0.04229655654358218,-19.403,-9.8034,13.633429629629628,13.965734996236428,1.5100967460898156e-06,0.00010798967011642326,0.04205598397816727,0.2642947876331266,0.9222798992984284,0.6140073188030786,0.16862275557663325,0.9961868439650217
2200,402,intermediate_unlabelled,0.2501555693839452,2,243,-0.63945,-0.28369,0.35575999999999997,-3.1312,4.2132e-05,0.9535748096877902,-44.673,39.957,14.901553445650281,-271.69,282.22,88.85376131687242,110.9024477435939,8.82668968566666e-06,0.0010358702389380767,0.4460928995852118,1.6700247710581724,0.9999999978478293,0.999999282050386,0.9995546216571348,0.9998573563997257
2200,402,intermediate_unlabelled,0.2501555693839452,3,243,1.8099,1.9459,0.1359999999999999,-8.4264e-05,1.3506,0.3882752101538601,-19.789,23.012,6.939223022527432,-392.41,332.02,106.36240172839507,136.9875750618994,1.860555987728105e-05,0.001268497471658322,0.7327880202400471,6.064661801547261,0.9999999259188715,0.9999936187885479,0.9944138652755111,0.9987599254659244
2200,402,intermediate_unlabelled,0.2501555693839452,4,243,3.1416,3.1416,0.0,-0.00025279,0.0001264,3.580552567386622e-05,-0.088872,0.12442,0.01838554919085592,-0.5604,0.96796,0.5807342592592593,0.639654209185964,8.881784197001252e-15,3.580552567386622e-05,0.01838554919085592,0.03924133386691273,-1.0,,,0.9973610029164236
2200,402,intermediate_unlabelled,0.2501555693839452,5,243,0.55622,1.048,0.49178,-4.2118,8.4264e-05,1.3056814234625804,-62.329,53.323,19.9697278451736,-15.857,3.5534,3.4435292921810703,4.5258106494471315,1.8168076382759495e-05,0.002696737266127934,1.7808383494017115,0.5038137575393785,0.9999999950260001,0.9999973774758408,0.9960180716860219,0.9881689957152869
2200,402,intermediate_unlabelled,0.2501555693839452,6,243,-2.2411,-2.2312,0.00990000000000002,-0.084264,6.7411e-05,0.026125328502244177,-1.6305,1.4409,0.4116869910658633,-2.5789,-1.9158,2.1798962962962967,2.1914632500446585,1.544103839857912e-05,0.0007627002151130636,0.12445382987245583,0.013171993641965465,0.9999910987209758,0.9994793407249485,0.953564409734128,0.9982830828264834
2200,403,intermediate_unlabelled,0.2507778469197262,1,246,-0.86944,-0.86943,9.99999999995449e-06,-0.00042132,0.00029492,8.464872741661291e-05,-0.1185,0.094797,0.027902733463948698,-20.542,-13.424,16.068995934959347,16.199149766532088,9.136331654813275e-07,0.00010645027983515856,0.028256203548669537,0.22288100400929903,0.9831638390745763,0.2560111939741968,0.049619689362610804,0.9940730958645039
2200,403,intermediate_unlabelled,0.2507778469197262,2,246,-0.97135,-0.72251,0.24884000000000006,-1.9622,4.2132e-05,0.6283949828848024,-27.041,21.709,8.882549755808759,-187.2,256.11,103.72118333333333,114.66905174208225,6.5049028285066365e-06,0.0010052440782760189,0.3980359871739644,1.7608067921262636,0.9999999976993704,0.9999983999813533,0.9989972691809738,0.9997735165181739
2200,403,intermediate_unlabelled,0.2507778469197262,3,246,1.1713,1.3209,0.14959999999999996,-4.2132e-05,1.3248,0.4000359604680065,-18.035,21.543,6.41650296513931,-386.51,308.59,130.31574796747964,152.43877065475078,1.9797057603211528e-05,0.001246944474501628,0.7217650497823276,4.168792021298473,0.9999999328422517,0.9999941250802571,0.9936586597534476,0.9994145974168378
2200,403,intermediate_unlabelled,0.2507778469197262,4,246,3.1416,3.1416,0.0,-9.4797e-05,9.4797e-05,1.889936103449519e-05,-0.035549,0.035549,0.009615870847642276,-1.3246,0.050945,0.5722000813008129,0.6926896983849098,1.3322676295501878e-14,1.889936103449519e-05,0.009615870847642276,0.03757352043952335,-1.0,,,0.9953722058890971
2200,403,intermediate_unlabelled,0.2507778469197262,5,246,0.84938,1.2477,0.39832,-3.0649,4.2132e-05,0.9974222264692546,-42.825,52.636,14.303215265149188,-12.15,3.7827,3.03915637804878,3.8056862310330204,2.1257675601151314e-05,0.0028105516258584594,3.8568949768187353,0.8530239546262015,0.9999999898496867,0.9999949957340087,0.9629592845303546,0.9399411156809591
2200,403,intermediate_unlabelled,0.2507778469197262,6,246,-1.8625,-1.8545,0.008000000000000007,-0.061546,6.7411e-05,0.019937781427625638,-0.94797,0.91005,0.2858212580608728,-2.6526,-2.4105,2.4986333333333337,2.4989429254617734,1.5654622961632603e-05,0.0005330069275677087,0.08829432119108449,0.012406574827068839,0.9999862752276467,0.9995514082600793,0.9512656036305603,0.9490036038304771
2200,404,intermediate_unlabelled,0.2514001244555071,1,247,-0.99152,-0.99151,9.99999999995449e-06,-0.00033706,0.00046345,7.148255252120876e-05,-0.071098,0.094797,0.02105731001262059,-14.766,-6.7119,10.098168825910932,10.412470872635456,1.2723293341034507e-06,0.0001107545409033803,0.02240029389021877,0.19521431257328556,0.9366625858102569,0.5383966942713436,0.16901994441289042,0.9970401157426336
2200,404,intermediate_unlabelled,0.2514001244555071,2,247,-1.0589,-0.83418,0.22471999999999992,-1.7173,4.2132e-05,0.5579834252637581,-23.273,18.083,7.6653164619963565,-165.88,242.48,105.30721821862349,114.82108124657437,1.660787069697743e-05,0.0011494192104636377,0.36933862427441516,1.2868125194832092,0.9999999819854543,0.9999973274351736,0.998840108516335,0.9998623317418123
2200,404,intermediate_unlabelled,0.2514001244555071,3,247,0.98746,1.1539,0.16643999999999992,-4.2132e-05,1.4142,0.4357727330087634,-17.372,21.519,6.706469233425321,-376.73,296.94,132.23693886639674,153.09807542835287,1.8986458393726193e-05,0.0011872158588158697,0.6206091625671752,4.765269891808652,0.9999999507169317,0.9999954266277525,0.995712169391939,0.999206855893483
2200,404,intermediate_unlabelled,0.2514001244555071,4,247,3.1416,3.1416,0.0,-3.1599e-05,9.4797e-05,1.8861064417565694e-05,-0.035549,0.035549,0.010115453496571251,-1.885,-0.35662,0.902988299595142,0.9837914825554158,1.3322676295501878e-14,1.8861064417565694e-05,0.010115453496571251,0.03581129950145863,-1.0,,,0.9957857858437879
2200,404,intermediate_unlabelled,0.2514001244555071,5,247,0.92873,1.3199,0.39117,-2.9022,4.2132e-05,0.9597466036152826,-38.464,33.748,12.850989892125579,-11.959,1.9104,2.9863310526315794,3.700883834072284,1.6785010405433042e-05,0.0019354287850987975,1.2130899861886342,0.44258222773581957,0.9999999934985456,0.9999974221881159,0.9955359348891362,0.9810304377667659
2200,404,intermediate_unlabelled,0.2514001244555071,6,247,-2.3161,-2.3083,0.007800000000000029,-0.057839,6.7411e-05,0.019189254941686332,-0.98589,0.75838,0.2704618789259774,-2.9789,-2.8105,2.904415789473684,2.904695573093363,1.58191646008716e-05,0.00078256647285544,0.1118527603832811,0.011379477987799418,0.999985578128379,0.9989455841733221,0.9132015073250064,0.9593759528985474
2200,802,intermediate_unlabelled,0.4990665836963285,1,243,-1.0573,-1.0573,0.0,-0.00096904,0.00088477,0.00019757971752777133,-0.21329,0.42659,0.06231432504025237,-14.034,-5.5729,8.658555144032922,9.051927500357502,1.227397735431716e-15,0.00019757971752834685,0.062314325040176734,0.2891159981181796,0.014400745977962988,-0.006888846959239572,0.005432651543496353,0.9939889751878619
2200,802,intermediate_unlabelled,0.4990665836963285,2,243,-0.66898,-0.32523,0.34375,-3.0299,4.2132e-05,0.9220338085402355,-43.18,38.914,14.438686065570531,-267.82,289.14,90.80681069958848,112.6870869128368,8.97079445360885e-06,0.0011327974024898447,0.49347843257056634,1.6378760651075643,0.9999999976160219,0.9999990798312896,0.9994186368363684,0.9998641629184694
2200,802,intermediate_unlabelled,0.4990665836963285,3,243,1.7561,1.8911,0.135,-8.4264e-05,1.3423,0.38569400459785125,-22.822,23.036,6.964474075748012,-408.39,333.73,113.3414259259259,143.12991167315383,2.1181449569284604e-05,0.0012991241217338476,1.1184277400897171,3.094327298962539,0.9999999023841794,0.9999932436100996,0.9870275108773711,0.9996933210435344
2200,802,intermediate_unlabelled,0.4990665836963285,4,243,3.1416,3.1416,0.0,-0.00022119,0.00018959,4.0440019688717615e-05,-0.088872,0.10665,0.018172274426932273,-1.0189,0.50945,0.4388008230452675,0.5103638809454119,8.881784197001252e-15,4.0440019688717615e-05,0.018172274426932273,0.03671518655930026,-1.0,,,0.9973487846308193
2200,802,intermediate_unlabelled,0.4990665836963285,5,243,0.58153,1.0603,0.47877000000000003,-4.0914,4.2132e-05,1.2719397803078203,-58.371,50.361,19.483187005000715,-15.016,4.1266,3.488484238683127,4.562442631274343,1.8170335355306e-05,0.0022147454880488905,1.6653911539798365,0.4258846989080015,0.9999999947389604,0.9999981400935389,0.9963424570783733,0.9915292085035019
2200,802,intermediate_unlabelled,0.4990665836963285,6,243,1.7536,1.7632,0.009600000000000053,-0.082309,6.7411e-05,0.025409048344329912,-1.3272,1.1755,0.39604717992005134,1.4526,2.3474,1.672078600823045,1.6972995733237368,1.4763129366752161e-05,0.0007301794881312356,0.09848739189758984,0.013504950118847373,0.9999913606643329,0.9994918144540536,0.9688334627192173,0.9989266773884508
2200,803,intermediate_unlabelled,0.4996888612321095,1,242,-0.79336,-0.79335,9.99999999995449e-06,-0.00058985,0.00080051,0.00013067649682566525,-0.23699,0.30809,0.050343050841203496,-16.881,-8.6237,11.507130991735536,11.744118173685045,1.2243169340089257e-06,0.0001315966809900512,0.0499471513324727,0.280087870225658,0.9267020270659974,0.5494000751911958,0.16813680770529169,0.9928586615893595
2200,803,intermediate_unlabelled,0.4996888612321095,2,242,-0.52935,-0.12159,0.40776,-3.5581,4.2132e-05,1.0909107696122777,-49.603,46.095,16.881297011139218,-277.06,273.8,80.29832479338843,106.38975180726287,8.729193707128685e-06,0.001023600993240332,0.5007606545652461,1.7964713056969797,0.9999999984070402,0.9999994648173652,0.9995625564492827,0.9998362783856941
2200,803,intermediate_unlabelled,0.4996888612321095,3,242,2.0042,2.1481,0.14389999999999992,-0.0001264,1.4067,0.40864551366799506,-28.273,23.841,7.266954414186789,-367.73,304.39,97.01561363636364,125.3618430191502,1.902481458926667e-05,0.0014929672962691962,1.2614162375596627,3.9288485254638528,0.9999999309603431,0.999992039085669,0.9848233782283062,0.9993819494860018
2200,803,intermediate_unlabelled,0.4996888612321095,4,242,3.1416,3.1416,0.0,-0.00037919,0.00018959,4.975578639670511e-05,-0.17774,0.19552,0.025343630876578527,-2.1397,-0.050945,0.8761740289256199,1.0853451165026813,1.3322676295501878e-14,4.975578639670511e-05,0.025343630876578527,0.0426814920123105,,,,0.997777807005402
2200,803,intermediate_unlabelled,0.4996888612321095,5,242,0.46417,1.0157,0.5515300000000001,-4.6531,0.00016853,1.4600185736654856,-65.671,57.423,22.108093282505916,-18.34,6.9922,3.616730896694215,5.0031143559787274,2.0197182302234415e-05,0.003064648294088084,2.529107297896269,0.7097482111843909,0.9999999951468261,0.9999972800576719,0.9934371636006541,0.9825498910892078
2200,803,intermediate_unlabelled,0.4996888612321095,6,242,-3.0856,-3.0746,0.010999999999999677,-0.09296,0.00013482,0.02919750188152873,-1.6305,1.4788,0.45014059137402146,-2.6,-2.2211,2.4328793388429757,2.4338985244742672,1.645718315605457e-05,0.0005818558540511091,0.10797659567271368,0.016750777985761394,0.9999919378699411,0.9997572285971875,0.9708894344253345,0.9713619068243258
2200,804,intermediate_unlabelled,0.5003111387678905,1,243,-1.0056,-1.0056,0.0,-0.00084264,0.00075838,0.0001480369877600526,-0.18959,0.23699,0.04690866751864186,-20.908,-10.739,14.391839506172841,14.753569760257408,8.400436968656411e-16,0.0001480369877547855,0.046908667518084805,0.31181962050036,0.009032528160884531,0.06277970735034259,0.0401480299515755,0.9953798956636855
2200,804,intermediate_unlabelled,0.5003111387678905,2,243,-0.58966,-0.21193,0.37772999999999995,-3.3103,4.2132e-05,1.0105518393539896,-47.47,43.227,15.721421687769322,-276.28,281.65,84.57792543209875,108.36003822584487,8.692851533418055e-06,0.0010776207217701756,0.4960885265948465,2.314414133420925,0.9999999981538171,0.9999993075959779,0.9995047468140081,0.9997252656949669
2200,804,intermediate_unlabelled,0.5003111387678905,3,243,1.899,2.0378,0.1387999999999998,-4.2132e-05,1.3649,0.3949647588555837,-20.595,24.007,7.023799478305026,-387.59,307.81,105.18809218106998,133.29870581901181,1.8775083440330944e-05,0.0012320959013468029,0.842377823223594,5.126022389035917,0.9999999277139024,0.999994170407569,0.9927883470762245,0.9990405077037755
2200,804,intermediate_unlabelled,0.5003111387678905,4,243,3.1416,3.1416,0.0,-0.000158,0.0001264,2.7571569548621743e-05,-0.071098,0.053323,0.01353936138904067,0.40756,0.96796,0.6549504938271604,0.6644055297166837,8.881784197001252e-15,2.7571569548621743e-05,0.01353936138904067,0.034222881188426854,-1.0,,,0.9519177242291236
2200,804,intermediate_unlabelled,0.5003111387678905,5,243,0.5141,1.0307,0.5166,-4.3917,8.4264e-05,1.3682454536907374,-61.215,58.348,20.80885698973838,-17.5,6.4573,3.810998065843621,4.916733765542855,1.6713492043747415e-05,0.0023525027707072712,1.815807776899566,0.5639916367630535,0.9999999961984689,0.9999981830952791,0.9961876391185868,0.9872452521300078
2200,804,intermediate_unlabelled,0.5003111387678905,6,243,1.487,1.4973,0.010299999999999976,-0.087972,0.00013482,0.027340836592464328,-1.403,1.2513,0.42176701159573776,1.4211,2.4842,1.6748102880658435,1.707525436536672,1.4680274790503432e-05,0.0005860559677469051,0.09564474038540796,0.013448069008530926,0.9999926677945066,0.999718071471073,0.9740535151396248,0.9991827652763091
2200,805,intermediate_unlabelled,0.5009334163036714,1,244,-0.96846,-0.96844,2.0000000000020002e-05,-0.00080051,0.00046345,0.00015988915560649316,-0.1185,0.21329,0.038799931520505315,-17.085,-4.4339,9.43975368852459,10.415501671800877,1.164998368730161e-06,0.00012757609974862105,0.03777214976804851,0.21500552281239002,0.9654631277362781,0.602844697104062,0.23235335843603858,0.9988064379689596
2200,805,intermediate_unlabelled,0.5009334163036714,2,244,-0.80345,-0.50672,0.29673000000000005,-2.518,4.2132e-05,0.779178555283938,-36.047,29.98,11.784971968137588,-245.17,279.17,98.2444237704918,114.93021829388083,7.381734837877179e-06,0.001027679525899535,0.4044514739032088,1.5941384111295094,0.9999999978535976,0.9999989299345025,0.999413445827835,0.9998563316101993
2200,805,intermediate_unlabelled,0.5009334163036714,3,244,1.5038,1.6391,0.13529999999999998,-8.4264e-05,1.3095,0.381546066972351,-18.296,21.898,6.698715817271431,-429.04,354.84,126.5475987704918,153.98945745512412,1.933702623436411e-05,0.0016128624249353316,0.7414270515311552,3.667508215229054,0.9999999197275036,0.9999893334691428,0.9938606152339305,0.9996000067083117
2200,805,intermediate_unlabelled,0.5009334163036714,4,244,3.1416,3.1416,0.0,-0.00022119,9.4797e-05,3.236677897811323e-05,-0.053323,0.088872,0.013842878384173446,-0.10189,0.76418,0.4125742418032787,0.4748281327418745,8.881784197001252e-15,3.236677897811323e-05,0.013842878384173446,0.03642622355243143,,,,0.9881427787251131
2200,805,intermediate_unlabelled,0.5009334163036714,5,244,0.69907,1.131,0.43193000000000004,-3.5822,0.00021066,1.1255893365008343,-50.859,48.726,16.835121023577596,-13.679,4.3176,3.1699281147540983,4.135864420887007,1.5540165575808727e-05,0.00205236893310589,2.397214601913243,0.6375687766401904,0.9999999952968732,0.9999979440617223,0.9898120359342361,0.9761315721874342
2200,805,intermediate_unlabelled,0.5009334163036714,6,244,-2.3444,-2.3357,0.008699999999999708,-0.071321,0.00013482,0.022484098933179923,-1.0996,1.1376,0.34433639931950816,-2.7368,-2.4632,2.62662131147541,2.627140045909177,1.5560546300211848e-05,0.0007530370320646108,0.1115785842950832,0.013607279401377624,0.9999883004908768,0.9993119647197664,0.9464446109195319,0.9655023390763516
2200,806,intermediate_unlabelled,0.5015556938394524,1,243,-1.0212,-1.0212,0.0,-0.00071624,0.00075838,0.00013562433712243992,-0.16589,0.23699,0.05443491790005757,-20.542,-11.919,14.770181069958847,14.998552364987345,4.440892098500626e-16,0.00013562433712243992,0.05443491790005757,0.2948487539350845,,,,0.993591656344168
2200,806,intermediate_unlabelled,0.5015556938394524,2,243,-0.59047,-0.2131,0.37737000000000004,-3.3076,4.2132e-05,1.0095345332477894,-46.806,42.611,15.706603312269975,-277.42,278.4,84.27528757201644,108.41729964828826,8.817354532181623e-06,0.0010610615282964503,0.5192440034106162,2.3064499417347633,0.999999998096771,0.9999993282978232,0.9994561132537264,0.9997280382311319
2200,806,intermediate_unlabelled,0.5015556938394524,3,243,1.8976,2.0363,0.13870000000000027,-4.2132e-05,1.365,0.3948171629849483,-20.405,23.202,7.0182871355426295,-382.94,320.69,103.15098465020574,132.2377554097244,1.747046271776262e-05,0.0013470645595243388,0.8075812133230605,4.999070416114068,0.9999999373375407,0.999993036597444,0.9933630349021485,0.9990863485493477
2200,806,intermediate_unlabelled,0.5015556938394524,4,243,3.1416,3.1416,0.0,-0.0001264,0.00022119,3.451997565035692e-05,-0.071098,0.053323,0.014690737204830776,-0.66229,0.86607,0.49666436213991766,0.5520835518201291,8.881784197001252e-15,3.451997565035692e-05,0.014690737204830776,0.035311893963823705,-1.0,,,0.9973913363050713
2200,806,intermediate_unlabelled,0.5015556938394524,5,243,0.51478,1.0309,0.5161199999999999,-4.3863,8.4264e-05,1.367116714591961,-62.424,56.997,20.797812948005888,-17.729,4.8525,3.801565637860082,4.881012793550926,1.6218579432027678e-05,0.0023227966406180506,1.8807165580296015,0.5270182086341582,0.999999996414751,0.9999982254388838,0.9959052523040796,0.988557872576034
2200,806,intermediate_unlabelled,0.5015556938394524,6,243,-2.6305,-2.6202,0.010299999999999976,-0.087365,6.7411e-05,0.02735444134257897,-1.5168,1.8201,0.4278904680026691,-2.2947,-1.7789,1.989204526748971,1.9974654976444115,1.501885856000482e-05,0.0005196216940565498,0.12005378341657233,0.011546218115064894,0.9999923059464094,0.9997831813527357,0.9599783470494547,0.9979741646663529
2200,1203,intermediate_unlabelled,0.7485998755444928,1,247,-0.98146,-0.98145,9.99999999995449e-06,-0.00046345,0.00054772,0.00011053247091822135,-0.16589,0.1422,0.031630972694419966,-13.261,-5.1661,8.247729554655873,8.618079056140918,9.098877229538215e-07,0.00011611149040965711,0.03178285867400369,0.21185529471316109,0.9436946366626338,0.5771463657501583,0.16596889873609402,0.9964008526805544
2200,1203,intermediate_unlabelled,0.7485998755444928,2,247,-1.0609,-0.83668,0.22421999999999997,-1.7135,4.2132e-05,0.5564758398419897,-23.13,17.751,7.645104776763437,-162.22,247.69,108.3693935222672,117.93900069542676,1.6961002726199535e-05,0.0012370657309043326,0.40369315121191135,1.590668048529053,0.9999999811359201,0.9999968811034872,0.9986065464843633,0.9997937769914746
2200,1203,intermediate_unlabelled,0.7485998755444928,3,247,0.98326,1.1502,0.16693999999999987,-8.4264e-05,1.4166,0.4368519184419635,-19.078,21.566,6.7488410481062315,-393.18,287.47,140.77385696356276,160.12860238936787,1.9160043454282723e-05,0.0014057986273731619,0.8917863864914495,4.589126452983123,0.9999999501342807,0.99999361651438,0.9912343070400481,0.999268718008236
2200,1203,intermediate_unlabelled,0.7485998755444928,4,247,3.1416,3.1416,0.0,-9.4797e-05,0.000158,2.4624887127220303e-05,-0.035549,0.035549,0.010241142120643707,-1.6302,-0.050945,0.6587824696356275,0.8093666046066078,1.3322676295501878e-14,2.4624887127220303e-05,0.010241142120643707,0.03477176006505245,-1.0,,,0.9972623664903516
2200,1203,intermediate_unlabelled,0.7485998755444928,5,247,0.93049,1.3216,0.39111000000000007,-2.8958,8.4264e-05,0.9592706121817052,-39.791,29.245,12.833823928818477,-12.533,2.4454,3.1198334372469634,3.8185208188916864,1.7300981605055425e-05,0.001860707861645337,1.181944518821116,0.38728091626588645,0.9999999930930382,0.9999976191256682,0.9957513666166331,0.9863334591937785
2200,1203,intermediate_unlabelled,0.7485998755444928,6,247,-2.9021,-2.8943,0.007800000000000029,-0.057906,6.7411e-05,0.019178836125571273,-0.91005,0.87213,0.27159975403164227,-2.2842,-2.0737,2.162367206477733,2.1630740246401357,1.4011035028657734e-05,0.0004119874984851239,0.09792955205047188,0.015313002919688031,0.999988612180151,0.9997068688053409,0.9327452508185506,0.9609168731446842
2200,1204,intermediate_unlabelled,0.7492221530802738,1,244,-0.9266,-0.92659,9.99999999995449e-06,-0.0017695,0.00071624,0.00018416214893273968,-0.33179,0.61618,0.0629586190047368,-18.631,-6.1424,10.681125409836067,11.52035576388843,1.118111378952109e-06,0.0001610813189333613,0.06252688496942688,0.38200203056487464,0.9646129035345675,0.4860507680803572,0.11793421072644407,0.9960768005016988
2200,1204,intermediate_unlabelled,0.7492221530802738,2,244,-0.82274,-0.53195,0.29079,-2.4441,4.2132e-05,0.7601257232079539,-34.388,28.747,11.396583568074474,-233.49,277.42,99.17541516393443,115.11950203995238,7.343013052779326e-06,0.001015802762435965,0.40507485051589026,1.59315188746256,0.9999999977979811,0.9999988990257774,0.9993705750043173,0.9998523217105537
2200,1204,intermediate_unlabelled,0.7492221530802738,3,244,1.4667,1.6027,0.13600000000000012,-0.00029492,1.2927,0.37877948748808454,-21.969,22.396,6.534144366680288,-415.07,339.47,130.76232213114756,155.67466534636225,1.9667649684358117e-05,0.001496317580598759,0.9247580489012425,4.546458143771606,0.9999999182181503,0.9999905899611763,0.9899384971819831,0.9993615173916481
2200,1204,intermediate_unlabelled,0.7492221530802738,4,244,3.1416,3.1416,0.0,-0.00028439,0.000158,3.773734013514214e-05,-0.053323,0.088872,0.016723405381478935,-0.10189,1.0699,0.5163450819672132,0.6419268027401797,8.881784197001252e-15,3.773734013514214e-05,0.016723405381478935,0.0368258764522305,,,,0.9955132652954315
2200,1204,intermediate_unlabelled,0.7492221530802738,5,244,0.71618,1.143,0.42682,-3.5008,4.2132e-05,1.1072124073775331,-50.693,60.457,16.79926721001659,-13.526,5.3875,3.6375283975409833,4.446870666144257,2.156318037895956e-05,0.0033115796490084254,4.240297787942684,1.0379430867227533,0.9999999907574534,0.999994438990256,0.9676225907243009,0.9346457662636757
2200,1204,intermediate_unlabelled,0.7492221530802738,6,244,-2.3869,-2.3784,0.00849999999999973,-0.070175,0.00013482,0.022146126514794057,-1.2134,1.5168,0.34167611589452135,-2.3158,-1.8737,2.0384372950819674,2.041294134766263,1.485285680508714e-05,0.00035468426525137026,0.10920024036305745,0.013650831995139124,0.999988961026732,0.9998443771827616,0.947565350863553,0.9919782622236638
2200,1205,intermediate_unlabelled,0.7498444306160548,1,243,-0.90582,-0.9058,1.999999999990898e-05,-0.00096904,0.00088477,0.00020675784277225228,-0.30809,0.42659,0.06703156516864907,-10.942,-1.9119,5.307862962962963,6.106125904533615,2.150870192826673e-06,0.00016707628828483627,0.06565419761138994,0.26252720785258965,0.9246567580182348,0.6453479352200885,0.2122345896057276,0.996212400072324
2200,1205,intermediate_unlabelled,0.7498444306160548,2,243,-0.64398,-0.2901,0.35388,-3.1155,4.2132e-05,0.9486650868623702,-44.934,40.289,14.833126178366712,-267.82,287.23,90.13310288065844,112.45411930180836,8.662526530583513e-06,0.0010056737400052486,0.4407241150617764,1.7780385780754946,0.9999999979044382,0.9999993166761435,0.9995613082925572,0.9998407295794959
2200,1205,intermediate_unlabelled,0.7498444306160548,3,243,1.8017,1.9375,0.13579999999999992,-4.2132e-05,1.3472,0.38783433896572866,-24.6,24.339,6.99449112145454,-409.48,330.16,112.01340329218107,141.2091092282688,1.897119101935044e-05,0.001221232338070712,1.1692003617672977,4.192811439628709,0.9999999227414356,0.9999940755180498,0.9859358011550584,0.9994149426433997
2200,1205,intermediate_unlabelled,0.7498444306160548,4,243,3.1416,3.1416,0.0,-0.00018959,0.00018959,3.2685444214292035e-05,-0.071098,0.088872,0.015466744743842947,0.45851,1.5284,0.8631340329218108,0.9171363191527494,8.881784197001252e-15,3.2685444214292035e-05,0.015466744743842947,0.03663085454290993,-1.0,,,0.9929973670889005
2200,1205,intermediate_unlabelled,0.7498444306160548,5,243,0.56009,1.0498,0.4897100000000001,-4.1961,4.2132e-05,1.300403969539368,-62.613,53.987,19.941281378888586,-15.513,5.0054,3.6097214814814813,4.66803573038716,1.682950860272457e-05,0.00269942829623137,2.2068912910649843,0.5578085151227598,0.9999999956944707,0.9999973481670849,0.9938596800779712,0.9857912073924583
2200,1205,intermediate_unlabelled,0.7498444306160548,6,243,-2.1497,-2.1399,0.009800000000000253,-0.083657,6.7411e-05,0.0260146889388491,-1.3651,1.3651,0.4063670396832929,-2.1368,-1.6211,1.8304057613168723,1.836287292068522,1.670136570391528e-05,0.00045639891565512486,0.09716491529983362,0.01292104760447821,0.9999893776994776,0.9998116834504366,0.9709946706166052,0.9961229451105089
2200,1206,intermediate_unlabelled,0.7504667081518357,1,244,-0.80107,-0.80105,1.999999999990898e-05,-0.0010112,0.00084264,0.00020431466830526026,-0.23699,0.33179,0.05216112467205131,-13.058,-0.97627,5.634892663934427,7.04411747561911,1.5944988074426327e-06,0.00013349024542881163,0.05021806336538823,0.2416956653093907,0.9452324434856629,0.7580630640624111,0.27066467877670636,0.9983641331358932
2200,1206,intermediate_unlabelled,0.7504667081518357,2,244,-0.83308,-0.5454,0.28768000000000005,-2.4078,4.2132e-05,0.7503842663043914,-34.127,28.25,11.2043975868777,-231.38,267.09,99.44071270491804,114.8344282907889,7.200347282452376e-06,0.0010239416141821233,0.41002032324737087,1.6722500414257282,0.9999999978409098,0.9999988520714361,0.9993325104559653,0.9998338128604461
2200,1206,intermediate_unlabelled,0.7504667081518357,3,244,1.4467,1.5831,0.13639999999999985,-8.4264e-05,1.2906,0.37916371943512506,-22.254,22.088,6.535715469891407,-412.27,332.02,130.1882905737705,155.26240992456866,1.8874529526405708e-05,0.0012760693862079232,1.0859717163679397,4.2870913193497735,0.9999999253043013,0.999993220199868,0.9861016741967106,0.9994290236901195
2200,1206,intermediate_unlabelled,0.7504667081518357,4,244,3.1416,3.1416,0.0,-0.00044239,9.4797e-05,4.774274716572486e-05,-0.071098,0.12442,0.016606829154834732,-0.25473,1.1717,0.605086905737705,0.7279028574930991,8.881784197001252e-15,4.774274716572486e-05,0.016606829154834732,0.035816082717373916,,,,0.9971046641032996
2200,1206,intermediate_unlabelled,0.7504667081518357,5,244,0.72536,1.1495,0.42413999999999996,-3.4608,8.4264e-05,1.0980672153558848,-48.821,49.058,16.221901998710614,-14.176,4.8143,3.289735655737705,4.179487782408761,1.672338860146005e-05,0.002219688639651048,2.322300461511387,0.6692686356350706,0.999999994380844,0.9999974595095388,0.9897018778409367,0.9712115175299423
2200,1206,intermediate_unlabelled,0.7504667081518357,6,244,1.8231,1.8316,0.008499999999999952,-0.069568,6.7411e-05,0.021937913815166306,-1.1376,1.1376,0.3288529275820591,1.8632,2.6947,2.058238524590164,2.075704937810878,1.5786724626296908e-05,0.0007963180341847088,0.09974853770292329,0.016068310483842024,0.9999875496854945,0.999178181489601,0.9538002591568348,0.9982108493196667
2200,1207,intermediate_unlabelled,0.7510889856876167,1,243,-0.74027,-0.74025,2.0000000000020002e-05,-0.0011376,0.00088477,0.00023925263446756607,-0.28439,0.26069,0.05590100400377107,-13.627,-1.7085,6.037916049382717,7.312311894726682,1.7059314315001372e-06,0.00014397895450501453,0.05215640064604271,0.2947095612503633,0.9592877099147029,0.8019686601904131,0.37006616219163163,0.9974464552394741
2200,1207,intermediate_unlabelled,0.7510889856876167,2,243,-0.65548,-0.30633,0.34914999999999996,-3.0783,4.2132e-05,0.9362946344662404,-44.033,39.53,14.651720772307137,-268.03,291.09,89.90038888888888,112.29230408338879,8.718319028540351e-06,0.0010698783030879107,0.45502829660776184,1.8245273897362189,0.9999999978185157,0.9999992046973664,0.9995205182872338,0.9998316618853075
2200,1207,intermediate_unlabelled,0.7510889856876167,3,243,1.7808,1.9162,0.13539999999999996,-8.4264e-05,1.3449,0.3867449761781151,-23.154,24.292,6.983971163545299,-415.07,334.82,116.50795761316873,144.3426594525219,1.970385033996905e-05,0.0014500394700039617,1.1598938901275397,4.583217423720071,0.9999999161039214,0.9999915944494477,0.9861167238814234,0.9993135803734724
2200,1207,intermediate_unlabelled,0.7510889856876167,4,243,3.1416,3.1416,0.0,-0.00063198,0.00050558,8.031945374636973e-05,-0.23107,0.19552,0.03284992791493554,-0.35662,1.0189,0.5576724279835392,0.6349277968405722,8.881784197001252e-15,8.031945374636973e-05,0.03284992791493554,0.04893489443591842,-1.0,,,0.9934913927436004
2200,1207,intermediate_unlabelled,0.7510889856876167,5,243,0.56992,1.0545,0.48458,-4.1446,0.00063198,1.2870632220561953,-61.334,54.034,19.813418385778757,-16.697,5.0054,3.3394413497942383,4.600034177664077,1.9265899539184872e-05,0.002815416787004356,2.669977625998872,0.707387853044687,0.9999999942315461,0.9999970542699756,0.9908813454984063,0.9786752147506089
2200,1207,intermediate_unlabelled,0.7510889856876167,6,243,-1.654,-1.6443,0.00969999999999982,-0.082916,6.7411e-05,0.025759508330942094,-1.4788,1.2513,0.4028065494290916,-2.3158,-1.6842,1.9254090534979427,1.9353829901813047,1.4225989056759792e-05,0.0007387104463571216,0.10952204215218762,0.012278185673991117,0.9999921760978021,0.9994939195578109,0.9627359383205538,0.9980410802059828
2200,1603,faulty_evident,0.9975108898568762,1,246,-0.81625,-0.81622,3.0000000000085514e-05,-0.002865,0.0023594,0.0004896717632543767,-0.56878,0.97167,0.12475664267911765,-14.969,-2.4814,6.097717073170732,7.057870815961195,2.4231467985866663e-06,0.0003306689266025019,0.11941296844115241,0.5875097665647427,0.9449365425108969,0.7395206099616253,0.29246198844543386,0.9862683368407881
2200,1603,faulty_evident,0.9975108898568762,2,246,-0.73089,-0.41017,0.32072000000000006,-2.8121,0.00016853,0.8521093918811958,-41.474,36.734,13.334887936506304,-297.03,353.65,99.68762357723578,121.85791431734006,1.4335138759092833e-05,0.0018802772377754969,0.6526514877541633,4.043045810456338,0.9999999932565269,0.9999970183881787,0.9988051206530347,0.9992431648829354
2200,1603,faulty_evident,0.9975108898568762,3,246,1.6415,1.7757,0.1342000000000001,-0.01403,1.429,0.38802634203379505,-28.013,22.348,7.476007218238085,-523.41,826.57,133.72164500000002,192.1716162319117,4.8423654996714134e-05,0.005934091716690478,1.3805687077560373,16.243928359538437,0.9999995088027398,0.9998614990450572,0.9828759081999523,0.9960656373478409
2200,1603,faulty_evident,0.9975108898568762,4,246,3.1416,3.1416,0.0,-0.00050558,0.00028439,7.880436758161964e-05,-0.1422,0.1422,0.025085844567294752,0.45851,1.0189,0.8532286585365854,0.8586052910230428,1.3322676295501878e-14,7.880436758161964e-05,0.025085844567294752,0.041294133279355064,-1.0,,,0.9026698489556823
2200,1603,faulty_evident,0.9975108898568762,5,246,0.63522,1.09,0.4547800000000001,-3.8424,0.016811,1.1960145898606953,-65.339,56.665,18.578085328574318,-34.885,20.06,4.6221940650406514,7.4579326204430885,8.902113948090884e-05,0.013882248356836886,3.278785275253067,2.24571607489615,0.9999998651969585,0.9999169465013759,0.9843251729962137,0.9482086766814508
2200,1603,faulty_evident,0.9975108898568762,6,246,1.7179,1.727,0.009100000000000108,-0.077186,0.00074152,0.02389766301643057,-1.5547,1.5168,0.4174261899161024,0.8,2.1263,1.3549537398373983,1.4107104972666695,1.709530448314071e-05,0.0008896549149398234,0.2009162010139867,0.03828306135518934,0.9999875634151264,0.9991447529402185,0.8766439384387607,0.9952564778809294
2200,1604,faulty_evident,0.9981331673926572,1,244,-0.72897,-0.72893,4.0000000000040004e-05,-0.0028228,0.0042553,0.0006368336693768246,-1.3272,1.6589,0.21399841866570446,-13.424,3.4576,4.365693278688524,5.577328306453918,2.58370246060241e-06,0.0005112275407171966,0.21067820777664734,0.7865660385621998,0.9586506087830524,0.600773710065168,0.17951801049306926,0.9892615343116521
2200,1604,faulty_evident,0.9981331673926572,2,244,-0.67816,-0.33799,0.34017,-3.0007,8.4264e-05,0.9110159628455853,-44.46,39.744,14.33042328347281,-304.11,352.88,95.94362487704917,120.03306246179808,1.3911951698139459e-05,0.0017623944690612929,0.5846436133921725,3.974275851299832,0.999999994216339,0.9999977099370244,0.9991708497271423,0.999283566367368
2200,1604,faulty_evident,0.9981331673926572,3,244,1.7393,1.8742,0.13490000000000002,-0.013103,1.4322,0.39185112085133045,-28.558,22.609,7.551676698157936,-512.08,817.56,132.24189221311477,189.56313063269448,4.577366189957983e-05,0.005733913354711402,1.4473964056549669,16.043339023524794,0.999999551921378,0.9998730383770496,0.9815288394819458,0.9960611837736937
2200,1604,faulty_evident,0.9981331673926572,4,244,3.1416,3.1416,0.0,-0.0011692,0.001106,0.0001659553116792758,-0.58656,0.60433,0.07634894264775595,0.5604,1.5284,0.9201434836065572,0.9433746963656767,8.881784197001252e-15,0.0001659553116792758,0.07634894264775595,0.07704080441976263,,,,0.9289362777092011
2200,1604,faulty_evident,0.9981331673926572,5,244,0.58942,1.0643,0.47487999999999997,-4.0486,0.015083,1.2580044150596836,-67.567,57.447,19.597242152419657,-36.681,19.601,4.720379504098362,7.486749075235914,8.497719974526609e-05,0.01335328382870029,3.5216286601810975,2.1380750306701053,0.9999998845333655,0.9999305079881946,0.9837392244103655,0.9528579203072389
2200,1604,faulty_evident,0.9981331673926572,6,244,-0.81081,-0.80131,0.009500000000000064,-0.081096,0.0006067,0.02518588956067059,-1.6684,3.6023,0.5162198850425864,-2.7474,-1.4842,1.8545274590163936,1.8755679324027101,3.744830515577549e-06,0.0006625733993128938,0.33860797885292837,0.04675642147303354,0.9999994395969436,0.9995733777366594,0.7548473345460878,0.9860455326227032
2200,1605,faulty_evident,0.998755444928438,1,245,-0.88375,-0.8837,4.999999999999449e-05,-0.0042132,0.0036234,0.0006304313422932601,-0.90057,1.1613,0.17497524342692083,-13.058,1.7085,3.985599918367347,6.078974103757096,2.7557843186673955e-06,0.00049539120468893,0.17131309491319913,0.6858384423795851,0.9683109825852982,0.6184845513156008,0.20431476515678348,0.9916619866641512
2200,1605,faulty_evident,0.998755444928438,2,245,-0.83653,-0.54989,0.28664,-2.3987,8.4264e-05,0.7461451536001994,-34.862,29.648,11.199163521987394,-269.94,349.06,104.26842489795918,122.3599146051508,1.4473960111148842e-05,0.001971614096407771,0.5647095908249455,4.3179358270213,0.9999999913224326,0.9999956737681153,0.998731121001733,0.9990367861836456
2200,1605,faulty_evident,0.998755444928438,3,245,1.44,1.5768,0.13680000000000003,-0.01403,1.388,0.3854281555161508,-23.889,20.452,7.077401289430138,-504.63,792.57,138.13665428571426,189.24468179143958,4.4619427058896365e-05,0.005842425769307322,1.3652829096677856,16.24753448473101,0.9999995924168986,0.9998623014992708,0.9812832506300458,0.9957706233914774
2200,1605,faulty_evident,0.998755444928438,4,245,3.1416,3.1416,0.0,-0.0010428,0.00034759,0.00011768111675880715,-0.31994,0.28439,0.04159941662453983,0.40756,1.3246,0.8515138367346937,0.8571559818340402,1.1157991079327189e-14,0.00011768111676325662,0.04159941662386573,0.06683210202757295,-0.111287174386252,-0.013972267235472775,0.017290401853550585,0.7331131531772016
2200,1605,faulty_evident,0.998755444928438,5,245,0.72843,1.1517,0.4232699999999999,-3.4234,0.013735,1.0911704322321858,-57.4,51.475,16.366499375032674,-33.242,17.309,4.727453587755103,7.222087241971003,8.763117897313221e-05,0.013767055748814597,3.2032888923102196,2.1894072925910164,0.9999998471113942,0.9999007151259643,0.9806880658358309,0.945567102628519
2200,1605,faulty_evident,0.998755444928438,6,245,-1.6957,-1.6872,0.008499999999999952,-0.069029,0.00040447,0.021849485214178194,-1.4409,1.5547,0.365540233778936,-2.9789,-1.8842,2.2402183673469387,2.254787523642862,1.4934803116645161e-05,0.0006425020859226807,0.16592095701606824,0.043515929990763286,0.9999889720031803,0.9994660064909832,0.8910577359449889,0.9855507143295643
2200,1606,faulty_evident,0.9993777224642192,1,247,-0.84011,-0.84008,2.999999999997449e-05,-0.0026965,0.0020223,0.00044123447339477866,-0.54508,0.71098,0.1096351821706661,-16.108,-3.661,7.8447396761133605,9.002273065650837,2.3626490335874736e-06,0.00030568872312640373,0.10546421425649773,0.6131724045984486,0.9598288281143729,0.7211961275649146,0.2743795187788078,0.990317324235477
2200,1606,faulty_evident,0.9993777224642192,2,247,-0.92908,-0.66875,0.26033000000000006,-2.096,8.4264e-05,0.6619870457970495,-29.529,24.647,9.582710571141108,-239.02,335.63,106.03378744939272,121.65543094829454,1.4180135676785451e-05,0.0019565568603194445,0.5016360122279532,4.296690873211963,0.9999999898883886,0.9999945462077368,0.9986320659179677,0.9989271477313806
2200,1606,faulty_evident,0.9993777224642192,3,247,1.2571,1.4014,0.14429999999999987,-0.014072,1.386,0.394482555168242,-24.837,21.329,6.920878831667293,-478.71,717.76,134.60345748987856,179.5341451355822,4.398752333023286e-05,0.005651907361075864,1.4563044062753607,15.283610711785045,0.9999996403355462,0.9998758919893029,0.977661495240766,0.9957019415829937
2200,1606,faulty_evident,0.9993777224642192,4,247,3.1416,3.1416,0.0,-0.00094797,0.00047399,0.00011435682853046669,-0.21329,0.35549,0.04144635218761621,0.66229,1.3755,0.8996869230769231,0.923520029797758,1.3322676295501878e-14,0.00011435682853046669,0.04144635218761621,0.05975165323029691,-1.0,,,0.9580402089328227
2200,1606,faulty_evident,0.9993777224642192,5,247,0.81127,1.2157,0.40442999999999996,-3.1599,0.01226,1.0179432637949621,-51.973,45.574,14.766009391078908,-34.732,16.697,4.457299190283401,6.700195484523021,8.02210526951231e-05,0.012793459812184079,3.1764655476553494,2.0729626843969884,0.9999998584543421,0.9999007015746588,0.9766141376304845,0.9410396505759451
2200,1606,faulty_evident,0.9993777224642192,6,247,1.1174,1.1255,0.008099999999999996,-0.06431,0.00033706,0.020348799388040302,-1.2892,1.6305,0.346674079553069,1.0737,2.5368,1.4838696356275305,1.5627152185382376,1.595531155222505e-05,0.0007511220957728422,0.1877888390854571,0.035232363864931886,0.9999859710501005,0.9991451060474053,0.8411434182474846,0.9974173754877815
2200,1607,faulty_evident,1.0,1,246,-0.93724,-0.93721,2.999999999997449e-05,-0.0021487,0.0016431,0.00040497971843108434,-0.47399,0.66358,0.10275969096983235,-16.108,-2.4814,6.905460975609757,8.25923310088756,2.0327515207712766e-06,0.0002661296927376814,0.09742727676418207,0.5362365015029894,0.9617667057968485,0.7641350980524938,0.32858946288408925,0.9929792997555448
2200,1607,faulty_evident,1.0,2,246,-0.58662,-0.20745,0.37917,-3.327,0.0001264,1.0085616930797332,-48.726,43.962,15.741302585924569,-307.77,336.2,87.45315666666664,113.84070801825891,1.291167187634168e-05,0.0015753892858067031,0.5071176785187832,3.701519126457846,0.9999999960462492,0.9999985108782979,0.9994840375559756,0.9993580612598738
2200,1607,faulty_evident,1.0,3,246,1.9044,2.0436,0.1392,-0.012303,1.4623,0.40010634206673573,-30.074,24.481,7.598288939317832,-474.05,759.98,126.47104349593495,178.42472991326395,4.505852919988667e-05,0.005692295753389559,1.4789242853984548,15.928740309589193,0.9999995989126953,0.9998798736563392,0.980945970089251,0.9955656514650747
2200,1607,faulty_evident,1.0,4,246,3.1416,3.1416,0.0,-0.0010428,0.00041079,0.00010988942588686094,-0.30217,0.26662,0.03442965638753042,-0.76418,0.81512,0.5301625,0.5650664276128446,1.3322676295501878e-14,0.00010988942588686094,0.03442965638753042,0.05117287496219963,-1.0,,,0.9947606961612491
2200,1607,faulty_evident,1.0,5,246,0.51153,1.0297,0.51817,-4.3883,0.010702,1.3630224657143886,-70.079,59.817,20.93919095343772,-33.356,18.264,5.123424951219512,7.540906588916854,8.472959576246126e-05,0.013035429747210564,3.2243574687118257,2.1418022160346104,0.9999999052180247,0.9999436187333882,0.9880863997236895,0.9486257657927404
2200,1607,faulty_evident,1.0,6,246,0.90513,0.91549,0.010360000000000036,-0.088713,0.00026965,0.027232347453043405,-1.6684,3.1093,0.5209036964478214,-1.8737,-0.97895,1.2133108536585366,1.2259422551619075,3.3144759993025395e-06,0.0005117289472775056,0.31580932054356564,0.03338446380002845,0.9999996371116721,0.9997822609201644,0.7952772632061352,0.9819441053921256
2300,0,training_healthy,0.0,1,243,-1.0911,-1.0911,0.0,-0.00033706,0.00033706,9.205348688214094e-05,-0.1422,0.1422,0.041020479210341874,-18.427,-15.376,16.839456790123457,16.844913321677108,3.657923432300991e-15,9.20534868726119e-05,0.041020479209736185,0.24298786798074193,-0.24798366155574786,0.07063340827320304,0.026970077068356933,0.8246007132908068
2300,0,training_healthy,0.0,2,243,-0.9655,-0.71508,0.25042,-4.2132e-05,2.0063,0.6399622485911511,-23.841,26.756,9.16348973604945,-120.2,409.55,130.82640329218106,152.43720669636033,7.200861749958705e-06,0.0011162215112928023,0.4121341837604086,1.899694704441702,0.9999999971847,0.9999980958490396,0.998989972628013,0.9997944412473806
2300,0,training_healthy,0.0,3,243,1.1833,1.3323,0.14900000000000002,-1.4101,0.010027,0.4074647227761849,-24.505,18.912,6.9587477738894306,-647.75,203.03,210.16120440329217,240.15782586141918,2.1352884937297626e-05,0.0019759550865530904,0.967000993693276,4.259866056670464,0.999999939098365,0.9999857058949521,0.9903043983732096,0.9995487492429785
2300,0,training_healthy,0.0,4,243,3.1416,3.1416,0.0,-6.3198e-05,6.3198e-05,1.6715703475075964e-05,-0.035549,0.035549,0.010198397125732866,0.25473,0.5604,0.36500444444444446,0.3697349701862144,8.881784197001252e-15,1.6715703475075964e-05,0.010198397125732866,0.03343234293769378,-1.0,,,0.8237187239542145
2300,0,training_healthy,0.0,5,243,0.84409,1.2432,0.3991100000000001,-0.00025279,3.1601,1.0135267563694483,-37.516,41.569,14.28909414905878,-7.2979,14.214,3.6394418930041157,4.386977280109567,1.8764556461187833e-05,0.0016665026848189225,1.0200176449921563,0.45682921041966756,0.9999999928120055,0.9999983111763298,0.9974503423577245,0.9909298863804089
2300,0,training_healthy,0.0,6,243,3.0905,3.0985,0.008000000000000007,-0.00013482,0.062962,0.020275265854740356,-0.91005,1.0238,0.29636544013436694,1.8526,2.4526,2.2604646090534977,2.2671214565444613,1.6225006021048004e-05,0.0005160473523888384,0.09540493078371436,0.013108682341768518,0.9999865924342244,0.9995927350574095,0.9471806168861192,0.9971452989648641
2300,1,training_healthy,0.0006242197253433,1,243,-0.92355,-0.92355,0.0,-0.00054772,0.00050558,8.321735161230653e-05,-0.28439,0.26069,0.04068060119092568,-15.539,-11.715,14.04495473251029,14.068813839986564,5.551115123125783e-16,8.321735161230653e-05,0.04068060119092568,0.31971918284962464,-1.0,,,0.9206695308769162
2300,1,training_healthy,0.0006242197253433,2,243,-0.63307,-0.27462,0.35845000000000005,-4.2132e-05,3.0703,0.9505053469520496,-39.507,42.232,14.507600345116177,-169.14,402.43,107.08490283950619,134.1582610553595,7.795589416119737e-06,0.001047365601854107,0.4505879776311068,1.2393383616332672,0.9999999983349142,0.9999992577380481,0.9995199887519328,0.9999252143784674
2300,1,training_healthy,0.0006242197253433,3,243,1.8214,1.9581,0.13670000000000004,-1.4261,0.011249,0.3939750126560283,-27.23,21.258,7.390452421151649,-580.85,232.37,193.88864732510285,218.20007156557244,2.1504774974362924e-05,0.0018753864931159525,1.1213490656209113,4.320630489934176,0.9999999244501449,0.9999865201511076,0.9884326152653472,0.9994679002552684
2300,1,training_healthy,0.0006242197253433,4,243,3.1416,3.1416,0.0,-6.3198e-05,6.3198e-05,1.7200316973823475e-05,-0.035549,0.035549,0.010696212908518705,-0.76418,-0.15284,0.4350273662551441,0.4606460982271902,8.881784197001252e-15,1.7200316973823475e-05,0.010696212908518705,0.03680039831191397,-1.0,,,0.9700468770525986
2300,1,training_healthy,0.0006242197253433,5,243,0.55078,1.0456,0.49482000000000004,-4.2132e-05,4.1988,1.3059475045380562,-54.437,55.93,19.69593437996562,-8.5588,15.436,4.1311290946502055,5.11286672086677,1.74789371593179e-05,0.0017658063369036222,0.8989822315239117,0.48274907871482875,0.9999999957560557,0.9999988769082896,0.9989600770923599,0.9929941440571537
2300,1,training_healthy,0.0006242197253433,6,243,1.37,1.3799,0.009899999999999798,-6.7411e-05,0.083657,0.0261048315679643,-1.2134,1.2892,0.4020900770096542,1.4105,1.8842,1.6132670781893002,1.6152447286832714,1.4158742260530642e-05,0.0005388334529842307,0.10254694545350446,0.011624167936289155,0.9999930495593073,0.9997366231677633,0.9670693708480871,0.989368037111567
2300,2,training_healthy,0.0012484394506866,1,244,-0.78626,-0.78625,9.99999999995449e-06,-0.00054772,0.00050558,0.00011417913281883994,-0.18959,0.21329,0.03944701776761073,-16.515,-12.488,14.886872950819672,14.898059323638623,2.342562458326156e-06,0.000205646615859933,0.04251313512840327,0.2509428548446357,0.881946406792506,0.5735787488615461,0.1688078219152112,0.9010239581144588
2300,2,training_healthy,0.0012484394506866,2,244,-0.7687,-0.46084,0.30786,-4.2132e-05,2.627,0.8122582314979623,-33.795,35.122,12.362310078887516,-171.25,424.72,119.58292204918031,143.94443409203654,8.449582137260256e-06,0.0012187180509098225,0.4659856455192361,2.044098928296917,0.9999999973699636,0.999998616886785,0.9992917520325356,0.999798762527512
2300,2,training_healthy,0.0012484394506866,3,244,1.5702,1.7048,0.13460000000000005,-1.4069,0.010364,0.386569753070789,-26.543,21.092,7.277020322296295,-617.64,273.35,202.6445700819672,229.89927587921395,1.970471021902889e-05,0.001808806038593806,1.0110999604228328,4.035646666434969,0.9999999350568838,0.9999869622378459,0.9903105753464502,0.9996104480646703
2300,2,training_healthy,0.0012484394506866,4,244,3.1416,3.1416,0.0,-0.0001264,0.0001264,2.9730990189903384e-05,-0.035549,0.053323,0.013654546410340081,-0.25473,0.35662,0.16285954918032786,0.1892214185631024,8.881784197001252e-15,2.9730990189903384e-05,0.013654546410340081,0.03776863775788986,,,,0.9791360673402719
2300,2,training_healthy,0.0012484394506866,5,244,0.66839,1.1106,0.44221,-0.0027386,3.7425,1.1617479042671421,-50.693,52.375,17.498342016145724,-9.1319,13.373,3.9223677459016395,4.731181625714702,2.175671908608905e-05,0.0019553160391830005,1.1304978352985842,0.4709693899747406,0.9999999918628446,0.9999982525989102,0.9979133072207821,0.9921224588753107
2300,2,training_healthy,0.0012484394506866,6,244,-1.0094,-1.0006,0.008800000000000141,-0.00013482,0.074422,0.023220999941708394,-1.2892,1.1755,0.3602437737411635,-2.2,-1.4211,1.6355045081967212,1.6528135556417471,1.3757894179160094e-05,0.0005483067347324807,0.09933086037348172,0.012409775362588653,0.9999918182241351,0.999659000351602,0.9612428755473619,0.998646413624432
2300,3,training_healthy,0.0018726591760299,1,246,-0.86627,-0.86626,9.99999999995449e-06,-0.00046345,0.00042132,9.625632256991188e-05,-0.18959,0.18959,0.043688816006581255,-17.085,-12.285,14.382524390243905,14.397360998161506,9.991702948309035e-07,9.242648907550546e-05,0.04337454885391321,0.2522100228399316,0.768333640200309,0.3811379048580527,0.12083693656941155,0.9225449215159126
2300,3,training_healthy,0.0018726591760299,2,246,-0.47268,-0.03277,0.43990999999999997,-4.2132e-05,3.6305,1.1401705393719004,-44.175,48.062,16.75802059683217,-168.0,359.02,87.92963483739838,117.1959823541552,7.063557095947172e-06,0.0008415984185885118,0.4489478697314958,1.3764073301179236,0.9999999990888752,0.9999996717913812,0.9996429016433445,0.9998996538581582
2300,3,training_healthy,0.0018726591760299,3,246,2.0999,2.2507,0.15080000000000027,-1.5034,0.01285,0.42379226861643704,-28.107,22.135,7.579401434923843,-487.4,164.23,181.5830825203252,201.71005960086802,2.161971368958128e-05,0.0017771581250461627,1.24507835781289,3.3403949447482337,0.9999999374182293,0.9999895197188831,0.9864227485066432,0.9995651695464438
2300,3,training_healthy,0.0018726591760299,4,246,3.1416,3.1416,0.0,-6.3198e-05,6.3198e-05,1.9739738807672252e-05,-0.035549,0.035549,0.012821201204458312,0.15284,0.50945,0.3226548373983741,0.3322667275160539,1.3322676295501878e-14,1.9739738807672252e-05,0.012821201204458312,0.03495225627568578,-1.0,,,0.8977722256972213
2300,3,training_healthy,0.0018726591760299,5,246,0.41865,1.0089,0.5902499999999999,-8.4264e-05,4.8003,1.5205332114768721,-65.718,60.504,22.050741493968918,-8.1767,14.863,4.043786504065041,5.038476109517123,1.6791297693099378e-05,0.0017618479000638498,1.2755133168545174,0.47179850274853147,0.999999997232288,0.9999991734753905,0.9983272826163667,0.9932094534427099
2300,3,training_healthy,0.0018726591760299,6,246,0.90365,0.91546,0.011810000000000098,-6.7411e-05,0.096263,0.03040391513492491,-1.7443,1.6305,0.47483672753534517,-0.92632,-0.10526,0.40624735772357723,0.4576343285487445,2.202664688897544e-06,0.0002325611427546989,0.18103837939085862,0.01858907851368337,0.9999998810958167,0.9999636022237981,0.9244678879301124,0.996100371341999
2300,4,training_healthy,0.0024968789013732,1,244,-0.69189,-0.69188,9.99999999995449e-06,-0.00050558,0.00067411,0.00012421887838606418,-0.26069,0.28439,0.04800160436090977,-15.946,-11.308,13.530229508196722,13.5447294416515,1.28140151295564e-06,0.00010943759499634647,0.047388959433452185,0.33703278027415823,0.7688139769608853,0.5154117205819517,0.16012723680128488,0.8432722975909086
2300,4,training_healthy,0.0024968789013732,2,244,-0.61682,-0.25135,0.36547,-4.2132e-05,3.1221,0.9660494337139032,-39.459,42.588,14.709209640534162,-173.78,398.03,104.3897430327869,131.5986144215334,8.188424502584578e-06,0.0010993806129462875,0.46585462688945206,1.5347382386663462,0.9999999982280234,0.9999992087825302,0.999500665776285,0.9998852699109333
2300,4,training_healthy,0.0024968789013732,3,244,1.8506,1.9882,0.13759999999999994,-1.4329,0.011249,0.3950682853021201,-26.211,22.111,7.404607003522882,-559.74,243.7,193.2249860655738,216.60726537546728,2.2742050195166142e-05,0.0018703441468215446,1.1367710573273209,4.280674099044977,0.9999999163693889,0.999986715720689,0.988156075729306,0.9994773884002456
2300,4,training_healthy,0.0024968789013732,4,244,3.1416,3.1416,0.0,-9.4797e-05,9.4797e-05,2.1787501014926195e-05,-0.035549,0.053323,0.010914145864840566,0.15284,0.45851,0.2645417213114754,0.27320458664662656,8.881784197001252e-15,2.1787501014926195e-05,0.010914145864840566,0.0341861608645855,,,,0.8655603133103725
2300,4,training_healthy,0.0024968789013732,5,244,0.53699,1.0396,0.5026100000000001,-8.4264e-05,4.2537,1.3223859136585938,-56.902,56.949,19.91081425686016,-9.4376,15.054,4.092112368852458,4.9534782800302715,1.7477864184805525e-05,0.002092487261224878,1.1914050525088689,0.5508608319412416,0.999999995876034,0.9999984633767075,0.9982102270481851,0.9899960748476588
2300,4,training_healthy,0.0024968789013732,6,244,0.31319,0.32324,0.010050000000000003,0.0,0.084264,0.026437800964169283,-1.2892,1.2513,0.40668930653163277,-1.8526,-1.2,1.3898643442622949,1.4041906551257997,1.7851536261192118e-06,0.00018794469745732936,0.08946133701325136,0.012774190191237648,0.9999998924411945,0.9999687312279201,0.975509127036489,0.9979601066189657
2300,398,intermediate_unlabelled,0.2484394506866417,1,243,-0.75948,-0.75947,1.0000000000065512e-05,-0.00029492,0.00029492,5.6822465472907396e-05,-0.1185,0.1422,0.029244165743845352,-12.488,-9.0305,11.19374279835391,11.227095454175156,7.410514473282191e-07,5.6642443732612446e-05,0.029174370268896847,0.21953978391350568,0.5791784977410351,0.2690862285229122,0.07353730549899593,0.9672440903479043
2300,398,intermediate_unlabelled,0.2484394506866417,2,243,-0.63945,-0.28369,0.35575999999999997,-4.2132e-05,3.0486,0.943817927498141,-38.654,42.564,14.421586549891256,-174.51,402.83,108.02466621399178,135.19222518659973,8.252088895701286e-06,0.0011594122782116274,0.49215135230824264,1.4984139300732144,0.9999999981055884,0.9999990759227652,0.9994199405424257,0.999892118636811
2300,398,intermediate_unlabelled,0.2484394506866417,3,243,1.8099,1.9463,0.13639999999999985,-1.4247,0.012092,0.39306647642568204,-25.832,21.661,7.385013878537283,-558.19,253.48,194.47577119341562,217.76762981124455,2.0763768461800525e-05,0.0019298172334855622,1.1692227334125993,3.9507305103889796,0.999999929211377,0.9999856499739722,0.9873970116143231,0.9995649978901711
2300,398,intermediate_unlabelled,0.2484394506866417,4,243,3.1416,3.1416,0.0,-9.4797e-05,0.0001264,2.0870132644148722e-05,-0.035549,0.071098,0.009539742319509147,0.050945,0.96796,0.47821512345679007,0.537596567968837,8.881784197001252e-15,2.0870132644148722e-05,0.009539742319509147,0.03284191885151084,-1.0,,,0.991021622471257
2300,398,intermediate_unlabelled,0.2484394506866417,5,243,0.55622,1.048,0.49178,-8.4264e-05,4.1758,1.2987104282488622,-58.94,55.48,19.631923104538796,-9.514,12.915,3.859272510288066,4.648620465114691,1.7048353391233516e-05,0.0023114664042092952,1.2440106354764366,0.5041099747115665,0.9999999959131265,0.9999980471797723,0.9979924907211558,0.9907582194491953
2300,398,intermediate_unlabelled,0.2484394506866417,6,243,-2.2411,-2.2312,0.00990000000000002,-6.7411e-05,0.083118,0.02596159492330641,-1.2892,1.2892,0.40053983618938244,-1.9158,-1.5789,1.7584629629629631,1.7598672273268032,1.574974133508754e-05,0.0006937819456862318,0.1105115007211068,0.012356250942448016,0.999991354240271,0.9995630605102996,0.9614589276462204,0.9844705236948117
2300,399,intermediate_unlabelled,0.249063670411985,1,243,-0.86943,-0.86943,0.0,-0.00029492,0.00033706,8.233519223962377e-05,-0.071098,0.071098,0.027365632960131617,-14.766,-11.919,13.680358024691355,13.685325943094094,2.55351295663786e-15,8.233519223962377e-05,0.027365632960131617,0.20845124079444027,-1.0,,,0.8253038334360836
2300,399,intermediate_unlabelled,0.249063670411985,2,243,-0.97135,-0.72251,0.24884000000000006,-8.4264e-05,1.9914,0.6353780280468212,-23.794,26.472,9.083204643903114,-117.52,405.88,132.89461847736627,154.1938821589772,6.885854308571192e-06,0.0010340058611158455,0.3912554005697052,1.9521018621479849,0.9999999973940273,0.9999983413232794,0.9990737914964294,0.9997825073643983
2300,399,intermediate_unlabelled,0.249063670411985,3,243,1.1713,1.3212,0.14989999999999992,-1.4113,0.010449,0.4086482616418274,-23.083,17.94,6.91169779182697,-623.84,210.79,209.17084226337445,237.3630813245804,2.3431161384857853e-05,0.0019394326612447485,0.7773275816380802,4.50955354907791,0.9999999275074815,0.9999863294257838,0.9936621112703353,0.9994896506614089
2300,399,intermediate_unlabelled,0.249063670411985,4,243,3.1416,3.1416,0.0,-6.3198e-05,9.4797e-05,1.9230538994006383e-05,-0.035549,0.035549,0.009263160517759465,-0.25473,0.15284,0.08344191358024691,0.09934415121359583,8.881784197001252e-15,1.9230538994006383e-05,0.009263160517759465,0.03760472565113915,-1.0,,,0.8867881843100892
2300,399,intermediate_unlabelled,0.249063670411985,5,243,0.84938,1.2477,0.39832,-0.0014325,3.1477,1.010591464062488,-38.511,40.597,14.235001964289093,-6.6484,12.38,3.4674319753086422,4.128858062260386,1.8687536431541025e-05,0.0018002556957635786,1.1617785553324271,0.44438171395243925,0.9999999928490643,0.9999980067052506,0.9966657862961017,0.989987797735285
2300,399,intermediate_unlabelled,0.249063670411985,6,243,-1.8625,-1.8545,0.008000000000000007,-0.00013482,0.062355,0.020194985347598445,-0.94797,0.83421,0.2930526499501314,-2.4737,-1.5579,1.8371164609053499,1.862059881890176,1.5037121600861364e-05,0.000724733878408841,0.09205400561025774,0.012075925453012554,0.9999884853361649,0.9991909432363547,0.9500469383720863,0.9992094905959917
2300,400,intermediate_unlabelled,0.2496878901373283,1,243,-0.99151,-0.99151,0.0,-0.00037919,0.00033706,8.955997766758838e-05,-0.1422,0.1185,0.03196298010172924,-7.6881,-5.7763,7.021063374485597,7.030576421146437,3.154013924824016e-15,8.955997766916035e-05,0.031962980101916866,0.13272680924090852,-0.2059544239057789,-0.018595766741269306,-0.013522733584747103,0.9318228529727968
2300,400,intermediate_unlabelled,0.2496878901373283,2,243,-1.0589,-0.83418,0.22471999999999992,-4.2132e-05,1.7546,0.5667378798103443,-20.571,23.841,7.926089924981492,-94.292,396.49,135.84772304526751,156.28088874304999,1.1866386862869946e-05,0.001113335781170351,0.35407251274849394,1.6513927939179371,0.9999999905722416,0.9999975783604251,0.9990032627426304,0.999830524480411
2300,400,intermediate_unlabelled,0.2496878901373283,3,243,0.98746,1.1542,0.1667399999999999,-1.4996,0.010533,0.4454892838724515,-25.737,17.94,7.232088608091287,-630.52,179.9,209.20903814814818,239.33334366398933,1.8826115052340375e-05,0.0018084244236976196,0.8925127620244724,4.225015992177308,0.9999999625783117,0.9999898729986998,0.9923603824723094,0.9995439073724306
2300,400,intermediate_unlabelled,0.2496878901373283,4,243,3.1416,3.1416,0.0,-9.4797e-05,9.4797e-05,2.3465110369795124e-05,-0.035549,0.035549,0.013394490106839537,-0.76418,-0.35662,0.5622853497942386,0.5713738221928292,8.881784197001252e-15,2.3465110369795124e-05,0.013394490106839537,0.03538477125815973,-1.0,,,0.9372738480222492
2300,400,intermediate_unlabelled,0.2496878901373283,5,243,0.92872,1.3199,0.3911800000000001,-4.2132e-05,3.0038,0.9767861063956531,-34.008,37.255,13.338266664491357,-5.5785,13.297,3.486134938271605,4.085230007707783,1.894316872334808e-05,0.0017321069205440084,0.8669204976568731,0.48782941751486714,0.9999999924864533,0.9999980125882627,0.9978870344131111,0.9871494949402867
2300,400,intermediate_unlabelled,0.2496878901373283,6,243,-2.3161,-2.3082,0.00790000000000024,-6.7411e-05,0.060266,0.019523945210695295,-0.87213,0.91005,0.28008570570087066,-2.8526,-1.8632,2.166211522633745,2.188991250304456,1.5604749825708734e-05,0.0008435908276697248,0.10964276829515296,0.015184356934345167,0.9999873274914027,0.9988234778508589,0.9219008139564789,0.9988373641395221
2300,401,intermediate_unlabelled,0.2503121098626716,1,244,-0.83968,-0.83967,9.99999999995449e-06,-0.00042132,0.00033706,8.929481829816129e-05,-0.16589,0.1185,0.032255938091710026,-12.488,-9.0305,11.306047131147542,11.33194823539682,8.127328929196917e-07,7.659958973429015e-05,0.03182266387588538,0.19994514030563032,0.7750353252068736,0.5242349521633927,0.16335354234764363,0.9653475355491897
2300,401,intermediate_unlabelled,0.2503121098626716,2,244,-0.76536,-0.45638,0.30898000000000003,-4.2132e-05,2.6406,0.8156833275250261,-33.843,36.355,12.42453269466352,-171.46,420.85,119.19906844262294,144.16331908947453,8.293899896978161e-06,0.0011749837086532527,0.42340015400477105,1.9638698206051195,0.9999999974832241,0.999998726575594,0.999421644345999,0.9998145710004491
2300,401,intermediate_unlabelled,0.2503121098626716,3,244,1.5765,1.7111,0.13460000000000005,-1.4041,0.011081,0.3861588226941702,-25.69,22.017,7.238251832798726,-593.73,276.92,203.14988278688526,228.8709135810428,2.1819824828070722e-05,0.0016312533833295413,0.9805520668209066,4.151015294022772,0.9999999202705508,0.9999894158089103,0.9907913057935588,0.9995788477128386
2300,401,intermediate_unlabelled,0.2503121098626716,4,244,3.1416,3.1416,0.0,-0.0001264,0.00022119,2.9174925979579352e-05,-0.12442,0.053323,0.015266263688142613,-0.66229,0.40756,0.358915,0.39985640148483514,8.881784197001252e-15,2.9174925979579352e-05,0.015266263688142613,0.03948711031341117,,,,0.9930776301220605
2300,401,intermediate_unlabelled,0.2503121098626716,5,244,0.66545,1.1087,0.44325000000000003,-0.0021487,3.7574,1.1652311242862585,-51.214,51.167,17.56299355961333,-9.3994,12.227,3.6069851967213107,4.395295047446099,1.870284785129118e-05,0.0022973897025100757,0.985060841732142,0.5017051181419749,0.9999999940122415,0.9999976010759041,0.9984282439214676,0.9901448182573164
2300,401,intermediate_unlabelled,0.2503121098626716,6,244,3.0015,3.0104,0.00890000000000013,-0.00013482,0.074894,0.02330433126835028,-1.1376,1.3272,0.36397063222773085,1.5579,2.1158,1.8802323770491804,1.8843762423751442,1.5249862351189552e-05,0.0006494015676501563,0.11250996392970115,0.012402426042364125,0.9999901217657629,0.99952166992674,0.9511563909472291,0.9950630140448242
2300,402,intermediate_unlabelled,0.250936329588015,1,244,-0.78249,-0.78249,0.0,-0.00037919,0.00033706,6.546015282209326e-05,-0.094797,0.1422,0.027351647968602563,-13.424,-9.8034,11.8786381147541,11.910599498887947,8.684798854700781e-16,6.546015282415273e-05,0.027351647968750743,0.28083663124908154,0.11317803425107126,-0.04728504708997138,-0.02368905433523614,0.9467222345035586
2300,402,intermediate_unlabelled,0.250936329588015,2,244,-0.75363,-0.44074,0.31289,-4.2132e-05,2.6841,0.8276934464709133,-34.838,37.113,12.652890813031766,-171.46,412.6,119.26185983606555,144.19342192885694,7.691836004367093e-06,0.0010404812018471276,0.43018556334036817,1.4098360607240987,0.9999999978860397,0.999999033531497,0.9994242869763448,0.9999049437462062
2300,402,intermediate_unlabelled,0.250936329588015,3,244,1.5987,1.7332,0.13450000000000006,-1.411,0.011376,0.3869773984114222,-25.169,21.543,7.272645034005868,-621.98,275.06,201.24310122950823,227.6463729614825,2.1187582102652896e-05,0.0018192146935818649,0.8207110143015117,4.452185209624327,0.9999999245568673,0.9999868665143785,0.9936244765440283,0.9995221085315568
2300,402,intermediate_unlabelled,0.250936329588015,4,244,3.1416,3.1416,0.0,-9.4797e-05,0.0001264,2.7140454843851596e-05,-0.053323,0.035549,0.011604098224087141,-0.66229,0.5604,0.3710247745901639,0.40445865993423746,8.881784197001252e-15,2.7140454843851596e-05,0.011604098224087141,0.03547308795551023,,,,0.9958505778978128
2300,402,intermediate_unlabelled,0.250936329588015,5,244,0.65515,1.1022,0.44705000000000006,-0.0014746,3.8047,1.1775508836208886,-51.475,50.74,17.82172874643347,-8.8645,12.571,3.967474057377049,4.632627111320995,1.8554748498172316e-05,0.0018852199917471254,1.1292640226447666,0.48604881883206313,0.9999999941949969,0.9999984261806134,0.9979926796208971,0.9908325848827786
2300,402,intermediate_unlabelled,0.250936329588015,6,244,-1.6579,-1.6489,0.008999999999999897,-0.00013482,0.075838,0.023547975866235894,-1.2513,1.1376,0.3641409271668911,-1.7474,-1.2526,1.514927049180328,1.5172648266470585,1.610916964740161e-05,0.0008343914630838683,0.10747746555029444,0.012034719408897636,0.9999891782486084,0.9992286871083433,0.9558942845264541,0.9897452911411443
2300,799,intermediate_unlabelled,0.4987515605493133,1,245,-1.126,-1.126,0.0,-0.00080051,0.00080051,0.0001654035241767039,-0.28439,0.35549,0.05903009890483232,-10.169,-6.3458,8.840886122448978,8.883881524407801,4.440892098500626e-16,0.0001654035241767039,0.05903009890483232,0.24657632428089143,,,,0.9593670436725169
2300,799,intermediate_unlabelled,0.4987515605493133,2,245,-0.7745,-0.46854,0.30595999999999995,-4.2132e-05,2.608,0.8048760325553082,-33.558,35.691,12.228542870924933,-169.34,426.43,122.92439346938778,146.74270184009916,7.658319018664257e-06,0.001100205139532855,0.4166058423752779,1.9840253376022237,0.9999999978427979,0.9999988542826376,0.9994218532847371,0.9998100749037532
2300,799,intermediate_unlabelled,0.4987515605493133,3,245,1.5591,1.6939,0.13480000000000003,-1.3996,0.010491,0.384910976945,-25.5,20.95,7.17571414730262,-604.29,275.83,200.39201020408169,226.48453007459742,2.2624377046699847e-05,0.001880636664036697,0.9221252339690118,3.291927975724765,0.9999999153796628,0.999985816737343,0.9917161602204945,0.9997368139034681
2300,799,intermediate_unlabelled,0.4987515605493133,4,245,3.1416,3.1416,0.0,-0.00018959,0.00028439,4.102669070788937e-05,-0.10665,0.088872,0.017333651337611403,0.10189,1.1717,0.5728780816326531,0.6644652779881254,1.1157991079327189e-14,4.102669065664056e-05,0.017333651334559688,0.03562303639745965,-0.111287174386252,0.16105378266390158,0.07820265452482514,0.9943858646499291
2300,799,intermediate_unlabelled,0.4987515605493133,5,245,0.6735,1.1139,0.4403999999999999,-0.0016853,3.7208,1.1534616801936228,-48.726,49.934,17.331967765085658,-8.7116,13.067,3.9314702857142856,4.700563262755055,1.9800451637635114e-05,0.0019292485042314267,0.9737446979850563,0.4481041270501072,0.9999999932915675,0.9999982776121893,0.9984229038621545,0.9928490337092517
2300,799,intermediate_unlabelled,0.4987515605493133,6,245,-0.014275,-0.0054653,0.0088097,-0.00013482,0.073815,0.023071728186713797,-1.2134,1.2134,0.3547512182749126,-1.6211,-1.1263,1.4384595918367347,1.4412292580025043,7.19289805835816e-07,0.0001354760524131904,0.08019528749283146,0.010945616400936787,0.9999999778843632,0.9999786702003163,0.9741163202495323,0.9924724829592948
2300,800,intermediate_unlabelled,0.4993757802746567,1,244,-0.91145,-0.91144,9.99999999995449e-06,-0.00050558,0.00046345,0.00010142414194030862,-0.18959,0.18959,0.040879943221875575,-9.2339,-5.5729,7.727961475409835,7.752747009074997,1.1653321611371666e-06,9.82809414541295e-05,0.04060483995547772,0.19982110000280623,0.8553299175861598,0.4545331929266458,0.12287757522399438,0.9465661427676828
2300,800,intermediate_unlabelled,0.4993757802746567,2,244,-0.61595,-0.2501,0.36585,-4.2132e-05,3.125,0.967050138533934,-39.696,42.588,14.725719393480635,-174.14,398.03,104.15696311475409,131.57476978703988,8.081423299531282e-06,0.0011294139420613034,0.5207359395063418,1.6196493217994226,0.9999999982777623,0.9999991667333664,0.9993768470665431,0.9998720255857237
2300,800,intermediate_unlabelled,0.4993757802746567,3,244,1.8522,1.9898,0.13759999999999994,-1.4246,0.011755,0.3946959997603654,-27.396,20.855,7.329869838889434,-548.1,251.93,191.23909057377045,213.7617500747036,2.0934729266307037e-05,0.0017089776632229082,0.8793570122739887,4.218902207833129,0.9999999291275001,0.9999888421616163,0.9927881765326779,0.9994823464588617
2300,800,intermediate_unlabelled,0.4993757802746567,4,244,3.1416,3.1416,0.0,-9.4797e-05,9.4797e-05,2.197452162126872e-05,-0.035549,0.053323,0.01079485158498269,-0.25473,0.40756,0.1814419057377049,0.20794223924245894,8.881784197001252e-15,2.197452162126872e-05,0.01079485158498269,0.03269799913379212,,,,0.9864252286204089
2300,800,intermediate_unlabelled,0.4993757802746567,5,244,0.53625,1.0393,0.5030499999999999,-4.2132e-05,4.2597,1.323454019506115,-56.855,56.665,19.919163607212766,-9.514,14.519,4.0683078278688525,4.809214379337421,1.932390617268079e-05,0.002371623690254641,1.0539035294984769,0.5066890152966173,0.999999994967059,0.9999980216742046,0.9986015175648344,0.9908359022050616
2300,800,intermediate_unlabelled,0.4993757802746567,6,244,-1.13,-1.1199,0.010099999999999998,-6.7411e-05,0.084399,0.026440726543803285,-1.4788,1.2892,0.4048382376844192,-2.3158,-1.5579,1.7811811475409838,1.7973796111215377,1.5057047092480486e-05,0.0006574173832794349,0.10318417524583567,0.014411013753257384,0.9999923924993444,0.9996191962744683,0.9670848280205953,0.9982073858857288
2300,801,intermediate_unlabelled,0.5,1,243,-1.0744,-1.0744,0.0,-0.00054772,0.00054772,9.229093856728097e-05,-0.23699,0.26069,0.044324271614133236,-5.0034,-1.139,3.6695489711934153,3.8035546819522428,4.884981308350689e-15,9.229093856728097e-05,0.044324271614133236,0.18182151858970266,,,,0.983356859674448
2300,801,intermediate_unlabelled,0.5,2,243,-0.67879,-0.33886,0.33993,-4.2132e-05,2.9268,0.9036909260910201,-37.848,40.858,13.879325123625119,-175.28,415.89,112.00102757201644,138.5199827443482,8.716742522058488e-06,0.0011831953267233157,0.502628508043162,1.7581161390809803,0.9999999976838969,0.9999989508049396,0.9993465421174685,0.9998539222851105
2300,801,intermediate_unlabelled,0.5,3,243,1.7381,1.8732,0.1351,-1.4167,0.011502,0.39022228337629866,-27.515,21.827,7.383674257347297,-583.18,271.02,196.1015617283951,220.493897307851,2.0967772019227017e-05,0.0018241453352268453,1.1587957749111195,4.106649524285296,0.9999999263485286,0.9999870195771441,0.9876198827481705,0.9995622643891304
2300,801,intermediate_unlabelled,0.5,4,243,3.1416,3.1416,0.0,-9.4797e-05,9.4797e-05,2.627391816992662e-05,-0.017774,0.053323,0.01045022072620179,0.20378,0.96796,0.5511737448559672,0.5925977946998516,8.881784197001252e-15,2.627391816992662e-05,0.01045022072620179,0.035552771485342666,-1.0,,,0.9865722396930072
2300,801,intermediate_unlabelled,0.5,5,243,0.58998,1.0646,0.47462000000000004,-0.0011797,4.0584,1.2560529413403374,-55.717,54.982,19.076878229742785,-9.0937,12.915,3.511603,4.438012030779032,2.1297842458064907e-05,0.002767102862517147,1.1770416978534655,0.5783458013585834,0.9999999931555634,0.9999970074099431,0.9980970122170616,0.9879819511886735
2300,801,intermediate_unlabelled,0.5,6,243,2.0424,2.0519,0.00949999999999962,-0.00013482,0.080624,0.025127724563797693,-1.2134,1.2134,0.39366361143610634,1.5263,2.3684,2.0452156378600823,2.055201727144871,1.5048819364101864e-05,0.0005870252052436977,0.11708038626076189,0.01774166086660465,0.9999914859041316,0.9996634188782737,0.9550278040217959,0.9961491624208654
2300,802,intermediate_unlabelled,0.5006242197253433,1,244,-0.74346,-0.74345,9.99999999995449e-06,-0.00058985,0.00042132,9.739979193349709e-05,-0.18959,0.21329,0.03967959257660141,-9.2339,-5.3695,7.987035245901638,8.019024643861151,1.5176903550647046e-06,0.0001419919793111957,0.040711639924690304,0.20838404170571612,0.8730937995931606,0.4101505287727841,0.09406988700560316,0.9566887696763792
2300,802,intermediate_unlabelled,0.5006242197253433,2,244,-0.7232,-0.39976,0.32343999999999995,-4.2132e-05,2.7869,0.8580782166872201,-36.118,38.701,13.186787987716341,-182.4,416.62,116.84108606557376,142.21560786124078,8.338937826680413e-06,0.0010838357480335724,0.467128028272831,1.8097975511995426,0.9999999976642743,0.999999024052487,0.9993749363857083,0.9998465307419018
2300,802,intermediate_unlabelled,0.5006242197253433,3,244,1.6558,1.7902,0.13440000000000007,-1.4204,0.010954,0.38822110841657054,-28.25,21.946,7.352344900619742,-580.54,283.59,198.8377586065574,223.6211279502348,2.2352855044994923e-05,0.0020071528020263124,0.8960687898743099,5.1264783990058795,0.9999999156914097,0.9999841625314579,0.9925565442240964,0.9993475766745035
2300,802,intermediate_unlabelled,0.5006242197253433,4,244,3.1416,3.1416,0.0,-6.3198e-05,0.0001264,2.2707297168820308e-05,-0.053323,0.071098,0.011934180517616163,-0.050945,1.0189,0.4167493032786885,0.5386208752277872,8.881784197001252e-15,2.2707297168820308e-05,0.011934180517616163,0.03336923026838066,,,,0.9954500611496534
2300,802,intermediate_unlabelled,0.5006242197253433,5,244,0.62851,1.086,0.45749000000000006,-0.0018538,3.9152,1.208651679881531,-52.636,52.447,18.381337905305813,-8.9409,12.571,3.979210532786885,4.673409871849417,2.052271703279473e-05,0.002608225774328589,1.0095438822266132,0.4872991656708939,0.9999999931842295,0.9999971365674867,0.9984928310296808,0.9909919612914188
2300,802,intermediate_unlabelled,0.5006242197253433,6,244,-1.0614,-1.0522,0.009199999999999875,-0.00013482,0.077725,0.024145836195169853,-1.2513,1.1755,0.3786884642862352,-2.1474,-1.3474,1.5893377049180328,1.6091478357488112,1.4843971097987329e-05,0.0006754213893228667,0.11075599654917562,0.017937823583144445,0.999991155961084,0.9995202475729832,0.95634235689411,0.9974580382065831
2300,803,intermediate_unlabelled,0.5012484394506866,1,244,-1.0306,-1.0306,0.0,-0.00050558,0.00058985,0.00011576115121613661,-0.1422,0.094797,0.04177115925604965,-15.539,-11.512,13.514868852459019,13.526831580172818,2.6645352591003757e-15,0.00011576115121613661,0.04177115925604965,0.24335908264605627,,,,0.905127050931867
2300,803,intermediate_unlabelled,0.5012484394506866,2,244,-0.80905,-0.51405,0.29500000000000004,-4.2132e-05,2.4845,0.7728982669223303,-32.16,32.918,11.616830510248594,-159.38,425.49,125.39027868852459,148.47694857702936,7.897647329618749e-06,0.0011498405321086868,0.4329761125098506,1.8855006828185725,0.9999999975111522,0.999998635734759,0.9993075024958873,0.9998238260279758
2300,803,intermediate_unlabelled,0.5012484394506866,3,244,1.4931,1.6288,0.13569999999999993,-1.3872,0.010659,0.385128686902847,-25.785,20.879,7.067852457434647,-598.08,275.37,203.84347991803278,229.85648493465325,2.232749568122051e-05,0.0020274863155124354,0.9006292108720377,5.022102813091241,0.9999999182498175,0.9999834496366632,0.9918542506872714,0.9993880003603614
2300,803,intermediate_unlabelled,0.5012484394506866,4,244,3.1416,3.1416,0.0,-0.0001264,0.000158,3.1469595693082325e-05,-0.071098,0.071098,0.014482877551513411,-0.66229,0.15284,0.34262885245901636,0.41175642987504474,8.881784197001252e-15,3.1469595693082325e-05,0.014482877551513411,0.03944584516169669,,,,0.989153124669287
2300,803,intermediate_unlabelled,0.5012484394506866,5,244,0.70403,1.1344,0.43037000000000003,-0.0021066,3.595,1.1227409927198257,-48.726,48.228,16.69838933693686,-8.4442,12.533,3.7530939262295084,4.432862822182842,2.403818640895165e-05,0.0026169980344379917,1.1620877568937416,0.49860167399110417,0.9999999895813677,0.999996635863791,0.9975777291169654,0.9899388207853933
2300,803,intermediate_unlabelled,0.5012484394506866,6,244,2.1544,2.163,0.008599999999999941,-0.00013482,0.071254,0.02244919994368593,-1.2134,1.0996,0.343008283470808,1.5263,2.1474,1.9184729508196723,1.924754503656054,1.5561593507083014e-05,0.0005069194876413059,0.09509300095099588,0.0148436444373938,0.9999890520250905,0.9996832097016215,0.9608335218413341,0.995426930917499
2300,1200,intermediate_unlabelled,0.7490636704119851,1,243,-1.0132,-1.0132,0.0,-0.00042132,0.00067411,0.00011364522996809878,-0.28439,0.23699,0.05033111776494872,-11.919,-7.6881,10.350022222222222,10.395231044837606,2.3785201668742994e-15,0.00011364522995294728,0.05033111776399547,0.21357361885527085,-0.014466885522339042,0.11221393215307163,0.04244492797206996,0.9753982322600239
2300,1200,intermediate_unlabelled,0.7490636704119851,2,243,-0.66195,-0.31541,0.34654,-4.2132e-05,2.981,0.9205616404990269,-38.108,41.142,14.109740821501775,-178.58,410.48,111.39257613168725,137.84786780879503,7.401784914349718e-06,0.0010155536412998587,0.4778633412270537,1.5835545113870728,0.9999999983938854,0.9999992563035436,0.9994287688177078,0.999880975080888
2300,1200,intermediate_unlabelled,0.7490636704119851,3,243,1.769,1.9045,0.13550000000000018,-1.4185,0.011671,0.3910651031704952,-27.539,21.827,7.359171687405066,-557.41,263.57,193.56256213991767,216.95208628760565,2.0407920529950873e-05,0.0017151671027747406,1.0506111115531038,4.22344696053375,0.999999930685103,0.9999885772040069,0.9897682172495742,0.9995225259950024
2300,1200,intermediate_unlabelled,0.7490636704119851,4,243,3.1416,3.1416,0.0,-0.000158,0.0001264,2.888172732671101e-05,-0.053323,0.071098,0.014910363763768517,0.30567,0.66229,0.5023255144032922,0.5063834331726992,8.881784197001252e-15,2.888172732671101e-05,0.014910363763768517,0.032623518711259625,-1.0,,,0.8604063671050838
2300,1200,intermediate_unlabelled,0.7490636704119851,5,243,0.57549,1.0572,0.48170999999999997,-0.00096904,4.1035,1.2738452547837438,-59.841,56.949,19.323920582084586,-9.4758,12.456,3.567745925925926,4.373686431174451,2.165842919797717e-05,0.0027342614127605957,1.3234125246889545,0.5103310370529677,0.9999999931266329,0.9999971589579992,0.997654438622572,0.9902779282639318
2300,1200,intermediate_unlabelled,0.7490636704119851,6,243,-2.9519,-2.9423,0.009600000000000275,-6.7411e-05,0.0815,0.025455476574376735,-1.2513,1.2513,0.3919389770423085,-1.7579,-1.2632,1.470601646090535,1.4755716276177353,1.543119832547146e-05,0.0005550380873642128,0.09793927955505295,0.013575934052336555,0.9999912457509894,0.9997107221852986,0.9685851943477466,0.9936870871450185
2300,1201,intermediate_unlabelled,0.7496878901373284,1,243,-0.64746,-0.64746,0.0,-0.00054772,0.00071624,0.0001132588586326272,-0.30809,0.30809,0.046908370202091446,-4.0271,0.0,2.5513171604938276,2.7583481539634667,3.3306690738754696e-16,0.0001132588586326272,0.046908370202091446,0.2136651940780508,1.0,,,0.9790224534704126
2300,1201,intermediate_unlabelled,0.7496878901373284,2,243,-0.6641,-0.31841,0.34569,-4.2132e-05,2.9743,0.918387197748773,-38.345,41.308,14.07940998283119,-181.06,404.75,113.07145884773662,138.83615312378973,7.541838264534497e-06,0.0010098175772802608,0.454544726694795,1.4861060138417115,0.9999999983241304,0.9999992623753283,0.9994811038991571,0.9998950249212036
2300,1201,intermediate_unlabelled,0.7496878901373284,3,243,1.765,1.9005,0.13550000000000018,-1.4193,0.011334,0.39105334432683536,-27.23,22.064,7.3685736736904195,-568.43,268.38,193.8294794238683,217.45486987408617,2.0962114007117013e-05,0.0018355218815234676,1.0326705916732188,3.631903676143435,0.9999999268806317,0.9999869880996282,0.9901439031564991,0.9996527068208902
2300,1201,intermediate_unlabelled,0.7496878901373284,4,243,3.1416,3.1416,0.0,-0.000158,0.000158,3.3061267088387764e-05,-0.053323,0.071098,0.01319898811918438,0.15284,0.5604,0.42223905349794244,0.4283147385582886,8.881784197001252e-15,3.3061267088387764e-05,0.01319898811918438,0.030113669486798063,-1.0,,,0.9080797313739873
2300,1201,intermediate_unlabelled,0.7496878901373284,5,243,0.57733,1.0581,0.48077000000000003,-0.0021909,4.0974,1.2714920872411986,-58.845,57.589,19.29528154638551,-9.2466,12.303,3.7183661687242795,4.537660106370057,1.8738499323139916e-05,0.0024030562567795375,1.4065701399647481,0.4443485291594201,0.999999994835606,0.999997800589349,0.9973417516915054,0.9929945809909834
2300,1201,intermediate_unlabelled,0.7496878901373284,6,243,0.74403,0.75365,0.009620000000000073,-0.00013482,0.081096,0.025394953297931896,-1.3651,1.2892,0.3969948402100451,-1.7789,-0.91579,1.1798147736625515,1.2112501002657656,2.1114995790871375e-06,0.0001704184683085399,0.10482965626390701,0.013307420933504292,0.9999998361170439,0.9999721483441156,0.9645085432971547,0.9988213060847629
2300,1202,intermediate_unlabelled,0.7503121098626716,1,244,-0.63753,-0.63752,1.0000000000065512e-05,-0.00088477,0.00084264,0.0001608188224889155,-0.33179,0.42659,0.07121124497272587,-5.0034,-1.9119,3.939917622950819,4.014407797775939,1.7258068003580196e-06,0.00016018189841218922,0.07104782196911412,0.17741375309473284,0.7796597166513852,0.3557791769757562,0.08785752288881182,0.9730841370589126
2300,1202,intermediate_unlabelled,0.7503121098626716,2,244,-0.74152,-0.4245,0.31701999999999997,-4.2132e-05,2.7299,0.8404040434841773,-35.193,37.018,12.898863868511318,-182.77,412.43,119.15802049180328,144.037966441244,7.78329301271517e-06,0.0010776785852688493,0.46088044780263815,1.7308093919680374,0.9999999978880274,0.9999989947173076,0.9993639348397743,0.9998596459547016
2300,1202,intermediate_unlabelled,0.7503121098626716,3,244,1.6215,1.7559,0.13440000000000007,-1.4136,0.010828,0.3876018406677865,-25.737,23.012,7.311563621430557,-585.97,303.62,198.59183647540985,223.5563986602659,1.9897135677181044e-05,0.001858813805052979,0.8387054640677454,4.0971514676339655,0.9999999332813997,0.9999863303586526,0.9934070213419163,0.9995939575638352
2300,1202,intermediate_unlabelled,0.7503121098626716,4,244,3.1416,3.1416,0.0,-0.0001264,0.00022119,3.891169104565859e-05,-0.071098,0.071098,0.013936131803167115,0.30567,1.0189,0.61364,0.6554186613181672,8.881784197001252e-15,3.891169104565859e-05,0.013936131803167115,0.03194889546915651,,,,0.9903288424405471
2300,1202,intermediate_unlabelled,0.7503121098626716,5,244,0.64453,1.0956,0.45106999999999986,-0.0021066,3.855,1.1906795105977208,-51.57,51.593,18.086985942002716,-9.2848,13.602,3.6361084385245896,4.3916416588609035,1.984209939640672e-05,0.002141342394581861,1.1004644802702301,0.5170116996277224,0.9999999934670155,0.9999980076715265,0.9981499789667292,0.9895528016695393
2300,1202,intermediate_unlabelled,0.7503121098626716,6,244,1.9089,1.9179,0.008999999999999897,-6.7411e-05,0.076781,0.023770810121682487,-1.3272,1.0996,0.3693864159693205,1.0947,2.1474,1.8163049180327868,1.851920156371157,1.551739822957395e-05,0.00043546518889495264,0.09393623011325421,0.012122149083538765,0.9999899805659082,0.9997933934873127,0.9671587687295441,0.9994374789843788
2300,1203,intermediate_unlabelled,0.7509363295880149,1,243,-0.98145,-0.98144,1.0000000000065512e-05,-0.00037919,0.00042132,0.00012373885488524918,-0.1185,0.1422,0.03174511434591772,-6.3458,-4.2305,5.540755967078189,5.562789245609612,1.4058355157349797e-06,0.00010104998077874376,0.03135823274196369,0.16285541422917477,0.878796426545804,0.7315305589885452,0.22020091496404695,0.9443027813244814
2300,1203,intermediate_unlabelled,0.7509363295880149,2,243,-1.0609,-0.83668,0.22421999999999997,-8.4264e-05,1.7521,0.5651845310701571,-20.263,23.178,7.905140861222396,-101.78,400.88,139.01757814814815,158.56348805951592,1.1624982865572073e-05,0.001040626435544616,0.3874772906738341,1.3800211112356184,0.9999999909081575,0.9999978662987268,0.9987994470772412,0.9998824425793864
2300,1203,intermediate_unlabelled,0.7509363295880149,3,243,0.98325,1.1505,0.16725000000000012,-1.5004,0.0096061,0.44636071617470613,-25.572,17.869,7.22776133116541,-629.43,192.48,207.1689447325103,236.90778457514023,1.7806136673250363e-05,0.0016998183199685608,0.8873894433274928,4.186111044182995,0.9999999667193195,0.9999910816378224,0.9924393137013809,0.9995580945101781
2300,1203,intermediate_unlabelled,0.7509363295880149,4,243,3.1416,3.1416,0.0,-0.0001264,9.4797e-05,2.8952519566542543e-05,-0.035549,0.035549,0.012066928032944567,-0.71323,0.050945,0.3750668518518519,0.43745543555992755,8.881784197001252e-15,2.8952519566542543e-05,0.012066928032944567,0.03441794952203999,-1.0,,,0.9889343600463019
2300,1203,intermediate_unlabelled,0.7509363295880149,5,243,0.93049,1.3217,0.39121000000000006,-0.00054772,3.0021,0.9763104786616983,-34.933,37.303,13.326884806915135,-6.1516,13.908,3.4034281893004117,4.008694394742189,2.163722459346347e-05,0.0020577078125692955,0.9070838120094858,0.5194990131733058,0.9999999901974902,0.9999971846584121,0.9976822264810973,0.9853997697016281
2300,1203,intermediate_unlabelled,0.7509363295880149,6,243,-2.9021,-2.8943,0.007800000000000029,-0.00013482,0.060198,0.019505585012861322,-0.75838,0.91005,0.2771338095761269,-2.0842,-1.2211,1.4954255144032922,1.5224972462826565,1.592923132549019e-05,0.000615891226948045,0.09576843344490645,0.012815331166343966,0.9999867344110678,0.9993697626131751,0.9392689739113477,0.9989944037111448
2300,1204,intermediate_unlabelled,0.7515605493133583,1,244,-0.92659,-0.92658,1.0000000000065512e-05,-0.00050558,0.00071624,0.00011579224442098522,-0.21329,0.21329,0.04756809337606907,-10.576,-6.3458,8.629333196721312,8.729801391645857,5.827697468374648e-07,0.00011451890189171107,0.04751334377871277,0.18896059087200268,0.41536947744868735,0.1490017255727501,0.05259899937637038,0.9897125316574947
2300,1204,intermediate_unlabelled,0.7515605493133583,2,244,-0.82274,-0.53195,0.29079,-8.4264e-05,2.4375,0.7599496823224595,-30.335,33.677,11.371491383176483,-164.34,410.32,124.36498885245902,147.46202308806988,7.40601579750195e-06,0.0011158005003381398,0.4479589175647368,1.7024709001209497,0.9999999977518036,0.9999986700536911,0.9992260532001347,0.9998553501541184
2300,1204,intermediate_unlabelled,0.7515605493133583,3,244,1.4667,1.603,0.1363000000000001,-1.3823,0.010364,0.3850664051088263,-24.197,20.808,6.990351302486367,-610.19,273.04,202.09361721311478,228.03729081535414,1.9007150680146972e-05,0.0019249850563876187,0.7893571594642875,4.212015746848842,0.9999999413228057,0.9999850352847229,0.9936140490674781,0.9995697348739545
2300,1204,intermediate_unlabelled,0.7515605493133583,4,244,3.1416,3.1416,0.0,-0.0001264,0.00022119,4.125980513436061e-05,-0.071098,0.053323,0.014212128982281873,0.10189,1.1717,0.5618623360655737,0.6480123805811703,8.881784197001252e-15,4.125980513436061e-05,0.014212128982281873,0.03898914848801287,,,,0.9926811060466304
2300,1204,intermediate_unlabelled,0.7515605493133583,5,244,0.71618,1.143,0.42682,-0.0019802,3.5503,1.110348742908953,-45.953,45.882,16.42726056599401,-8.2913,14.176,3.321828762295082,4.180101063890957,1.9648086566000627e-05,0.002330667227067242,1.0663545320450691,0.48025312060564107,0.9999999929382217,0.9999972681518746,0.9978931523472907,0.9905237898277627
2300,1204,intermediate_unlabelled,0.7515605493133583,6,244,-2.3869,-2.3784,0.00849999999999973,-0.00013482,0.070512,0.022189500090067826,-1.2134,1.1376,0.3389297748294151,-1.9158,-1.1474,1.3855036885245902,1.4076897866251827,1.3896058741572625e-05,0.0007224507047588467,0.11156818919621969,0.01331260906590772,0.9999911489806597,0.999342318231048,0.9449262298786926,0.9985691037206958
2300,1598,faulty_evident,0.9975031210986268,1,247,-0.81623,-0.8162,2.999999999997449e-05,-0.0024858,0.0020223,0.00038935325222947347,-0.75838,0.56878,0.12952560254344667,-6.1424,-0.3661,4.296550566801619,4.503397257624353,2.0095682347379757e-06,0.000370482525065398,0.1285972289654822,0.47510206569400204,0.6680074077077571,0.3107459707449161,0.1350944778365789,0.9359682133919166
2300,1598,faulty_evident,0.9975031210986268,2,247,-0.73089,-0.41017,0.32072000000000006,-0.0013061,2.7554,0.8453372801323702,-35.099,37.326,12.978821695635354,-249.4,403.2,117.74295789473685,142.2891341537848,1.3479818574542813e-05,0.0019919205800689368,0.5345495538964743,4.774667980743215,0.9999999940279137,0.9999965939261759,0.9991542355004361,0.9989649764305709
2300,1598,faulty_evident,0.9975031210986268,3,247,1.6409,1.7758,0.13490000000000002,-1.4635,0.029071,0.39427802730404143,-30.833,28.961,8.08894683260172,-887.88,408.39,214.60333036437248,265.4594913398395,3.831776847544749e-05,0.00527044746274455,1.4252324276479382,15.983979290551126,0.9999997601954589,0.9998949435466328,0.9843891735685297,0.9965139179458586
2300,1598,faulty_evident,0.9975031210986268,4,247,3.1416,3.1416,0.0,-0.001106,0.0013904,0.00022577401199979104,-0.49768,0.37326,0.06861681054033876,-0.10189,1.3755,0.7029205263157895,0.7231528621322891,1.3322676295501878e-14,0.00022577401199979104,0.06861681054033876,0.09716169802826004,-1.0,,,0.8285600527859769
2300,1598,faulty_evident,0.9975031210986268,5,247,0.63523,1.0901,0.4548700000000001,-0.016811,3.873,1.1914189969401507,-80.317,51.83,18.717932808823523,-26.364,50.092,3.6160855060728743,6.974138615037087,0.00011499767485138869,0.01938918031123964,4.7770750086187945,3.1438817284914533,0.9999997911325829,0.9998367332688007,0.9669142949671019,0.8861628245472273
2300,1598,faulty_evident,0.9975031210986268,6,247,1.7179,1.727,0.009100000000000108,-0.0012134,0.077051,0.023841126322953852,-2.0855,1.403,0.449115829559605,1.0211,2.4526,1.5397834008097167,1.5608167525693768,1.542356749534362e-05,0.0009804480598309107,0.26812596525001153,0.040809968880703776,0.9999905846744531,0.9989571868393738,0.8022406821769001,0.9871996114145023
2300,1599,faulty_evident,0.99812734082397,1,243,-0.72893,-0.72892,9.99999999995449e-06,-0.0013482,0.0012218,0.00026260060355661087,-0.56878,0.49768,0.10758760655655418,0.3661,5.0034,1.7287374074074071,1.9354808477331866,2.3760132209299294e-06,0.00028017672045153,0.10764600069164978,0.3676888721144927,0.8260671248869005,0.2454927182311107,0.08313236525609888,0.9064095395362112
2300,1599,faulty_evident,0.99812734082397,2,243,-0.67816,-0.33799,0.34017,-0.00084264,2.922,0.9042288866240662,-37.634,40.384,13.88395717969861,-242.89,396.49,112.77159341563785,138.6136613339974,1.469558533307938e-05,0.0021298672238387346,0.5892238061344808,4.746577249969116,0.9999999934215437,0.9999965850717557,0.999101778423656,0.9989783287608819
2300,1599,faulty_evident,0.99812734082397,3,243,1.7387,1.8743,0.13560000000000016,-1.4571,0.028987,0.39842098583940166,-29.008,28.842,8.136955785555084,-857.46,398.15,211.2343341563786,260.02955094554153,4.112925269469551e-05,0.0055918552285151215,1.5588315411642713,17.25366763884407,0.999999717964019,0.9998837095836569,0.9815157985267011,0.9957012424246617
2300,1599,faulty_evident,0.99812734082397,4,243,3.1416,3.1416,0.0,-0.001106,0.0015168,0.0002181282228076841,-0.35549,0.51546,0.06744759603293063,-0.25473,1.1208,0.6698357613168724,0.6816167656512511,8.881784197001252e-15,0.0002181282228076841,0.06744759603293063,0.09621408338396246,-1.0,,,0.7154108687947534
2300,1599,faulty_evident,0.99812734082397,5,243,0.58944,1.0645,0.47506000000000004,-0.018285,4.0605,1.254337336324618,-80.412,54.177,19.573620916239182,-25.791,46.959,3.4776447613168724,6.965582275933051,0.00011171374845546519,0.018864577090926284,4.632603641105025,3.04098950083202,0.9999998118437905,0.9998600261061532,0.9716112809384975,0.8957042813397069
2300,1599,faulty_evident,0.99812734082397,6,243,-0.81081,-0.80131,0.009500000000000064,-0.0010112,0.080691,0.025110607359451084,-2.351,1.2513,0.47045771475194387,-1.7368,-0.51579,1.296294279835391,1.312418089655401,4.468211014047344e-06,0.0007115618940212023,0.27282742828387685,0.03893146643076647,0.9999992486808639,0.9995032075514941,0.8147298193520712,0.9818821619002528
2300,1600,faulty_evident,0.9987515605493134,1,244,-0.88371,-0.88368,2.999999999997449e-05,-0.0021066,0.0019381,0.0003847122675844684,-0.82947,0.71098,0.12719069068299785,-3.661,3.661,1.9452043852459016,2.162825836413886,1.9036490125077312e-06,0.0003550766728007008,0.1258473443136718,0.5741716802929937,0.7789733466422873,0.3850475563722968,0.1518682204483007,0.9514257170117276
2300,1600,faulty_evident,0.9987515605493134,2,244,-0.83653,-0.54989,0.28664,-0.0030335,2.3833,0.7472403872936008,-30.027,32.587,11.138465056368384,-234.06,396.28,126.61828155737705,148.48950827194707,1.3896643827898162e-05,0.002042934023464479,0.6338692907235994,4.879885124759401,0.99999999186291,0.9999953622560153,0.9983820858938225,0.9988652694246952
2300,1600,faulty_evident,0.9987515605493134,3,244,1.4393,1.5769,0.13759999999999994,-1.448,0.033284,0.3955430017491024,-30.525,27.728,7.897389997327758,-973.56,389.92,224.7872463114754,283.11114606955994,4.05302004019022e-05,0.005499495691224647,1.516690191417571,16.477909923397544,0.9999997375693633,0.999885142466572,0.9814236254695564,0.9967613327538482
2300,1600,faulty_evident,0.9987515605493134,4,244,3.1416,3.1416,0.0,-0.0016116,0.0021803,0.00033942937623072207,-0.85317,0.7643,0.11238113575840192,-0.66229,1.2736,0.41758522540983606,0.493652764964681,8.881784197001252e-15,0.00033942937623072207,0.11238113575840192,0.1354493008196957,,,,0.8736130589529357
2300,1600,faulty_evident,0.9987515605493134,5,244,0.72844,1.1518,0.42335999999999996,-0.017316,3.501,1.0981461835761703,-60.504,46.237,16.79519621057246,-25.447,45.927,3.670878799180328,6.854848433698435,0.00011226669404607887,0.017622458403058268,4.3220065869995254,3.1391881854697354,0.9999997660998473,0.9998395552437799,0.9663596387388075,0.8821004474427346
2300,1600,faulty_evident,0.9987515605493134,6,244,-1.6957,-1.6872,0.008499999999999952,-0.00094376,0.069434,0.021961653666930446,-2.351,1.0617,0.3954988310404841,-2.1579,-0.94737,1.5289064344262293,1.5648008514636595,1.5622552756119448e-05,0.0008487311930741951,0.22012927231231075,0.03934266831076017,0.9999887611160762,0.9990724081852488,0.8308026935273052,0.993017809205855
2300,1601,faulty_evident,0.9993757802746568,1,247,-0.84009,-0.84005,4.0000000000040004e-05,-0.0019802,0.002865,0.00047111111672639425,-1.0191,0.66358,0.15556824168178915,-10.373,-0.77288,6.407838785425101,6.6838567152367485,2.5796374320512545e-06,0.00043505616287599824,0.15430843891676782,0.608547059983327,0.7938421310595739,0.3862757574504106,0.1393682594547273,0.9473901889905302
2300,1601,faulty_evident,0.9993757802746568,2,247,-0.92908,-0.66875,0.26033000000000006,-0.0061934,2.098,0.6637597925065185,-25.406,28.131,9.61125637550513,-220.03,389.37,130.87895141700406,151.06350064746414,1.251859984174424e-05,0.001843109021607477,0.5277173662443573,4.60494286793186,0.9999999921338982,0.999995192940071,0.9984940130489337,0.9989158979472493
2300,1601,faulty_evident,0.9993757802746568,3,247,1.2565,1.4015,0.14500000000000002,-1.4615,0.037118,0.4044621259490588,-29.6,23.889,7.723996012670419,-970.15,362.29,228.6972145748988,290.0536130932023,3.6970153928779947e-05,0.005068108261656388,1.366027156267267,15.702070697584693,0.9999998062917499,0.9999060485200499,0.9842729420147717,0.9971655390798023
2300,1601,faulty_evident,0.9993757802746568,4,247,3.1416,3.1416,0.0,-0.0010428,0.0018959,0.0002783548005389106,-0.7643,0.63988,0.09475132523079506,-0.35662,1.2227,0.5573047773279354,0.57597948878024,1.3322676295501878e-14,0.0002783548005389106,0.09475132523079506,0.11847888031214676,-1.0,,,0.6836469064918754
2300,1601,faulty_evident,0.9993757802746568,5,247,0.81127,1.2157,0.40442999999999996,-0.016263,3.2409,1.025135811813895,-60.125,43.464,15.342181366004137,-25.141,41.61,4.072265983805669,6.608959165719824,0.00010568189270103152,0.016466872218275273,4.407433615710065,3.000915365580604,0.9999997775652288,0.9998383642235267,0.9578886763932574,0.8758931877143477
2300,1601,faulty_evident,0.9993757802746568,6,247,1.1174,1.1255,0.008099999999999996,-0.00067411,0.064378,0.020490275180728247,-2.313,1.1755,0.3990391992270904,1.0842,2.3158,1.7722125506072874,1.8067639981637693,2.0561462915406025e-05,0.0012151939164936649,0.2796647521926464,0.04196521719376501,0.9999787894440881,0.9978045684964953,0.7162379432283883,0.9928611816492511
2300,1602,faulty_evident,1.0,1,244,-0.93721,-0.9372,9.99999999995449e-06,-0.0015589,0.0018538,0.00032501427038241436,-0.78208,0.61618,0.12863050683596425,-6.5085,0.0,4.741321475409835,4.943144122914162,1.8880923186436672e-06,0.0003180865003676664,0.12819061402292387,0.45557704816659245,0.7542421431783067,0.22167671753270837,0.08296752855684923,0.9454203516263574
2300,1602,faulty_evident,1.0,2,244,-0.58662,-0.20745,0.37917,-8.4264e-05,3.2178,0.9999190361515546,-40.929,43.986,15.143388221309051,-228.08,380.34,104.27968278688526,130.39405267423552,1.349859450839225e-05,0.001868514868956651,0.5330239451392773,4.192117207943875,0.9999999955247609,0.9999978503774031,0.9993827375713537,0.9991543025711345
2300,1602,faulty_evident,1.0,3,244,1.9039,2.0438,0.13990000000000014,-1.4632,0.023004,0.40555771878041386,-28.747,28.178,8.027214498759996,-758.11,370.36,202.85612090163937,243.453987194144,3.52522559825238e-05,0.00537124869978566,1.601777184505205,15.635012574055692,0.9999998052220808,0.9998960899010341,0.9799167184399459,0.9956907490584248
2300,1602,faulty_evident,1.0,4,244,3.1416,3.1416,0.0,-0.0012008,0.0021171,0.00024261657489326344,-0.62211,0.65766,0.08202326375591337,-0.40756,1.2736,0.5144640368852459,0.548445401746449,8.881784197001252e-15,0.00024261657489326344,0.08202326375591337,0.11499406661365168,,,,0.8203631078021171
2300,1602,faulty_evident,1.0,5,244,0.51155,1.0299,0.5183500000000001,-0.016221,4.3574,1.3591758204418678,-88.493,57.305,20.99885250627937,-23.995,45.201,3.705023418032787,6.920756134117236,0.00010412916045999824,0.01699323684456088,5.20135597803469,3.133591105502394,0.9999998622308597,0.9999031348686306,0.9688536345835365,0.8848473969609085
2300,1602,faulty_evident,1.0,6,244,0.90513,0.9155,0.01036999999999999,-0.00040447,0.086826,0.027170083739037086,-1.8959,1.7063,0.458430621221963,-1.1158,0.11579,0.5722162418032787,0.618668546681941,3.923757726269024e-06,0.0006015910877124132,0.2122264085854988,0.032704530760897146,0.9999995114177651,0.9996961285064346,0.8864187686263595,0.9906341698459736
2400,0,training_healthy,0.0,1,351,-1.0911,0.89605,1.98715,-4.2132e-05,4.6135,2.5182682083674957,-34.767,38.535,13.669048810784968,-239.8,350.6,76.5048153846154,116.53817821159751,1.067680052638898e-05,0.0013429008894774558,0.6586054760971068,4.834662674012698,0.9999999999062611,0.9999997830259091,0.9988386047004002,0.9990786172196964
2400,0,training_healthy,0.0,2,351,-0.90677,-0.71508,0.19168999999999992,-0.44609,4.2132e-05,0.24286438457848228,-4.0526,3.7445,1.33040735727957,59.308,114.43,90.28561538461538,91.08276149026393,2.545675020204768e-06,0.0002733910844219229,0.2074931406364301,1.2702172938498304,0.9999999994271652,0.9999989628843283,0.9877631322293254,0.9944047319387455
2400,0,training_healthy,0.0,3,351,0.86411,1.1833,0.31919,-0.74346,8.4264e-05,0.4043215841584838,-7.0861,6.3988,2.252533428922129,-232.68,-112.23,186.0646438746439,189.90306937519378,1.6323096379903905e-05,0.0008760957877955722,0.5449044146914215,3.7531923147522748,0.9999999915062016,0.9999961040297136,0.9702994129434814,0.9951076488127204
2400,0,training_healthy,0.0,4,351,3.1415,3.1417,0.00019999999999997797,-0.0033179,0.0031599,0.0006074446055989697,-0.78208,0.74653,0.09561504258975988,-30.669,29.141,7.747315925925926,12.41335746380095,8.96039777925012e-06,0.0007363466576788462,0.10174685747505206,0.10879045391301448,0.9316457968897864,0.49747553941417466,0.19589224355124318,0.9999615948804518
2400,0,training_healthy,0.0,5,351,1.2432,1.3707,0.12749999999999995,-4.2132e-05,0.30318,0.16187715341574713,-4.3844,5.1427,1.2263934593897343,0.34388,27.51,9.761347236467236,13.847863359782588,2.1768554346445076e-05,0.0016686379795181258,0.8079521398515424,0.34212806796337153,0.9999999054070992,0.9999117011536237,0.7523528150262205,0.9993932412500647
2400,0,training_healthy,0.0,6,351,0.92346,3.0985,2.17504,-5.0591,6.7411e-05,2.757303536276474,-44.213,44.593,15.892839287364678,-7.9158,2.4,3.7225082393162396,4.089523764460996,2.9959951160696564e-05,0.004661810335104685,5.39917220447413,0.3584399083621945,0.9999999993841404,0.9999976402969203,0.94052538345032,0.9857309373220704
2400,1,training_healthy,0.0006246096189881,1,331,-0.92355,0.89605,1.8195999999999999,-4.2132e-05,4.7383,2.496781089234136,-32.373,48.465,14.9648249353801,-223.12,316.23,73.15114290030212,107.04680053002865,6.622753761407792e-06,0.00120881346306113,0.7127142115466035,4.241412978409135,0.9999999999545506,0.9999998290854188,0.9988653916817539,0.9991511902624451
2400,1,training_healthy,0.0006246096189881,2,331,-0.90677,-0.27462,0.63215,-1.6462,4.2132e-05,0.8672854430820109,-17.04,11.731,5.22071112558615,-21.885,130.74,76.52541132930513,81.73770719494452,4.3330539777895544e-06,0.0006922812297683371,0.6025485078544595,1.3509804224718789,0.99999999983875,0.9999995029875586,0.9933175073330702,0.9991393167852891
2400,1,training_healthy,0.0006246096189881,3,331,0.86411,1.8214,0.9572899999999999,-2.4973,8.4264e-05,1.3132269571189843,-25.548,17.111,7.871695248304035,-390.7,-110.36,198.2324773413897,205.50596471448858,1.7595138087784287e-05,0.001224852729603335,0.6284946765621199,4.913321547205481,0.9999999988408166,0.9999993130945244,0.9968077169955896,0.995881284204992
2400,1,training_healthy,0.0006246096189881,4,331,3.1415,3.1416,9.999999999976694e-05,-0.0013588,0.0016116,0.0003560739873429639,-0.23107,0.39104,0.06253416038819258,-25.88,26.339,8.612983897280968,11.676672628809255,6.053554755842545e-06,0.0007168020682808315,0.0786369091958619,0.0818414318476735,0.9734726877346285,0.3652471858086817,0.0615206735958738,0.9999748423110898
2400,1,training_healthy,0.0006246096189881,5,331,1.0456,1.3707,0.32509999999999994,-4.2132e-05,0.85528,0.44627109896739514,-7.6312,10.688,2.9282669164395627,-5.1582,30.873,9.464493534743202,13.691966201552773,2.4145751357693826e-05,0.002521439583980137,1.172419503179866,0.5203006895114549,0.9999999810791081,0.999974144607201,0.9163521290635608,0.9987058730399444
2400,1,training_healthy,0.0006246096189881,6,331,0.92346,1.3799,0.45643999999999996,-1.202,6.7411e-05,0.6269305193639509,-21.993,19.983,6.5336399834434395,-5.0316,1.6211,2.7819413534743203,2.8874525666474358,2.8042251967451823e-05,0.003940288740962479,5.321739861363813,0.29117661781962273,0.9999999870586062,0.9999680240381202,0.5801456199274576,0.9711263915897422
2400,2,training_healthy,0.0012492192379762,1,325,-0.78626,0.89605,1.68231,-4.2132e-05,4.6693,2.3984058565063333,-33.985,43.559,14.888555724392978,-234.06,337.14,76.15403713846153,114.55146376211353,6.177988399383614e-06,0.0010558813759323504,0.5827168307572391,3.4143955922282045,0.9999999999548876,0.9999998653527241,0.9992339037012224,0.9995287157926184
2400,2,training_healthy,0.0012492192379762,2,325,-0.90677,-0.46084,0.44592999999999994,-1.2393,4.2132e-05,0.6356498560262406,-12.016,9.2427,3.9513031657743656,16.108,127.12,82.8476123076923,86.00684644733455,3.5131132080863414e-06,0.0004237423395289964,0.36730503291529837,1.6058098499520168,0.9999999997923323,0.9999996677862664,0.9956701445006463,0.9975802501477712
2400,2,training_healthy,0.0012492192379762,3,325,0.86411,1.5702,0.70609,-1.9637,8.4264e-05,1.006251177326893,-18.794,14.385,6.254018264881835,-318.83,-110.67,195.05083076923077,200.06492145531928,1.6619270314508666e-05,0.0010966855383975939,0.6056405012561266,4.130934741864268,0.999999998146401,0.9999990796584483,0.995300059642145,0.995683983122847
2400,2,training_healthy,0.0012492192379762,4,325,3.1415,3.1416,9.999999999976694e-05,-0.0026543,0.0034443,0.0005934114634448253,-0.53323,0.51546,0.09658282861901091,-29.752,30.007,8.530436076923078,12.81416773677141,6.2636237903623875e-06,0.0007301999957110302,0.10524250290010072,0.11853577000360754,0.9050357160370798,0.39430028062559547,0.1819368485135502,0.9999568020889911
2400,2,training_healthy,0.0012492192379762,5,325,1.1106,1.3707,0.2601,-4.2132e-05,0.73297,0.37104615249449885,-7.8445,9.9774,2.5801905949064867,-1.5284,29.459,8.871530273846155,13.113530074377612,2.3250379124633305e-05,0.0028689724734398034,1.1269756111443956,0.6046499549320784,0.9999999732811322,0.9999527332346995,0.8995749641277819,0.9980684268972162
2400,2,training_healthy,0.0012492192379762,6,325,-1.0006,0.92348,1.92408,-6.7411e-05,5.3657,2.743727975165561,-47.929,55.93,17.72080156057913,-1.4737,7.6526,3.3313030061538464,3.6942733406437713,3.0097579886503257e-05,0.006211801776303243,4.965100290096497,0.326641228958975,0.9999999991817025,0.999995962176324,0.9599462168569215,0.9842690361759044
2400,3,training_healthy,0.0018738288569643,1,341,-0.86626,0.89605,1.76231,-8.4264e-05,4.2887,2.2686851448230327,-29.032,47.517,13.419995313611418,-206.77,264.2,60.72479087976539,87.3512788416623,6.555363060034354e-06,0.0010712210550160857,0.8061239269960874,4.6344351489015105,0.9999999999508309,0.9999998308492393,0.9981945414060001,0.9984437630115588
2400,3,training_healthy,0.0018738288569643,2,341,-0.90677,-0.032769,0.8740009999999999,-2.1215,4.2132e-05,1.1250326815959568,-24.15,14.883,6.676617274882492,-64.108,149.0,77.35161692082112,82.93582900981816,4.479361091941979e-06,0.0006222382988432353,0.7243120861381439,1.7142615701018662,0.9999999999066278,0.999999760264623,0.9940984016275195,0.9992659628636632
2400,3,training_healthy,0.0018738288569643,3,341,0.86411,2.0999,1.2357899999999997,-3.0052,4.2132e-05,1.5905990913507602,-33.937,20.452,9.40172326254443,-503.39,-105.55,208.0022580645161,218.9055803576743,1.7591263410671498e-05,0.0013829081344220464,0.6638338416213244,4.793622374264097,0.9999999992798542,0.9999993803270539,0.997504372401936,0.9975288290145969
2400,3,training_healthy,0.0018738288569643,4,341,3.1415,3.1417,0.00019999999999997797,-0.0033495,0.0056246,0.0007287249308800428,-0.63988,0.67543,0.12096251188710544,-23.537,26.135,7.211504662756599,10.537848068311474,8.250317387522235e-06,0.0010278280923613893,0.14088003565112128,0.1586124691132044,0.9604921944365525,0.41727042883796434,0.04787804694945621,0.999884369683422
2400,3,training_healthy,0.0018738288569643,5,341,1.0089,1.3707,0.3618000000000001,-4.2132e-05,0.88578,0.46578334677736793,-7.3705,10.783,3.022920345652616,-10.431,21.435,8.387148211143696,11.09889018365696,2.5595834375459652e-05,0.0023099973892620456,1.2332097062107512,0.46041908974172885,0.9999999822141107,0.999979161834984,0.9130086126149536,0.9983874983147437
2400,3,training_healthy,0.0018738288569643,6,341,0.91546,0.92348,0.008019999999999916,-6.7411e-05,0.025279,0.010279954198798395,-7.1287,8.0767,1.4263753760376483,-0.54737,2.5474,1.6542361554252198,1.785943142203536,5.679878188548246e-06,0.0010748311189499272,1.4249572954496197,0.08225629775056864,0.9999982171659629,0.9906392954662584,0.04458011321049266,0.9956400691800984
2400,4,training_healthy,0.0024984384759525,1,319,-0.69189,0.89605,1.5879400000000001,-4.2132e-05,4.6982,2.330356847376074,-31.307,47.825,14.992584331853385,-221.57,305.86,69.3303749216301,105.16954943217443,5.954362849417532e-06,0.0010451592189209063,0.6211114619820347,4.146203676956743,0.9999999999516502,0.9999998611362992,0.9991416459856877,0.9991769299403856
2400,4,training_healthy,0.0024984384759525,2,319,-0.90677,-0.25135,0.6554199999999999,-1.9404,4.2132e-05,0.9616843519274869,-19.67,12.94,6.209180868008966,-29.573,141.88,79.6975629153605,85.24253783419749,4.807797375764198e-06,0.0007324552554176257,0.6565166787540411,1.3319884973837015,0.9999999998148952,0.9999995643830765,0.994394693494462,0.9993443784819676
2400,4,training_healthy,0.0024984384759525,3,319,0.86411,1.8506,0.98649,-2.9181,8.4264e-05,1.4473194610745015,-30.122,19.694,9.306953156746323,-418.48,-91.893,199.7719435736677,209.8895186253113,1.6884376631073212e-05,0.0010639988311634174,0.5951916909703686,3.9653245991256676,0.9999999989925432,0.999999597175634,0.997953104434771,0.9981014992736007
2400,4,training_healthy,0.0024984384759525,4,319,3.1415,3.1416,9.999999999976694e-05,-0.0020539,0.0034127,0.0005739398718680488,-0.63988,0.53323,0.10128338381299909,-28.58,26.288,8.446213918495298,12.240032545261652,5.986945078581735e-06,0.0009009395484822064,0.11401646081929102,0.130235572008355,0.9494473245619255,0.2085359486610797,0.057892672935256476,0.999941992191803
2400,4,training_healthy,0.0024984384759525,5,319,1.0396,1.3707,0.33109999999999995,-8.4264e-05,0.98501,0.48597877832014424,-8.4132,11.944,3.2791428477697746,-6.8394,29.688,8.820164921630093,12.763954031155391,2.2938189653317474e-05,0.002160487296786225,0.9905915562646508,0.4309846796490882,0.9999999834975485,0.9999845550519226,0.9532820383951118,0.9990210912502284
2400,4,training_healthy,0.0024984384759525,6,319,0.32324,0.92348,0.6002399999999999,-0.00013482,1.7901,0.8812475875212511,-18.884,25.709,7.186641142619799,-1.2211,4.9789,2.7887803855799373,2.8944154119437524,2.1964108426901492e-05,0.004197299633705754,4.409011431159084,0.26314097064287406,0.9999999953975524,0.9999822781754193,0.7896946447912933,0.9718675410493224
2400,398,intermediate_unlabelled,0.2485946283572767,1,338,-0.86943,0.89606,1.76549,-4.2132e-05,4.6035,2.3922566093649626,-33.961,37.824,13.863974071253494,-239.02,347.51,73.39083846153846,115.9313710864958,5.64137008007777e-06,0.001054371554696708,0.6009172188114492,3.806264407250798,0.9999999999671133,0.9999998635224548,0.9990602672723992,0.9994364903142988
2400,398,intermediate_unlabelled,0.2485946283572767,2,338,-0.90677,-0.72251,0.18425999999999998,-0.48207,4.2132e-05,0.24961578408719942,-3.9578,3.9815,1.456464035932425,60.285,117.88,89.30433136094675,90.22034825930116,2.5248154650365847e-06,0.00026523080467897306,0.20026471999078965,1.1502237727635898,0.9999999993950954,0.9999991145965201,0.9905017379296073,0.9959694762734679
2400,398,intermediate_unlabelled,0.2485946283572767,3,338,0.86411,1.1713,0.30718999999999996,-0.80556,8.4264e-05,0.41606959672214805,-7.7734,6.4936,2.469302747576398,-230.82,-94.221,184.91726923076922,189.90683821104645,1.5215613485034384e-05,0.000873862805466164,0.5642578450877038,3.5565769353371857,0.99999999209648,0.9999964845891111,0.9735418155400959,0.996612568856595
2400,398,intermediate_unlabelled,0.2485946283572767,4,338,3.1415,3.1417,0.00019999999999997797,-0.0029703,0.0051822,0.0007019715279211534,-0.81763,0.56878,0.11003306860383263,-29.039,31.637,8.567703136094675,12.949432562542034,8.384917146030686e-06,0.0008527159254766906,0.11950324932473197,0.1476406864715694,0.928656054529392,0.5996053996731432,0.28297331956462785,0.9999344984959159
2400,398,intermediate_unlabelled,0.2485946283572767,5,338,1.2477,1.3707,0.123,-4.2132e-05,0.32484,0.16693625830640918,-4.9531,7.0387,1.5278016320077683,0.30567,26.288,8.96272455621302,12.8396703699713,2.1813359089239734e-05,0.001497585893056599,1.1523183030247832,0.36277423542186726,0.999999898723802,0.9999356055620171,0.6566105331755591,0.9992212228011248
2400,398,intermediate_unlabelled,0.2485946283572767,6,338,-1.8545,0.92348,2.77798,-6.7411e-05,7.2557,3.765190528633591,-63.173,63.059,22.244223743638983,-1.5789,8.7684,3.953471715976331,4.478292497651059,3.249855573748833e-05,0.006369070182145725,4.522116686743795,0.35330392013981937,0.999999999559339,0.999997723113664,0.9791178005683817,0.9887243054879225
2400,399,intermediate_unlabelled,0.2492192379762648,1,349,-0.99151,0.89606,1.88757,-4.2132e-05,4.566,2.4346629429546542,-34.222,34.885,13.34226341038628,-239.8,344.83,72.00738163323783,115.68471894531011,5.592167030193439e-06,0.001123920321267355,0.579306846184998,3.54551374351613,0.9999999999719594,0.99999984492742,0.9990569937477884,0.9995087111628151
2400,399,intermediate_unlabelled,0.2492192379762648,2,349,-0.90677,-0.83418,0.07258999999999993,-0.17695,4.2132e-05,0.09358395091394313,-1.5168,1.7774,0.5388853116697956,75.254,123.25,91.81895988538682,92.77915456447715,2.5241419789631333e-06,0.0002919788877680556,0.1697970221509426,1.0248341919406325,0.9999999961360291,0.9999920336323249,0.9490623259225586,0.9970330232067036
2400,399,intermediate_unlabelled,0.2492192379762648,3,349,0.86411,0.98746,0.12334999999999996,-0.29985,8.4264e-05,0.15889479911689697,-3.4127,3.4364,1.0176085842866907,-228.02,-101.67,183.37670487106018,188.6209408783191,3.934609923276178e-06,0.0008381893860783035,0.5360461702001852,3.0539797370596418,0.9999999967470514,0.9999771605108214,0.8500077261315557,0.9976067081345694
2400,399,intermediate_unlabelled,0.2492192379762648,4,349,3.1415,3.1417,0.00019999999999997797,-0.0030019,0.005119,0.000633214321049881,-0.71098,0.47991,0.09690728537798132,-28.173,31.484,8.417647077363895,12.640865042622842,8.892287262894074e-06,0.0007401450990655121,0.10188808152243002,0.1232202789362155,0.909293506137893,0.5959674970683438,0.29366396385186505,0.9999520630329634
2400,399,intermediate_unlabelled,0.2492192379762648,5,349,1.3199,1.3707,0.050799999999999956,-4.2132e-05,0.12682,0.06570435296071583,-5.119,6.1618,1.1403580929452162,1.6048,26.593,9.268254154727794,13.180602325957755,2.1223995608594164e-05,0.001434487499317926,1.0726755946878084,0.3653854649943728,0.9999994425356088,0.9996111744690684,0.3393844538752207,0.999239684033116
2400,399,intermediate_unlabelled,0.2492192379762648,6,349,-2.3082,0.92348,3.23168,-6.7411e-05,7.8329,4.169499588925504,-65.334,62.111,24.400356459516114,-1.9158,9.7368,4.3047837535816615,4.884313576474981,3.820686968723266e-05,0.006856256557595409,8.67299717544091,0.49360080209011087,0.9999999995536241,0.9999978033480136,0.9346970422305358,0.9819934786637964
2400,400,intermediate_unlabelled,0.2498438475952529,1,328,-0.83968,0.89606,1.7357399999999998,-4.2132e-05,4.6765,2.434475536362419,-34.411,44.649,14.89631511980323,-236.91,331.77,73.11367347560976,113.4118649672085,7.137174859122747e-06,0.001271718584662021,0.6263237025994509,4.196714345912742,0.9999999999432331,0.9999998013634005,0.9991158145750367,0.99928254172429
2400,400,intermediate_unlabelled,0.2498438475952529,2,328,-0.90677,-0.45638,0.45038999999999996,-1.2153,4.2132e-05,0.6316221443643193,-11.992,9.3138,3.8723562455180596,12.488,123.09,80.19910670731707,83.50219436073478,3.452432346690389e-06,0.00045163286492134655,0.384100772460384,1.8345628565047862,0.9999999998026722,0.9999996103272413,0.9950685900847779,0.9968836066781033
2400,400,intermediate_unlabelled,0.2498438475952529,3,328,0.86411,1.5765,0.71239,-1.9219,8.4264e-05,0.998844909824387,-18.675,14.622,6.119113263481692,-313.4,-91.582,188.1630762195122,194.8801558737759,1.5248899789278842e-05,0.0010493953413242933,0.5943518755783501,3.729893804891179,0.9999999984614347,0.9999991352902677,0.9952717469624625,0.9972929736951439
2400,400,intermediate_unlabelled,0.2498438475952529,4,328,3.1415,3.1417,0.00019999999999997797,-0.0039815,0.0057194,0.0009105920284357187,-1.0487,0.78208,0.14994398437448073,-31.382,30.873,8.872555228658536,13.284929837721254,1.0913260637028424e-05,0.0009959051649737335,0.14981220974131224,0.206770214939713,0.927885530471217,0.5873896316793629,0.291046885152523,0.9998769755846934
2400,400,intermediate_unlabelled,0.2498438475952529,5,328,1.1087,1.3707,0.262,-4.2132e-05,0.72037,0.36771461104780995,-8.0578,8.0578,2.64744951299713,-1.6812,28.733,8.981777405487804,13.186450437791326,2.7496095928350542e-05,0.0029947380986870627,1.3337279209652453,0.6016600282993267,0.9999999630283316,0.9999470980919923,0.8638622760843749,0.998084361883066
2400,400,intermediate_unlabelled,0.2498438475952529,6,328,0.92346,3.0104,2.0869400000000002,-5.6332,6.7411e-05,2.9285165419973227,-58.547,49.143,18.606808172660777,-9.1789,1.9684,3.9404677439024383,4.456309754954683,3.067621908480452e-05,0.004694737802712171,5.006030103684251,0.32568230179580404,0.9999999992749431,0.9999979673800098,0.963128343734281,0.9906832011015162
2400,401,intermediate_unlabelled,0.2504684572142411,1,343,-0.89832,0.89606,1.7943799999999999,-4.2132e-05,4.5663,2.3841441304338957,-34.388,34.909,13.470434087642108,-241.14,338.48,73.08234072886297,116.87841553611815,5.118787329306147e-06,0.0010513907389106242,0.6120724058115398,3.7910427405248366,0.999999999974069,0.9999998621584228,0.998967189349016,0.9994499400117136
2400,401,intermediate_unlabelled,0.2504684572142411,2,343,-0.90677,-0.83184,0.07492999999999994,-0.1917,4.2132e-05,0.09951725004841223,-1.6589,1.7537,0.5837414001736804,71.797,124.43,92.58109620991253,93.4829044746707,2.5587401040240426e-06,0.00029209778072661054,0.16174180254171447,0.965988005927508,0.9999999962831788,0.9999930636099429,0.9608476354520158,0.997215947384915
2400,401,intermediate_unlabelled,0.2504684572142411,3,343,0.86411,0.99139,0.12727999999999995,-0.3253,4.2132e-05,0.16889287613270693,-3.5786,3.0809,1.10139459409578,-231.13,-99.343,185.31038775510206,190.3414406607135,4.005740933110494e-06,0.0008043595254410633,0.5616674701193112,2.901853460736023,0.9999999968416826,0.9999816741230159,0.8601980378374461,0.99776972287731
2400,401,intermediate_unlabelled,0.2504684572142411,4,343,3.1415,3.1416,9.999999999976694e-05,-0.0020223,0.001264,0.0003833353672888546,-0.21329,0.28439,0.05396706993128245,-27.256,29.446,8.469255160349855,12.257472444775045,5.69265283538582e-06,0.0006893275542728314,0.07219750313787145,0.07076392972259361,0.9467677253534704,0.5030108090780622,0.19072447037874948,0.9999832806315748
2400,401,intermediate_unlabelled,0.2504684572142411,5,343,1.3184,1.3707,0.05230000000000001,-4.2132e-05,0.1392,0.06979538275130343,-4.3844,3.8867,0.8713170166856942,1.1081,26.67,8.973641690962099,12.901641067032381,1.9766945495617438e-05,0.0012497544765986649,0.7656243950426473,0.3193969500307046,0.9999995461676272,0.9997427726125219,0.47739415573375604,0.999406212636214
2400,401,intermediate_unlabelled,0.2504684572142411,6,343,-0.38193,0.92348,1.30541,-0.00013482,3.3367,1.7352592279892411,-32.193,31.056,10.616086022986414,-1.6211,6.3895,3.375417172011662,3.597049746612892,2.7261358219726013e-05,0.0046543202218779075,4.088615432988167,0.27362374011357654,0.9999999986109717,0.999994212983825,0.9228610739402545,0.98574871519389
2400,402,intermediate_unlabelled,0.2510930668332292,1,325,-0.78249,0.89606,1.67855,-4.2132e-05,4.6741,2.396419854282917,-34.743,44.057,14.930740684908706,-229.42,328.88,71.99714486153847,111.8633811256498,6.242591865429894e-06,0.001115509335533599,0.6444794258469344,3.798242105642264,0.9999999999535285,0.9999998473608683,0.9990680923745323,0.9993970172288021
2400,402,intermediate_unlabelled,0.2510930668332292,2,325,-0.90677,-0.44074,0.46602999999999994,-1.2993,4.2132e-05,0.6652623390144727,-12.632,9.9537,4.152524593879847,9.2339,125.78,79.4856396923077,83.1547995184183,3.1239460345777724e-06,0.00033305261473097106,0.40418820975984554,1.3622457005214843,0.9999999998489858,0.9999998200244973,0.9952517333328779,0.9984440005598705
2400,402,intermediate_unlabelled,0.2510930668332292,3,325,0.86411,1.5987,0.73459,-2.0483,8.4264e-05,1.048370972594907,-20.073,15.357,6.535666151128653,-318.83,-82.113,188.80709538461537,195.65045550378085,1.6568483479900468e-05,0.0010575734926313223,0.5789817285563333,3.9709840443987208,0.9999999982903939,0.9999992162493603,0.9960684549853002,0.9969990621910085
2400,402,intermediate_unlabelled,0.2510930668332292,4,325,3.1415,3.1417,0.00019999999999997797,-0.0045503,0.0063198,0.001029006572707731,-0.6932,0.67543,0.12726014264191285,-29.344,32.962,9.207461015384615,13.400726866096969,8.337444745429696e-06,0.000770530838921675,0.12109475529284361,0.16182540840164827,0.9792565325888264,0.7607761836012678,0.35323286375270446,0.9999268109526812
2400,402,intermediate_unlabelled,0.2510930668332292,5,325,1.1022,1.3707,0.26849999999999996,-4.2132e-05,0.75745,0.38358747466003534,-7.2046,9.5034,2.6548178243366176,-2.1779,29.192,8.847902147692306,12.911375369964071,2.2398760838440198e-05,0.002528698004355932,1.1209652334343498,0.5552605435954477,0.9999999766275651,0.9999656874214734,0.9064894217733327,0.998303035862068
2400,402,intermediate_unlabelled,0.2510930668332292,6,325,-1.6489,0.92348,2.57238,-6.7411e-05,7.1862,3.6737971693022864,-59.684,71.363,23.732388316744085,-1.4842,9.5789,4.022281938461538,4.597136420621294,3.442873116629024e-05,0.006635654350525325,6.37635663870465,0.378541706064348,0.9999999993983872,0.9999974407290205,0.9632303604877331,0.987951327182364
2400,798,intermediate_unlabelled,0.4984384759525296,1,340,-1.0744,0.89606,1.97046,-4.2132e-05,4.7377,2.586998553097652,-33.321,48.157,14.879753422252714,-235.0,322.17,70.46888294117647,107.67959278340206,9.298501611379942e-06,0.0012094425485755385,0.7079334098087746,3.7667854288025513,0.9999999999239265,0.9999998385602132,0.9988677255143474,0.9993555147615765
2400,798,intermediate_unlabelled,0.4984384759525296,2,340,-0.90677,-0.33886,0.5679099999999999,-1.3663,4.2132e-05,0.7455220845361703,-14.859,10.309,4.305697043058932,-5.3695,129.23,78.37707691176472,82.94885724806058,4.122574732853484e-06,0.0006133902324279802,0.4708861996401548,1.69517766553729,0.9999999998199287,0.999999457779132,0.994001987487976,0.9980946123253027
2400,798,intermediate_unlabelled,0.4984384759525296,3,340,0.86411,1.7381,0.8739899999999999,-2.1058,4.2132e-05,1.1472043536821912,-21.187,15.31,6.60747379801944,-336.84,-71.248,181.93175588235295,190.81773562263547,1.7782815372009996e-05,0.0011778975709704558,0.6310825349869132,4.648596665724641,0.9999999985856968,0.9999991471513342,0.9954285247878564,0.9967326555735778
2400,798,intermediate_unlabelled,0.4984384759525296,4,340,3.1415,3.1416,9.999999999976694e-05,-0.0058142,0.0057826,0.0008144320663282697,-1.1553,1.0487,0.16387451557007413,-28.733,29.854,9.15321614705882,12.757586468474548,5.97773208054407e-06,0.0008760549759050865,0.16339179773520332,0.22048127344279217,0.9744334124001943,0.3799994224440768,0.16501507731715684,0.9998460192399807
2400,798,intermediate_unlabelled,0.4984384759525296,5,340,1.0646,1.3707,0.30610000000000004,-4.2132e-05,0.74814,0.40207781873654264,-7.963,9.0768,2.5976839745506553,-3.7445,30.223,9.966462411764706,13.981600533487743,2.561104606838051e-05,0.0026599624900759482,1.1435976981556255,0.5941398271845775,0.9999999760904987,0.9999637511080627,0.8978888498165168,0.9982482195428211
2400,798,intermediate_unlabelled,0.4984384759525296,6,340,0.92346,2.0519,1.1284399999999999,-2.726,0.00013482,1.482428879330302,-35.075,27.226,10.37598733344613,-6.4842,2.1789,3.1272422352941183,3.2895372855674148,2.988326162180544e-05,0.004844770349634009,5.877841073145828,0.35339403885488735,0.9999999976054511,0.9999911732392344,0.8240722914030142,0.9722167305695316
2400,799,intermediate_unlabelled,0.4990630855715178,1,322,-0.74346,0.89605,1.63951,-4.2132e-05,4.6795,2.374696556043534,-34.056,45.218,15.038904032708665,-232.72,329.08,72.14013105590062,111.61985206980334,6.521549167309814e-06,0.0011819746111506185,0.6680033924332044,3.7150112171240126,0.9999999999465734,0.9999998241639099,0.9990131430577034,0.999419344091643
2400,799,intermediate_unlabelled,0.4990630855715178,2,322,-0.90677,-0.39976,0.50701,-1.4487,4.2132e-05,0.7342847841727225,-14.243,10.996,4.656233957080837,0.97627,129.23,79.44069431677019,83.94107825683078,3.0547755712452617e-06,0.0003931845908297771,0.4215421379275703,1.4017740060360775,0.9999999998773957,0.9999997940163885,0.9958935975852743,0.9986629542753527
2400,799,intermediate_unlabelled,0.4990630855715178,3,322,0.86411,1.6558,0.7916899999999999,-2.2627,4.2132e-05,1.1463564783976112,-22.467,16.661,7.258486081400898,-332.02,-84.442,187.54196273291927,195.42360751677256,1.7484323762785106e-05,0.0010331118978934746,0.5698166564381923,4.01987594641775,0.9999999983529341,0.9999993829836764,0.9969139003504491,0.9973198226626006
2400,799,intermediate_unlabelled,0.4990630855715178,4,322,3.1415,3.1417,0.00019999999999997797,-0.0072046,0.0066674,0.0011191446297627201,-1.0842,1.1731,0.17972531601412997,-28.631,33.93,9.391811568322982,13.637634513724059,8.131404754939355e-06,0.0007932123237706784,0.17066453281649027,0.23315853540566103,0.9807938822344767,0.7714422054511773,0.3230284433362811,0.9998509606250475
2400,799,intermediate_unlabelled,0.4990630855715178,5,322,1.086,1.3707,0.28469999999999995,-4.2132e-05,0.82486,0.41254620918290824,-8.9109,11.684,2.927186343637661,-3.2096,29.612,8.784390031055901,12.849586231919906,2.6060304700341558e-05,0.0025019263668206396,1.2885463443882539,0.5429417911549058,0.9999999717145576,0.9999711377949216,0.8979090319828412,0.9983905524399743
2400,799,intermediate_unlabelled,0.4990630855715178,6,322,-1.0522,0.92348,1.97568,-6.7411e-05,5.6575,2.8623019358112494,-48.877,58.471,18.714138058431562,-1.3895,7.5474,3.436092049689441,3.7613594122631375,2.9309976699317354e-05,0.006151845020728639,4.7700889802044575,0.3415535290888289,0.9999999992570561,0.9999963902308806,0.966969610040006,0.9815002749972416
2400,800,intermediate_unlabelled,0.4996876951905059,1,341,-1.0306,0.89605,1.92665,-8.4264e-05,4.6767,2.5355410651633306,-35.999,42.967,14.51908240485317,-241.14,343.48,72.9150837829912,113.27613615547097,9.500862582604645e-06,0.0010802068237817067,0.6097851486788902,3.7249855463328756,0.9999999999188716,0.9999998704813357,0.9991177435320657,0.9994336064897719
2400,800,intermediate_unlabelled,0.4996876951905059,2,341,-0.90677,-0.51405,0.39271999999999996,-0.95526,4.2132e-05,0.5167634054207474,-8.7213,7.4416,2.966578102436419,30.346,119.8,83.39343695014662,85.50678174191353,3.6629062475393288e-06,0.00042930239315727914,0.31089482028759224,1.589311525195827,0.9999999997097122,0.9999994515032836,0.9944935481623046,0.9964582782944486
2400,800,intermediate_unlabelled,0.4996876951905059,3,341,0.86411,1.4931,0.62899,-1.5282,8.4264e-05,0.8274644979954799,-14.267,11.636,4.74982028001859,-280.8,-85.218,181.45859824046923,187.97072670602984,1.6177593259887692e-05,0.0009280878310562382,0.5243519104314,3.8650104777189105,0.9999999977925733,0.9999989850675794,0.9938879979085095,0.9968905683004976
2400,800,intermediate_unlabelled,0.4996876951905059,4,341,3.1415,3.1417,0.00019999999999997797,-0.0090689,0.012734,0.0014264100799162985,-1.9907,2.6128,0.23968026768069525,-28.071,37.394,9.341217214076247,13.687426853404203,8.289690986176661e-06,0.0009581835958531714,0.22535160839957968,0.33370836341267346,0.9809768331808865,0.7546995329193433,0.3406367211167919,0.9997020123628798
2400,800,intermediate_unlabelled,0.4996876951905059,5,341,1.1344,1.3707,0.23629999999999995,-4.2132e-05,0.59541,0.3112142384284773,-5.8774,8.4132,2.223704112802799,-1.3755,28.275,9.72233240175953,13.773345679349728,2.6134845786310628e-05,0.003156679174223614,1.2774438474300458,0.5693498820819753,0.9999999591908556,0.9999154281507278,0.8185618883413059,0.9983054851697909
2400,800,intermediate_unlabelled,0.4996876951905059,6,341,0.92346,2.163,1.2395399999999999,-3.0251,6.7411e-05,1.6321770834360267,-34.961,29.804,10.974035315572484,-6.3368,2.0842,3.176880703812317,3.381893205512309,3.154925002166386e-05,0.004876335449305937,5.713757619959662,0.3597941011558909,0.99999999783979,0.9999926776843072,0.8537633727776993,0.9744015864347492
2400,801,intermediate_unlabelled,0.5003123048094941,1,339,-1.0573,0.89605,1.95335,-4.2132e-05,4.7406,2.576931322269601,-33.653,46.759,14.862533667593631,-234.43,321.6,70.21692238938053,106.7753649313397,9.65159882092287e-06,0.001164986622672736,0.7231983511672532,3.634743207355145,0.9999999999165904,0.9999998508203439,0.9988155800337655,0.9993892119255685
2400,801,intermediate_unlabelled,0.5003123048094941,2,339,-0.90677,-0.32523,0.58154,-1.4115,4.2132e-05,0.7670989693888216,-15.689,10.167,4.441320535608592,-6.1424,127.69,77.03347280235988,81.84311596583983,4.0329904844814925e-06,0.0006192239921744443,0.4927392852670439,1.45349307713843,0.9999999998356379,0.9999994800915603,0.9938267725153752,0.998664195828938
2400,801,intermediate_unlabelled,0.5003123048094941,3,339,0.86411,1.7561,0.89199,-2.1672,8.4264e-05,1.176448323852046,-22.135,15.665,6.795505058487083,-346.93,-77.457,183.15740412979352,192.2272303553339,1.7185040346320905e-05,0.0011437485098903962,0.6493729849408587,4.3400593570841535,0.9999999987317306,0.9999992364232481,0.9954238716723981,0.9972301249301392
2400,801,intermediate_unlabelled,0.5003123048094941,4,339,3.1415,3.1417,0.00019999999999997797,-0.006699,0.005119,0.0009363080725344895,-1.3864,1.3331,0.18377139345007992,-28.02,30.975,9.332450988200591,12.965713705426671,8.705936994035598e-06,0.00091058179097466,0.182571764447531,0.24388757874979478,0.9706375470928663,0.5837823674931468,0.19063244817305175,0.9998162991390466
2400,801,intermediate_unlabelled,0.5003123048094941,5,339,1.0603,1.3707,0.3104,-4.2132e-05,0.76672,0.4097396743240335,-8.2,9.6693,2.6625407725228905,-3.3624,30.758,9.85588203539823,13.891852595311052,2.469955823380459e-05,0.0024786536999611168,1.192309122884749,0.5049400584166438,0.9999999783775797,0.9999697769244216,0.8941375925892036,0.9987350331475056
2400,801,intermediate_unlabelled,0.5003123048094941,6,339,0.92346,1.7632,0.8397400000000002,-2.0511,6.7411e-05,1.1088151029729105,-24.951,19.869,8.712781976670362,-5.8947,2.2211,3.026518466076696,3.150489403265452,3.0233513511465785e-05,0.004233385871634662,5.864629106992548,0.30893899135292935,0.9999999955742855,0.9999879769050813,0.7395462333038607,0.9761811370162524
2400,802,intermediate_unlabelled,0.5009369144284822,1,316,-0.79335,0.89605,1.6894,-4.2132e-05,4.7002,2.39391552783259,-32.563,52.612,15.309487964272181,-242.48,296.46,62.7444857278481,99.22388316602036,7.501247803275717e-06,0.0011699373335451045,0.628065538822866,3.4015233851905244,0.999999999929115,0.9999998218519206,0.9991585210406455,0.9993773654285543
2400,802,intermediate_unlabelled,0.5009369144284822,2,316,-0.90677,-0.12159,0.78518,-2.1827,4.2132e-05,1.1125700096864601,-24.742,14.931,7.144402874448297,-63.742,147.09,76.44237310126582,81.33830616529036,5.083698135566661e-06,0.0007547259394886698,0.7335442235594304,1.8215073476114643,0.9999999998492243,0.9999996392748107,0.9947154479886892,0.9991180283172053
2400,802,intermediate_unlabelled,0.5009369144284822,3,316,0.86411,2.0042,1.1400899999999998,-3.1758,8.4264e-05,1.615176345711758,-35.17,21.756,10.325865571371791,-471.41,-47.343,192.84307911392406,207.95014542920734,1.6158870784685762e-05,0.0011415939946702576,0.6878404408284907,4.160705755625118,0.9999999992776383,0.9999996083542146,0.9977790669409438,0.9985696988259489
2400,802,intermediate_unlabelled,0.5009369144284822,4,316,3.1414,3.1416,0.00019999999999997797,-0.011692,0.011186,0.0014102286408284926,-2.3996,1.973,0.27496405904070303,-27.765,33.165,9.165295537974684,12.611859743964512,8.723930657044674e-06,0.0008048152159497839,0.25773529339855966,0.37158757490207245,0.9498049206339471,0.8446595186579391,0.37449100047933415,0.9995464566985874
2400,802,intermediate_unlabelled,0.5009369144284822,5,316,1.0157,1.3707,0.355,-4.2132e-05,0.99284,0.5030359622433345,-8.4369,12.821,3.4569666649196935,-9.7433,27.128,9.133607563291138,12.510436377508588,2.5616508550963463e-05,0.0023395396852573308,1.2565187801826285,0.5734288476857301,0.9999999812737917,0.9999821748811983,0.9316077740140493,0.9981544478300544
2400,802,intermediate_unlabelled,0.5009369144284822,6,316,-3.0746,0.92348,3.9980800000000003,-6.7411e-05,11.14,5.666596402128294,-82.398,135.07,37.51785464331555,-1.6526,12.579,4.131614651898733,4.926625429940176,4.475240158630487e-05,0.00805232757051849,9.733360997073328,0.5807952587128157,0.9999999995495736,0.9999983526561813,0.9657615669472734,0.9791987689422924
2400,1199,intermediate_unlabelled,0.7489069331667708,1,316,-0.64746,0.89605,1.54351,-4.2132e-05,4.6794,2.3062911913431563,-32.824,46.142,15.093977330032205,-225.4,308.34,69.15197835443038,108.00252198457434,5.897077474148863e-06,0.0009885616668672504,0.5855016555153502,3.4293781602482345,0.9999999999502548,0.9999998760897506,0.9992475049420637,0.9994733963410712
2400,1199,intermediate_unlabelled,0.7489069331667708,2,316,-0.90677,-0.31841,0.58836,-1.7865,4.2132e-05,0.8790089280999531,-18.509,12.892,5.771200364393864,-22.454,136.88,78.17221509493672,83.67463178503249,3.967156076141035e-06,0.0005586493358171202,0.559015498537936,1.5027725560853462,0.9999999998450069,0.999999705419661,0.9952978788005018,0.9989903663081708
2400,1199,intermediate_unlabelled,0.7489069331667708,3,316,0.86411,1.765,0.9008899999999999,-2.7303,8.4264e-05,1.3457165640212427,-27.42,19.623,8.808759920572268,-380.61,-63.797,186.97621518987341,197.1026695033693,1.6487740549304394e-05,0.0011915817165467752,0.6227706274677198,4.446677244193784,0.9999999988583714,0.9999994104007427,0.9974978170297695,0.9974550956204499
2400,1199,intermediate_unlabelled,0.7489069331667708,4,316,3.1415,3.1416,9.999999999976694e-05,-0.0030335,0.0046767,0.0006689408646613634,-1.1376,0.67543,0.13130323496607751,-29.039,27.969,9.163851360759494,12.880068860514124,6.214443308896479e-06,0.000829290684799861,0.13591441532008347,0.17654144128223762,0.975846389327186,0.3585802701282156,0.11105342102528101,0.9999034806119537
2400,1199,intermediate_unlabelled,0.7489069331667708,5,316,1.0581,1.3707,0.3126,-4.2132e-05,0.97013,0.46715493726292595,-8.2237,12.11,3.3863288140311685,-5.12,30.147,8.65384075949367,12.560092062155421,2.6985109458137202e-05,0.003091014688875886,1.4299135645951966,0.6361397212436912,0.9999999745995913,0.9999661043109951,0.9064803929312776,0.9977719426918211
2400,1199,intermediate_unlabelled,0.7489069331667708,6,316,0.75365,0.92347,0.16981999999999997,-6.7411e-05,0.52655,0.2538915941569072,-16.533,19.528,4.796683947897955,-0.94737,4.0211,2.3647234177215193,2.4310668298272007,2.1075745438196092e-05,0.004301884696013514,4.4897992589803595,0.27014065030553797,0.9999999475036845,0.9997776485216393,0.3519481484035484,0.9541552860761895
2400,1200,intermediate_unlabelled,0.749531542785759,1,316,-0.63753,0.89605,1.5335800000000002,-4.2132e-05,4.657,2.298953655064723,-33.89,44.768,15.082081989995125,-234.43,332.75,71.99253335443038,113.36576928596911,6.180675872708705e-06,0.0010428817768228734,0.6274883372064576,3.2550420690228417,0.9999999999452915,0.9999998592976468,0.9991342611029423,0.9995715265137173
2400,1200,intermediate_unlabelled,0.749531542785759,2,316,-0.90677,-0.4245,0.48227,-1.4671,4.2132e-05,0.7228648576864747,-14.267,10.641,4.749705094276774,0.3661,133.26,80.01356962025316,84.46350012227737,3.5589248591203253e-06,0.0004653523569211775,0.4319014827164159,1.9226222605062173,0.9999999998165263,0.9999996990112228,0.995857186823198,0.9974720881327391
2400,1200,intermediate_unlabelled,0.749531542785759,3,316,0.86411,1.6215,0.7573899999999999,-2.3022,8.4264e-05,1.1349582445870554,-22.04,16.969,7.453457198680031,-327.83,-72.8,185.6357246835443,193.3823228581553,1.720682047702075e-05,0.001095630590357921,0.6691887818556597,4.434317431093121,0.9999999982611972,0.9999992986218492,0.9959615332858314,0.996645946923506
2400,1200,intermediate_unlabelled,0.749531542785759,4,316,3.1415,3.1417,0.00019999999999997797,-0.0071414,0.012229,0.0013588595146250904,-1.7952,2.3285,0.21993626236466032,-28.682,35.764,9.332171392405064,13.849263595381638,8.610737681113291e-06,0.0009072197179424635,0.20574736292475587,0.30676183411968677,0.9812827784847037,0.7727695031975398,0.35533977963681956,0.999753777364461
2400,1200,intermediate_unlabelled,0.749531542785759,5,316,1.0956,1.3707,0.2751000000000001,-4.2132e-05,0.84833,0.41260113721961394,-8.2237,10.001,2.979748998807301,-2.6746,29.459,8.569209746835444,12.587866482817535,2.5728891339408984e-05,0.0029163758605040106,1.1897870538349107,0.5953369279569537,0.9999999705486465,0.999961449144352,0.9168450005911715,0.9979918382799962
2400,1200,intermediate_unlabelled,0.749531542785759,6,316,0.92346,1.9179,0.99444,-3.0359,6.7411e-05,1.4917098439383814,-32.724,30.145,10.913727852144307,-6.0421,2.1158,2.9202542721518987,3.1151029090275593,3.0061902138084463e-05,0.004581073452231917,4.796692768607887,0.3121838529420946,0.9999999969237334,0.9999927394113909,0.8982378767651867,0.9793534636868184
2400,1201,intermediate_unlabelled,0.750156152404747,1,333,-0.98145,0.89605,1.8775,-4.2132e-05,4.567,2.500045455762604,-37.35,37.255,14.20299606933954,-261.88,358.86,75.70813153153154,124.48793090832557,6.494227932668975e-06,0.0011418577593762288,0.627928331473559,3.6977423183119797,0.9999999999604133,0.9999998459138169,0.9990222954861562,0.999542446369613
2400,1201,intermediate_unlabelled,0.750156152404747,2,333,-0.90677,-0.83668,0.07008999999999999,-0.17169,8.4264e-05,0.09328391102646028,-1.5405,1.8722,0.5555769425322747,76.027,128.46,94.65072072072073,95.56101091872046,2.5849767447025246e-06,0.0002914215078778325,0.17037226356570506,1.0739267211324088,0.9999999954980939,0.9999918501653656,0.9518198772935786,0.996664191384804
2400,1201,intermediate_unlabelled,0.750156152404747,3,333,0.86411,0.98326,0.11914999999999998,-0.29126,8.4264e-05,0.15841645609946525,-3.5075,3.2231,1.0643189051092157,-228.8,-91.582,176.3062222222222,182.12750313447995,3.963388866329016e-06,0.0008156786948035574,0.5789539414741872,3.191655752307798,0.9999999963356375,0.9999777996919365,0.8391071384924372,0.9975559869609826
2400,1201,intermediate_unlabelled,0.750156152404747,4,333,3.1415,3.1417,0.00019999999999997797,-0.007805,0.0072678,0.0012900956084829457,-0.8354,1.2975,0.17464248856767678,-31.841,38.718,9.436209834834836,14.530750162092415,8.001241781438918e-06,0.0008594923849345124,0.1625559646828447,0.2240812891392263,0.9804530683477424,0.7632380645521892,0.3675661494774373,0.9998810688462395
2400,1201,intermediate_unlabelled,0.750156152404747,5,333,1.3216,1.3707,0.04909999999999992,-0.0001264,0.12319,0.06559170892526081,-6.3751,7.3705,1.392258102643466,1.834,26.861,9.59214864864865,13.655624523275772,2.072041888404785e-05,0.0013643096606472665,1.3328875235318813,0.33179877540980107,0.9999994108506073,0.9996405503866945,0.28893207809788146,0.9994171403140785
2400,1201,intermediate_unlabelled,0.750156152404747,6,333,-2.8943,0.92348,3.81778,-6.7411e-05,9.296,5.084087603211089,-92.029,83.801,30.964603318608415,-1.2526,9.4632,3.810748957957958,4.4829368408132355,4.4884399173819405e-05,0.006512450836589634,11.357149017968261,0.658010950379966,0.9999999995427631,0.9999986480415252,0.9303083920986724,0.9650751371510599
2400,1202,intermediate_unlabelled,0.7507807620237351,1,335,-0.92658,0.89605,1.82263,-4.2132e-05,4.6639,2.4728028825205444,-35.265,42.303,14.545176139134336,-241.34,333.11,71.93702805970149,114.02355573830178,6.425436004417723e-06,0.001256757263418474,0.7000536062512618,3.9973754013674525,0.9999999999588262,0.9999998104800125,0.9988411906194898,0.9993616167124779
2400,1202,intermediate_unlabelled,0.7507807620237351,2,335,-0.90677,-0.53195,0.37481999999999993,-0.96086,4.2132e-05,0.5084510112787529,-8.7924,7.3705,2.997239055398747,30.712,121.91,84.67310447761196,86.75746258932031,3.661781121347661e-06,0.00045086460755981185,0.3066259462070503,1.491402764023714,0.9999999996837281,0.9999993822380551,0.994753430075774,0.9968836843353973
2400,1202,intermediate_unlabelled,0.7507807620237351,3,335,0.86411,1.4667,0.6025899999999998,-1.5462,8.4264e-05,0.8172027170344538,-14.48,11.802,4.828457433492766,-266.05,-81.803,178.52523582089555,185.02835865573638,1.539329279594849e-05,0.0009891422828328632,0.628800037769864,4.155297918757634,0.9999999978376144,0.9999988347246914,0.9914841667172782,0.996342101628916
2400,1202,intermediate_unlabelled,0.7507807620237351,4,335,3.1415,3.1417,0.00019999999999997797,-0.0036655,0.006699,0.0008515984328412878,-1.2264,0.99537,0.15655196886411185,-30.261,31.739,8.898558104477612,13.187418388685893,8.3437730661675e-06,0.001015174016677857,0.16142750759002195,0.21179589061860543,0.952360236207297,0.5008599903327444,0.1881157826470129,0.9998691569750225
2400,1202,intermediate_unlabelled,0.7507807620237351,5,335,1.143,1.3707,0.2277,-4.2132e-05,0.60695,0.3092935308980393,-6.8017,7.6786,2.257141944201148,-1.8722,28.466,9.183971701492538,13.309932348865427,2.492324940213174e-05,0.003110838862348274,1.2597436979046512,0.5434077605630595,0.9999999603278845,0.9999181590196906,0.8298285041295013,0.9984219394820552
2400,1202,intermediate_unlabelled,0.7507807620237351,6,335,-2.3784,0.92348,3.30188,-6.7411e-05,8.4619,4.480274029889548,-71.477,79.288,28.09115497173428,-1.1895,9.6,3.7183305970149254,4.310588650139138,4.111078150689409e-05,0.007050446713609243,9.885690776936551,0.5802291442788546,0.9999999994865163,0.9999980130939397,0.9360321399879533,0.9687909780163899
2400,1203,intermediate_unlabelled,0.7514053716427233,1,331,-0.9058,0.89605,1.80185,-4.2132e-05,4.7311,2.48134147164908,-32.231,46.925,14.90866917709148,-231.74,318.92,68.55214138972809,105.56556810108165,6.215981036997653e-06,0.0011979441663126946,0.7156190536907644,3.9295118102679303,0.999999999959291,0.9999998311353141,0.9988474646181247,0.9992733424091376
2400,1203,intermediate_unlabelled,0.7514053716427233,2,331,-0.90677,-0.2901,0.6166699999999999,-1.6199,4.2132e-05,0.8491025809769466,-16.826,11.542,5.120596635190906,-17.858,134.4,79.30295425981873,84.55171311267401,4.656857804458678e-06,0.0006706036469271554,0.5416462622770694,1.6713560034310024,0.9999999998048553,0.9999995151418398,0.9943899495131806,0.9986258827856688
2400,1203,intermediate_unlabelled,0.7514053716427233,3,331,0.86411,1.8017,0.93759,-2.4659,0.00016853,1.2907720348524865,-24.789,17.324,7.760335010217052,-362.6,-73.576,182.28148036253776,192.36995983146358,1.6254275453054657e-05,0.0012824130800234176,0.6374632951196259,4.722487891869822,0.9999999989716915,0.9999992221331044,0.9966205736273519,0.9970455842951989
2400,1203,intermediate_unlabelled,0.7514053716427233,4,331,3.1415,3.1416,9.999999999976694e-05,-0.0028439,0.0042027,0.0005659551031606857,-0.78208,0.51546,0.11066994632409308,-27.001,28.377,8.89540092145015,12.295444917421921,6.0777442913124096e-06,0.0007115801703975501,0.11404051176284684,0.1493806689756693,0.9766675949190516,0.4636265481871064,0.1644908102839394,0.9999243896227221
2400,1203,intermediate_unlabelled,0.7514053716427233,5,331,1.0498,1.3707,0.32089999999999996,-4.2132e-05,0.85785,0.4420422920285452,-7.1098,11.139,2.972585175138767,-5.2346,30.491,9.216789268882176,13.279087583013885,2.501085834820424e-05,0.0027071757854007007,1.3117234978266061,0.5426218047434234,0.9999999792235483,0.9999697563778834,0.8973782203448878,0.998506516869816
2400,1203,intermediate_unlabelled,0.7514053716427233,6,331,-2.1399,0.92348,3.06338,-6.7411e-05,8.0555,4.219395443132597,-61.997,85.697,27.045251688344592,-1.2421,9.6632,3.6601061933534744,4.212673176078828,4.1239259683913746e-05,0.006519861668892654,9.500540820510082,0.5863777096084593,0.9999999993801965,0.9999980917461382,0.9362694236105712,0.9655295251576012
2400,1597,faulty_evident,0.9975015615240476,1,329,-0.81622,0.89605,1.71227,-8.4264e-05,4.6859,2.413243750976557,-34.293,45.645,14.937440428497286,-238.29,332.34,71.97910571428572,111.96439049925073,6.200182610297511e-06,0.0011400658738897286,0.623418215148707,3.837158509095982,0.9999999999562658,0.999999842502148,0.9991288313969183,0.9993873126518432
2400,1597,faulty_evident,0.9975015615240476,2,329,-0.90677,-0.41017,0.4966,-1.3614,4.2132e-05,0.6998131336071294,-13.343,10.285,4.343823028430784,10.942,137.29,83.36149848024317,87.25312603227609,3.2955651508898147e-06,0.0003823901007402117,0.4495466947696909,1.4638936418928716,0.9999999998530704,0.9999997831730262,0.9946305123221912,0.9983851040754288
2400,1597,faulty_evident,0.9975015615240476,3,329,0.86411,1.6415,0.7773899999999999,-2.1357,4.2132e-05,1.095143082604767,-20.879,15.594,6.777487067376481,-389.15,-85.994,217.3122887537994,228.21124498679396,1.625561633073935e-05,0.0009600378777990622,0.5316928985586521,3.439441140145734,0.999999998541169,0.9999994132158265,0.9969181140917401,0.9987812120908871
2400,1597,faulty_evident,0.9975015615240476,4,329,3.1415,3.1417,0.00019999999999997797,-0.0027175,0.0038235,0.000701217051378569,-0.44436,0.6932,0.10188986862203028,-30.007,31.331,8.89823509118541,13.180332787938612,8.691285892779211e-06,0.0008550051898174977,0.11512215680690858,0.1212686096088826,0.9628757569475301,0.5786032037437037,0.19377484151684543,0.9999571700046631
2400,1597,faulty_evident,0.9975015615240476,5,329,1.09,1.3707,0.28069999999999995,-8.4264e-05,0.77982,0.3958454693176882,-7.1572,12.158,2.911158626311833,-3.9737,28.771,9.105809300911854,13.082405593259764,2.5242033125290796e-05,0.002531104729036414,1.5366852199775254,0.5155991720590799,0.9999999730360167,0.9999676924610627,0.8493418667026005,0.9985503682887199
2400,1597,faulty_evident,0.9975015615240476,6,329,0.92346,1.727,0.8035400000000001,-2.2211,0.00020223,1.132947606503189,-30.411,28.325,9.622537363742596,-5.2211,1.6947,2.8633822279635255,2.9859475702592992,3.183656398879779e-05,0.005341931741476617,6.576893288866881,0.34034531527380646,0.9999999947656698,0.9999824426079934,0.7299615247875594,0.9663398320812244
2400,1598,faulty_evident,0.9981261711430356,1,323,-0.72893,0.89605,1.6249799999999999,-4.2132e-05,4.6911,2.3572051853207214,-32.895,45.834,14.98686689452481,-233.49,309.32,69.06645173374613,108.50586889954225,6.0755516742374205e-06,0.0010529900411901942,0.5774656768296574,3.5626520234075296,0.9999999999531911,0.9999998626878746,0.999257517894559,0.9994390325786812
2400,1598,faulty_evident,0.9981261711430356,2,323,-0.90677,-0.33799,0.56878,-1.6441,4.2132e-05,0.8249339713120997,-16.945,11.518,5.267172155300611,-8.2576,141.88,80.7669936842105,86.0721127257137,4.2065730263861054e-06,0.0006852068301258017,0.5617411735482463,1.5170478903788744,0.9999999998167804,0.9999994791139745,0.9942968275738591,0.9987869356383575
2400,1598,faulty_evident,0.9981261711430356,3,323,0.86411,1.7393,0.87519,-2.5333,8.4264e-05,1.2690871659978475,-25.737,18.035,8.065611131998883,-438.51,-78.699,220.61746749226006,233.45248613673866,1.4848551008264248e-05,0.0009433876352086102,0.5072688269372321,3.65444933697283,0.9999999990359807,0.9999995871133533,0.9980204073304549,0.9988537030399152
2400,1598,faulty_evident,0.9981261711430356,4,323,3.1415,3.1417,0.00019999999999997797,-0.0021803,0.0042659,0.0006097261101370649,-0.8354,0.53323,0.10659180409164129,-29.803,28.631,9.066864040247676,12.956156150056486,9.351531238409254e-06,0.0008178581178964751,0.11283810858932784,0.14464393120238492,0.947736196989596,0.4843903597570751,0.2338920943415082,0.9999366236780288
2400,1598,faulty_evident,0.9981261711430356,5,323,1.0643,1.3707,0.3064,-0.00033706,0.90554,0.4445977119497898,-6.8254,9.6693,3.1443741514638393,-5.8078,30.07,8.734942074303406,12.724631710010836,2.5664535802828368e-05,0.0030715344381447214,1.3522111014046145,0.5879021840173505,0.9999999765096179,0.9999627308668426,0.9028140893393065,0.9981296022255927
2400,1598,faulty_evident,0.9981261711430356,6,323,-0.80131,0.92348,1.72479,-6.7411e-05,4.999,2.5022129432249636,-39.891,57.106,16.812557199667577,-1.1789,6.4211,3.0374096904024768,3.271033375639048,2.9907046248755734e-05,0.00627089157646301,5.5219843458228075,0.35606460099116505,0.9999999989933863,0.9999951097595483,0.9445235913559722,0.9705017628107756
2400,1599,faulty_evident,0.9987507807620236,1,333,-0.8837,0.89605,1.77975,-4.2132e-05,4.6555,2.443080239409185,-35.336,41.64,14.51165493856019,-243.66,330.06,71.34874768768768,114.61479440203047,6.124633784465555e-06,0.0011154960319972778,0.6213643037181543,3.254943122697585,0.999999999960908,0.9999998517705142,0.9990829616873602,0.9995827021377354
2400,1599,faulty_evident,0.9987507807620236,2,333,-0.90677,-0.54989,0.35688,-0.93428,4.2132e-05,0.4898160730163757,-8.3895,7.2994,2.915237540309241,38.766,126.14,88.06203903903904,89.92886829536934,3.132164613676735e-06,0.0003461321650939615,0.28424313571575227,1.3394376992755563,0.9999999997456673,0.9999996185158366,0.9952353633319174,0.9972970623929116
2400,1599,faulty_evident,0.9987507807620236,3,333,0.86411,1.44,0.5758899999999999,-1.5086,8.4264e-05,0.7901251605369346,-13.414,11.636,4.699968887201529,-316.5,-106.02,210.6268168168168,218.74289455298296,1.6882972243431307e-05,0.0008799794712099081,0.4862372343101536,3.3123064416463173,0.999999997161958,0.9999990241000543,0.9946341225464647,0.9984246017984102
2400,1599,faulty_evident,0.9987507807620236,4,333,3.1415,3.1417,0.00019999999999997797,-0.0032547,0.0044239,0.0007745879736102579,-0.71098,0.63988,0.12783245296584222,-31.433,32.452,8.838914159159158,13.513400270398938,1.0815775035386542e-05,0.0010470869379272721,0.14414724527248185,0.15950176707312289,0.9120480448618677,0.5124842157440539,0.2102210764753035,0.9999298739863588
2400,1599,faulty_evident,0.9987507807620236,5,333,1.1517,1.3707,0.21900000000000008,-8.4264e-05,0.59153,0.30086495483179576,-5.7352,9.6219,2.3155336163496196,-1.643,27.816,9.141691558558557,13.13736579509524,2.4231524753489612e-05,0.0021236414920055495,1.4375391376724813,0.41355888435158195,0.9999999595902668,0.9999599963146543,0.7839614241917084,0.9990463734063563
2400,1599,faulty_evident,0.9987507807620236,6,333,-1.6872,0.92348,2.61068,-0.00013482,6.8477,3.5839235596592083,-59.608,63.704,22.672388634559812,-1.2,7.3895,3.3753443153153158,3.727643666434577,3.56728284079053e-05,0.0069430154582893235,7.940792482746574,0.4605660346334444,0.9999999993837373,0.9999969995353724,0.9366598262599648,0.9662641596052203
2400,1600,faulty_evident,0.999375390381012,1,335,-0.84008,0.89605,1.7361300000000002,-4.2132e-05,4.6182,2.38622446507356,-35.217,38.63,14.10616422364163,-249.03,341.78,71.89124352238805,116.96696141335522,6.185888575639436e-06,0.001217312801073137,0.6594663990355906,3.6618052978300506,0.9999999999587713,0.9999998116606456,0.9989066687713501,0.9994943383550202
2400,1600,faulty_evident,0.999375390381012,2,335,-0.90677,-0.66875,0.23802,-0.63417,4.2132e-05,0.3270757797103546,-5.6167,4.9531,1.9421149106164988,57.031,119.8,91.32449253731343,92.42041561074419,2.704616703153373e-06,0.00030167410967777564,0.23591236196462256,1.1237428586152842,0.9999999995805672,0.9999993401166251,0.9925949357222604,0.9968598312024958
2400,1600,faulty_evident,0.999375390381012,3,335,0.86411,1.2571,0.39299000000000006,-1.0485,0.0001264,0.5398884698776287,-9.7167,8.2237,3.2110269566754983,-277.7,-105.55,210.51107462686568,217.51684604858855,1.5650500022100986e-05,0.0008248542734083505,0.458420556432178,2.9895146477212937,0.9999999948485054,0.9999981626884298,0.9897566923177877,0.9985087267514648
2400,1600,faulty_evident,0.999375390381012,4,335,3.1416,3.1416,0.0,-0.0035707,0.0039499,0.0006684389728141075,-0.7643,0.44436,0.10669086784975708,-30.873,31.943,8.791635447761193,13.35183882305899,1.108798373810706e-14,0.0006684389728558148,0.1066908678543093,0.1375939570353219,,-0.13024413313982294,-0.11642914520130625,0.9999466260912524
2400,1600,faulty_evident,0.999375390381012,5,335,1.2157,1.3707,0.15500000000000003,-8.4264e-05,0.42001,0.21338560095414338,-5.356,10.546,1.9703365185812878,0.26746,27.816,9.169001791044776,12.999084202222472,2.2530369773492e-05,0.0016820583589226047,1.4790148002927364,0.48063140515760416,0.9999999314301278,0.9999505707464963,0.6607182499831887,0.9986387192232871
2400,1600,faulty_evident,0.999375390381012,6,335,0.92346,1.1255,0.20204,-0.55203,0.00013482,0.27803662801417317,-22.41,24.306,6.1033275974269365,-3.9789,2.0842,2.5779414925373136,2.638748926445959,2.9201481495370424e-05,0.004087277010097611,5.869533286142966,0.32138036533018893,0.9999999321944959,0.9998279809105072,0.2741258321387237,0.9680975362845176
2400,1601,faulty_evident,1.0,1,333,-0.93721,0.89605,1.8332600000000001,-4.2132e-05,4.7605,2.4929351462860745,-31.639,48.347,14.813383093493366,-224.46,293.37,64.20430744744745,101.05033774769927,6.012105827256985e-06,0.0010915598996099284,0.612966217955478,3.785715825863873,0.9999999999627439,0.9999998632396259,0.9991436781583893,0.9992686419533463
2400,1601,faulty_evident,1.0,2,333,-0.90677,-0.20745,0.6993199999999999,-1.8151,4.2132e-05,0.9508337434439493,-19.386,11.873,5.679641384473444,-27.824,139.2,79.50329876876877,85.21859020523907,5.0389229736510214e-06,0.0008169467514224203,0.6682167745148745,1.5191791021415642,0.9999999998200766,0.9999994188852185,0.993055151563155,0.9991000295658999
2400,1601,faulty_evident,1.0,3,333,0.86411,1.9044,1.0402900000000002,-2.7098,0.00025279,1.4139730386109644,-28.321,17.94,8.438472931441174,-508.98,-72.024,216.19653153153155,233.08281143638646,1.7241511689174464e-05,0.0011821811017371936,0.6730484373881239,4.03383811577136,0.9999999990479319,0.999999449562968,0.9968143176567602,0.9989271922952301
2400,1601,faulty_evident,1.0,4,333,3.1415,3.1416,9.999999999976694e-05,-0.0016431,0.0025911,0.0004850444836714393,-0.51546,0.47991,0.08914925557435946,-27.001,26.644,8.917408063063064,12.119476147710966,6.040234339021973e-06,0.0006590066061987344,0.10024816463473336,0.11985967117014487,0.9743883616485033,0.5197999803080138,0.06009531463634919,0.999949303170368
2400,1601,faulty_evident,1.0,5,333,1.0297,1.3707,0.34099999999999997,-4.2132e-05,0.89842,0.4637860630151139,-7.2046,10.902,2.962603130209361,-8.2531,29.039,9.474106336336337,13.357802505031893,2.3114760290602037e-05,0.002491754969662832,1.0697065152551866,0.5847992441824025,0.9999999840814578,0.999976533773245,0.9325402654592444,0.9982678649191695
2400,1601,faulty_evident,1.0,6,333,0.91549,0.92348,0.007989999999999942,-0.00013482,0.029661,0.010860730368987704,-13.423,14.257,2.9400058249270224,-0.64211,2.8105,1.8935679759759763,2.0496465663378314,1.0922671234257106e-05,0.001717358201029197,2.9390624316160605,0.14489907176982586,0.9999934903842385,0.9794632999121798,0.025462398600667728,0.9904431451891439
2500,0,training_healthy,0.0,1,249,0.89605,0.89607,2.0000000000020002e-05,-0.00029492,0.00042132,0.00010865349512594768,-0.071098,0.094797,0.02833744227191396,10.942,20.542,14.985819277108433,15.30902676665531,1.2176699674823683e-06,9.34153816903872e-05,0.02786831216721729,0.2201805651787291,0.8151624198362237,0.6036222085636669,0.2158702480884169,0.9975214741918711
2500,0,training_healthy,0.0,2,249,-1.1148,-0.90677,0.20803000000000005,-1.5689,8.4264e-05,0.5105297721448607,-20.879,16.755,6.92206411698543,-137.49,246.51,104.51379746987952,113.68627966768695,1.8671469070028958e-05,0.0011339639781582892,0.3997425607221178,1.5120529930014972,0.9999999738442297,0.9999968856470911,0.9983325735995185,0.9997855583971369
2500,0,training_healthy,0.0,3,249,0.86411,1.0473,0.18318999999999985,-4.2132e-05,1.5229,0.47378809268812444,-18.106,22.846,7.134876874863367,-372.38,287.16,143.8866763052209,161.164376159341,1.7263238484455136e-05,0.0014371107065605019,0.536757872238094,3.666834013605399,0.9999999666135985,0.9999943303008945,0.9971685816009628,0.9995553864563459
2500,0,training_healthy,0.0,4,249,3.1416,3.1416,0.0,-6.3198e-05,9.4797e-05,2.5487730866967893e-05,-0.035549,0.035549,0.011596905630763552,-0.76418,0.45851,0.3056725100401606,0.356017691125987,1.1156707080155997e-14,2.5487730846442696e-05,0.011596905629141377,0.03700897535505517,,0.06381211764491396,0.04190930069915181,0.9945684894573759
2500,0,training_healthy,0.0,5,249,0.97952,1.3707,0.3911800000000001,-2.8294,4.2132e-05,0.9451726211807531,-37.279,40.502,12.608872572547835,-12.227,2.6746,3.2144700321285136,3.9655014190095708,2.080731666395797e-05,0.002860098267850053,2.7075363875088896,0.6560773823254826,0.9999999900548082,0.9999941521726208,0.9766739429266562,0.9719303859337761
2500,0,training_healthy,0.0,6,249,0.91564,0.92347,0.007830000000000004,-0.05676,6.7411e-05,0.01892559431490309,-0.83421,0.72046,0.26169660313857546,-2.4526,-2.0211,2.186222891566265,2.1897149091820096,2.08654034823479e-06,0.00022099487695268069,0.0856042789605314,0.01333148921561038,0.9999997502123085,0.9999129413749129,0.9449853656560482,0.9941687276533854
2500,1,training_healthy,0.0006134969325153,1,249,0.89606,0.89607,1.0000000000065512e-05,-0.00037919,0.00042132,0.00012147833745650617,-0.094797,0.094797,0.030706075900917913,11.146,20.176,14.891212851405621,15.162901726883165,1.1329609332356516e-06,0.00010078000762665638,0.030051200171418446,0.22025444500622832,0.7983178681391422,0.5966503776315502,0.219358888418588,0.9970251828255399
2500,1,training_healthy,0.0006134969325153,2,249,-1.1148,-0.90677,0.20803000000000005,-1.5687,8.4264e-05,0.510506153126274,-20.879,16.589,6.920983152213235,-137.29,247.48,103.89016465863453,113.25225594616464,1.8264556080844796e-05,0.0012020619272178833,0.40220708529930593,1.5044683301778612,0.9999999749709233,0.9999965017606454,0.9983112454407156,0.9997875055158639
2500,1,training_healthy,0.0006134969325153,3,249,0.86411,1.0473,0.18318999999999985,-4.2132e-05,1.5226,0.4737318426264822,-18.13,23.107,7.134503160007963,-368.04,285.61,142.7896345381526,160.16042731103653,1.6507572849959766e-05,0.0014650816301445741,0.5583773729799332,3.5141599724077928,0.9999999694712222,0.9999941001752618,0.9969350725782669,0.9995858097333032
2500,1,training_healthy,0.0006134969325153,4,249,3.1416,3.1416,0.0,-6.3198e-05,9.4797e-05,2.193634604008519e-05,-0.035549,0.035549,0.011705833899776497,-0.91701,0.40756,0.2606613453815261,0.3148114752701162,1.1156707080155997e-14,2.193634601081704e-05,0.011705833898062306,0.03439111687141659,,0.09045941305328162,0.044286551295780796,0.9936849019795603
2500,1,training_healthy,0.0006134969325153,5,249,0.97952,1.3707,0.3911800000000001,-2.827,4.2132e-05,0.9451820756540147,-36.995,36.544,12.556642515562906,-12.38,2.5218,3.335227662650602,4.0826061981812805,1.9863175554115993e-05,0.0026587469643639164,2.450604608756516,0.6774765349969665,0.9999999909369943,0.9999949485636654,0.980771692705557,0.9701657477522626
2500,1,training_healthy,0.0006134969325153,6,249,0.91564,0.92347,0.007830000000000004,-0.056828,6.7411e-05,0.01892691394962768,-0.94797,0.87213,0.2635873829889737,-2.3579,-1.8105,2.010023694779116,2.015989820795284,2.0446585586306553e-06,0.00020900047247098636,0.09118318063294682,0.01574267888532641,0.999999760137532,0.9999220589002017,0.9382605586947442,0.9948287431742087
2500,2,training_healthy,0.0012269938650306,1,249,0.89605,0.89607,2.0000000000020002e-05,-0.00033706,0.00050558,0.0001324551949836344,-0.094797,0.094797,0.030816034332729836,9.0305,17.858,12.775333734939759,13.11332523694274,1.216336039203276e-06,0.00011856041750970357,0.030311374017309753,0.23631973191987163,0.9516541327524515,0.5379990008900868,0.20719746048114718,0.9968038813267034
2500,2,training_healthy,0.0012269938650306,2,249,-1.1148,-0.90677,0.20803000000000005,-1.5686,8.4264e-05,0.5105160411993064,-20.903,16.755,6.9224031709969545,-135.74,255.17,106.301740562249,115.81052168657693,1.819374746196279e-05,0.0011486041684082703,0.3864569588008236,1.5100404106475487,0.9999999751640537,0.9999968062410707,0.9984417136824515,0.9997901430938608
2500,2,training_healthy,0.0012269938650306,3,249,0.86411,1.0473,0.18318999999999985,-4.2132e-05,1.5235,0.4737929813523073,-18.177,22.941,7.1408854176573335,-379.37,283.59,146.39213333333333,163.59965633615184,1.7436120786543196e-05,0.001484579123047746,0.5704520042448428,3.423070631538235,0.9999999659374426,0.9999939480997235,0.9968062760973277,0.9996121979844689
2500,2,training_healthy,0.0012269938650306,4,249,3.1416,3.1416,0.0,-0.000158,0.00018959,3.178891723339261e-05,-0.071098,0.035549,0.012339029773812694,-0.15284,0.71323,0.26229704819277117,0.3566318713870877,1.1156707080155997e-14,3.178891721444269e-05,0.012339029772745456,0.036165956789525514,,0.058760935477435695,0.02757236129692797,0.9908777246188195
2500,2,training_healthy,0.0012269938650306,5,249,0.97952,1.3707,0.3911800000000001,-2.8312,4.2132e-05,0.945182252696395,-36.355,38.18,12.51060827678745,-11.348,2.5218,3.309902522088353,4.018853938496911,1.9286154432727685e-05,0.0025913632866622956,2.203112926915939,0.7311890807263481,0.9999999914556131,0.9999951954982713,0.9843737421038413,0.9640932987132776
2500,2,training_healthy,0.0012269938650306,6,249,0.91565,0.92347,0.00782000000000005,-0.0573,6.7411e-05,0.01892101085603277,-0.87213,0.7963,0.25823143339918475,1.4842,2.0737,1.6285714859437752,1.6361289752997046,1.8570379732846117e-06,0.00017632433530670477,0.07498705279235081,0.015970495663929576,0.9999998022110741,0.9999445216386396,0.9569100571511083,0.9948182257757887
2500,3,training_healthy,0.001840490797546,1,249,0.89605,0.89607,2.0000000000020002e-05,-0.00029492,0.00037919,0.0001067007489228957,-0.071098,0.094797,0.027075559569693996,8.6237,18.997,12.977253413654621,13.414114284410315,1.1217049292314013e-06,0.0001140944176507476,0.02714062196830208,0.23707709069939858,0.9157598496223887,0.5647642610634286,0.2063144167643947,0.9975598783619933
2500,3,training_healthy,0.001840490797546,2,249,-1.1148,-0.90677,0.20803000000000005,-1.5692,8.4264e-05,0.5105185226639833,-21.377,16.518,6.923087739999441,-133.83,256.88,106.81538393574297,116.50867220713366,1.7584355715844153e-05,0.001117318428256406,0.3792369530848288,1.4426839295395515,0.9999999767995825,0.9999969834845338,0.9984995711780638,0.9998097675691816
2500,3,training_healthy,0.001840490797546,3,249,0.86411,1.0473,0.18318999999999985,-8.4264e-05,1.5237,0.4738256018697025,-19.457,22.301,7.146708030320511,-380.14,281.27,146.34788461847387,163.89834380653434,1.731568007903481e-05,0.0014377093015368815,0.612759845067546,3.5685106399835713,0.9999999664066159,0.9999943219789861,0.9963198005833013,0.9995803431073559
2500,3,training_healthy,0.001840490797546,4,249,3.1416,3.1416,0.0,-0.0001264,0.000158,3.719546097540251e-05,-0.053323,0.053323,0.013749451074986733,0.0,1.4265,0.5466882530120482,0.7140911354740025,1.1156707080155997e-14,3.719546095728814e-05,0.01374945107380094,0.033719976566688216,,0.05671272260012364,0.030531538029912656,0.9973027269640834
2500,3,training_healthy,0.001840490797546,5,249,0.97952,1.3707,0.3911800000000001,-2.831,4.2132e-05,0.9451709330778965,-37.089,37.516,12.499117938036216,-11.501,2.5218,3.394620076305221,4.087411858234999,1.915201054218543e-05,0.002644929367641502,2.137027953853896,0.7268636449334295,0.9999999915741208,0.9999949962890871,0.9852767036070053,0.9649391056656055
2500,3,training_healthy,0.001840490797546,6,249,0.91565,0.92347,0.00782000000000005,-0.057367,6.7411e-05,0.018926614595499602,-0.94797,1.1376,0.27980409628300834,1.1263,1.8316,1.2776204819277108,1.2935034419813773,1.9554194568169067e-06,0.00021293138700654364,0.13070611686363817,0.015940930833028333,0.9999997807671698,0.9999191622124394,0.8841872168398305,0.9968838430195325
2500,4,training_healthy,0.0024539877300613,1,249,0.89605,0.89607,2.0000000000020002e-05,-0.00029492,0.00037919,0.00010663374417714567,-0.094797,0.094797,0.029083843331508423,7.2814,16.312,11.04345983935743,11.434428660504585,1.228447389238493e-06,0.00010690579680608325,0.028996202645879796,0.20694300656561906,0.9490290018723012,0.48549177399097077,0.16431757231198812,0.997560591285476
2500,4,training_healthy,0.0024539877300613,2,249,-1.1148,-0.90677,0.20803000000000005,-1.569,8.4264e-05,0.5105130485658121,-21.306,16.424,6.922803239945599,-134.2,257.08,106.3792935742972,116.15322214537836,1.7239900316953614e-05,0.0011581322937733215,0.383675402133838,1.4232486398363204,0.9999999776992351,0.9999967528083183,0.9984641204689712,0.9998148931669949
2500,4,training_healthy,0.0024539877300613,3,249,0.86411,1.0473,0.18318999999999985,-8.4264e-05,1.5234,0.47378956739334704,-18.746,22.751,7.141057449528007,-387.59,276.61,145.3530574297189,163.52640273993373,1.750124907858945e-05,0.0014019430761170425,0.5562362909130343,3.534300385396547,0.999999965680228,0.9999945994268934,0.9969642235572239,0.9995857737796411
2500,4,training_healthy,0.0024539877300613,4,249,3.1416,3.1416,0.0,-0.000158,0.00018959,3.314754773347452e-05,-0.035549,0.035549,0.012441462246832461,0.0,0.66229,0.26066086345381534,0.3199015832263148,1.1156707080155997e-14,3.314754771601861e-05,0.012441462245320348,0.034882523477829344,,0.053758918791271586,0.03906585457879254,0.9821515908645092
2500,4,training_healthy,0.0024539877300613,5,249,0.97952,1.3707,0.3911800000000001,-2.8309,4.2132e-05,0.9451759279042453,-37.374,42.066,12.6085058006439,-11.959,2.5982,3.3473439678714856,4.049811800351166,1.966721658702761e-05,0.0027774195987065628,2.704317895712114,0.824889346011378,0.9999999911147802,0.9999944823319175,0.9767288487173442,0.9552293767093993
2500,4,training_healthy,0.0024539877300613,6,249,0.91565,0.92347,0.00782000000000005,-0.056625,6.7411e-05,0.018920682595427434,-0.91005,0.75838,0.25826525801751854,1.5158,2.1789,1.6639220883534136,1.6751975772461125,1.7678096768772091e-06,0.00016608261024581394,0.07482857843393466,0.016644090021248704,0.9999998207823819,0.999950822174641,0.9571073221294786,0.9963142848719915
2500,406,intermediate_unlabelled,0.249079754601227,1,249,0.89606,0.89607,1.0000000000065512e-05,-0.00033706,0.00042132,9.92586531008232e-05,-0.1185,0.1422,0.02761187562179385,6.9153,14.197,9.874957831325302,10.15256109539771,1.1034782641475652e-06,7.461011598861871e-05,0.026948487876476933,0.19501000322327608,0.7863945253568313,0.6787577890395604,0.22623209524082105,0.9965744060536911
2500,406,intermediate_unlabelled,0.249079754601227,2,249,-1.1148,-0.90677,0.20803000000000005,-1.569,8.4264e-05,0.5105390256842024,-20.95,16.518,6.921720811875471,-138.06,247.28,104.52744738955823,113.93175878249633,1.812220125378118e-05,0.0011281424631405805,0.3832762191783814,1.8506577268666005,0.9999999753600949,0.9999969222605204,0.9984669642346483,0.9996818858968314
2500,406,intermediate_unlabelled,0.249079754601227,3,249,0.86411,1.0473,0.18318999999999985,-8.4264e-05,1.522,0.473637151331082,-18.58,22.822,7.143406824615571,-384.49,259.38,144.0555983935743,162.72512105299282,1.7139642342568797e-05,0.0015386689777891459,0.6839324287074832,3.272533026052709,0.9999999670786461,0.9999934884888999,0.9954082672011383,0.9996367675374314
2500,406,intermediate_unlabelled,0.249079754601227,4,249,3.1416,3.1416,0.0,-9.4797e-05,0.0001264,2.5644659099964924e-05,-0.035549,0.035549,0.012131664594743683,0.050945,1.6302,0.6219828313253011,0.7991489448176181,1.1156707080155997e-14,2.564465909285574e-05,0.012131664595002142,0.03098183878933313,,0.022238478853001405,-0.006677316656609099,0.9980922250653832
2500,406,intermediate_unlabelled,0.249079754601227,5,249,0.97952,1.3707,0.3911800000000001,-2.8279,4.2132e-05,0.9451626133385748,-36.355,42.635,12.622201387795494,-11.883,2.8657,3.1739470281124493,3.8741710945613304,2.131170750446631e-05,0.0025378918727854386,2.7681188304058053,0.7610753450096617,0.9999999895667373,0.9999953975283774,0.9756574316703198,0.9610009348920334
2500,406,intermediate_unlabelled,0.249079754601227,6,249,0.91564,0.92347,0.007830000000000004,-0.056895,6.7411e-05,0.018922402739324617,-0.91005,0.68254,0.25863362181152977,-2.2211,-1.7474,1.9324413654618475,1.9372700812822474,1.9644686886588154e-06,0.000154428595166812,0.07631174101939255,0.010848369456382283,0.999999778762547,0.9999576896420408,0.9554801289084275,0.9968466695615206
2500,407,intermediate_unlabelled,0.2496932515337423,1,249,0.89606,0.89607,1.0000000000065512e-05,-0.00029492,0.00037919,9.249218412714906e-05,-0.071098,0.071098,0.025487790616096167,6.5085,14.197,9.71110200803213,10.034451599841331,1.065795193876198e-06,7.785025331418047e-05,0.025137277781071814,0.20156452753696202,0.8600167913848704,0.6985645300543771,0.22820169743705068,0.9968137516812109
2500,407,intermediate_unlabelled,0.2496932515337423,2,249,-1.1148,-0.90677,0.20803000000000005,-1.5691,8.4264e-05,0.5105343554818748,-20.855,16.542,6.920494504237845,-137.08,246.14,104.33253975903615,113.72149184124447,1.804261325924436e-05,0.0011249800391637565,0.3711293843051652,1.8668754521692892,0.9999999755760649,0.9999969363104892,0.9985623520292826,0.9996752608711155
2500,407,intermediate_unlabelled,0.2496932515337423,3,249,0.86411,1.0473,0.18318999999999985,-8.4264e-05,1.5222,0.47363002312288977,-18.604,22.68,7.1406522265172585,-387.28,259.69,143.26489999999998,162.15259716663357,1.7847567371539318e-05,0.0014923641273223215,0.6558172087969016,3.400118165207352,0.9999999643029681,0.9999938757466039,0.9957759978685116,0.9996072807784201
2500,407,intermediate_unlabelled,0.2496932515337423,4,249,3.1416,3.1416,0.0,-6.3198e-05,0.0001264,2.081074267803158e-05,-0.035549,0.035549,0.009557783314112018,-0.50945,0.20378,0.08449969879518072,0.12673792339075785,1.1156707080155997e-14,2.0810742680316567e-05,0.00955778331371833,0.036427231349130014,,-0.009125060439244876,0.010171018537194071,0.9577671907293144
2500,407,intermediate_unlabelled,0.2496932515337423,5,249,0.97952,1.3707,0.3911800000000001,-2.8267,0.0001264,0.9451670351916029,-36.615,39.815,12.541057293250965,-11.768,2.7128,3.158146967871486,3.8572523726461827,2.0160406061161038e-05,0.002398022266131265,2.369197840995899,0.6497325587805157,0.9999999906634419,0.9999958934815791,0.98199446946461,0.9705645743627698
2500,407,intermediate_unlabelled,0.2496932515337423,6,249,0.91564,0.92347,0.007830000000000004,-0.056693,6.7411e-05,0.01892095673692991,-0.83421,0.75838,0.25571466463403225,1.7263,2.2211,1.8527887550200801,1.8569256198973951,2.7410617727930195e-06,0.00015034430212719632,0.06562721275700457,0.013229448518192017,0.9999995692189441,0.9999597051911331,0.9665069378033879,0.9942817813953355
2500,408,intermediate_unlabelled,0.2503067484662576,1,249,0.89606,0.89607,1.0000000000065512e-05,-0.00029492,0.00037919,9.34886846770806e-05,-0.094797,0.094797,0.030558798324741253,7.6881,15.376,10.937743775100401,11.214884956948525,1.1034782641475652e-06,7.21246496147823e-05,0.030033233265057503,0.2189124567663342,0.7863945253568313,0.6725880069802853,0.1954386108650294,0.9960900758252013
2500,408,intermediate_unlabelled,0.2503067484662576,2,249,-1.1148,-0.90677,0.20803000000000005,-1.5693,8.4264e-05,0.5105338393456883,-20.855,16.589,6.9206442548150475,-138.06,245.57,104.10848654618474,113.44169199958783,1.8100070929278272e-05,0.0010950567026220507,0.36977988202492396,1.739316259208002,0.9999999754202428,0.9999971011818195,0.9985727288623084,0.9997186038148992
2500,408,intermediate_unlabelled,0.2503067484662576,3,249,0.86411,1.0473,0.18318999999999985,-8.4264e-05,1.5222,0.47363877109959723,-18.367,22.467,7.140693143870713,-386.51,262.02,143.70862610441768,162.3957222760003,1.767756509444277e-05,0.001477468326942438,0.6533107583684877,3.4636153207792315,0.9999999649808008,0.9999940005936078,0.995808331657849,0.9995923446165351
2500,408,intermediate_unlabelled,0.2503067484662576,4,249,3.1416,3.1416,0.0,-9.4797e-05,9.4797e-05,2.4688542922061195e-05,-0.035549,0.035549,0.01192065683296509,-0.10189,1.0699,0.42495875502008024,0.5765972662869278,1.1156707080155997e-14,2.4688542905045293e-05,0.011920656831755139,0.03649182827288603,,0.052456716287400985,0.03125939591078539,0.9958063673637144
2500,408,intermediate_unlabelled,0.2503067484662576,5,249,0.97952,1.3707,0.3911800000000001,-2.8287,4.2132e-05,0.9451645993711544,-36.521,42.659,12.609920272055128,-11.616,2.8275,3.371294333333333,4.0373802432669645,2.1578536907325117e-05,0.0024276707645908393,2.7115858009997758,0.7812564069860075,0.9999999893036845,0.9999957881147414,0.9766073389330754,0.9588966061781851
2500,408,intermediate_unlabelled,0.2503067484662576,6,249,0.91564,0.92347,0.007830000000000004,-0.057097,6.7411e-05,0.01892322708699357,-0.7963,0.72046,0.25697620982594094,1.8947,2.4211,2.0208441767068273,2.0257054139871937,2.3259564934537703e-06,0.00016572263927431543,0.06990133001110535,0.01430780200235865,0.9999996899705236,0.9999510227766079,0.9622931850145255,0.9947850011406428
2500,409,intermediate_unlabelled,0.250920245398773,1,249,0.89606,0.89607,1.0000000000065512e-05,-0.00025279,0.00033706,8.57737362762937e-05,-0.094797,0.094797,0.027855762800843696,5.7763,13.627,9.104348995983937,9.462332259136177,1.1034782641475652e-06,6.809722373679681e-05,0.02740354518309283,0.200070690599113,0.7863945253568313,0.6758597267975962,0.19888106780180292,0.9969846193350871
2500,409,intermediate_unlabelled,0.250920245398773,2,249,-1.1148,-0.90677,0.20803000000000005,-1.5693,8.4264e-05,0.510516672093139,-21.211,16.305,6.918155027425779,-139.77,244.6,103.66584289156627,113.03751152569262,1.8055217327303542e-05,0.0010594642403718322,0.34251257749679603,1.7918423317790775,0.9999999755412753,0.9999972887029502,0.998774814819333,0.9997018832391361
2500,409,intermediate_unlabelled,0.250920245398773,3,249,0.86411,1.0473,0.18318999999999985,-0.0001264,1.5225,0.47365074061641294,-18.011,22.609,7.1437950382597135,-385.27,262.02,144.270237751004,162.81029822260228,1.793048048429231e-05,0.0015425671202372996,0.679770097304316,3.5644402557236075,0.9999999639720716,0.9999934601894561,0.9954646617273937,0.999569423086301
2500,409,intermediate_unlabelled,0.250920245398773,4,249,3.1416,3.1416,0.0,-0.0001264,0.0001264,2.452582883263501e-05,-0.035549,0.035549,0.009150844432033423,-0.25473,0.71323,0.25759188755020085,0.34372869971100767,1.1156707080155997e-14,2.4525828818737742e-05,0.009150844430525842,0.03762678340589531,,0.04244894289859261,0.038948746348771233,0.9924942538400164
2500,409,intermediate_unlabelled,0.250920245398773,5,249,0.97952,1.3707,0.3911800000000001,-2.8286,4.2132e-05,0.9451700607394187,-37.042,43.701,12.636866772462097,-11.73,2.7128,3.186988590361446,3.8964157704549094,2.2189193010068184e-05,0.0026069554484147686,2.8319799860927124,0.7616793385126238,0.999999988689736,0.9999951423116126,0.9745663661069689,0.9602869558893606
2500,409,intermediate_unlabelled,0.250920245398773,6,249,0.91564,0.92347,0.007830000000000004,-0.05676,6.7411e-05,0.018920345725700567,-1.0238,0.72046,0.25769395854364063,2.0211,2.5263,2.1324,2.1369387645352624,1.95775461917446e-06,0.00016226300586679934,0.07275085599403966,0.012178423295931846,0.9999997801823324,0.999953088257949,0.9593240594101231,0.9961659358645246
2500,410,intermediate_unlabelled,0.2515337423312883,1,249,0.89606,0.89607,1.0000000000065512e-05,-0.00025279,0.00037919,8.967456759454754e-05,-0.071098,0.094797,0.02365163339019308,7.2814,14.603,10.396916465863454,10.661184901174359,1.1034782641475652e-06,6.711693835644661e-05,0.022970902113740334,0.19616507567726818,0.7863945253568313,0.70116792693901,0.2522270041880122,0.9965369857755394
2500,410,intermediate_unlabelled,0.2515337423312883,2,249,-1.1148,-0.90677,0.20803000000000005,-1.569,8.4264e-05,0.5105224775248907,-21.353,16.353,6.918782151988201,-138.06,246.51,103.9687356626506,113.37273246156478,1.802951607030413e-05,0.0011090245787475509,0.347914221282545,1.8274701711441534,0.9999999756111758,0.9999970237633695,0.9987361962553,0.9996882968411078
2500,410,intermediate_unlabelled,0.2515337423312883,3,249,0.86411,1.0473,0.18318999999999985,-4.2132e-05,1.5226,0.4736418543330439,-18.604,22.728,7.138498581431751,-384.96,259.38,143.02170883534137,161.89474724562615,1.6953061895123685e-05,0.0015085209134889867,0.6225068740745606,3.5137145740200006,0.9999999677915303,0.9999937377112228,0.9961927127073826,0.9995799916294638
2500,410,intermediate_unlabelled,0.2515337423312883,4,249,3.1416,3.1416,0.0,-9.4797e-05,9.4797e-05,2.4607196595736073e-05,-0.035549,0.035549,0.011207481633008233,-0.10189,1.2736,0.4787603614457831,0.6677611330984363,1.1156707080155997e-14,2.460719658736105e-05,0.011207481633735585,0.0343865302232542,,0.025842577490044673,-0.018919441221096886,0.9973982752653845
2500,410,intermediate_unlabelled,0.2515337423312883,5,249,0.97952,1.3707,0.3911800000000001,-2.8295,4.2132e-05,0.9451836796110332,-36.378,40.834,12.591977204556779,-11.768,2.7128,3.0650076867469873,3.7872184097568886,2.0541636214178462e-05,0.0025979681792765055,2.6252905016492685,0.730953910755822,0.9999999903068699,0.999995172347749,0.978025964532055,0.962973780548301
2500,410,intermediate_unlabelled,0.2515337423312883,6,249,0.91564,0.92347,0.007830000000000004,-0.056963,6.7411e-05,0.018923318776306153,-0.94797,0.68254,0.2597695169659189,-2.5158,-2.0316,2.206806827309237,2.2108039532166193,1.9550932837199408e-06,0.00017104738939272652,0.07986586046497483,0.012786290280635975,0.9999997808679566,0.999948048779419,0.9515661004548922,0.9953620983438318
2500,813,intermediate_unlabelled,0.4987730061349693,1,249,0.89605,0.89607,2.0000000000020002e-05,-0.00029492,0.00037919,9.990294142314321e-05,-0.094797,0.094797,0.02769331376468111,6.3458,14.4,9.662127309236949,10.023277456933672,1.1830231669154881e-06,8.924498598821499e-05,0.0273782438915451,0.17763247058615042,0.5565462759513639,0.4495207927160881,0.15076235160838064,0.9977789294246693
2500,813,intermediate_unlabelled,0.4987730061349693,2,249,-1.1148,-0.90677,0.20803000000000005,-1.5693,8.4264e-05,0.5104942359991784,-21.353,16.424,6.918547658648173,-137.49,248.05,103.39366546184739,113.03957407406693,1.8361557603607885e-05,0.0011362633664690946,0.3624114767089234,1.7110500747856787,0.9999999747035615,0.9999968735169075,0.9986283920615312,0.9997278001174167
2500,813,intermediate_unlabelled,0.4987730061349693,3,249,0.86411,1.0473,0.18318999999999985,-8.4264e-05,1.523,0.4736300282846038,-18.462,22.799,7.152202802497566,-389.15,262.02,147.03253975903615,165.06190504843664,1.773180521816376e-05,0.0015927201200949344,0.761917414965485,3.240888394600766,0.9999999647620306,0.9999930214248959,0.9943118557210601,0.9996423903561666
2500,813,intermediate_unlabelled,0.4987730061349693,4,249,3.1416,3.1416,0.0,-9.4797e-05,0.0001264,2.789174357674694e-05,-0.035549,0.035549,0.010685859801569324,0.45851,2.2925,1.117112048192771,1.252525129672152,1.1156707080155997e-14,2.7891743564242646e-05,0.01068585980063037,0.031764935015656845,,0.03979893747471778,0.024258132710483757,0.9984265306516656
2500,813,intermediate_unlabelled,0.4987730061349693,5,249,0.97952,1.3707,0.3911800000000001,-2.83,4.2132e-05,0.9451894249472181,-36.615,46.19,12.66719998805772,-11.73,3.0567,3.243006457831325,3.9400696177065893,2.0213259860805923e-05,0.002479599981469975,2.9616966761196277,0.8075956419234869,0.9999999906145727,0.9999956082406523,0.9722837966081007,0.9562434507064046
2500,813,intermediate_unlabelled,0.4987730061349693,6,249,0.91565,0.92347,0.00782000000000005,-0.056895,6.7411e-05,0.018919458834568657,-0.91005,0.72046,0.2580523684181894,1.6526,2.2316,1.7892574297188752,1.7965986333506518,1.9162541908683585e-06,0.00014331430636853825,0.07431664309191202,0.013524213973999222,0.9999997893549245,0.9999633461041741,0.9576350426295789,0.9965210775949919
2500,814,intermediate_unlabelled,0.4993865030674846,1,249,0.89605,0.89607,2.0000000000020002e-05,-0.00033706,0.00050558,0.00011459313549855226,-0.094797,0.1185,0.03143213547626686,5.3695,12.854,8.588123293172691,8.952637384733626,1.2557620538360914e-06,8.843636214748983e-05,0.03069197226873272,0.20159984504661904,0.6634367848794157,0.6387164633392809,0.21603235491440761,0.996816850330682
2500,814,intermediate_unlabelled,0.4993865030674846,2,249,-1.1148,-0.90677,0.20803000000000005,-1.569,8.4264e-05,0.510517388132208,-20.903,16.566,6.921916749046394,-138.63,249.4,102.76684176706829,112.54517313469607,1.8463244172311377e-05,0.0011490784101382185,0.3981985664109619,1.8696875688908323,0.9999999744231978,0.9999968042659698,0.998345306017123,0.9996753821367738
2500,814,intermediate_unlabelled,0.4993865030674846,3,249,0.86411,1.0473,0.18318999999999985,-0.00016853,1.523,0.47362350281848664,-18.154,23.296,7.152416740471383,-391.16,262.02,146.8678891566265,165.03582246324368,1.777204113528964e-05,0.0015099147106706786,0.7655942881577225,3.4440790163132364,0.9999999646015192,0.9999937289425458,0.9942570819074791,0.9995951762998908
2500,814,intermediate_unlabelled,0.4993865030674846,4,249,3.1416,3.1416,0.0,-9.4797e-05,6.3198e-05,2.3353023671516493e-05,-0.035549,0.035549,0.01274369739318209,-0.10189,0.96796,0.49165279116465854,0.5873517415777685,1.1156707080155997e-14,2.3353023673552984e-05,0.012743697394166182,0.035147327268084574,,-0.006064845678389139,-0.025424266074981827,0.9943514090375466
2500,814,intermediate_unlabelled,0.4993865030674846,5,249,0.97952,1.3707,0.3911800000000001,-2.8287,0.0001264,0.9451794132048961,-36.449,47.351,12.707112285158152,-11.845,2.9803,3.1721224899598393,3.9154239922393095,2.0578040939861688e-05,0.0025372792724454767,3.130063276396528,0.7313935324105737,0.9999999902725766,0.9999954002840712,0.9691887040706834,0.9646145417113678
2500,814,intermediate_unlabelled,0.4993865030674846,6,249,0.91564,0.92347,0.007830000000000004,-0.057097,6.7411e-05,0.018917832259006152,-0.91005,0.72046,0.25722332837607764,1.6,2.2421,1.7454763052208835,1.7551607533100322,2.052354215498027e-06,0.0001507140803648707,0.07128385892454421,0.014065350434091886,0.9999997584425991,0.9999594545247232,0.9608341582368407,0.9970784611551611
2500,815,intermediate_unlabelled,0.5,1,249,0.89605,0.89607,2.0000000000020002e-05,-0.00029492,0.00042132,0.00011668908665289805,-0.094797,0.094797,0.027936581982329577,7.2814,14.969,10.388067469879518,10.680257900301275,1.334167883539597e-06,9.678460690272815e-05,0.027295730702261795,0.2157990499844784,0.6714495823565625,0.5607232422955117,0.21524159684631067,0.9962109469717276
2500,815,intermediate_unlabelled,0.5,2,249,-1.1148,-0.90677,0.20803000000000005,-1.5691,8.4264e-05,0.510507445528943,-20.926,16.566,6.921509201775504,-137.29,250.17,104.12129273092371,113.90107821908077,1.8183881577474055e-05,0.0011799215876812526,0.39662221667874964,1.7761781783176482,0.9999999751905475,0.9999966266787544,0.9983580927345049,0.9997077004387841
2500,815,intermediate_unlabelled,0.5,3,249,0.86411,1.0473,0.18318999999999985,-8.4264e-05,1.5229,0.47363043650642533,-18.817,23.415,7.149741957930724,-391.63,260.93,147.20533855421687,165.3741818812305,1.7778043309701713e-05,0.001516329587212423,0.7446388436485915,3.335959369671702,0.999999964577335,0.9999936735152687,0.9945641619341764,0.9996220479663196
2500,815,intermediate_unlabelled,0.5,4,249,3.1416,3.1416,0.0,-0.0001264,9.4797e-05,2.8319772662055784e-05,-0.035549,0.035549,0.013135926377655928,-1.1717,0.20378,0.4300702208835342,0.559777430060843,1.1156707080155997e-14,2.831977263658594e-05,0.013135926376701234,0.03518795449220306,,0.07921768060554289,0.024664763309137607,0.9962065536512512
2500,815,intermediate_unlabelled,0.5,5,249,0.97952,1.3707,0.3911800000000001,-2.8293,4.2132e-05,0.9451895747269556,-36.189,43.441,12.630776273836702,-11.692,2.5982,3.248685863453815,3.9404496967745244,2.073631087044278e-05,0.002398041596761369,2.800369338982612,0.776049624298756,0.9999999901224518,0.999995890412213,0.9751138402307327,0.9588657660037664
2500,815,intermediate_unlabelled,0.5,6,249,0.91564,0.92347,0.007830000000000004,-0.056963,6.7411e-05,0.018919304806926624,-0.83421,0.7963,0.2580523040944253,1.8,2.4211,1.940446184738956,1.948414350523343,2.250477089691617e-06,0.0001676847509440422,0.0742359078766436,0.013454453002480125,0.9999997095389432,0.9999498004957983,0.9577281481441169,0.9970752183239713
2500,816,intermediate_unlabelled,0.5006134969325153,1,249,0.89605,0.89607,2.0000000000020002e-05,-0.00037919,0.00046345,0.00011194998257002866,-0.094797,0.094797,0.03200103358220352,6.7119,14.603,9.979515261044178,10.27376557910964,1.565048014789833e-06,0.00011964461017075558,0.03216986335923479,0.22868231934851252,0.8665913824888433,0.15499464029379495,0.042560396413824926,0.9956042672287525
2500,816,intermediate_unlabelled,0.5006134969325153,2,249,-1.1148,-0.90677,0.20803000000000005,-1.5692,8.4264e-05,0.5105044680212532,-21.424,16.4,6.920071217156473,-137.29,249.4,102.99916823293171,112.87263424298544,1.8290319999160233e-05,0.0011344229045317806,0.369223903012879,1.7507844770395486,0.9999999748987816,0.9999968825679627,0.9985768449237143,0.9997156226829249
2500,816,intermediate_unlabelled,0.5006134969325153,3,249,0.86411,1.0473,0.18318999999999985,-0.00016853,1.5226,0.47362050193990857,-18.722,23.107,7.1506543391236566,-391.63,261.24,147.48871847389557,165.53514223218272,1.789966525013308e-05,0.0015810220893194254,0.7557654449795934,3.351513855145312,0.9999999640912579,0.9999931258977308,0.9944011816689217,0.999617710255017
2500,816,intermediate_unlabelled,0.5006134969325153,4,249,3.1416,3.1416,0.0,-0.0001264,9.4797e-05,2.7237090775846946e-05,-0.071098,0.053323,0.013563655459265788,-0.45851,0.25473,0.08531833333333333,0.11769806491202879,1.1156707080155997e-14,2.723709078370433e-05,0.013563655459635662,0.03583491258540026,,-0.02640383198948255,-0.00966138484385135,0.943894556103657
2500,816,intermediate_unlabelled,0.5006134969325153,5,249,0.97952,1.3707,0.3911800000000001,-2.8296,8.4264e-05,0.9451586449167177,-36.592,43.133,12.662385381837723,-11.692,3.1713,3.300707502008032,3.9716828363009005,2.102664034341294e-05,0.0026211063240716283,2.94512066550971,0.8411066923180441,0.9999999898437507,0.9999950885785515,0.9725764638380638,0.954502061045707
2500,816,intermediate_unlabelled,0.5006134969325153,6,249,0.91564,0.92347,0.007830000000000004,-0.056963,6.7411e-05,0.018925010262294192,-0.91005,0.68254,0.25859978530941646,-2.5263,-2.0526,2.2282405622489962,2.2320099102013296,2.206752685049582e-06,0.0001607534192333139,0.07518060384721313,0.013116464990512387,0.9999997207283389,0.9999539341157633,0.9568086639825127,0.9948712584651371
2500,817,intermediate_unlabelled,0.5012269938650307,1,249,0.89606,0.89607,1.0000000000065512e-05,-0.00033706,0.00042132,0.00011054002714094693,-0.071098,0.094797,0.026613378794498037,6.5085,14.766,9.953846184738957,10.333399553094596,1.1029233661078918e-06,8.93146228561882e-05,0.025939441543166988,0.2004189497900448,0.8137863393411399,0.6231023935502453,0.24112059776255448,0.9973893245513348
2500,817,intermediate_unlabelled,0.5012269938650307,2,249,-1.1148,-0.90677,0.20803000000000005,-1.5693,8.4264e-05,0.5105002151393028,-21.4,16.4,6.919559176431164,-136.88,249.8,103.63761000000001,113.36097395677528,1.821356080011076e-05,0.0011372304558022997,0.3670016724434699,1.6803387514697097,0.9999999751091789,0.999996867307379,0.9985936500954975,0.9997387171507737
2500,817,intermediate_unlabelled,0.5012269938650307,3,249,0.86411,1.0473,0.18318999999999985,-0.0001264,1.5238,0.47363991219605556,-18.272,23.415,7.151245770981555,-391.16,262.02,146.1409032128514,164.61833024443024,1.673459444094346e-05,0.0015704445637246623,0.746038997553333,3.3999779043315757,0.9999999686139451,0.9999932135802456,0.9945457768015749,0.9996068294244669
2500,817,intermediate_unlabelled,0.5012269938650307,4,249,3.1416,3.1416,0.0,-0.0001264,9.4797e-05,2.8035218482427237e-05,-0.035549,0.053323,0.01103635597854385,-0.20378,1.2227,0.42822574297188754,0.6035060049431237,1.1156707080155997e-14,2.8035218474227945e-05,0.01103635597894159,0.03552484762870752,,0.025521674971188773,-0.010275695719659892,0.997373202949717
2500,817,intermediate_unlabelled,0.5012269938650307,5,249,0.97952,1.3707,0.3911800000000001,-2.8306,4.2132e-05,0.9451815996886498,-36.497,46.664,12.666574166199105,-11.768,3.6681,3.3313961004016064,3.991608729123382,2.018364400607644e-05,0.0025679069914432548,2.9605368708163047,0.8290658017657051,0.9999999906420016,0.9999952898785476,0.9723029810477918,0.9540672326281641
2500,817,intermediate_unlabelled,0.5012269938650307,6,249,0.91564,0.92347,0.007830000000000004,-0.056963,6.7411e-05,0.018918819453129634,-0.87213,0.7963,0.25781757497551056,1.8105,2.4211,1.9436184738955824,1.9511795703478887,2.6342570001476935e-06,0.00014754220773013075,0.07324405558137458,0.013799299344323867,0.999999602068674,0.9999611012325486,0.9587984806757395,0.9967624683274554
2500,1220,intermediate_unlabelled,0.7484662576687117,1,249,0.89606,0.89606,0.0,-0.00025279,0.00033706,8.367026163405758e-05,-0.071098,0.1185,0.02336383680831602,4.0271,12.285,7.710660240963856,8.186470436211927,6.193302495530001e-09,8.367642512218769e-05,0.02336427824718508,0.17417647434432054,-9.871005138944167e-09,0.0006178661548890598,2.6521010648976268e-05,0.9979928355399035
2500,1220,intermediate_unlabelled,0.7484662576687117,2,249,-1.1148,-0.90677,0.20803000000000005,-1.569,8.4264e-05,0.5105079294551369,-21.448,16.4,6.91924274927943,-139.2,249.03,102.88713534136546,112.61196802996655,1.839807201912866e-05,0.0011681529261320985,0.3544521029068854,1.6901771768197096,0.9999999746031705,0.9999966955784032,0.9986883461434919,0.9997344270274351
2500,1220,intermediate_unlabelled,0.7484662576687117,3,249,0.86411,1.0473,0.18318999999999985,-0.0001264,1.5229,0.47357791616976475,-17.94,23.96,7.146258210616677,-392.41,259.69,149.21853614457834,166.82807089861495,1.7840578022854846e-05,0.0014993784913607921,0.7198833655384093,3.05146228984875,0.9999999643237467,0.9999938162345067,0.9949155101619017,0.9996790242689093
2500,1220,intermediate_unlabelled,0.7484662576687117,4,249,3.1416,3.1416,0.0,-0.0001264,9.4797e-05,2.7819765139874042e-05,-0.035549,0.053323,0.01062638928975169,0.35662,2.3435,0.9734831726907631,1.1403027484193005,1.1156707080155997e-14,2.781976513018666e-05,0.010626389288984569,0.03390349543051908,,0.031802709407021984,0.019953911409081697,0.9983688115649498
2500,1220,intermediate_unlabelled,0.7484662576687117,5,249,0.97952,1.3707,0.3911800000000001,-2.8312,4.2132e-05,0.9451921071280722,-36.449,47.873,12.773410578924237,-11.348,3.9355,3.191602449799197,3.853821499398396,2.0855416596323796e-05,0.0026312855776967556,3.386623907131012,0.9305220284938674,0.9999999900085668,0.9999950526169852,0.9642135456982929,0.9407285301123492
2500,1220,intermediate_unlabelled,0.7484662576687117,6,249,0.91564,0.92347,0.007830000000000004,-0.05676,0.0,0.018915448535338022,-0.98589,0.68254,0.25657118534440326,1.5474,2.1895,1.6997152610441768,1.7097746323811618,1.8380726159787441e-06,0.00015026081297032928,0.06944732815788597,0.014245750619429788,0.9999998062243042,0.9999597393230522,0.9626725407706384,0.9970370665658392
2500,1221,intermediate_unlabelled,0.749079754601227,1,249,0.89605,0.89607,2.0000000000020002e-05,-0.00029492,0.00046345,0.00010773090580556142,-0.094797,0.094797,0.02817781085959939,3.8237,12.081,7.5899369477911645,8.06295927239579,1.423431227449095e-06,0.00010523036083778346,0.02800366311745038,0.19215295862360754,0.925065628121021,0.5053605460540882,0.1780031347934577,0.9975036826397323
2500,1221,intermediate_unlabelled,0.749079754601227,2,249,-1.1148,-0.90677,0.20803000000000005,-1.5687,8.4264e-05,0.510481447664207,-21.4,16.329,6.918153384126763,-138.63,249.03,102.95900441767068,112.86103907557877,1.8014520264376553e-05,0.0011480128780571909,0.34913097514789704,1.5026387048902703,0.9999999756497181,0.9999968067850271,0.9987271114903258,0.9997911169080478
2500,1221,intermediate_unlabelled,0.749079754601227,3,249,0.86411,1.0473,0.18318999999999985,-0.00016853,1.5235,0.47360317938691526,-18.035,23.628,7.142008203281614,-393.18,258.91,149.60821204819277,167.35598643965778,1.6762468807878294e-05,0.00152414973165963,0.6595056526791039,3.2277241416453606,0.9999999685059942,0.9999936075473437,0.9957296315896352,0.9996423695961963
2500,1221,intermediate_unlabelled,0.749079754601227,4,249,3.1416,3.1416,0.0,-0.0001264,9.4797e-05,2.610955197304105e-05,-0.035549,0.035549,0.012441473721769377,-1.5793,0.0,0.6189141365461847,0.7538659262192833,1.1156707080155997e-14,2.6109551956647655e-05,0.012441473721416517,0.035931585474152206,,0.0506541324442128,0.009116142306008266,0.9965094135471255
2500,1221,intermediate_unlabelled,0.749079754601227,5,249,0.97952,1.3707,0.3911800000000001,-2.8312,4.2132e-05,0.9452031139241074,-36.639,48.086,12.767844388449655,-10.928,4.8525,3.167509277108434,3.7992551969236557,2.0546569539427812e-05,0.0027450276440974574,3.3642055051449007,0.9347164492501714,0.9999999903024122,0.9999946163093244,0.9646630231078777,0.9387914179690815
2500,1221,intermediate_unlabelled,0.749079754601227,6,249,0.91564,0.92347,0.007830000000000004,-0.056693,6.7411e-05,0.018915575121449132,-1.0238,0.72046,0.25739152757809247,1.6316,2.2632,1.774255421686747,1.7835645496620651,2.4722488561671696e-06,0.00016155253916846923,0.0724356628610103,0.012654943100805545,0.9999996495893915,0.9999533761788388,0.959585137548723,0.9975794150215576
2500,1222,intermediate_unlabelled,0.7496932515337423,1,249,0.89605,0.89607,2.0000000000020002e-05,-0.00029492,0.00037919,0.00010629902607260303,-0.094797,0.1185,0.027406832640301467,3.8237,12.692,7.7265441767068275,8.269839327064453,1.5719498402658816e-06,0.00013227809988416991,0.028128911997994843,0.18622605635832942,0.8700396583609286,0.45601277626670733,0.15955485765728,0.9980030092132218
2500,1222,intermediate_unlabelled,0.7496932515337423,2,249,-1.1148,-0.90677,0.20803000000000005,-1.569,8.4264e-05,0.510493154943703,-21.377,16.353,6.919352640528888,-138.06,250.74,103.83290361445785,113.73806339755264,1.791651125264096e-05,0.0011399190401482004,0.3543252221629422,1.4253395867627086,0.9999999759141557,0.9999968520865965,0.998689318498561,0.9998132139537257
2500,1222,intermediate_unlabelled,0.7496932515337423,3,249,0.86411,1.0473,0.18318999999999985,-0.0001264,1.5237,0.47361777909703806,-18.154,23.699,7.146622471537588,-393.18,258.14,149.19489759036142,167.24932804661205,1.650155202998592e-05,0.001545658243955007,0.6961127090645347,3.1222985214399204,0.99999996947811,0.9999934267677952,0.9952469895754681,0.9996662263768887
2500,1222,intermediate_unlabelled,0.7496932515337423,4,249,3.1416,3.1416,0.0,-9.4797e-05,9.4797e-05,2.6414858555480173e-05,-0.035549,0.035549,0.012441450771884964,-1.0189,-0.10189,0.3273608835341366,0.37811072823609343,1.1156707080155997e-14,2.6414858548278432e-05,0.012441450771128949,0.035131654753702106,,0.02103981062209297,0.01953186248105316,0.9826198904975105
2500,1222,intermediate_unlabelled,0.7496932515337423,5,249,0.97952,1.3707,0.3911800000000001,-2.83,4.2132e-05,0.9451786680908972,-36.521,44.792,12.682246493825483,-11.119,3.7063,3.272776706827309,3.913003970547395,1.9760210734886535e-05,0.002566256212506135,3.026984934611088,0.8656882072288846,0.9999999910304846,0.9999952971131391,0.9710995325068916,0.9486484695535319
2500,1222,intermediate_unlabelled,0.7496932515337423,6,249,0.91564,0.92347,0.007830000000000004,-0.056895,6.7411e-05,0.018923354414905322,-0.91005,0.75838,0.26134302965950024,1.4421,2.2,1.6055831325301206,1.6210486502588453,2.691491142435402e-06,0.0001546051706768161,0.08458603787532772,0.014320728013256921,0.9999995848205174,0.9999573164849481,0.9461755089368166,0.9979430187144179
2500,1223,intermediate_unlabelled,0.7503067484662577,1,249,0.89605,0.89607,2.0000000000020002e-05,-0.00029492,0.00042132,0.00010753240329064467,-0.1185,0.094797,0.02744793117908977,3.0915,12.692,7.195599196787148,7.881485280072532,1.7086583286333971e-06,0.00011743573239236108,0.027551564722201147,0.1927398897359371,0.8986032952933415,0.5663331815495756,0.201303153087607,0.998202485242777
2500,1223,intermediate_unlabelled,0.7503067484662577,2,249,-1.1148,-0.90677,0.20803000000000005,-1.5688,8.4264e-05,0.5104821990705214,-21.021,16.424,6.917978185708622,-137.08,251.72,104.85478313253012,114.70076718425166,1.7632093653193165e-05,0.001125721106684306,0.3376411783150372,1.500090870066226,0.9999999766728562,0.9999969307681802,0.9988095821262131,0.9997929305820071
2500,1223,intermediate_unlabelled,0.7503067484662577,3,249,0.86411,1.0473,0.18318999999999985,-0.00016853,1.5237,0.4736197957204265,-18.485,23.581,7.14986158169441,-397.06,257.83,147.94145261044173,166.50025065925402,1.6275683901154996e-05,0.001583948628650443,0.7256083629042183,3.337826641127547,0.9999999703074122,0.999993094506982,0.9948393206465512,0.9996188860911477
2500,1223,intermediate_unlabelled,0.7503067484662577,4,249,3.1416,3.1416,0.0,-0.000158,0.0001264,3.374721332413357e-05,-0.035549,0.035549,0.012543024090278918,0.45851,1.9359,0.9771633333333335,1.0804942690724433,1.1156707080155997e-14,3.3747213311215006e-05,0.012543024088779053,0.03673534212356716,,0.04085442190545133,0.03874940270239054,0.9968214954168743
2500,1223,intermediate_unlabelled,0.7503067484662577,5,249,0.97952,1.3707,0.3911800000000001,-2.829,4.2132e-05,0.9451844571378349,-37.137,44.152,12.709292059813869,-11.042,3.2096,3.246538425702811,3.8903327662574463,2.108798464042913e-05,0.0026583313309905547,3.13806339165573,0.8926462498321543,0.9999999897847176,0.999994952954362,0.9690391922688547,0.9459587631494375
2500,1223,intermediate_unlabelled,0.7503067484662577,6,249,0.91564,0.92347,0.007830000000000004,-0.056895,6.7411e-05,0.018923575746974942,-0.98589,0.72046,0.2597696611781647,-2.2421,-1.8,1.988001204819277,1.9922239648756612,1.8796086674248999e-06,0.00016289919721801792,0.07944347305501438,0.012133359466282708,0.999999797444312,0.9999529554595582,0.9520899666261714,0.9956114045422254
2500,1224,intermediate_unlabelled,0.750920245398773,1,249,0.89606,0.89607,1.0000000000065512e-05,-0.00037919,0.00054772,0.00013656313511010358,-0.1185,0.1185,0.02865416352801037,3.0915,12.081,6.775056626506024,7.459956880553592,9.657870915119084e-07,0.0001046592778858071,0.027531606528228357,0.18808537455594496,0.9215608433043649,0.6806234713900214,0.2928492703837912,0.9981841986735911
2500,1224,intermediate_unlabelled,0.750920245398773,2,249,-1.1148,-0.90677,0.20803000000000005,-1.5693,8.4264e-05,0.5105266526716858,-21.353,16.329,6.920970273768428,-138.22,251.51,104.59760562248997,114.43559464718265,1.8147820524911665e-05,0.0011110188753601124,0.3521374761712867,1.6946599310564336,0.9999999752890013,0.9999970107549302,0.9987060807350618,0.9997367085221841
2500,1224,intermediate_unlabelled,0.750920245398773,3,249,0.86411,1.0473,0.18318999999999985,-4.2132e-05,1.5231,0.47361198309678243,-18.438,23.51,7.146558569738322,-399.39,258.6,149.9318891566265,167.88853606579426,1.6669987897014497e-05,0.001610462160736551,0.7014375501002271,3.7678488218220654,0.9999999688521967,0.9999928621307541,0.9951738152782676,0.9995153052455138
2500,1224,intermediate_unlabelled,0.750920245398773,4,249,3.1416,3.1416,0.0,-0.000158,0.0001264,3.3747092988652206e-05,-0.053323,0.035549,0.014068667650557655,0.61134,2.1397,0.9931248995983937,1.088963751154147,1.1156707080155997e-14,3.374709296892226e-05,0.01406866764957706,0.03546133647986448,,0.06355839313189755,0.025333872704660445,0.9968441251617673
2500,1224,intermediate_unlabelled,0.750920245398773,5,249,0.97952,1.3707,0.3911800000000001,-2.8285,4.2132e-05,0.9451964611746165,-36.118,41.948,12.617030538162824,-11.272,2.8275,3.1940492690763054,3.8749393721375127,1.9859357110407306e-05,0.002550188153159719,2.7384246596071904,0.8135664169620024,0.9999999909401908,0.9999953514624664,0.9761633649860241,0.9543087964947468
2500,1224,intermediate_unlabelled,0.750920245398773,6,249,0.91564,0.92347,0.007830000000000004,-0.056828,6.7411e-05,0.018916882007556524,-0.83421,0.75838,0.2567289079813592,1.5158,2.1895,1.6755072289156625,1.686777566520157,2.1388955545816293e-06,0.00014469111527071486,0.06966176746359347,0.013185935731596453,0.9999997377308091,0.9999626478578838,0.9624832102863403,0.9977032730569093
2500,1626,faulty_evident,0.9975460122699388,1,252,0.89605,0.89607,2.0000000000020002e-05,-0.00080051,0.00092691,0.00024997621869315284,-0.23699,0.30809,0.05947362405855835,5.0034,14.969,8.808724999999999,9.39687120379725,2.201065992856647e-06,0.00019746236926330348,0.058179401051437554,0.3695067523433825,0.9171750839198948,0.6475158904247877,0.22198583455507523,0.993604686339412
2500,1626,faulty_evident,0.9975460122699388,2,252,-1.1148,-0.90677,0.20803000000000005,-1.5845,0.0,0.5077925686754196,-22.467,16.471,6.939731200583381,-177.6,294.92,107.96894206349207,119.66109842154647,1.880039493041829e-05,0.0016694421867464112,0.5047648299423164,3.5557943619059778,0.99999997329159,0.9999931824401265,0.9973539387904864,0.9989888468448842
2500,1626,faulty_evident,0.9975460122699388,3,252,0.86411,1.0473,0.18318999999999985,-0.0032863,1.564,0.4722104643707417,-22.396,21.211,7.257096503216625,-415.07,458.07,135.63838928571428,163.01906805094347,2.5057111726659944e-05,0.0032112968653711946,0.8555844153060088,8.99830362363012,0.9999999291988206,0.9999715480766781,0.9930366314238246,0.9977986588417729
2500,1626,faulty_evident,0.9975460122699388,4,252,3.1416,3.1416,0.0,-0.00047399,0.00056878,8.781057423072782e-05,-0.23107,0.12442,0.030417476728873932,-0.15284,0.91701,0.26968670634920633,0.4081428694269781,1.1546319456101628e-14,8.781057423072782e-05,0.030417476728873932,0.045627201962513485,,,,0.99234531073312
2500,1626,faulty_evident,0.9975460122699388,5,252,0.97952,1.3707,0.3911800000000001,-2.8331,0.0021066,0.9385026989392558,-40.715,36.331,12.472560481076545,-19.181,9.8197,3.7405311111111113,4.875622274270424,5.1065658983404316e-05,0.007983015964342144,2.1555470196439925,1.3039150490123852,0.9999999396122771,0.9999538398303869,0.9849623455576698,0.9514488971703496
2500,1626,faulty_evident,0.9975460122699388,6,252,0.91564,0.92347,0.007830000000000004,-0.057097,0.00020223,0.018792564189257344,-1.0617,0.94797,0.2859318240308954,-2.6,-1.9579,2.1105238095238095,2.1161666722547885,2.8977704979365567e-06,0.00037595707049008133,0.1390699606215315,0.026153269630089144,0.9999995141768814,0.9997448263149116,0.8737805652053804,0.9856289605182235
2500,1627,faulty_evident,0.998159509202454,1,249,0.89605,0.89608,2.999999999997449e-05,-0.00096904,0.0011797,0.00030973266931559785,-0.40289,0.37919,0.07793873675318796,0.56949,11.715,4.561453654618474,6.024978254496178,2.4884442189021835e-06,0.00022474059711676198,0.0755249446797012,0.3655130317183479,0.9407983661682325,0.7290298990874842,0.25579102978841933,0.9956807764831452
2500,1627,faulty_evident,0.998159509202454,2,249,-1.1148,-0.90677,0.20803000000000005,-1.5851,8.4264e-05,0.5108656677497895,-22.491,16.4,6.986083169979617,-180.28,297.4,108.37891124497993,120.22141093996203,1.970640503574768e-05,0.0017718273189965357,0.5319116203983275,3.5806343868894857,0.999999970863581,0.9999923886558278,0.9970999399488683,0.9989965196482473
2500,1627,faulty_evident,0.998159509202454,3,249,0.86411,1.0473,0.18318999999999985,-0.0036234,1.5652,0.4750560847713336,-21.827,21.637,7.308331431292734,-413.52,463.5,135.72742690763053,163.8722562648894,2.6554849978970485e-05,0.003216457296376475,0.8987119863132944,9.30273234739516,0.9999999211268078,0.9999717184914892,0.9924206685095225,0.9976951401486673
2500,1627,faulty_evident,0.998159509202454,4,249,3.1416,3.1416,0.0,-0.00041079,0.00060038,8.472300587612994e-05,-0.19552,0.17774,0.028182600268527078,-0.71323,-0.10189,0.42209020080321286,0.43523003501587487,1.1156707080155997e-14,8.472300585900921e-05,0.028182600268126586,0.04689598450065984,,0.05315666392313153,0.010346665609118117,0.8971217822287834
2500,1627,faulty_evident,0.998159509202454,5,249,0.97952,1.3707,0.3911800000000001,-2.8332,0.0028228,0.9441509980216034,-40.929,36.047,12.552271885825913,-20.136,10.011,3.8787547751004015,5.048858758276212,5.286982197385625e-05,0.008389379381371753,2.149562574764288,1.3713860156945055,0.9999999357569388,0.9999494627474221,0.9852378016955748,0.9491629909653986
2500,1627,faulty_evident,0.998159509202454,6,249,0.91564,0.92347,0.007830000000000004,-0.057232,0.00020223,0.01888439690875729,-1.0996,0.98589,0.2820026558216177,1.2526,2.2526,1.571336546184739,1.601159713969395,2.6014787184013247e-06,0.0003569959040954439,0.1280943438917409,0.025680594908727726,0.9999996116583924,0.9997711878202805,0.8909065507217083,0.9965154798302491
2500,1628,faulty_evident,0.9987730061349692,1,249,0.89605,0.89608,2.999999999997449e-05,-0.0011797,0.0014746,0.0003396490775607309,-0.52138,0.45029,0.09028806257879793,-1.5458,10.169,3.2604323293172692,4.845797216934589,2.494676219125214e-06,0.0002569260619892962,0.0883559195507024,0.3625621680485767,0.9473737094167987,0.7046817138332173,0.2198241788513572,0.99589534148857
2500,1628,faulty_evident,0.9987730061349692,2,249,-1.1148,-0.90677,0.20803000000000005,-1.5856,8.4264e-05,0.5109069655869038,-21.803,16.4,6.98849759600394,-180.08,300.85,108.4606297188755,120.30264933963299,1.9267948546506088e-05,0.0018919513675735714,0.5177469326568871,3.631080160587391,0.9999999721469328,0.9999913194097525,0.9972550589466195,0.9989693646974401
2500,1628,faulty_evident,0.9987730061349692,3,249,0.86411,1.0473,0.18318999999999985,-0.0040025,1.5667,0.4751594030295448,-23.036,22.23,7.324364354059519,-421.74,481.19,138.36185389558233,166.13379035747505,2.8394730823034284e-05,0.0034600303530493695,0.9501830769317721,9.70434335557903,0.9999999098176375,0.9999672895539444,0.9915617551523233,0.9975465787684752
2500,1628,faulty_evident,0.9987730061349692,4,249,3.1416,3.1416,0.0,-0.00050558,0.00063198,8.763120125295637e-05,-0.24884,0.15997,0.030371340925194223,-0.25473,0.96796,0.3150843172690763,0.4154398931290933,1.1156707080155997e-14,8.763120123757988e-05,0.030371340924967113,0.05010682097963763,,0.04807937213428066,0.005820351448729684,0.9920935486345224
2500,1628,faulty_evident,0.9987730061349692,5,249,0.97951,1.3707,0.39119000000000004,-2.8328,0.0030756,0.9441610368845387,-41.853,36.449,12.579558839502159,-20.595,10.507,3.905608935742972,5.128340617968284,5.614939198023088e-05,0.008724249174833758,2.2716073218097046,1.4085629761405702,0.9999999275386372,0.9999453445504812,0.9835718497747583,0.9489163800301725
2500,1628,faulty_evident,0.9987730061349692,6,249,0.91564,0.92347,0.007830000000000004,-0.057367,0.00020223,0.018885583693182908,-0.98589,0.94797,0.28062770616605925,1.4,2.4211,1.7161265060240967,1.7452530318037212,2.975482158043981e-06,0.00036340784809927207,0.12446415187864926,0.025750342028214572,0.9999994919642196,0.9997629473002718,0.8963012247055303,0.9967106747107997
2500,1629,faulty_evident,0.9993865030674848,1,249,0.89605,0.89608,2.999999999997449e-05,-0.0010533,0.0010954,0.0002642496867399024,-0.42659,0.42659,0.07761999497728077,-1.9119,9.6,3.2836524497991966,4.549450008079047,2.2906657618451264e-06,0.00021023592704508268,0.07650083999230857,0.280101073162966,0.9352013699964944,0.6166491493250766,0.17271689852855726,0.9976154626971919
2500,1629,faulty_evident,0.9993865030674848,2,249,-1.1148,-0.90677,0.20803000000000005,-1.5863,8.4264e-05,0.5109356893078147,-21.637,16.566,6.990232156658674,-181.42,300.49,108.2258140562249,120.12936488309134,2.0120934504264415e-05,0.0018319539000203715,0.5044444081905222,3.6596191112294245,0.9999999696264704,0.9999918625146266,0.9973957282692894,0.9989589284632234
2500,1629,faulty_evident,0.9993865030674848,3,249,0.86411,1.0473,0.18318999999999985,-0.0040447,1.5699,0.4751842949728223,-22.917,21.803,7.337038009537711,-425.62,495.16,139.01076787148594,166.5644227397248,2.9655677535637156e-05,0.003699105310641742,1.0102445834801368,10.308861309687625,0.9999999016265623,0.9999626170752199,0.990487979159352,0.9972416323234626
2500,1629,faulty_evident,0.9993865030674848,4,249,3.1416,3.1416,0.0,-0.00056878,0.00066358,9.379800999124272e-05,-0.23107,0.17774,0.03237306200913639,-0.45851,0.66229,0.35109411646586347,0.3731717143440078,1.1156707080155997e-14,9.379800997780612e-05,0.03237306200867152,0.04921827283372374,,0.04184425649068365,0.012009845279327143,0.9908921072472222
2500,1629,faulty_evident,0.9993865030674848,5,249,0.97952,1.3707,0.3911800000000001,-2.832,0.003497,0.9441767135381837,-41.829,36.923,12.598725875266982,-20.977,10.89,3.9866183534136543,5.201567344300058,5.8692753737912586e-05,0.008911687187544166,2.3428679410413387,1.43700628282471,0.9999999208279188,0.9999429717662882,0.9825694361643655,0.9483797785515241
2500,1629,faulty_evident,0.9993865030674848,6,249,0.91564,0.92346,0.007819999999999938,-0.0573,0.00026965,0.018911138747096375,-0.91005,1.1755,0.28753924789160223,-2.5789,-1.8211,2.014667871485944,2.026475266224208,2.7990557218016233e-06,0.000422517512756779,0.13784431121545515,0.027498973571608628,0.9999995500639249,0.9996807277104294,0.8776548581409205,0.9920623652951847
2500,1630,faulty_evident,1.0,1,249,0.89605,0.89608,2.999999999997449e-05,-0.0010112,0.0012218,0.00030394780899950307,-0.45029,0.42659,0.08208314876032496,-1.7085,9.6,3.2617592369477912,4.6395452354166675,2.5832629289873004e-06,0.00023192275418142027,0.0803558869479019,0.3174911595921954,0.9318069095956053,0.6874621365889909,0.2164614853772518,0.9968846376942663
2500,1630,faulty_evident,1.0,2,249,-1.1148,-0.90677,0.20803000000000005,-1.5861,0.00016853,0.5108951306571421,-22.396,16.708,6.992276149870515,-180.69,305.29,108.48416666666667,120.56759058029996,2.0079003501419724e-05,0.0017754632081185427,0.5420781822044235,3.67581259720311,0.9999999697512428,0.9999923574522338,0.9969930338964698,0.9989536728143581
2500,1630,faulty_evident,1.0,3,249,0.86411,1.0473,0.18318999999999985,-0.0045503,1.568,0.4751847681986854,-21.946,22.396,7.321835051789348,-429.04,490.97,141.87509638554215,168.4304901935504,2.763908999617292e-05,0.0033481306008271553,0.9105052732880503,9.864456975342334,0.9999999145558062,0.9999693750681891,0.9922496333504947,0.9974891171852519
2500,1630,faulty_evident,1.0,4,249,3.1416,3.1416,0.0,-0.00041079,0.00050558,7.136369755360277e-05,-0.19552,0.10665,0.0252376546843773,-0.91701,-0.15284,0.52398,0.5399562773478882,1.1156707080155997e-14,7.136369754271803e-05,0.025237654683855474,0.04081041703453935,,0.033431598739176054,0.013481553037649138,0.9497474457408276
2500,1630,faulty_evident,1.0,5,249,0.97952,1.3707,0.3911800000000001,-2.8331,0.0037498,0.9442384243917092,-42.114,35.739,12.599317771369144,-21.13,10.507,4.156648710843373,5.366179414638602,5.787344580497749e-05,0.008874653739395263,2.3286732731776882,1.432338518452359,0.9999999230254655,0.9999434537695354,0.9827838686695975,0.949825291729663
2500,1630,faulty_evident,1.0,6,249,0.91564,0.92347,0.007830000000000004,-0.057367,0.00020223,0.018895976653346525,-1.2513,1.2513,0.2999811105002511,1.1263,2.1158,1.477189558232932,1.502930701708015,3.2324553694433927e-06,0.0003960555103244416,0.16257083317044171,0.027053658949544906,0.999999400430571,0.9997187903608828,0.8404472327118158,0.9952272460431535
3000,0,training_healthy,0.0,1,388,-1.0911,0.89606,1.9871599999999998,-4.6128,0.00016853,2.3950509870182883,-34.554,38.962,13.001200993888425,-342.92,250.17,69.63257139175258,111.50391164037042,1.3619491173787604e-05,0.001109085451290808,0.5685861155127026,3.7484041467453615,0.9999999998684928,0.9999998509482454,0.9990432929575163,0.999393732594388
3000,0,training_healthy,0.0,2,388,-1.1148,-0.72794,0.38686,-1.8852,1.6006,0.6825236773395433,-24.718,21.329,8.789353324419094,-141.52,392.46,127.39711543814435,146.36260137511462,1.2046100641119326e-05,0.0012837086795582403,0.4819116895967219,2.193496795310553,0.9999999940222348,0.999998194767886,0.9984973013879151,0.9997259728508534
3000,0,training_healthy,0.0,3,388,0.90157,1.332,0.4304300000000001,-1.4911,1.2782,0.6041230712078907,-24.718,24.363,7.717373292221627,-641.54,217.47,118.7613868556701,175.75434334245654,2.3072165213625558e-05,0.0021814899062583206,1.2090663411928462,5.2249777347157895,0.9999999893927102,0.9999926285003005,0.9876545518135152,0.9994379018954964
3000,0,training_healthy,0.0,4,388,3.1416,3.1416,0.0,-0.0015168,0.00158,0.0003756559084946327,-0.56878,0.35549,0.07668494904966684,-30.312,27.714,7.125777435567009,11.390511457270945,1.1122013505055819e-14,0.00037565590851299473,0.07668494905061672,0.09799884715022462,0.029844081605598705,-0.05752880751500586,-0.02437239440095666,0.9999629569457636
3000,0,training_healthy,0.0,5,388,0.84409,1.3479,0.5038100000000001,-2.8829,2.8691,1.0840954153472342,-34.98,35.904,14.051604197811953,-12.724,20.671,7.128818747422679,9.139979804518374,2.459294553850505e-05,0.0027035807182518383,1.367433995057755,0.5550558600158951,0.9999999923650043,0.9999968707645552,0.9952550758953436,0.9977995827442098
3000,0,training_healthy,0.0,6,388,0.91565,3.0913,2.17565,-0.017122,5.0558,2.622943500510827,-47.816,39.132,14.760366175575378,-2.0421,7.3158,3.4506017293814435,3.814675415072028,3.0306141678343463e-05,0.00474022998829627,3.9541248205738455,0.24934275697136593,0.9999999994555179,0.9999974628949287,0.9634501334017291,0.9946244074166165
3000,1,training_healthy,0.0006273525721455,1,380,-0.92355,0.89606,1.81961,-4.7382,0.00016853,2.328446666290126,-30.477,49.816,13.940092338429936,-295.28,240.98,61.18385110526315,100.22640388595153,5.9420531778693736e-06,0.0011438669845486246,0.6195986962999149,3.68795045372459,0.9999999999705467,0.9999998365115026,0.9990118862594507,0.9992662455094922
3000,1,training_healthy,0.0006273525721455,2,380,-1.1148,-0.30678,0.80802,-2.9962,1.6482,1.175689639806435,-45.1,39.151,14.164308786120241,-245.94,393.03,121.89492444736842,146.79926676810322,1.3487308335511587e-05,0.0014418165274004775,0.6997540948655402,2.4293856910705234,0.9999999982579096,0.9999991817627367,0.9987803873411767,0.9997582908416395
3000,1,training_healthy,0.0006273525721455,3,380,0.93615,1.9577,1.02155,-1.3442,2.4965,1.2904704471933943,-22.894,33.013,10.262010879312221,-636.42,180.37,125.41473584210526,174.03644673039886,2.452018709418037e-05,0.0023790616680446765,1.1402115295230657,6.1621321256191575,0.9999999982578012,0.999997678566875,0.9938098526366471,0.9993019790889123
3000,1,training_healthy,0.0006273525721455,4,380,3.1416,3.1416,0.0,-0.0011692,0.0017379,0.0002685298281150826,-0.39104,0.23107,0.058796145981889696,-28.275,23.537,6.438822868421053,10.241084086319342,1.1093625604991795e-14,0.00026852982809928016,0.05879614598158918,0.07697286675701721,,0.04943690938906745,0.007667508955343523,0.9999716638149849
3000,1,training_healthy,0.0006273525721455,5,380,0.55078,1.3258,0.77502,-3.984,2.839,1.3293436044617564,-44.91,52.02,17.4455375399663,-22.467,18.264,7.199771836842105,9.23730659805599,2.5255861188337803e-05,0.003030080056753716,1.5785697960877247,0.645880902893568,0.9999999963561813,0.9999972518966653,0.9958995847593447,0.9973765393051103
3000,1,training_healthy,0.0006273525721455,6,380,0.91565,1.3753,0.45965,-0.069905,1.2098,0.5856200584113971,-24.382,15.698,5.822884294508892,-1.8211,4.4526,2.2967587631578943,2.454907515899584,2.6105089970912453e-05,0.0035290235154294878,4.594964485728895,0.2719996919334932,0.9999999908161418,0.999972927524357,0.6142375429050988,0.9860136732863266
3000,2,training_healthy,0.001254705144291,1,370,-0.78626,0.89606,1.6823199999999998,-4.6688,0.00025279,2.2475748058688625,-33.558,45.384,13.97793773226656,-326.6,249.4,65.29537689189188,108.61225476284515,5.760642201763073e-06,0.0011812676344877678,0.689112215033141,3.4106628786793483,0.9999999999678841,0.9999998133680017,0.9987841275940468,0.9994737666050603
3000,2,training_healthy,0.001254705144291,2,370,-1.1148,-0.48825,0.6265499999999999,-2.4924,1.6155,0.9701429417219041,-37.634,31.07,11.981102936952588,-207.38,392.62,124.91301645945946,147.49652195340158,1.2634083030258733e-05,0.0013957548127841496,0.6354012762648361,2.4852523010854775,0.999999997319992,0.9999988924390834,0.9985941922971541,0.9997218088410634
3000,2,training_healthy,0.001254705144291,3,370,0.92651,1.7045,0.77799,-1.401,1.9659,1.0367898099012067,-23.676,30.264,9.542651518120058,-639.52,201.48,129.42052162162162,179.97957653892138,2.360322444551339e-05,0.002266878160590349,1.0572737411824091,5.6496652837980506,0.9999999970978376,0.9999968999190351,0.9938451683042523,0.9994200481899008
3000,2,training_healthy,0.001254705144291,4,370,3.1416,3.1416,0.0,-0.0017063,0.0023383,0.0004359939999383639,-0.42659,0.28439,0.07969354564129444,-30.873,27.867,7.25860154054054,11.595030697295934,7.388448730369184e-15,0.0004359939999291634,0.07969354563950465,0.10552357152060465,0.0,0.027448391901748647,0.03221402435727936,0.9999585793115325
3000,2,training_healthy,0.001254705144291,5,370,0.66839,1.3304,0.66201,-3.471,2.8496,1.2344227280822229,-37.99,41.829,16.140222421420184,-17.27,19.181,6.918514775675675,8.799225959915375,2.4067256076405122e-05,0.002992623800293405,1.441979018286979,0.6134318288914804,0.9999999953872029,0.9999969601133085,0.9960026444955383,0.9973361264035941
3000,2,training_healthy,0.001254705144291,6,370,-1.0095,0.91749,1.92699,-5.36,0.035593,2.5704088256861426,-50.849,60.594,16.777371395259923,-7.1684,1.7789,2.955389162162162,3.395517493220946,2.7337665571598174e-05,0.005222730241435597,5.320247327455096,0.34011232759639365,0.999999999448853,0.9999969638332382,0.9483893697116218,0.9887875652823468
3000,3,training_healthy,0.0018820577164366,1,391,-0.86626,0.89606,1.7623199999999999,-4.4569,0.0001264,2.14506108484683,-28.818,48.086,12.853866275553962,-281.29,188.75,50.71383069053708,84.5670940173217,6.727635515565786e-06,0.0013085551715781277,0.7161432295704511,3.2968097343894516,0.999999999959224,0.9999997320041826,0.9984470395552903,0.9991649816718177
3000,3,training_healthy,0.0018820577164366,2,391,-1.1148,-0.074489,1.040311,-3.6025,2.2094,1.443352221361094,-53.916,46.759,16.736547045350186,-262.86,391.28,114.8067441943734,142.30376592938708,1.2908307693808559e-05,0.0013888132530963328,0.8168820694209299,2.548851505040701,0.9999999990764002,0.9999994950835339,0.998809299585293,0.9997501554687106
3000,3,training_healthy,0.0018820577164366,3,391,0.94575,2.2503,1.3045500000000003,-1.2916,3.127,1.5581843850529913,-22.728,37.326,11.205533341588191,-635.64,195.12,113.34764271099745,164.86427500281795,2.358526192230278e-05,0.00268874587312377,1.4909387683718829,6.862521610910211,0.9999999990328554,0.9999978625299805,0.9911103433543078,0.9990303732609394
3000,3,training_healthy,0.0018820577164366,4,391,3.1416,3.1417,0.00010000000000021103,-0.0023383,0.0033179,0.0005593554155063887,-0.49768,0.49768,0.10077219849145155,-25.727,24.25,6.4300597570332485,9.798476246477541,5.481153978403872e-06,0.0007152455808575492,0.11141191111246794,0.12347719303828787,0.9238981440906526,0.36913299478172656,0.10263945794388246,0.999920097373826
3000,3,training_healthy,0.0018820577164366,5,391,0.41865,1.3224,0.90375,-4.6389,2.833,1.4624468424624082,-50.29,58.277,18.81109412527556,-27.816,14.672,6.979931058823529,9.020334817705876,2.553699027007515e-05,0.003399914077320934,1.5004670577701902,0.736174717894637,0.9999999973699608,0.9999970832440536,0.9968155047938654,0.9965888541987108
3000,3,training_healthy,0.0018820577164366,6,391,0.90364,0.92247,0.018830000000000013,-0.093634,0.056828,0.029675129487571967,-5.9153,6.067,1.365464961480312,-2.1474,1.8842,1.1879660588235295,1.2476799229392141,5.898726495381015e-06,0.0011400891188304888,1.313331672307112,0.07205861589443718,0.9999996748037883,0.9991935503719455,0.2736834252215267,0.9981127185376847
3000,4,training_healthy,0.0025094102885821,1,367,-0.69189,0.89606,1.58795,-4.6956,8.4264e-05,2.1754572768461204,-30.311,47.944,14.047346351087295,-289.55,236.18,59.958478664850134,99.2759591522318,6.102493922444137e-06,0.0011074908171636233,0.6663824784446214,3.4637581173902134,0.9999999999596796,0.9999998287040892,0.998874331056785,0.9993520568764731
3000,4,training_healthy,0.0025094102885821,2,367,-1.1148,-0.2871,0.8277,-3.0531,1.9399,1.2575821283912447,-47.801,40.004,15.072397850976644,-246.14,390.71,121.30227111716621,147.28277800344208,1.3239815976361052e-05,0.0014015838366257683,0.7182829888611871,2.3404210688760485,0.9999999984256573,0.999999326375769,0.9988650864609759,0.999786713103476
3000,4,training_healthy,0.0025094102885821,3,367,0.94174,1.9878,1.04606,-1.3157,2.9224,1.4091305313295786,-22.941,35.146,11.32046693720458,-637.97,199.93,127.08428664850136,176.77068320962425,2.3338574458372228e-05,0.002320455070266831,1.1615852267175832,6.394425221819306,0.9999999985221314,0.999998178200269,0.9947230340600149,0.9992507098773933
3000,4,training_healthy,0.0025094102885821,4,367,3.1416,3.1416,0.0,-0.0016747,0.0018011,0.0003806159684636083,-0.24884,0.39104,0.07200030609377109,-30.16,25.269,7.188699359673024,11.24576496380317,1.3322676295501878e-14,0.0003806159684636083,0.07200030609377109,0.09820735931740053,,,,0.9999618575055867
3000,4,training_healthy,0.0025094102885821,5,367,0.53699,1.3212,0.78421,-4.0565,2.8314,1.3738674988759558,-45.503,50.74,17.94562677025576,-24.186,19.983,6.979006580381472,9.17980416372699,2.531852617560692e-05,0.0030305756223059747,1.7305715598416778,0.6913238373144912,0.9999999964303684,0.9999974167307717,0.9953412806595989,0.9970094373132115
3000,4,training_healthy,0.0025094102885821,6,367,0.31317,0.91806,0.6048899999999999,-1.7894,0.040447,0.8223932163596746,-18.429,24.989,7.072467466726548,-4.6842,1.7474,2.583421147138965,2.714768082039121,2.092762428151542e-05,0.0040311627868756215,4.735026636133496,0.2843872678367683,0.9999999967271325,0.9999824745783227,0.7428111388601717,0.9855877554014254
3000,396,intermediate_unlabelled,0.2484316185696361,1,375,-0.86129,0.89606,1.75735,-4.7014,0.00016853,2.296246781696739,-32.255,47.896,14.04341197806133,-313.71,251.51,59.737011546666665,104.11653622187404,5.624525568702817e-06,0.0011158962898051238,0.6635326591076215,3.1025185128262343,0.9999999999717588,0.9999998417650962,0.9988832938402559,0.9995320185637856
3000,396,intermediate_unlabelled,0.2484316185696361,2,375,-1.1148,-0.40707,0.70773,-2.7435,1.6256,1.0624609523401864,-41.308,35.502,13.04300697684838,-225.6,394.58,124.02583813333332,148.1339035838689,1.3101963557014414e-05,0.0013499553259811437,0.6402674712697006,2.5748385032352776,0.9999999977907826,0.9999991297850128,0.9987958975582424,0.9997205126181584
3000,396,intermediate_unlabelled,0.2484316185696361,3,375,0.93256,1.8192,0.88664,-1.3616,2.1989,1.1483920866904151,-23.202,31.425,9.892365919981884,-621.21,190.93,121.33161757333332,173.65925836541507,2.4001384937895354e-05,0.002728230810837391,1.2871263385326275,5.895420211571361,0.9999999977397925,0.9999962308044793,0.991500875176468,0.9993225573760256
3000,396,intermediate_unlabelled,0.2484316185696361,4,375,3.1415,3.1416,9.999999999976694e-05,-0.0040131,0.0022751,0.0005214478299940912,-0.49768,0.62211,0.10211869335277128,-31.433,25.473,7.092670133333333,11.169802648699193,5.695325571275766e-06,0.0007016109065890985,0.10869163038853326,0.12936076610952923,0.9539175001458278,0.4278279518470635,0.09779571789595595,0.9999329337596325
3000,396,intermediate_unlabelled,0.2484316185696361,5,375,0.61488,1.3271,0.71222,-3.7425,2.8421,1.2756945724633244,-41.166,45.123,16.870640443421255,-19.296,18.722,6.864873063999999,8.878932928424403,2.542561882267161e-05,0.0030522847789056008,1.7554082148812613,0.6424532158075862,0.999999995579672,0.9999970089158088,0.9945738146872055,0.9971052033220515
3000,396,intermediate_unlabelled,0.2484316185696361,6,375,0.91564,1.9709,1.05526,-0.055412,2.8315,1.3781213006212687,-42.621,21.272,9.448940588438349,-1.7789,5.6211,2.852296914666667,3.1177428181729634,2.8455127145771513e-05,0.003907716717307332,4.179856982622705,0.2653693542717002,0.9999999979764008,0.9999940372011186,0.8968369737136088,0.9909674409384709
3000,397,intermediate_unlabelled,0.2490589711417817,1,370,-0.75948,0.89606,1.65554,-4.7098,0.00016853,2.2268831655170493,-30.999,48.584,14.05755754450456,-297.23,237.32,58.45101072972973,99.65823625713712,6.450036797760424e-06,0.0012856359314982503,0.7206033318572538,3.582664194858364,0.9999999999584245,0.9999997727462593,0.9986854473113459,0.9993164927548608
3000,397,intermediate_unlabelled,0.2490589711417817,2,370,-1.1148,-0.3174,0.7974,-2.9738,1.7729,1.2007378504962807,-45.929,38.677,14.460597019787114,-247.69,397.06,122.47855054054054,148.12194135611986,1.3343731588250574e-05,0.0014709484348834928,0.6670905447884743,2.4192414985859503,0.9999999982582447,0.9999991846590243,0.9989367606902976,0.9997682756313434
3000,397,intermediate_unlabelled,0.2490589711417817,3,370,0.9389,1.9459,1.0070000000000001,-1.3276,2.6925,1.3341564844738836,-23.581,33.795,10.845581249986823,-618.1,191.7,121.54136072972973,172.1641149037604,2.2812809223695388e-05,0.002483561601620275,1.3206068176348178,6.314199614501107,0.9999999984606158,0.9999976655315819,0.9925606712677696,0.9992207151546814
3000,397,intermediate_unlabelled,0.2490589711417817,4,370,3.1416,3.1416,0.0,-0.0030019,0.0020223,0.0004512468345248948,-0.53323,0.47991,0.09593219724012851,-30.975,24.352,7.107143432432433,11.098012911954982,7.388448730369184e-15,0.0004512468345323902,0.0959321972409467,0.11730119604747988,0.0,-0.022361356612757666,-0.014726396555260651,0.9999441177206614
3000,397,intermediate_unlabelled,0.2490589711417817,5,370,0.55622,1.3231,0.7668799999999999,-3.9679,2.8366,1.3451565143333108,-43.654,48.844,17.636026966946815,-21.206,19.754,6.985632694594595,9.041364925170539,2.4241944960135894e-05,0.003001265684902461,1.7984538654617428,0.7075252529411922,0.99999999656211,0.9999973664474415,0.9947886994778377,0.9967300014225661
3000,397,intermediate_unlabelled,0.2490589711417817,6,370,-2.2411,0.91708,3.1581799999999998,-8.9698,0.030537,4.2438083767903025,-63.173,108.14,27.706250468438373,-9.6842,1.9789,3.828251843243243,4.518898766795124,3.3253781796150314e-05,0.005086006391478764,7.465784553451783,0.5721351551432322,0.9999999996964513,0.9999989614101809,0.9630111338003153,0.981980439211371
3000,398,intermediate_unlabelled,0.2496863237139272,1,375,-0.86943,0.89606,1.76549,-4.607,0.00016853,2.2709841180559405,-33.866,38.085,13.168008361378908,-339.09,247.69,66.52212546666667,110.80563341701524,6.213556262781622e-06,0.0013252605486802388,0.6530248731396877,3.596093316866154,0.9999999999657646,0.9999997603249408,0.9987696194463501,0.9994461753675782
3000,398,intermediate_unlabelled,0.2496863237139272,2,375,-1.1148,-0.73634,0.37846,-1.8647,1.6021,0.6919726916784157,-24.505,21.235,8.896796954881648,-143.23,394.58,126.77112613333333,146.58232433864953,1.2087257112013003e-05,0.0012995303968830049,0.5214943720898261,2.305936072053464,0.9999999937683423,0.999998201494314,0.998282138491338,0.9997068665960458
3000,398,intermediate_unlabelled,0.2496863237139272,3,375,0.90336,1.3209,0.4175399999999999,-1.4844,1.2837,0.6164128875808588,-24.15,22.348,7.845592833798167,-619.65,194.81,121.08743946666667,176.26678510367336,2.2276922435418046e-05,0.0022286768421648654,1.0617657830478935,5.318792281702216,0.9999999895268246,0.9999926615088488,0.9908030391212571,0.9993896120159628
3000,398,intermediate_unlabelled,0.2496863237139272,4,375,3.1416,3.1416,0.0,-0.0031915,0.0025279,0.0004494554002268553,-0.88872,0.44436,0.08896706755882201,-30.669,27.358,7.269973453333334,11.611800575066038,1.1141501174280683e-14,0.00044945540021043817,0.08896706755713242,0.10277213239861265,,0.05148563059728123,0.043413118957126275,0.9999607414835185
3000,398,intermediate_unlabelled,0.2496863237139272,5,375,0.84938,1.3466,0.49722,-2.8641,2.8697,1.0999449199486797,-34.482,35.881,14.241999617362051,-11.31,20.442,6.603427856000001,8.673723924033366,2.5668668437919567e-05,0.002981847432960157,1.6038311558952063,0.5700164822923495,0.9999999914138225,0.9999963053630994,0.9936403364365193,0.9974603888905418
3000,398,intermediate_unlabelled,0.2496863237139272,6,375,-1.8625,0.91734,2.77984,-7.2483,0.033773,3.5732468952353513,-57.068,72.766,21.331819566853376,-8.6947,2.1474,3.8256294453333335,4.313886836865558,2.9344619382011845e-05,0.005127343608954808,5.29181594504825,0.3520271393399355,0.9999999996921201,0.9999984582037774,0.9687417894067634,0.9919501467642516
3000,399,intermediate_unlabelled,0.2503136762860727,1,383,-0.99151,0.89606,1.88757,-4.5675,0.0001264,2.324402805115575,-33.677,35.62,12.75574764957086,-341.17,244.6,66.08296229765013,110.85499334306861,5.441456688281618e-06,0.0011021654444171318,0.6633282028701845,3.8011562230452776,0.9999999999768178,0.9999998445266286,0.9986470036739432,0.9993859373779679
3000,399,intermediate_unlabelled,0.2503136762860727,2,383,-1.1148,-0.84076,0.27404000000000006,-1.6598,1.5966,0.6105006401742009,-21.069,20.784,8.106386377798634,-121.71,395.72,127.60835997389034,146.7205408970285,1.71195859897784e-05,0.001303178731850535,0.45400418082229366,2.0432881489226222,0.9999999837709438,0.9999977203386082,0.9984321787006648,0.9997523292949446
3000,399,intermediate_unlabelled,0.2503136762860727,3,383,0.88462,1.1539,0.26927999999999996,-1.5276,1.3353,0.5242286188755225,-24.552,19.196,7.596450989466555,-619.65,193.56,123.00965274151436,176.10073504079133,2.0005177917465925e-05,0.0021638647066913393,1.0347885641450614,4.87143533804127,0.9999999797530237,0.9999912992955637,0.9906813004321028,0.9994550941247456
3000,399,intermediate_unlabelled,0.2503136762860727,4,383,3.1415,3.1416,9.999999999976694e-05,-0.0026859,0.0027491,0.0004720965422508088,-0.6932,0.49768,0.08423576152078727,-31.331,27.663,7.426833942558746,11.83119318332429,5.7698956447549235e-06,0.0006271213196081882,0.09603367869410276,0.0963219481177312,0.905353882500481,0.42976118096098415,0.12623758561451925,0.9999667569673242
3000,399,intermediate_unlabelled,0.2503136762860727,5,383,0.92873,1.3586,0.42987,-2.729,2.8791,1.0646299827237449,-32.515,36.26,13.666672227760081,-10.011,21.588,6.853480822454309,9.180206549337855,2.4278785873783147e-05,0.0024976318179560117,1.4977053218155618,0.5041000798693137,0.9999999909956254,0.9999972539386912,0.9939782468277202,0.9981450618073202
3000,399,intermediate_unlabelled,0.2503136762860727,6,383,-2.3161,0.91729,3.23339,-7.8328,0.033234,3.979606894770719,-61.315,70.529,22.892274553790603,-9.3053,2.2526,4.226164490861619,4.752390381537927,3.2412948607213e-05,0.005087260794540816,7.015255235160572,0.4669201782129881,0.9999999997197929,0.9999987508251426,0.9518879534032659,0.9878192337900689
3000,400,intermediate_unlabelled,0.2509410288582183,1,373,-0.83968,0.89606,1.7357399999999998,-4.6777,0.00016853,2.2819279532093963,-34.008,45.929,13.966873247966197,-328.72,252.08,62.13583613941019,107.0770263768234,6.140591194964144e-06,0.0012720747982327325,0.7255239046431318,3.3265314260028243,0.9999999999656214,0.999999786406426,0.9986500112713602,0.9994919787090463
3000,400,intermediate_unlabelled,0.2509410288582183,2,373,-1.1148,-0.48277,0.6320300000000001,-2.5148,1.6151,0.9685228319898397,-37.303,31.093,11.969076684653034,-208.88,394.74,125.25601171581769,147.97182452983833,1.270977350368015e-05,0.0013724033311178414,0.5952151602978527,2.4947696906133774,0.9999999973345238,0.9999989251716852,0.9987641820269894,0.9997216177064102
3000,400,intermediate_unlabelled,0.2509410288582183,3,373,0.92591,1.7108,0.7848900000000001,-1.3993,1.9243,1.029636456090266,-23.533,29.553,9.4368298586778,-618.1,197.6,121.06787699731906,173.9919913933654,2.2505780561530856e-05,0.002528630831445446,1.156571743804834,5.475676466235866,0.9999999974021131,0.9999960654714447,0.9924630599514341,0.9994066895266788
3000,400,intermediate_unlabelled,0.2509410288582183,4,373,3.1415,3.1417,0.00019999999999997797,-0.007173,0.0032231,0.0007725504365531196,-1.0309,1.1731,0.15206233961732749,-32.962,26.237,6.88566509383378,11.344894059889022,8.234310033008431e-06,0.000664355869637296,0.1484069988423641,0.18413767164171702,0.9475558627903514,0.6254585409629163,0.24681707162614414,0.9998682307043175
3000,400,intermediate_unlabelled,0.2509410288582183,5,373,0.66545,1.331,0.66555,-3.4949,2.8509,1.2318253302062168,-40.597,40.312,16.180656449533345,-16.315,18.34,6.7987406648793565,8.688986950367294,2.4758237688420343e-05,0.002780472685831447,1.7010393664503631,0.5977036092521381,0.999999995175152,0.9999973626860696,0.9944603586486112,0.9973701319568726
3000,400,intermediate_unlabelled,0.2509410288582183,6,373,0.91564,3.0037,2.0880599999999996,-0.044087,5.6438,2.7455332424315078,-65.258,41.597,17.411887245097795,-2.0421,8.2421,3.3799654959785523,3.973184035792301,2.9398112122294148e-05,0.005333554118807779,4.568286498721812,0.30720386477302036,0.999999999453573,0.9999972091411226,0.9649685933231664,0.9937473264802075
3000,795,intermediate_unlabelled,0.4987452948557089,1,385,-1.0499,0.89606,1.94596,-4.6909,0.00016853,2.403224495699063,-34.174,44.958,13.759206728986179,-331.97,249.4,59.42826802597402,106.03436308529857,1.2223797982228603e-05,0.0013452516993131267,0.7091395497244201,3.530751493722798,0.9999999998898582,0.9999997770409532,0.9986710876288417,0.9994180240780299
3000,795,intermediate_unlabelled,0.4987452948557089,2,385,-1.1148,-0.50024,0.61456,-2.4571,1.6167,0.9161088567830006,-35.122,30.501,11.305128258489177,-200.05,395.92,124.26739636363637,146.5432813783841,1.2833323394719474e-05,0.0013772043294527794,0.591023948077539,2.6546588220404987,0.9999999970945765,0.9999987930699302,0.9986340365029641,0.9996684109395143
3000,795,intermediate_unlabelled,0.4987452948557089,3,385,0.92406,1.6816,0.75754,-1.3989,1.6517,0.9419780076328803,-23.533,28.984,8.83422374651618,-619.65,180.37,120.43595223376624,173.74746202261088,2.4877563958694098e-05,0.00264815230676359,1.234245507076158,5.818663761388555,0.99999999652438,0.9999948005993433,0.990194425910058,0.9993109482145196
3000,795,intermediate_unlabelled,0.4987452948557089,4,385,3.1415,3.1417,0.00019999999999997797,-0.0066042,0.0053086,0.0007803319500141317,-1.8485,1.4931,0.18333118485384392,-34.184,26.746,7.003715675324675,11.362846039528991,8.186608741249388e-06,0.0007079610463425418,0.18417462926571662,0.19286431535101028,0.9672561578042762,0.6960578978286989,0.13064047691923755,0.9998552388812437
3000,795,intermediate_unlabelled,0.4987452948557089,5,385,0.67912,1.3329,0.65378,-3.4251,2.8506,1.1946874988261167,-41.497,38.914,15.74742591046362,-17.194,18.646,7.0711417090909086,9.094268041171485,2.3428104138481116e-05,0.003158549732998804,1.6982951438583642,0.6149701932206771,0.9999999955420491,0.9999963906471013,0.9941692875371064,0.997343926035312
3000,795,intermediate_unlabelled,0.4987452948557089,6,385,-2.1521,0.91715,3.06925,-7.4011,0.031414,3.7869339978242453,-62.49,88.427,22.59047134189271,-7.9368,1.8632,3.449789194805194,3.935265571916022,3.112839684865639e-05,0.005902383410377949,6.635190576551489,0.3811481767925436,0.9999999997129941,0.9999981495616116,0.9558927211388685,0.9885681386735544
3000,796,intermediate_unlabelled,0.4993726474278545,1,387,-1.0769,0.89606,1.97296,-4.7024,0.0001264,2.4193702015872103,-33.937,45.858,13.8060767195002,-329.29,254.6,57.85186710594315,105.07811978166464,1.1852342089278868e-05,0.0012990883259295693,0.7391625890273912,3.504515117533618,0.9999999998991526,0.9999997957269213,0.998565874502707,0.9994191909460995
3000,796,intermediate_unlabelled,0.4993726474278545,2,387,-1.1148,-0.47209,0.64271,-2.5408,1.6178,0.9447229136062039,-36.923,31.473,11.654713785439444,-210.43,398.2,124.40094979328165,146.9150681877294,1.3224994618182488e-05,0.001477177632216543,0.6256985425708588,2.9056217864128553,0.999999997195268,0.9999986887950811,0.9985593634418296,0.9996123023654099
3000,796,intermediate_unlabelled,0.4993726474278545,3,387,0.92531,1.7229,0.7975900000000001,-1.3934,1.7311,0.9814066954462389,-23.32,28.771,8.94504043941195,-619.19,190.46,118.56659356589148,172.21914958930498,2.460920405032084e-05,0.0028372776967073984,1.2652770264046187,5.778543909966496,0.9999999969589164,0.9999944412214995,0.989947280710753,0.9993150089707261
3000,796,intermediate_unlabelled,0.4993726474278545,4,387,3.1415,3.1417,0.00019999999999997797,-0.0093217,0.0062882,0.0009786652024088465,-1.262,1.6175,0.17950410324147784,-33.98,26.339,6.92211219638243,11.196347409700305,8.189502727309445e-06,0.000823345780454135,0.17397894108328976,0.2534239827373825,0.9692419676876718,0.6440887922349773,0.25292604565347615,0.9997415699710562
3000,796,intermediate_unlabelled,0.4993726474278545,5,387,0.65977,1.3322,0.6724300000000001,-3.5113,2.8498,1.2080315678311018,-41.0,41.45,15.943480865566086,-16.85,18.799,7.188913434108527,9.170382339798055,2.4997020337477787e-05,0.0030917843541643365,1.6419015918830981,0.6019771514545946,0.9999999952023229,0.9999966080023925,0.9946848857759012,0.9975264079586619
3000,796,intermediate_unlabelled,0.4993726474278545,6,387,-2.3869,0.91711,3.30401,-7.8744,0.030874,4.048101101033375,-63.324,95.404,25.176171088141928,-8.2211,1.8105,3.3314855607235145,3.9291554901453414,4.293951681467507e-05,0.0067939551108654695,10.221690598916537,0.5686460250575271,0.9999999995282176,0.9999978468749857,0.9138702615865151,0.9764497122457837
3000,797,intermediate_unlabelled,0.5,1,379,-0.91144,0.89606,1.8075,-4.7469,0.0001264,2.323253545005807,-30.619,49.247,13.986759935886141,-295.69,237.32,55.40028353562005,97.80449782281555,7.059107563942888e-06,0.0014689550085694224,0.7770984590553178,3.733373286768476,0.9999999999579056,0.9999997179221075,0.9984555319873206,0.9992351945573261
3000,797,intermediate_unlabelled,0.5,2,379,-1.1148,-0.28341,0.8313900000000001,-3.0545,1.7252,1.2098210685195052,-46.403,39.72,14.483376946210075,-241.14,395.31,120.11075670184697,145.96311321509364,1.3621415527083169e-05,0.001499961134733472,0.7707570836454204,2.887079129509743,0.9999999983371253,0.9999991622584773,0.998584368411786,0.999664427078219
3000,797,intermediate_unlabelled,0.5,3,379,0.93744,1.9894,1.05196,-1.3331,2.5982,1.3326534977140139,-22.609,34.245,10.495817654341161,-618.41,193.56,119.62948865435355,170.07764937594663,2.349578886499943e-05,0.002807996103955126,1.3805104317289087,6.769005994372639,0.9999999984984933,0.9999969525264967,0.9913139764075976,0.999070175771402
3000,797,intermediate_unlabelled,0.5,4,379,3.1415,3.1416,9.999999999976694e-05,-0.006857,0.0033495,0.000618767470116343,-1.2798,1.5464,0.15077581828244682,-29.497,23.588,6.794266503957783,10.359341081644377,5.800263726324164e-06,0.0006261145919020216,0.15044642205201242,0.20095618299288118,0.9053351246029241,0.5273549943221826,0.19886827182975292,0.99981161673865
3000,797,intermediate_unlabelled,0.5,5,379,0.53625,1.325,0.78875,-4.0496,2.8384,1.34624451142269,-45.218,49.721,17.613897479765036,-22.238,19.448,7.117655905013193,9.259279673965262,2.364336629639106e-05,0.002991686780443461,1.4564797988400777,0.712331203488717,0.9999999969235417,0.999997382391634,0.9965771490464009,0.9967727960764904
3000,797,intermediate_unlabelled,0.5,6,379,-1.13,0.91732,2.04732,-5.3806,0.032964,2.626358624414791,-44.934,61.58,16.610102163182788,-6.6,2.0105,3.2339694459102906,3.5241360683961926,2.922699560480639e-05,0.005371572741173571,5.350052533989472,0.34209017532412184,0.9999999994377134,0.9999968766075535,0.9467071061150976,0.9879264223125479
3000,798,intermediate_unlabelled,0.5006273525721455,1,387,-1.0744,0.89606,1.97046,-4.741,0.00016853,2.4234061202216868,-32.018,47.588,13.938085344975196,-312.0,244.03,55.827331963824285,101.52469204545571,1.2275565058107081e-05,0.001424242664577781,0.7187749010332212,3.4059917037281724,0.9999999998918383,0.9999997536415484,0.998669553632874,0.9994105850928579
3000,798,intermediate_unlabelled,0.5006273525721455,2,387,-1.1148,-0.36778,0.74702,-2.8518,1.6251,1.0726389141325225,-42.943,37.35,13.191308678329351,-226.94,395.72,122.55156713178295,146.87251342707629,1.3382424706484958e-05,0.0014876027778069258,0.6815854080088934,2.787352769073401,0.9999999979419546,0.9999989563295875,0.9986658072815681,0.9996709053008643
3000,798,intermediate_unlabelled,0.5006273525721455,3,387,0.93083,1.8728,0.94197,-1.3676,2.1098,1.1510267691376321,-23.533,30.619,9.557859948146351,-617.64,189.68,118.02547943152453,170.80776565229445,2.4789930798216135e-05,0.0028585248323974416,1.3701371620956064,6.562684492966148,0.9999999978565757,0.9999957824690332,0.9896735676882019,0.9991241901465431
3000,798,intermediate_unlabelled,0.5006273525721455,4,387,3.1415,3.1417,0.00019999999999997797,-0.01087,0.0039815,0.0009060330463695116,-2.1863,2.0796,0.20504737495364297,-31.229,25.065,6.811656085271316,10.704374186468089,7.938423149930662e-06,0.0008573992124094327,0.2036954589173935,0.2659496537923872,0.959193837357982,0.5830000197763171,0.2053520389935493,0.9996900080084681
3000,798,intermediate_unlabelled,0.5006273525721455,5,387,0.58998,1.3291,0.73912,-3.84,2.8443,1.276855108212221,-45.171,47.138,16.911102650021277,-19.41,19.143,7.372658863049095,9.333458435687156,2.4532464526754798e-05,0.0027839859032699386,1.590663107707251,0.6439924864783482,0.9999999961973228,0.9999975095333324,0.9955682101325394,0.9973382563707223
3000,798,intermediate_unlabelled,0.5006273525721455,6,387,0.91564,2.0457,1.13006,-0.051974,2.725,1.3892733093051708,-35.795,22.183,9.666616529557317,-2.0842,5.3684,2.7530244702842377,2.9406925563762822,3.0455251932832796e-05,0.00406900906335589,5.357121969806202,0.29796183365755696,0.9999999979577551,0.9999934464206635,0.8323920537645711,0.9876133847693107
3000,799,intermediate_unlabelled,0.501254705144291,1,370,-0.74346,0.89606,1.63952,-4.6785,0.00016853,2.215389373061617,-33.203,46.071,14.07165050111671,-316.43,251.31,58.69206259459459,104.77969458495744,5.951548058241718e-06,0.0012163216610003445,0.7059923727286802,3.174891060982092,0.9999999999641159,0.9999997970344607,0.9987407680914342,0.9995214287114578
3000,799,intermediate_unlabelled,0.501254705144291,2,370,-1.1148,-0.4277,0.6871,-2.6829,1.6198,1.054415807260167,-40.218,34.103,12.953683011247001,-228.08,396.28,123.02593621621621,147.492619547108,1.3312043342997056e-05,0.0014441069442446691,0.6604802664104434,2.637726271993875,0.9999999975905814,0.9999989899396281,0.9987007408986951,0.9997065495168684
3000,799,intermediate_unlabelled,0.501254705144291,3,370,0.93058,1.7899,0.8593200000000001,-1.3772,2.2616,1.1479416197673233,-23.344,31.899,10.136632893887246,-618.88,188.6,124.73750108108109,176.2851615796449,2.503805678520266e-05,0.0028474536123488463,1.3111398038800932,6.39620153184475,0.9999999973811391,0.999995958210059,0.9916009259058289,0.9992008004941276
3000,799,intermediate_unlabelled,0.501254705144291,4,370,3.1415,3.1417,0.00019999999999997797,-0.004961,0.0069518,0.0008196754886045502,-2.0085,1.1731,0.17057606526836594,-32.86,25.269,6.994930486486487,11.19489793761689,8.313281336966227e-06,0.0008151066863412821,0.1728264194821961,0.2146388654973497,0.9703848739690687,0.6102753726724987,0.1437261365094986,0.9998154623693691
3000,799,intermediate_unlabelled,0.501254705144291,5,370,0.62851,1.3277,0.6991900000000001,-3.6686,2.8455,1.2748550014489872,-39.933,44.744,16.827729068504702,-19.907,19.334,6.736563424324324,8.733702863490935,2.620935812102505e-05,0.0032859185708647683,1.6433948091617252,0.66067279329941,0.9999999950874702,0.9999965349820996,0.9952216735035765,0.9968796451474694
3000,799,intermediate_unlabelled,0.501254705144291,6,370,-1.0614,0.91745,1.97885,-5.6423,0.035593,2.6694627315770294,-47.588,64.083,17.711614160348113,-6.6105,2.0105,3.2311247297297294,3.540513355968083,2.873037494607934e-05,0.005504015723662369,5.355715915828881,0.32311609072104114,0.9999999994260675,0.999996905976961,0.9531862068211302,0.9898689089474435
3000,1194,intermediate_unlabelled,0.7490589711417817,1,383,-0.99676,0.89606,1.89282,-4.6998,0.0001264,2.3738884869909613,-33.44,46.308,13.887030017301074,-325.83,257.08,57.856321932114874,105.36559830253321,6.5603278776988995e-06,0.0012844835614359256,0.7209634613319366,3.1615123483483534,0.9999999999665808,0.9999997954724025,0.9986515683030895,0.9995302522356042
3000,1194,intermediate_unlabelled,0.7490589711417817,2,383,-1.1148,-0.45981,0.65499,-2.5855,1.6196,0.9716457878969672,-37.492,32.302,11.970426983809539,-211.77,398.03,123.94023673629242,147.1960583848218,1.3327995350657483e-05,0.0014636314375358567,0.6339138884742667,2.8136643881970373,0.999999997270157,0.9999987817059717,0.9985983109679663,0.9996472679385322
3000,1194,intermediate_unlabelled,0.7490589711417817,3,383,0.92729,1.7406,0.81331,-1.3835,1.8537,1.018772745411602,-24.197,29.814,9.201487892609292,-613.29,185.8,120.42733822454308,173.45449817181444,2.3387080313887564e-05,0.0028899884783295257,1.363631773010811,5.680390076942399,0.9999999973819389,0.9999946511265293,0.98895962707643,0.9993417289707117
3000,1194,intermediate_unlabelled,0.7490589711417817,4,383,3.1415,3.1417,0.00019999999999997797,-0.0081526,0.0066042,0.0009495241998718196,-2.1152,1.5997,0.1959990450393092,-34.133,26.186,6.975511775456918,11.266417342191108,8.22885908518003e-06,0.000808803684565068,0.19278660744165133,0.22914613523783242,0.9698588136676048,0.6503820284066487,0.20041410470587465,0.9997918452569126
3000,1194,intermediate_unlabelled,0.7490589711417817,5,383,0.65149,1.3307,0.67921,-3.5614,2.8468,1.2238205384262892,-42.351,44.057,16.20854226732559,-17.194,19.143,7.1046888981723235,9.080476567196214,2.5333601025416335e-05,0.0031830922917260368,1.8088223725934418,0.6852433830526994,0.9999999951673502,0.9999964892199837,0.9937552027191474,0.9967674403087294
3000,1194,intermediate_unlabelled,0.7490589711417817,6,383,0.91564,1.1475,0.23185999999999996,-0.063973,0.58142,0.28733290391723226,-18.618,19.604,5.3578359603639285,-1.7789,3.9158,2.057661462140992,2.158045015574018,2.58553101380896e-05,0.0035662452932774267,5.0658595221368685,0.2811836825852467,0.9999999631451134,0.9998842955738896,0.3256082472839256,0.9811738801125764
3000,1195,intermediate_unlabelled,0.7496863237139272,1,400,-0.97045,0.89606,1.86651,-4.4217,0.00016853,2.1721325947321692,-27.799,47.707,12.530514599778021,-272.26,190.86,46.334221725000006,80.95059162984357,7.202094932001848e-06,0.0014099555876671492,0.7339641072697286,3.0610962826483323,0.9999999999580086,0.9999996865277658,0.9982833738116658,0.9992271345741471
3000,1195,intermediate_unlabelled,0.7496863237139272,2,400,-1.1148,-0.10005,1.01475,-3.5356,2.0066,1.3671242411336542,-52.257,45.171,16.071403459654164,-257.86,396.08,114.89089875000002,142.66880670145008,1.3581994331963469e-05,0.0014202435582423216,0.7931430621765333,2.85101121709235,0.9999999989101709,0.9999994089478758,0.9987827078788719,0.9996836072383833
3000,1195,intermediate_unlabelled,0.7496863237139272,3,400,0.94279,2.2188,1.2760099999999999,-1.3007,2.8636,1.4621893384253852,-24.6,34.885,10.445561309735314,-609.87,200.7,105.1563753,158.305561994341,2.747991209156711e-05,0.0033531140325767476,1.667615930409368,5.818111027885508,0.9999999986141633,0.9999961650807431,0.9871756520150992,0.9991866397967017
3000,1195,intermediate_unlabelled,0.7496863237139272,4,400,3.1415,3.1417,0.00019999999999997797,-0.011091,0.0092585,0.0010681516197213062,-2.2751,2.6484,0.27218058125779293,-28.784,21.346,5.461470637499999,8.96813930100447,7.778732683768263e-06,0.0009246932020821667,0.2691295301483215,0.33828897110682676,0.9730657669813969,0.6076485777738453,0.156149437573526,0.9992854138070834
3000,1195,intermediate_unlabelled,0.7496863237139272,5,400,0.43255,1.3247,0.89215,-4.5624,2.8358,1.424564419855328,-50.266,56.215,18.44125765420766,-25.256,13.679,6.486354670000001,8.379102649412832,2.333505861193919e-05,0.002825305176565162,1.6658084303246652,0.6114464712353423,0.999999997737114,0.9999978875196373,0.9959136137720672,0.9972068220469984
3000,1195,intermediate_unlabelled,0.7496863237139272,6,400,0.91564,2.8598,1.9441599999999999,-0.065052,4.6203,2.26354993542197,-60.556,32.079,13.880626880800278,-2.0211,6.0632,2.9161332050000004,3.303664259438875,3.371318470057969e-05,0.00547131961923641,4.475229171638033,0.2967473742715769,0.9999999991469855,0.9999954311023003,0.9466011201214654,0.990977068151877
3000,1196,intermediate_unlabelled,0.7503136762860728,1,381,-0.97193,0.89606,1.8679899999999998,-4.7073,0.0001264,2.363394855315473,-33.084,47.019,13.975302802736168,-319.48,250.74,57.93267472440945,104.45224032808746,6.168012152037049e-06,0.0012109313517599727,0.7013125336305227,3.4349706469619745,0.9999999999697445,0.9999998192752092,0.9987402140193984,0.9994320581240366
3000,1196,intermediate_unlabelled,0.7503136762860728,2,381,-1.1148,-0.42863,0.68617,-2.6771,1.6218,1.0153288755988346,-39.72,34.269,12.492512305484238,-223.28,398.2,123.57487034120733,147.45169494582325,1.3201788435107898e-05,0.0013403870113804146,0.6146489004732907,2.50267257309224,0.9999999975883522,0.9999990630672485,0.9987903603220175,0.9997296568012664
3000,1196,intermediate_unlabelled,0.7503136762860728,3,381,0.92941,1.7858,0.8563900000000001,-1.3734,1.9943,1.0778844537006174,-23.367,31.141,9.448894144672622,-609.1,188.91,121.23869721784776,173.39044995720062,2.3407718044578933e-05,0.0025704906125983366,1.2272865821298116,5.685130732360496,0.9999999976619488,0.9999961912666062,0.9915310381654897,0.9993451986054703
3000,1196,intermediate_unlabelled,0.7503136762860728,4,381,3.1415,3.1417,0.00019999999999997797,-0.0060354,0.0053086,0.0008161777637184767,-1.5464,1.4931,0.19773657690117882,-33.879,25.422,7.038083753280839,11.175418583454425,8.246566523181611e-06,0.0007956294257049378,0.20062957391465505,0.22498830291219138,0.9662231046377606,0.61577144083642,0.09463319769202744,0.9997966022677178
3000,1196,intermediate_unlabelled,0.7503136762860728,5,381,0.63043,1.3294,0.6989699999999999,-3.6642,2.845,1.2483299050131011,-41.45,42.896,16.553928012870376,-18.722,19.219,6.899478656167979,9.026701347046187,2.3950790122000368e-05,0.003041897755931871,1.6788843690800337,0.6511806571735226,0.999999995922605,0.9999969068024476,0.9948455416657046,0.9970220624084762
3000,1196,intermediate_unlabelled,0.7503136762860728,6,381,0.91564,1.3872,0.47156,-0.060805,1.1978,0.5938892794522279,-20.742,19.832,5.978293584289817,-1.8526,4.4105,2.275286614173228,2.4091363621442796,2.5163935878498707e-05,0.003387861523071158,4.801926977304117,0.28402028623966025,0.9999999918776574,0.9999754885745635,0.5956736986953406,0.9840503021051267
3000,1197,intermediate_unlabelled,0.7509410288582183,1,379,-0.92426,0.89606,1.82032,-4.7144,8.4264e-05,2.333974700851917,-32.041,47.896,14.00601576910341,-310.86,251.92,59.3527201055409,103.3769006813362,6.0396644074031006e-06,0.0011674696350797709,0.6520829877354812,3.620344175908666,0.9999999999695466,0.9999998296791051,0.998915764740527,0.9993512523907951
3000,1197,intermediate_unlabelled,0.7509410288582183,2,379,-1.1148,-0.38921,0.72559,-2.7936,1.6266,1.073132890199048,-41.758,36.734,13.170263195364795,-235.97,397.42,122.7518796833773,147.49570369923816,1.3165743912575123e-05,0.0014333037228622509,0.6791675896907972,2.558858934564978,0.999999997883667,0.9999990360662901,0.9986710067474937,0.999726602091091
3000,1197,intermediate_unlabelled,0.7509410288582183,3,379,0.93233,1.8428,0.91047,-1.3586,2.1904,1.1567559633272708,-23.13,31.259,9.823308017418693,-609.87,194.03,122.84629860158311,173.81507009571055,2.5675635011026666e-05,0.0028329880200342185,1.354756842952711,6.1854710295741455,0.9999999975472688,0.9999959560202734,0.9904465091337242,0.9992304165675822
3000,1197,intermediate_unlabelled,0.7509410288582183,4,379,3.1415,3.1417,0.00019999999999997797,-0.0073626,0.0085001,0.0009861507910820307,-2.1685,2.0974,0.24248637767441628,-33.98,24.759,7.033672467018469,11.07906103984758,8.231797363999512e-06,0.0008014202180715107,0.23974610155200518,0.27989438758475177,0.9680417304158839,0.6739330853099451,0.16356200513879,0.9996792835097228
3000,1197,intermediate_unlabelled,0.7509410288582183,5,379,0.6039,1.3275,0.7235999999999999,-3.7882,2.8422,1.2792095514573756,-41.663,46.498,16.95607303549608,-18.493,18.837,6.805840234828495,8.986974794750891,2.3281964661088287e-05,0.0027210804696896204,1.6179516445060944,0.6231583814548508,0.9999999964166124,0.9999976320704892,0.9954388539358382,0.9972733410545651
3000,1197,intermediate_unlabelled,0.7509410288582183,6,379,0.91564,2.6964,1.7807600000000001,-0.047525,4.6241,2.2836620577772457,-53.086,37.388,14.592432455787945,-1.9053,6.5789,2.9390349868073877,3.3583335122080307,3.2604191264611105e-05,0.004937158160409153,4.920705547994983,0.3071551068245321,0.9999999990682599,0.999996509181135,0.941429880732295,0.9907551227020417
3000,1198,intermediate_unlabelled,0.7515683814303639,1,388,-0.93738,0.89606,1.83344,-4.7019,0.0001264,2.328210248300639,-34.98,49.697,14.321716295876593,-333.11,267.25,58.95788105670103,108.05928464426314,7.31040777563662e-06,0.0013134849169413858,0.6935245550502008,3.6079595066436605,0.9999999999564864,0.9999997817985553,0.9988270651227728,0.9994151243228351
3000,1198,intermediate_unlabelled,0.7515683814303639,2,388,-1.1148,-0.43531,0.67949,-2.5725,1.5957,0.9872446858913219,-34.008,32.752,11.667960226417131,-181.26,397.42,120.96126701030927,144.24214478291177,1.3325032432404888e-05,0.001339583325566557,0.6081078807603209,2.8405835384381266,0.9999999975094919,0.9999990105986736,0.9986425219155172,0.9996202303583552
3000,1198,intermediate_unlabelled,0.7515683814303639,3,388,0.91568,1.772,0.85632,-1.4799,1.9906,1.0699953777256996,-24.6,29.458,9.565106258753667,-612.98,170.13,117.59806211340207,169.699814879382,2.5128386157113576e-05,0.0028232338317624086,1.3163368105867554,5.838706218978584,0.999999997260563,0.9999954290412484,0.9904869887593192,0.9992606942173256
3000,1198,intermediate_unlabelled,0.7515683814303639,4,388,3.1415,3.1417,0.00019999999999997797,-0.0087845,0.0097009,0.0011993040849310051,-1.7419,2.5062,0.23320424897051525,-39.228,28.784,7.200099716494845,12.153159575198332,7.4470774924014186e-06,0.000804544892736908,0.22351140202305628,0.2655766094277171,0.977686626939232,0.7579292403405886,0.2855620663770064,0.9997604412187232
3000,1198,intermediate_unlabelled,0.7515683814303639,5,388,0.63685,1.3366,0.69975,-3.4484,2.8713,1.214244594451049,-36.663,40.621,15.639570634019515,-17.041,20.06,6.965355510309278,8.975062471701564,2.6424300418438034e-05,0.003168058196384707,1.563841826837649,0.6524899546467207,0.9999999949785874,0.9999964571473402,0.9949897242285524,0.9970417493815578
3000,1198,intermediate_unlabelled,0.7515683814303639,6,388,-2.8571,0.91854,3.77564,-9.6781,0.048806,4.789268529580702,-77.62,146.75,31.45158257950059,-9.9789,1.8842,3.560200492268041,4.358709544496059,4.229433860665877e-05,0.0055490538281469225,11.25741566893425,0.5464061884507624,0.9999999996564033,0.9999990215391397,0.9337492356833762,0.9843446765983525
3000,1590,faulty_evident,0.9974905897114178,1,386,-1.0423,0.89606,1.9383599999999999,-4.6784,0.0001264,2.3906454866809725,-34.364,43.393,13.647678544103938,-337.34,256.31,61.23810626943005,108.08205725189096,1.3332321436520666e-05,0.00151767402433409,0.7099584424227282,3.460174800992113,0.9999999998682494,0.999999709533394,0.9986461207068951,0.9994611622383841
3000,1590,faulty_evident,0.9974905897114178,2,386,-1.1148,-0.53896,0.57584,-2.3511,1.6075,0.8706540210736363,-34.269,28.724,10.833148058395079,-223.89,372.08,129.33332746113987,149.93861990884287,1.551193344872448e-05,0.0018602219665646434,0.613503103097855,4.671786456846101,0.9999999951185193,0.999997571699714,0.9983970398300516,0.9990340426962915
3000,1590,faulty_evident,0.9974905897114178,3,386,0.91739,1.6229,0.70551,-1.5402,1.5424,0.8860104032333441,-29.766,33.155,9.291992983791806,-981.79,474.83,140.9142334196891,226.6772220642163,4.0138480907355504e-05,0.0053884747799060944,1.6108230227472524,14.89219005063212,0.9999999893356406,0.9999761752316081,0.9848738473197728,0.9975778410058967
3000,1590,faulty_evident,0.9974905897114178,4,386,3.1415,3.1417,0.00019999999999997797,-0.0039183,0.0050558,0.0007681378253734301,-1.0665,0.85317,0.1579835011168404,-32.197,30.465,8.07204414507772,12.28348039571866,1.1522169091015315e-05,0.0010115044528929559,0.16771078785759364,0.19363530834038015,0.9354147124230715,0.3997008612312841,0.06668390569452468,0.9998757384846
3000,1590,faulty_evident,0.9974905897114178,5,386,0.70667,1.3376,0.6309299999999999,-3.3119,2.8808,1.1742240297142006,-46.64,45.621,15.90541516372286,-24.874,33.586,7.8830156450777205,10.478217637250552,0.00010221044711418338,0.015800668445014487,3.469266086115845,2.453319677757325,0.9999999087281785,0.9999067893812345,0.975960031954095,0.9689707352952299
3000,1590,faulty_evident,0.9974905897114178,6,386,0.91564,2.9353,2.01966,-0.036402,4.8855,2.4910958440433344,-52.442,37.388,15.45998307453574,-2.1263,6.4211,2.915626647668394,3.209303761603064,3.501909621138322e-05,0.005264704786541209,6.083766305526742,0.3614680363087659,0.9999999991598696,0.9999965913575121,0.9193174531736089,0.9855376852335778
3000,1591,faulty_evident,0.9981179422835632,1,375,-0.81622,0.89606,1.7122799999999998,-4.6907,0.0001264,2.2593248912319743,-33.013,46.308,14.0052109357682,-314.48,256.88,58.39858296,105.32622150341798,7.381824224749759e-06,0.0015213326884173687,0.7774137800688635,3.7390727456694974,0.9999999999491535,0.9999996827641883,0.9984583323381265,0.9993456958070338
3000,1591,faulty_evident,0.9981179422835632,2,375,-1.1148,-0.43662,0.67818,-2.6606,1.6087,1.0273413042411155,-38.606,36.213,12.638290176936668,-208.11,370.74,126.96850666666667,149.84981502612683,1.710931671835192e-05,0.002136196012788618,0.6946175099405719,5.06314487592343,0.9999999958868011,0.9999976629645381,0.9984903370908135,0.9989589915989346
3000,1591,faulty_evident,0.9981179422835632,3,375,0.92771,1.7756,0.84789,-1.4731,2.1522,1.1095699009594944,-28.676,35.857,10.171912255598587,-956.33,313.4,139.36652917333333,223.01103626106658,3.7079091362875695e-05,0.0048516933990129405,1.5893271383598924,12.288089462289507,0.9999999940383207,0.9999873985291718,0.9877248588219576,0.9982528952326819
3000,1591,faulty_evident,0.9981179422835632,4,375,3.1415,3.1417,0.00019999999999997797,-0.0022435,0.0068254,0.0007722129957186337,-1.4397,1.2442,0.17173375437910082,-31.688,28.835,7.973125840000001,12.129391286536737,7.95020207667427e-06,0.0009380378929845958,0.1772388143992663,0.20988943076631417,0.95824018518255,0.4974396443329622,0.13207519840070703,0.9998502525222622
3000,1591,faulty_evident,0.9981179422835632,5,375,0.63521,1.33,0.69479,-3.6153,2.8429,1.2567114760185445,-44.697,55.741,17.04854430785364,-33.93,32.707,7.9553120213333335,10.94111054394082,9.645133162028745e-05,0.014529164070741321,3.4584496457629967,2.457508909023808,0.9999999325142855,0.9999302234906968,0.9792345947107252,0.9727153369124621
3000,1591,faulty_evident,0.9981179422835632,6,375,0.91564,1.7217,0.80606,-0.053457,2.2161,1.061649714836739,-30.335,24.761,8.764895095557538,-1.9789,4.7053,2.35637936,2.5150747046656616,3.19726441552334e-05,0.004230798306767493,5.74910938112786,0.3193498078119683,0.9999999956366783,0.9999883209726547,0.7548268768580392,0.982674497869746
3000,1592,faulty_evident,0.998745294855709,1,368,-0.72893,0.89606,1.62499,-4.6912,0.00016853,2.209115484336822,-32.065,46.948,14.103401893283108,-299.15,244.6,56.01246649456522,102.41720358219384,6.268590871655245e-06,0.0011900798933992818,0.6043010361157355,3.6629005907509535,0.9999999999592676,0.9999998052318392,0.9990817533017439,0.9993372316357582
3000,1592,faulty_evident,0.998745294855709,2,368,-1.1148,-0.36786,0.7469399999999999,-2.8604,1.651,1.1417991781543548,-42.967,39.08,13.935236776526407,-233.65,369.8,126.02912255434781,150.11085735654893,1.731782493932377e-05,0.0021618151055301143,0.8123907760420818,4.622749813222938,0.9999999965977766,0.999998050415395,0.9983009216286414,0.9991862585366112
3000,1592,faulty_evident,0.998745294855709,3,368,0.93569,1.8741,0.9384100000000001,-1.4338,2.5513,1.2575614181405808,-28.226,38.701,10.984947417674686,-960.68,314.48,145.0159829347826,225.84317822429105,3.517485125244066e-05,0.004324600704579308,1.366810952901832,11.227328663902735,0.9999999957275152,0.9999921047934582,0.9922337773254374,0.9985745784307
3000,1592,faulty_evident,0.998745294855709,4,368,3.1415,3.1417,0.00019999999999997797,-0.0024963,0.0059722,0.0006801944988044919,-1.3864,0.92427,0.13925490440352462,-32.656,27.765,8.141700244565218,12.398350753304747,8.733604056925396e-06,0.0006354694210231494,0.14164722417617284,0.15715956772789408,0.9349221507071599,0.6413435644122015,0.16526152127907537,0.9999195469096415
3000,1592,faulty_evident,0.998745294855709,5,368,0.58942,1.3244,0.73498,-3.8514,2.8321,1.3167920688671293,-50.906,54.674,17.83739263866623,-27.319,34.082,7.741156622282609,10.569242229323155,9.586495669281027e-05,0.014619733926856155,3.3905807492806717,2.411626097208809,0.999999940911337,0.9999350373161311,0.9817921433595888,0.9722534009021104
3000,1592,faulty_evident,0.998745294855709,6,368,-0.81082,0.91733,1.7281499999999999,-4.9892,0.033032,2.3444465961329435,-52.176,60.974,16.197942505176524,-6.5158,1.5368,2.888671086956522,3.129638036749201,2.893113443398747e-05,0.006032581966718235,6.353426604671345,0.40556102106968617,0.9999999992330683,0.9999951718354334,0.9198645007418805,0.9758603695067704
3000,1593,faulty_evident,0.9993726474278544,1,376,-0.8837,0.89606,1.77976,-4.6595,0.0001264,2.2986518552250086,-34.222,43.583,13.669610951924348,-332.54,254.2,60.184615398936174,108.6740741019742,6.506268496880474e-06,0.0013861450550815293,0.7172642296327975,3.5493348912335234,0.999999999963123,0.9999997447352053,0.9986225143497385,0.999445578420549
3000,1593,faulty_evident,0.9993726474278544,2,376,-1.1148,-0.571,0.5438000000000001,-2.2674,1.6001,0.8558751283679502,-31.022,28.558,10.656133926405136,-190.29,370.94,129.0368409574468,150.143746687317,1.7222172922656702e-05,0.002107007460729539,0.6339256160529809,5.2033189112896086,0.9999999932503605,0.9999967882828056,0.9982309237740424,0.9987897726060423
3000,1593,faulty_evident,0.9993726474278544,3,376,0.91848,1.5767,0.65822,-1.5199,1.5435,0.8660559386879767,-30.359,32.089,9.174458319050897,-982.57,301.91,144.86936276595742,228.30201117528068,3.5342473723885485e-05,0.004502499842822788,1.3937442840400018,12.396098636920387,0.9999999904671181,0.9999829249213419,0.9884032157772037,0.9982743036370673
3000,1593,faulty_evident,0.9993726474278544,4,376,3.1415,3.1417,0.00019999999999997797,-0.0024963,0.0043291,0.0006645208140371875,-0.87095,0.60433,0.1377837767561702,-31.892,30.363,7.9913734574468105,12.340599556626062,1.1632411294991983e-05,0.0007196272447255463,0.14119496320878985,0.159064491854293,0.880858668819368,0.5129461842088311,0.12141064784516106,0.99991692494549
3000,1593,faulty_evident,0.9993726474278544,5,376,0.72843,1.3367,0.60827,-3.2089,2.8502,1.173060746678495,-46.545,42.848,15.846632973781436,-29.994,34.464,7.955904305851064,10.567776407122027,0.00010076408090105415,0.014841359100994598,3.312230662684793,2.3813377870454486,0.9999999046249473,0.9999178600523834,0.9779489801428427,0.9719964401701243
3000,1593,faulty_evident,0.9993726474278544,6,376,-1.6957,0.91733,2.61303,-6.8392,0.033638,3.371338667555539,-61.011,72.008,21.570292066315005,-7.6421,1.7053,3.225252529255319,3.5693136117959594,3.7061188629937906e-05,0.006553436294892951,8.127482016863443,0.5036819801010557,0.9999999994450411,0.9999971741165088,0.9262985734528059,0.9730292289368611
3000,1594,faulty_evident,1.0,1,375,-0.84008,0.89606,1.73614,-4.6225,0.00021066,2.2550508548780788,-34.008,39.91,13.33907556633124,-334.09,254.2,63.995337813333336,111.03463325062471,6.052241641818534e-06,0.0012584960237683714,0.6860367720668082,3.3469359817829885,0.9999999999664541,0.9999997843492707,0.9986766341318049,0.9995272347648735
3000,1594,faulty_evident,1.0,2,375,-1.1148,-0.6853,0.4295,-1.9893,1.6015,0.7395053488978378,-25.785,24.908,9.433950882842987,-173.17,373.42,129.8038216,150.6099244128247,1.782884103600342e-05,0.0022779212925982664,0.6573553910203325,5.603403639629227,0.9999999887032146,0.9999950901256702,0.9975717570115337,0.9985298275536023
3000,1594,faulty_evident,1.0,3,375,0.90857,1.4014,0.49283,-1.5777,1.2228,0.6934651965201858,-30.596,30.525,8.758590519079842,-999.02,325.81,148.30468951999998,233.36107713923843,3.5010049768665275e-05,0.004623542566849372,1.6668919018659345,14.058957090965691,0.9999999821055287,0.9999739655962039,0.9817359765380204,0.9978448368447316
3000,1594,faulty_evident,1.0,4,375,3.1415,3.1417,0.00019999999999997797,-0.0049294,0.0053718,0.0008521046694549975,-1.2798,0.88872,0.18132100917916086,-31.077,31.026,8.091884239999999,12.438543948886755,1.0085894302250381e-05,0.0010808267798497204,0.18793695154238507,0.22621739341440816,0.9470708505991079,0.36647557899285965,0.09567426000969435,0.9998343602023849
3000,1594,faulty_evident,1.0,5,375,0.81126,1.3437,0.5324399999999999,-2.9203,2.888,1.1219839927926507,-48.323,43.417,15.238863653610064,-29.383,35.496,7.889086477333333,10.476834857990408,0.00010919280564131643,0.016610558633830125,3.706935763085736,2.626405780773836,0.9999998591141805,0.99988900274464,0.970012636276493,0.9649972944841381
3000,1594,faulty_evident,1.0,6,375,0.91564,1.1216,0.20595999999999992,-0.045907,0.5523,0.2642042599763033,-21.652,22.22,5.568584301166791,-1.8526,4.0211,2.0634372,2.1615281981487695,2.54163384595596e-05,0.0038460512532683035,5.3330014497253595,0.2952530511362603,0.9999999554079161,0.9998423772289,0.28778935579310505,0.9803818529346078
3100,0,training_healthy,0.0,1,382,-1.0911,0.89605,1.98715,-0.00016853,4.6132,2.413649151973601,-34.506,38.985,13.094576271602634,-242.12,341.78,72.35636753926701,111.41389946655306,9.155471427892823e-06,0.001282665141991502,0.6937789386545726,4.111397781061592,0.9999999999400975,0.9999997957143445,0.9985955023030928,0.9992827719699469
3100,0,training_healthy,0.0,2,382,-1.1148,-0.73507,0.37973,-1.5558,1.9713,0.6848996896785876,-25.311,26.638,9.249562474302994,-118.45,403.97,114.93183193717279,136.52615073159626,1.5422220460538956e-05,0.0014315139838854884,0.5211334623317236,2.2532980056615637,0.9999999936824716,0.9999977699101072,0.9984130628103159,0.9997075515033417
3100,0,training_healthy,0.0,3,382,0.89224,1.3323,0.44006,-1.4255,1.369,0.6250713977808832,-23.439,24.813,7.748718586284865,-632.85,270.71,152.48499345549737,188.98357046936417,2.2832034416694925e-05,0.0019669519472735085,0.9293891487133074,5.876962917400353,0.9999999842913913,0.9999944303510908,0.9927840526708309,0.999164955257479
3100,0,training_healthy,0.0,4,382,3.1415,3.1416,9.999999999976694e-05,-0.0030335,0.0022751,0.0005230627816195902,-0.65766,0.44436,0.08516567144157464,-29.956,28.937,7.014984240837696,11.682020707608821,5.642901998033004e-06,0.0007321452668124658,0.09544132782765774,0.09435035269489221,0.9539509258417095,0.3626619044871324,0.05566763084762382,0.9999673846320694
3100,0,training_healthy,0.0,5,382,0.84409,1.3561,0.5120100000000001,-2.7023,3.0978,1.1062961794946682,-35.17,40.407,14.379651750344957,-9.8579,27.587,9.311478950261781,13.309586281883973,2.6395924802676063e-05,0.002990153371021504,1.3246929846749242,0.5750390195433641,0.9999999881259091,0.9999963262615004,0.9957491544765427,0.9988019648911306
3100,0,training_healthy,0.0,6,382,0.91564,3.0928,2.1771599999999998,-5.0565,0.04348,2.6416674358350893,-50.849,44.706,15.204526492437083,-8.2947,2.4105,3.5785048167539273,3.933367046990902,2.874466668083562e-05,0.004357168243406785,5.1264611436168535,0.3535889758160125,0.9999999995081071,0.9999978682597688,0.9414450056806248,0.9905119024437145
3100,1,training_healthy,0.0006138735420503,1,366,-0.92356,0.89605,1.81961,-0.0001264,4.7382,2.3736701784606775,-32.515,47.991,14.189362616426777,-225.97,312.77,68.86373945355191,101.99113757053969,5.831845973045167e-06,0.0010788321528567774,0.6253989955866738,3.983375314340202,0.9999999999710105,0.9999998601893425,0.9990283609346393,0.999192883983234
3100,1,training_healthy,0.0006138735420503,2,366,-1.1148,-0.31438,0.80042,-1.6451,3.0321,1.186666196564062,-49.555,42.208,14.904177477764406,-198.35,402.83,110.26001603825136,133.44894918805977,1.605860602276957e-05,0.001410792788708878,0.684707206995509,2.3245478865155675,0.9999999984018769,0.9999992274683891,0.9989455477470235,0.9997484726186608
3100,1,training_healthy,0.0006138735420503,3,366,0.94447,1.9581,1.01363,-2.4992,1.0099,1.3080100348629091,-26.567,33.013,9.58667135274336,-571.53,216.69,144.51368087431695,175.65670345196736,2.48080827923017e-05,0.002041518470325755,1.2320191722348204,5.966834966282247,0.9999999978126861,0.9999983085668201,0.9917090020630946,0.9988331531494535
3100,1,training_healthy,0.0006138735420503,4,366,3.1415,3.1416,9.999999999976694e-05,-0.0015168,0.0020539,0.0003601210683830315,-0.35549,0.40881,0.06740852551911518,-25.625,25.829,7.698304767759563,10.959818550893072,5.756836950907649e-06,0.0006910151717893121,0.08099900535719454,0.0937863782809572,0.9736805509768051,0.34762180034620066,0.06014946231240975,0.999962651080427
3100,1,training_healthy,0.0006138735420503,5,366,0.55078,1.3217,0.77092,-2.479,4.1466,1.3455695642808838,-51.214,55.693,17.339362086136795,-14.596,30.605,9.234878106557376,13.173331907703712,2.6783934476090202e-05,0.0034901872666452784,1.4726882349578505,0.7080645582208291,0.9999999922378926,0.9999964322868281,0.9963884214534204,0.9982365265911524
3100,1,training_healthy,0.0006138735420503,6,366,0.91564,1.3758,0.4601599999999999,-1.2025,0.078602,0.5964671994417493,-31.397,22.562,6.418612901717235,-6.1579,1.7895,2.670922158469945,2.796711003549551,2.7499368436634414e-05,0.004586857575251054,5.25934675747959,0.35921015543231966,0.9999999898179209,0.9999550302947913,0.573237213464498,0.979156133116649
3100,2,training_healthy,0.0012277470841006,1,360,-0.78626,0.89605,1.68231,-8.4264e-05,4.6702,2.2779404586251495,-34.719,43.322,14.105644734303942,-233.65,328.52,71.21645630555555,108.77836632456933,5.764777955800623e-06,0.0010314130126415023,0.5385936715085381,3.344441321328588,0.9999999999672585,0.999999864375594,0.9992708726820696,0.999507594093791
3100,2,training_healthy,0.0012277470841006,2,360,-1.1148,-0.49303,0.6217699999999999,-1.5746,2.5985,0.9792371589085687,-40.36,35.265,12.871814143018193,-189.11,426.63,116.78638111111113,139.6744280166478,1.698873775896342e-05,0.0015449267273299225,0.6278568772868707,2.61053412339858,0.9999999969927257,0.9999986629615254,0.9988112224720325,0.999689871361406
3100,2,training_healthy,0.0012277470841006,3,360,0.91497,1.7048,0.7898300000000001,-1.9672,1.256,1.067922044100104,-27.444,36.165,9.646757820431057,-610.65,267.14,156.20908305555557,190.5806976694417,2.3105943588413117e-05,0.002210113725899902,1.1701585696890797,6.118862506837022,0.9999999964730235,0.999997225163886,0.992618743019654,0.9990947477889915
3100,2,training_healthy,0.0012277470841006,4,360,3.1415,3.1416,9.999999999976694e-05,-0.0026227,0.0023699,0.0005080114974628774,-0.46214,0.46214,0.08508885824376643,-29.141,29.65,7.569043027777777,11.905879599112243,6.527342081160471e-06,0.0005772088302416202,0.09013365495572144,0.1022077984030184,0.8354215450358766,0.4075275719359392,0.19628086654621932,0.9999628634344092
3100,2,training_healthy,0.0012277470841006,5,360,0.66839,1.3427,0.67431,-2.6777,3.7212,1.275125768398084,-43.275,51.025,16.865457274297267,-9.6669,29.765,8.824899902777778,12.744039237083387,3.055108753234078e-05,0.0036177674167247515,1.5127016990174367,0.718086058625218,0.999999987337529,0.9999958304112455,0.9959716778791582,0.9980932526439558
3100,2,training_healthy,0.0012277470841006,6,360,-1.0094,0.91566,1.9250600000000002,-0.0062692,5.3586,2.606214104171144,-47.626,54.034,16.758636205037995,-1.4,7.4,3.11134475,3.493489323514807,2.8759092781050096e-05,0.005784670906205259,4.795099339932983,0.31640313192996206,0.9999999993761218,0.9999963248074051,0.9581918120105647,0.9892226166994652
3100,3,training_healthy,0.001841620626151,1,373,-0.86627,0.89605,1.7623199999999999,-0.00029492,4.2125,2.1367582767533917,-22.135,46.83,12.262332983893804,-145.34,254.77,54.99052198391421,78.77586847008182,6.278198054238804e-06,0.0010447117110696394,0.7139777496349107,4.08330542830842,0.9999999999633636,0.9999998242262271,0.9983037489926168,0.9985450676033907
3100,3,training_healthy,0.001841620626151,2,373,-1.1148,-0.084749,1.030051,-2.185,3.6071,1.509770872796479,-60.765,48.181,17.593598208258676,-215.63,359.02,103.96921072386058,126.34720028559097,1.5439818105421948e-05,0.0010284994664809051,0.7764622110381887,2.1302320466320745,0.999999999148845,0.999999752318644,0.9990265970813204,0.9997774015483518
3100,3,training_healthy,0.001841620626151,3,373,1.0473,2.2507,1.2034000000000002,-2.9307,0.012892,1.3897784397864141,-28.368,11.162,7.099973462431667,-485.39,-22.663,172.41934852546922,194.26563805343528,2.4085405018722103e-05,0.001689762141352999,1.0725084440463548,5.164238566166559,0.999999998716816,0.9999987326382433,0.9885258729094866,0.9983350814439378
3100,3,training_healthy,0.001841620626151,4,373,3.1416,3.1416,0.0,-0.0016431,0.00158,0.00032485877814902875,-0.55101,0.37326,0.08205860247751605,-22.62,16.608,5.7808462332439685,8.41986161797336,1.113271506169394e-14,0.0003248587781502504,0.08205860247703137,0.10308765587710726,-0.11997087868438416,-0.0038532737808669682,0.012432620713133663,0.9999222161456639
3100,3,training_healthy,0.001841620626151,5,373,0.41865,1.1652,0.74655,-1.0043,4.7713,1.3322451908460358,-52.778,59.367,16.831604621990266,-20.671,20.136,7.153068522788203,9.164976296199553,2.0685485691675835e-05,0.0024928740605928167,1.3069752590336359,0.5821123241699879,0.9999999954458609,0.9999980623644977,0.9969823591660267,0.9976563073691601
3100,3,training_healthy,0.001841620626151,6,373,0.90365,0.91892,0.015270000000000006,-0.019954,0.096263,0.02665384587011803,-4.8915,5.6499,1.0505277482976598,-0.98947,2.1789,1.0962634423592492,1.1994975109471697,4.9908714730897365e-06,0.0009898156838619625,0.9955658278200024,0.06529372816614398,0.9999993852211617,0.9992204540516706,0.3192184546681851,0.997454890088377
3100,4,training_healthy,0.0024554941682013,1,353,-0.69189,0.89605,1.5879400000000001,-0.00037919,4.6976,2.211545863858228,-31.093,47.754,14.133319598014515,-216.0,297.4,64.37369688385269,98.92409165817932,5.964027480659929e-06,0.0010993129828344292,0.6353529568853257,3.694793767780108,0.9999999999606571,0.9999998339874361,0.9989891827192012,0.9992748056155685
3100,4,training_healthy,0.0024554941682013,2,353,-1.1148,-0.29488,0.81992,-1.9366,3.0796,1.268028665801081,-51.57,42.517,15.771651535269118,-209.29,396.69,112.94839402266288,135.98042455305912,1.5719412165601443e-05,0.0015243231921032293,0.7362628699209948,2.3886416911345405,0.9999999985494712,0.9999992101525121,0.9989109831082772,0.999745783387274
3100,4,training_healthy,0.0024554941682013,3,353,0.96355,1.9882,1.0246499999999998,-2.9266,0.85212,1.4092687719580204,-26.448,30.572,10.083965959630891,-551.98,172.45,140.10782606232294,173.89391356686392,2.1627029057929363e-05,0.001981133571043131,1.107329245353181,5.765326927310033,0.9999999984524371,0.9999986387615731,0.9939533370292729,0.998878432547236
3100,4,training_healthy,0.0024554941682013,4,353,3.1415,3.1416,9.999999999976694e-05,-0.0014536,0.0031599,0.0004468307463806426,-0.49768,0.51546,0.08905333726877047,-26.899,25.167,7.378696203966006,11.084839865113807,5.611441072619175e-06,0.0008326347087792222,0.10486156751900252,0.12040993484519529,0.9468185956922813,0.1766524429260273,0.03421231920883886,0.9999397139573382
3100,4,training_healthy,0.0024554941682013,5,353,0.53699,1.3056,0.7686100000000001,-2.334,4.1959,1.372974891188902,-46.901,56.072,17.373524761887015,-16.736,29.115,8.484130634560907,12.19146848202131,2.6347268795416498e-05,0.002802331497321726,1.3215636869334173,0.6582071555918749,0.9999999925713883,0.9999977784663191,0.9971045669678006,0.9982990783227945
3100,4,training_healthy,0.0024554941682013,6,353,0.31319,0.91663,0.60344,-0.015707,1.7896,0.8364295490411813,-17.291,23.813,6.533517301901812,-1.8947,4.8421,2.579903002832861,2.7076913076803675,2.0093027482942553e-05,0.003851584683677553,3.855043147460769,0.2593003824752448,0.9999999968652188,0.9999842090580215,0.8073740023856262,0.9890873224320452
3100,405,intermediate_unlabelled,0.2486187845303867,1,361,-0.86129,0.89606,1.75735,-4.2132e-05,4.7011,2.340746423978693,-33.677,45.195,14.259676949690133,-229.83,317.78,66.66819473684211,104.73458307930224,5.6805783580254634e-06,0.000993608858172893,0.5985102725882733,3.412603447772997,0.9999999999706036,0.9999998810086131,0.9991188948905746,0.9994506696401155
3100,405,intermediate_unlabelled,0.2486187845303867,2,361,-1.1148,-0.4149,0.6999,-1.5702,2.8076,1.0716383353278198,-45.503,39.341,13.92831072613169,-200.46,411.46,112.96787376731302,136.79030636865963,1.7297532725939375e-05,0.0014325553527021868,0.6306402313910959,2.203673143176999,0.99999999755437,0.9999990300881241,0.9989760305390069,0.9997808312120089
3100,405,intermediate_unlabelled,0.2486187845303867,3,361,0.92782,1.8195,0.8916799999999999,-2.2047,1.1507,1.1814869299621875,-27.207,33.06,9.724090643391145,-601.96,232.68,144.0774684764543,180.11153989559645,2.4874636007256557e-05,0.0021750951034552424,1.2470346094684202,5.91227021873767,0.9999999969788625,0.9999977289732693,0.9917445908130447,0.9990578074894992
3100,405,intermediate_unlabelled,0.2486187845303867,4,361,3.1415,3.1417,0.00019999999999997797,-0.0055298,0.0047399,0.0007949001746983278,-0.9065,0.9065,0.12843622769153407,-28.682,30.363,7.912475000000001,12.084033980123994,8.334615647923605e-06,0.0008529269985158988,0.13200702826182384,0.16668182392339495,0.9693500160081875,0.5864837758358946,0.1996631657201028,0.9999030351924252
3100,405,intermediate_unlabelled,0.2486187845303867,5,361,0.61488,1.3343,0.7194200000000001,-2.5947,3.9341,1.3126811885351568,-48.11,52.778,17.2542439416218,-11.959,29.765,8.811454457063713,12.818365576695477,2.9008470041285795e-05,0.003832352326314622,1.6569854038113438,0.7127725237982316,0.99999998968671,0.9999955357904521,0.9953803819764904,0.9981205592909344
3100,405,intermediate_unlabelled,0.2486187845303867,6,361,0.91564,1.9719,1.05626,-2.8315,0.068625,1.4035736985474012,-34.772,26.657,10.189726326490113,-7.0105,2.2316,3.0364764265927975,3.273923555511612,3.4433618311313615e-05,0.005112896808900169,5.430726350962022,0.3511559109622957,0.9999999970032374,0.9999899527060117,0.8461400750016432,0.9870376269643472
3100,406,intermediate_unlabelled,0.249232658072437,1,357,-0.75948,0.89606,1.65554,-0.0001264,4.7087,2.264491591120887,-31.97,46.901,14.196609214853398,-222.51,308.18,63.82263257703082,99.81516585927189,6.123936136213886e-06,0.0011476830828420373,0.6602599113287269,3.722327887306367,0.9999999999617711,0.9999998258292294,0.9989180310016926,0.9992793985177402
3100,406,intermediate_unlabelled,0.249232658072437,2,357,-1.1148,-0.32391,0.7908900000000001,-1.7709,3.0116,1.2106818409404037,-49.721,42.019,15.205508216215382,-201.03,400.52,111.25520131652662,134.9722948393828,1.610695465884559e-05,0.0014329248429854574,0.7303405169731262,2.2693237105211277,0.9999999983562722,0.9999992371288209,0.998847144228135,0.9997706100774568
3100,406,intermediate_unlabelled,0.249232658072437,3,357,0.94624,1.9463,1.00006,-2.6965,1.0042,1.350497298745739,-25.856,33.629,10.14562843180757,-552.75,209.24,139.4914005602241,173.381909567755,2.437575916506905e-05,0.0022677451439978603,1.1829127710067608,6.200593473318638,0.999999997855469,0.9999980693495889,0.993181184696024,0.9987967535620307
3100,406,intermediate_unlabelled,0.249232658072437,4,357,3.1415,3.1417,0.00019999999999997797,-0.0018643,0.0031283,0.0005244009222493477,-0.67543,0.60433,0.10613953940745857,-29.344,26.441,7.931483095238095,11.76887238306348,7.562329410223836e-06,0.0007346402474829181,0.11274324341510827,0.13412244052725056,0.9573015160089478,0.37546598904763473,0.10846189917462383,0.9999338979545397
3100,406,intermediate_unlabelled,0.249232658072437,5,357,0.55622,1.3204,0.76418,-2.4904,4.127,1.362582563005044,-49.437,54.2,17.557617264344774,-16.01,30.376,8.585109422969188,12.31937796824753,2.5907563359544552e-05,0.0035367773103239923,1.57816396257322,0.6753029282579152,0.999999992637894,0.9999964269633658,0.9959539869582112,0.9982313596290566
3100,406,intermediate_unlabelled,0.249232658072437,6,357,-2.2411,0.91565,3.1567499999999997,-6.7411e-05,8.9784,4.316424590987605,-66.851,97.186,29.235332018539395,-2.3789,11.0,3.8992785434173673,4.569748203321638,4.518439701056659e-05,0.006303837631647428,11.295949622689383,0.44927900919535885,0.9999999994265589,0.9999984211789532,0.9223397853529354,0.990160075203417
3100,407,intermediate_unlabelled,0.2498465316144874,1,369,-0.86943,0.89606,1.76549,-8.4264e-05,4.6029,2.2893140621859955,-34.245,37.682,13.258929598587244,-240.0,341.78,68.65779756097561,110.77726399989147,5.744705472854626e-06,0.0010453962573648689,0.563531372387146,3.5972483694804107,0.9999999999705323,0.9999998588747121,0.9990964322559687,0.9994559401811122
3100,407,intermediate_unlabelled,0.2498465316144874,2,369,-1.1148,-0.74331,0.37149,-1.5526,1.9553,0.694446884724338,-25.216,26.14,9.35759726251924,-117.32,399.74,114.51532140921411,137.1605235396532,1.5334501492060446e-05,0.0013566734723260544,0.46420982776577213,2.1927159038296122,0.9999999935040005,0.9999980539705187,0.9987702747232093,0.9997320013079398
3100,407,intermediate_unlabelled,0.2498465316144874,3,369,0.89548,1.3212,0.4257199999999999,-1.4293,1.3349,0.6352103993201358,-22.846,26.164,7.820405243508497,-609.41,253.79,148.28835040650407,186.2189722449402,2.2858130658552073e-05,0.0018407218941136282,0.996514338966027,5.660197747774107,0.9999999832731339,0.999995304737979,0.9918510507531973,0.9992165143841739
3100,407,intermediate_unlabelled,0.2498465316144874,4,369,3.1415,3.1417,0.00019999999999997797,-0.0040131,0.0045503,0.0007293649246453122,-0.85317,0.47991,0.10450571844481367,-28.071,32.299,7.7304281436314355,12.235775431843011,8.178469410306963e-06,0.0008309700183526177,0.11179970916078329,0.13474467916384278,0.9683097654996043,0.5935081178653303,0.20719374982210245,0.9999391115660108
3100,407,intermediate_unlabelled,0.2498465316144874,5,369,0.84938,1.354,0.5046200000000001,-2.6831,3.0873,1.121598077765134,-34.08,38.891,14.528429088512862,-9.1319,26.593,8.447181777777779,12.25856451630587,2.5664850745709835e-05,0.002857667159009503,1.4384235406309025,0.5208169761009898,0.9999999884795175,0.9999967400581679,0.9950880643467249,0.998888317370566
3100,407,intermediate_unlabelled,0.2498465316144874,6,369,-1.8625,0.91565,2.77815,-0.00026965,7.2582,3.6037593597389233,-61.656,63.362,21.237558832368503,-2.5474,8.7474,3.875225365853659,4.35135114724263,3.093908802870452e-05,0.006169640222805832,4.220297270008741,0.33099263153838365,0.9999999996543845,0.9999977797735347,0.9800566613821706,0.9935411086524628
3100,408,intermediate_unlabelled,0.2504604051565378,1,379,-0.99151,0.89606,1.88757,-0.0001264,4.5673,2.336572383636502,-34.388,34.791,12.814783790472278,-240.37,343.12,67.47587308707125,111.00746239939721,5.567528224435393e-06,0.0011388292350908674,0.6066103123313464,3.3715770375804386,0.999999999975695,0.9999998332195056,0.9988790270268442,0.9995223661175732
3100,408,intermediate_unlabelled,0.2504604051565378,2,379,-1.1148,-0.84494,0.26986,-1.5483,1.7257,0.6132538792438876,-20.476,23.036,8.322941243293698,-120.98,391.28,116.15263398416889,137.2612489553404,1.5664543157500687e-05,0.0013612306947295239,0.47261149312381856,1.8872819509983434,0.9999999892029603,0.9999975410092053,0.9983876614009379,0.9997841356747934
3100,408,intermediate_unlabelled,0.2504604051565378,3,379,0.87885,1.1542,0.2753499999999999,-1.4657,1.4025,0.5344547484128921,-24.102,22.491,7.613314899594185,-610.96,252.7,146.6764364116095,185.19798155234608,1.9152255478184217e-05,0.0017758079635736596,1.06989863758431,5.345183896349477,0.9999999724608035,0.9999943584408254,0.9900794168847313,0.9992935493646272
3100,408,intermediate_unlabelled,0.2504604051565378,4,379,3.1415,3.1416,9.999999999976694e-05,-0.0026227,0.0044239,0.0005646837272789115,-0.72875,0.47991,0.08990262397027923,-28.478,31.28,7.715459142480212,12.07232470417389,5.382947610369839e-06,0.0007369432011595099,0.0989496090357037,0.11536141799282847,0.942607814234091,0.4029478448150439,0.16426730480091656,0.9999540599646581
3100,408,intermediate_unlabelled,0.2504604051565378,5,379,0.92873,1.3633,0.4345699999999999,-2.7111,2.9227,1.0774072144072355,-33.037,36.663,13.850326075479893,-10.049,26.861,8.708929382585751,12.543644797249302,2.328846057794156e-05,0.002394582848647236,1.2902989922136798,0.5215658038791402,0.9999999906617958,0.9999975341410061,0.995652456245326,0.9989140638401623
3100,408,intermediate_unlabelled,0.2504604051565378,6,379,-2.3161,0.91565,3.23175,-0.00033706,7.8354,4.002091126117103,-64.69,62.528,23.205697465076973,-2.6632,9.2526,4.071545065963061,4.634326789080358,3.5474308758308864e-05,0.006319668233759178,7.6999111527196975,0.4960135748811202,0.9999999996630661,0.9999980742918704,0.943345833903907,0.9873930508048898
3100,409,intermediate_unlabelled,0.2510742786985881,1,362,-0.83968,0.89606,1.7357399999999998,-0.00016853,4.6775,2.316411456590227,-35.217,44.389,14.139645679451862,-233.86,333.52,67.12877928176796,107.2636691445965,6.824827156706987e-06,0.0012508222134534292,0.6894908882072542,3.924309960690896,0.9999999999567484,0.9999997974681224,0.9988104950455873,0.9993102920807809
3100,409,intermediate_unlabelled,0.2510742786985881,2,362,-1.1148,-0.48855,0.62625,-1.5699,2.6112,0.9784140643526513,-41.071,35.739,12.817866782615729,-189.11,419.72,113.351986160221,137.2482068835575,1.750189905887175e-05,0.0014682168991424058,0.6305978363123127,2.2163576209273392,0.9999999968626868,0.9999987903481617,0.9987907529481064,0.9997727824377283
3100,409,intermediate_unlabelled,0.2510742786985881,3,362,0.92045,1.7111,0.7906500000000001,-1.9276,1.2052,1.0552631993440185,-26.614,31.544,9.376426187300057,-587.21,242.93,147.2184403314917,182.85479364550758,2.392324190915814e-05,0.002210440425031121,1.1938156124042276,6.006386201749138,0.9999999962572743,0.9999971324638878,0.9918635192127883,0.9990747346962139
3100,409,intermediate_unlabelled,0.2510742786985881,4,362,3.1416,3.1417,0.00010000000000021103,-0.0034759,0.0050558,0.0006456885858894197,-0.65766,0.92427,0.13036775927368482,-31.535,28.886,7.742843687845304,12.185956005097921,6.587624757457615e-06,0.0005558718504982748,0.12512126116797015,0.17232792897020777,0.6942221300995772,0.5106357030639265,0.2814769856682252,0.999899434381539
3100,409,intermediate_unlabelled,0.2510742786985881,5,362,0.66545,1.3391,0.67365,-2.6277,3.7348,1.266213056210934,-40.881,49.84,16.6915156876143,-10.775,29.574,8.591957732044198,12.63556534044538,2.5439914236249488e-05,0.003210200735060298,1.4086527888940275,0.6779073222110398,0.9999999911909869,0.9999966727021055,0.9964344032237954,0.9982373872646783
3100,409,intermediate_unlabelled,0.2510742786985881,6,362,0.91564,3.005,2.08936,-5.6342,0.060805,2.7852819471192616,-58.888,48.271,17.675451321886968,-9.2105,2.0737,3.729222453038674,4.231367692589244,3.11688468488971e-05,0.004809205937417893,4.793354844743857,0.3179000745744375,0.9999999993770312,0.9999977655800333,0.9625267386927328,0.9934340137435289
3100,812,intermediate_unlabelled,0.4984653161448741,1,375,-1.0769,0.89605,1.97295,-0.00029492,4.7023,2.457447252190225,-34.317,44.318,13.97160314402375,-237.32,327.17,65.92396661333333,105.32541239390027,1.05725759413538e-05,0.0012192859262807813,0.6252358474970631,3.5595563382344007,0.9999999999186168,0.9999998257643593,0.9989983162707069,0.9994082816928057
3100,812,intermediate_unlabelled,0.4984653161448741,2,375,-1.1148,-0.47796,0.6368400000000001,-1.5666,2.637,0.9543885324611093,-40.478,36.734,12.530094910332753,-196.03,418.74,112.92901197333332,136.41441574977958,1.6073432595355893e-05,0.0013905535764158726,0.5583126771182357,2.5347508590488497,0.99999999742972,0.9999988588273837,0.9990084504745512,0.9996927794609438
3100,812,intermediate_unlabelled,0.4984653161448741,3,375,0.91427,1.7233,0.80903,-1.734,1.2458,1.0130911290497782,-26.069,32.35,8.981038634632645,-605.53,238.58,147.55601543999998,182.501428968073,2.4013043564618352e-05,0.0021727115688493577,1.1863017050518,5.869055816651304,0.9999999963253546,0.9999969488402896,0.9912396765549291,0.999108325627509
3100,812,intermediate_unlabelled,0.4984653161448741,4,375,3.1415,3.1417,0.00019999999999997797,-0.0043923,0.0045187,0.0006514965854124527,-1.0665,1.0487,0.15894596928335952,-32.096,27.969,6.903969466666667,11.701785599438455,7.917090945746992e-06,0.0009250857068227014,0.16884837917543719,0.18447836004539037,0.9519249246888436,0.4962953532812295,0.09902908359399072,0.9998757149571851
3100,812,intermediate_unlabelled,0.4984653161448741,5,375,0.65977,1.3435,0.68373,-2.6497,3.7592,1.2475944712172882,-43.299,52.802,16.57673466440065,-10.125,28.886,9.385847168,13.409633876232103,2.7340873458172905e-05,0.003369035313063586,1.4888791837185091,0.650386804446352,0.9999999900891842,0.9999962224362396,0.9959602607716838,0.9985147809100788
3100,812,intermediate_unlabelled,0.4984653161448741,6,375,-2.3869,0.91566,3.3025599999999997,-6.7411e-05,7.8845,4.113089465194927,-64.348,74.321,25.24947183267836,-1.8316,8.7789,3.53153456,4.078618446610371,4.298316767050781e-05,0.007111123296898573,9.757108650081433,0.5647779094801558,0.9999999995192015,0.9999976737967461,0.9223195875743949,0.977341398401029
3100,813,intermediate_unlabelled,0.4990791896869245,1,365,-0.91145,0.89605,1.8075,-0.00021066,4.7452,2.3629852222904275,-31.378,47.707,14.097819650970834,-221.94,311.63,62.85764767123288,97.83719080258557,6.1498408627323025e-06,0.0011480727624960116,0.6789155075269971,3.977621447632691,0.9999999999673556,0.9999998373266804,0.998839895101781,0.9991378118006249
3100,813,intermediate_unlabelled,0.4990791896869245,2,365,-1.1148,-0.29115,0.82365,-1.7235,3.0822,1.2216036908269186,-50.124,42.327,15.163348385938216,-200.46,397.42,109.97806320547944,132.95691082959388,1.64411331801224e-05,0.0014560929186391975,0.7375538914768696,2.7571124192735907,0.9999999984256368,0.9999992222906747,0.9988176650427828,0.9996434981318112
3100,813,intermediate_unlabelled,0.4990791896869245,3,365,0.95632,1.9898,1.03348,-2.5996,0.90972,1.3366925281762805,-26.78,30.311,9.433284865705701,-538.32,173.23,135.4269504109589,168.49201830943306,2.3519624763935322e-05,0.0020653627640729384,1.2330796350059974,6.238468389552613,0.9999999981559625,0.9999983204403868,0.9914211265065337,0.9986523553074892
3100,813,intermediate_unlabelled,0.4990791896869245,4,365,3.1415,3.1416,9.999999999976694e-05,-0.0021487,0.0023067,0.00040966758931640216,-0.79985,0.55101,0.09634916211578437,-26.95,25.473,7.725819767123288,11.312747121721726,5.769384355004929e-06,0.0006588488754222743,0.1030663445789113,0.117046144474946,0.9745791088329298,0.44630438310399484,0.11409855603755312,0.9999457398368238
3100,813,intermediate_unlabelled,0.4990791896869245,5,365,0.53625,1.3129,0.77665,-2.3944,4.2004,1.3510110309737948,-50.811,56.855,17.304513332630794,-16.315,29.192,8.813806493150686,12.659209885334228,2.3636923271536706e-05,0.0036526633404437864,1.5841324547428086,0.6791124677772025,0.9999999940676781,0.9999961071009636,0.9958028697163587,0.998260420510177
3100,813,intermediate_unlabelled,0.4990791896869245,6,365,-1.13,0.91565,2.0456499999999997,-6.7411e-05,5.3856,2.6719999671802603,-39.056,58.585,16.61776686742141,-2.3474,7.1684,3.2878418356164385,3.5686869618305628,3.110038362790687e-05,0.006246330307803116,4.971938183870076,0.32823710131082917,0.9999999993461506,0.9999958275622508,0.9541924437736916,0.9904266081571996
3100,814,intermediate_unlabelled,0.4996930632289748,1,374,-1.0744,0.89605,1.97045,-0.00025279,4.7385,2.465291311401332,-33.345,46.427,14.107353901148965,-236.91,320.83,65.5901394919786,102.5401190532113,9.86894022645346e-06,0.0010848903356800036,0.5433368595303019,3.6825199110252167,0.9999999999286888,0.9999998676048028,0.9992581733676782,0.9993282385915718
3100,814,intermediate_unlabelled,0.4996930632289748,2,374,-1.1148,-0.37473,0.74007,-1.5659,2.8716,1.0785841658341522,-45.195,40.621,13.773218217933238,-186.22,413.0,111.22209973262031,134.0904172507879,1.514865381382154e-05,0.0015065037129548449,0.6909218837971818,2.5761302437765665,0.9999999983240166,0.9999989361169975,0.9987425256238576,0.9996824466024262
3100,814,intermediate_unlabelled,0.4996930632289748,3,374,0.9262,1.8732,0.947,-2.109,1.1558,1.1781100261845436,-26.662,31.639,9.237181844328202,-569.21,231.9,141.61270401069518,174.72257731737358,2.378249402467169e-05,0.002191783727104729,1.1719223291503114,6.335696225155742,0.9999999975564426,0.9999976195135617,0.9919207275893763,0.9987941659415958
3100,814,intermediate_unlabelled,0.4996930632289748,4,374,3.1416,3.1417,0.00010000000000021103,-0.0017063,0.0053402,0.00053865610912748,-1.2798,1.262,0.13561376147250664,-29.803,26.441,7.565650681818182,11.510243289833564,6.481079327915978e-06,0.0004624932657136063,0.13141518196772642,0.16775599219031598,0.6943166917974377,0.5278203420277919,0.2469067332288634,0.9998934398480291
3100,814,intermediate_unlabelled,0.4996930632289748,5,374,0.58998,1.3356,0.74562,-2.59,3.9751,1.3015119192363729,-47.138,53.94,16.957697626412237,-12.15,29.688,9.250754772727273,13.335915713949518,2.6035921382294545e-05,0.0033409859723793375,1.4320691834187578,0.6871304700701578,0.9999999921463115,0.9999965403780574,0.9964296142589764,0.9983325958197536
3100,814,intermediate_unlabelled,0.4996930632289748,6,374,0.91564,2.047,1.1313600000000001,-2.7333,0.071591,1.4122501248913775,-42.431,25.064,10.448890240800067,-6.8526,2.2842,3.0674626203208555,3.2413645857257083,3.515814076795704e-05,0.006260637739509444,6.527102552525482,0.41437932566275376,0.9999999972479765,0.9999846660532744,0.7808894960234276,0.9803462122133246
3100,815,intermediate_unlabelled,0.5003069367710252,1,354,-0.74346,0.89605,1.63951,-0.00025279,4.681,2.264316499027795,-33.487,44.958,14.313618770408791,-230.77,322.17,66.7113990677966,106.21902731256363,5.9777960538128e-06,0.0011120706389294965,0.5657211809697658,3.704962546589683,0.9999999999629335,0.9999998376576422,0.9992187703323763,0.9993703532412876
3100,815,intermediate_unlabelled,0.5003069367710252,2,354,-1.1148,-0.43562,0.67918,-1.5799,2.7567,1.069509852697927,-45.526,38.891,13.892155474289549,-205.42,419.31,114.0285095762712,138.13176569727514,1.6674094877453336e-05,0.0015592557654595847,0.6611087411721723,2.52494761554159,0.9999999975919908,0.9999988480400159,0.9988686138472137,0.9997194424373004
3100,815,intermediate_unlabelled,0.5003069367710252,3,354,0.93135,1.7902,0.85885,-2.267,1.1302,1.1792043172258677,-27.894,32.989,9.954305673350428,-573.86,237.03,145.5991461016949,181.4642561806253,2.4887356068984045e-05,0.0021480161725737456,1.1945506290875745,6.189496229143368,0.9999999967568362,0.9999978010409126,0.9927751682060413,0.9989929246048367
3100,815,intermediate_unlabelled,0.5003069367710252,4,354,3.1415,3.1417,0.00019999999999997797,-0.0072678,0.0062882,0.0010452670335556057,-1.0131,0.94205,0.15134316972379427,-28.478,33.318,8.467413121468926,12.797424610846855,7.755180032567733e-06,0.0007492132978903053,0.14150195614485508,0.20890237228282482,0.9807973836537178,0.7729893904636561,0.36557673590391415,0.9998640174547899
3100,815,intermediate_unlabelled,0.5003069367710252,5,354,0.62851,1.3322,0.70369,-2.5952,3.8926,1.3142321445819545,-45.597,52.281,17.270118797692913,-12.571,29.688,8.395489048022599,12.31170723479812,2.4032449852502914e-05,0.0030809639905276637,1.402120946991727,0.6457794114185939,0.9999999926433963,0.9999971309651168,0.9967007701650393,0.9983573505159868
3100,815,intermediate_unlabelled,0.5003069367710252,6,354,-1.0614,0.91566,1.9770599999999998,-0.001483,5.657,2.7296734511824443,-46.83,58.926,17.82357209114533,-2.4211,7.4316,3.307581677966102,3.6026327323208656,2.9695095425502294e-05,0.006086230078437392,4.756078232467703,0.3068320251176995,0.9999999993693376,0.9999963019157856,0.9637404043061926,0.9919502638185018
3100,816,intermediate_unlabelled,0.5009208103130756,1,373,-1.0306,0.89606,1.92666,-0.00016853,4.6768,2.4232057073002564,-34.814,42.493,13.831450903282454,-240.57,330.83,67.94046410187667,107.56690972667137,9.150296774130709e-06,0.001096714229114171,0.6382173552433942,3.548107887924472,0.9999999999362678,0.9999998587626627,0.9989349612803292,0.9994383829737272
3100,816,intermediate_unlabelled,0.5009208103130756,2,373,-1.1148,-0.54404,0.57076,-1.5672,2.4408,0.8823596160097065,-36.758,32.847,11.61950037057765,-167.63,422.4,113.05438120643429,136.23100547873474,1.5689661840354885e-05,0.0014330189353154118,0.6059281193021627,2.577775166070714,0.9999999969590849,0.9999985968893486,0.9986409224910289,0.999668654629609
3100,816,intermediate_unlabelled,0.5009208103130756,3,373,0.91079,1.6288,0.71801,-1.5325,1.2693,0.9195416222070474,-25.572,30.359,8.657496630092202,-583.64,244.94,147.6414824932976,183.0393298225758,2.324727312049338e-05,0.0018878222564984546,0.9485611201784317,5.41222323859579,0.9999999954027169,0.9999972875556264,0.993981831420539,0.9992464378326841
3100,816,intermediate_unlabelled,0.5009208103130756,4,373,3.1415,3.1417,0.00019999999999997797,-0.0055614,0.0070466,0.0009943229447228698,-1.5286,1.0131,0.17375805871179678,-30.924,32.299,8.094568941018768,12.657915751847177,9.39750291024523e-06,0.0009876743481768452,0.17048356696764586,0.23117011125894962,0.957921587485904,0.5227500838112349,0.24282548677620075,0.9998323480270386
3100,816,intermediate_unlabelled,0.5009208103130756,5,373,0.70403,1.3454,0.6413699999999999,-2.6649,3.5425,1.211872669558234,-43.417,46.522,15.917708679071334,-8.9409,28.657,9.039958166219838,13.141203226838122,2.905727806414185e-05,0.0038401932853067778,1.4361003559364078,0.6614302303215467,0.9999999878217061,0.9999948371903834,0.9959236719320111,0.998394741672628
3100,816,intermediate_unlabelled,0.5009208103130756,6,373,0.91564,2.1579,1.2422600000000001,-3.0242,0.057906,1.559189160455695,-37.653,27.719,10.538999741739852,-6.6211,2.0737,3.07969244772118,3.27973348087712,3.201317651006056e-05,0.0042519272700170365,5.584007724786254,0.34203182805500293,0.9999999981211756,0.9999942183078515,0.8480963599902809,0.9863231821706432
3100,1220,intermediate_unlabelled,0.7489257213014119,1,377,-1.0132,0.89605,1.9092500000000001,-0.00037919,4.7396,2.421721408394128,-35.786,50.053,14.520328879414842,-266.68,323.15,64.95114612732095,104.1070738173178,8.842747592799396e-06,0.0011939966034813893,0.6193771881321681,4.024429671338314,0.9999999999392353,0.9999998326744306,0.9990900692850354,0.9992305930627902
3100,1220,intermediate_unlabelled,0.7489257213014119,2,377,-1.1148,-0.3502,0.7646,-1.4986,2.9302,1.106868592531669,-46.522,41.497,14.094029295015229,-194.32,408.0,109.94279867374006,132.44069549248718,1.6710996664448753e-05,0.0014616228512115365,0.6539613611688777,2.456796191809044,0.999999998074235,0.9999990498054762,0.9989243566275537,0.9997019157520721
3100,1220,intermediate_unlabelled,0.7489257213014119,3,377,0.9289,1.9045,0.9756000000000001,-2.2542,1.0807,1.218403541476634,-26.069,26.164,8.937439233960173,-548.87,161.9,135.56155907161803,168.80765053144864,2.2789493565785588e-05,0.0020133711676771464,1.1430132675535258,5.49812568586121,0.999999997920179,0.9999981322629009,0.9917902162484468,0.9989658449240143
3100,1220,intermediate_unlabelled,0.7489257213014119,4,377,3.1415,3.1417,0.00019999999999997797,-0.005277,0.005909,0.000692880650025775,-1.9196,1.102,0.17599915708409045,-32.045,29.344,7.197476604774537,11.620419426451834,8.703242205943128e-06,0.0006981215533562985,0.17784245424648396,0.2275847955966457,0.8478634154713428,0.5380626334924082,0.16269255829325854,0.9998078317008903
3100,1220,intermediate_unlabelled,0.7489257213014119,5,377,0.57549,1.3296,0.75411,-2.4211,4.0031,1.291683669183346,-48.56,54.129,16.419103960385222,-14.252,29.459,9.044273551724137,12.990997610222882,2.7307012032554452e-05,0.003323433348105348,1.6655557047376786,0.6824480162278334,0.9999999915702286,0.9999965097078122,0.9948435649593326,0.9983079957140708
3100,1220,intermediate_unlabelled,0.7489257213014119,6,377,-2.9519,0.91566,3.86756,-0.0020897,9.6126,4.904205930540434,-87.555,105.95,30.811702075140662,-1.7474,10.737,3.550830291777188,4.279632297461717,4.1934341025528734e-05,0.006900921675349931,9.599522791613152,0.6924869711473376,0.9999999996664891,0.9999985043180685,0.9502285047828525,0.9725476396183107
3100,1221,intermediate_unlabelled,0.7495395948434622,1,350,-0.64747,0.89605,1.54352,-0.00029492,4.6791,2.189868194823853,-32.065,45.266,14.261222132924951,-227.51,307.0,63.96464137142857,102.6028561018757,5.492351880163773e-06,0.0009159598532154956,0.4806723108311029,3.255114047949679,0.9999999999649628,0.9999998887324776,0.999431951885424,0.9994799568980125
3100,1221,intermediate_unlabelled,0.7495395948434622,2,350,-1.1148,-0.35762,0.75718,-1.7823,2.9181,1.193021068048358,-47.73,40.644,14.914768869137161,-196.6,400.52,112.21093105714286,136.1844910644858,1.7032107640235025e-05,0.001430451271059944,0.7166561477194441,2.549239036071525,0.99999999800377,0.9999992190421597,0.9988461813770649,0.9997105732440773
3100,1221,intermediate_unlabelled,0.7495395948434622,3,350,0.95263,1.9005,0.9478700000000001,-2.7382,0.95239,1.3270476358786398,-25.737,31.947,10.236213654065299,-562.07,179.13,142.21976085714286,176.66300038027728,2.4148113208610522e-05,0.0021035599991561906,1.0566508945245952,5.41143618951047,0.999999997677788,0.9999983008980223,0.9946593824066867,0.9991141014457502
3100,1221,intermediate_unlabelled,0.7495395948434622,4,350,3.1416,3.1417,0.00010000000000021103,-0.0035391,0.0076154,0.0007651861711458572,-2.0263,1.7952,0.2014622798269478,-31.841,25.371,7.450385114285714,11.882034148662852,5.957385327856578e-06,0.0008218631247911234,0.20203840013415492,0.2562457039176386,0.9558561576967751,0.4176443033688696,0.10746472109205488,0.9997669086966643
3100,1221,intermediate_unlabelled,0.7495395948434622,5,350,0.57733,1.3155,0.7381699999999999,-2.4496,4.008,1.3465513057576182,-46.711,55.717,17.248453121417505,-15.207,30.3,8.169091217142856,11.9255911244298,2.5201940506538065e-05,0.0033901622570971686,1.6182183116216948,0.6714554808205881,0.9999999925687264,0.999996645757842,0.9955911522295854,0.9981559791503252
3100,1221,intermediate_unlabelled,0.7495395948434622,6,350,0.74404,0.91846,0.17442000000000002,-0.032492,0.52722,0.2417478346752081,-16.153,17.86,4.165636959054574,-1.1684,3.6105,2.0320584,2.1231592897652716,1.68939289469463e-05,0.0032985304587853886,3.8749590773579987,0.22877755950609632,0.999999972243431,0.9998620206186498,0.3670035044351072,0.9836860622219734
3100,1222,intermediate_unlabelled,0.7501534683855126,1,349,-0.63753,0.89605,1.5335800000000002,-0.00029492,4.6585,2.1872529770841505,-34.08,44.412,14.333181116935368,-232.88,332.54,66.81053378223496,107.87270470689981,5.766275854647426e-06,0.0009938409144621032,0.5527477202845796,3.190689346037165,0.9999999999608441,0.9999998662780477,0.9992562410896675,0.9995495139678537
3100,1222,intermediate_unlabelled,0.7501534683855126,2,349,-1.1148,-0.46016,0.65464,-1.5842,2.6966,1.0565245255493927,-44.27,37.587,13.796363938708566,-201.6,411.25,116.11155521489971,140.30667336780348,1.7553558464185262e-05,0.001560953316509433,0.6379701556349967,2.1749566761648698,0.9999999971241159,0.9999988230962571,0.9989317834334088,0.9997962383704257
3100,1222,intermediate_unlabelled,0.7501534683855126,3,349,0.92988,1.7559,0.82602,-2.312,1.1474,1.1703678541427003,-27.112,34.767,10.192863712966073,-580.54,229.27,150.94836246418336,186.6970852586139,2.362216086509696e-05,0.002110284439834859,1.197751965257633,5.710523520813165,0.9999999968157093,0.9999978787543183,0.9930733424307848,0.9991893102978532
3100,1222,intermediate_unlabelled,0.7501534683855126,4,349,3.1415,3.1417,0.00019999999999997797,-0.0074574,0.0092901,0.0012439236510382833,-0.88872,1.5997,0.17896779775063856,-29.752,34.847,8.585509856733523,13.197242741224107,7.76696286200168e-06,0.0008544055253176873,0.16605093007821273,0.2507080148365962,0.9826335904093296,0.7632793433995833,0.37783279610639536,0.9998189938773656
3100,1222,intermediate_unlabelled,0.7501534683855126,5,349,0.64453,1.3332,0.6886699999999999,-2.6158,3.8312,1.313606035265996,-44.602,50.077,17.28257499723576,-10.813,29.153,7.998259914040115,11.97378493571821,2.6029153982160262e-05,0.0032241794972798863,1.5987819866029582,0.675042105480441,0.9999999910386308,0.9999968654179752,0.995713943966944,0.9981182290910459
3100,1222,intermediate_unlabelled,0.7501534683855126,6,349,0.91564,1.913,0.99736,-3.0388,0.065928,1.4188125884082599,-34.772,30.563,10.554328244392071,-6.2737,1.7368,2.760790040114613,2.99166214368181,3.0195187061103954e-05,0.005070766821800788,4.88020426082021,0.33143831033347526,0.9999999974551153,0.9999906505499243,0.8866773926463382,0.9853895975350823
3100,1223,intermediate_unlabelled,0.7507673419275629,1,385,-0.98145,0.89605,1.8775,-0.00021066,4.5673,2.325257880532961,-37.089,37.848,13.21654775382693,-264.77,358.66,67.32929584415584,115.80787881761657,6.055562852787385e-06,0.0010653343917005028,0.5658586452402143,3.5075877633917414,0.9999999999711687,0.999999857271456,0.9990831252787165,0.9995286161223707
3100,1223,intermediate_unlabelled,0.7507673419275629,2,385,-1.1148,-0.84595,0.26885000000000003,-1.5105,1.7371,0.6040313847213455,-20.144,23.083,8.140271974715983,-90.631,396.49,115.48501088311689,136.74064177338204,1.656818365500614e-05,0.0013685308221195497,0.44562330535898054,2.0219228429655436,0.9999999878367148,0.999997428782144,0.9985019320789146,0.9997402447883943
3100,1223,intermediate_unlabelled,0.7507673419275629,3,385,0.88044,1.1505,0.2700600000000001,-1.4765,1.2903,0.5170783854723731,-24.884,18.225,7.168137334670952,-622.29,163.14,144.57700077922078,183.90920296135144,1.917160898154215e-05,0.0017655148147717875,1.0644943179909518,4.916518660913712,0.9999999715768396,0.9999940474060128,0.9889150136231755,0.9993642981224038
3100,1223,intermediate_unlabelled,0.7507673419275629,4,385,3.1415,3.1417,0.00019999999999997797,-0.0037603,0.0032863,0.0007072340100884958,-0.65766,1.0842,0.12122331946113594,-33.573,33.624,7.839742220779221,12.856234723888928,8.270114574335346e-06,0.0008424947027165979,0.13118873224372882,0.12593255892522542,0.9492281527426998,0.4925865202838237,0.14781342367086256,0.9999520223160858
3100,1223,intermediate_unlabelled,0.7507673419275629,5,385,0.9305,1.3621,0.4316000000000001,-2.5521,2.9554,1.0526531249258444,-33.558,37.516,13.262395826297096,-10.813,27.74,8.668080272727272,12.645019489612556,2.3984974219953318e-05,0.002668795724814357,1.2621645782693556,0.5644233661212087,0.9999999900529694,0.9999967907864561,0.9954623656772122,0.9987540214209132
3100,1223,intermediate_unlabelled,0.7507673419275629,6,385,-2.9021,0.91565,3.8177499999999998,-0.0013482,9.2987,4.729015183012375,-83.611,82.17,28.532501192314918,-2.2316,9.4,3.5699819376623374,4.182390995012813,4.0488506242106973e-05,0.006470599815058777,9.810930320888302,0.6239717912695292,0.9999999996879945,0.9999985831843502,0.9390242831071222,0.9773184437402632
3100,1224,intermediate_unlabelled,0.7513812154696132,1,368,-0.92659,0.89605,1.82264,-0.00016853,4.6639,2.358368475043061,-35.502,41.497,13.83201195508941,-243.25,326.4,67.54913233695653,108.7042979945149,6.1681704540468505e-06,0.0011769913408615513,0.5953228126092752,3.9085258946792103,0.9999999999678649,0.9999998271491389,0.9990734601867777,0.999334657621651
3100,1224,intermediate_unlabelled,0.7513812154696132,2,368,-1.1148,-0.56184,0.55296,-1.5685,2.3947,0.8747677779465051,-35.407,32.847,11.517940050571664,-171.66,405.68,115.0879885326087,137.7877199821373,1.665341163531584e-05,0.0014022428734940038,0.6051553274400134,2.077742618224078,0.9999999963579385,0.9999986369946622,0.9986203600986863,0.9997849698355934
3100,1224,intermediate_unlabelled,0.7513812154696132,3,368,0.91099,1.603,0.69201,-1.5484,1.2715,0.9113400671483959,-23.676,29.624,8.753963050676258,-596.53,236.72,149.88989402173914,185.64468925988493,2.273378104878091e-05,0.0021590490644646,1.1204445762625541,5.506941193868717,0.999999995228071,0.9999964268283544,0.9917779833313208,0.9992418770787425
3100,1224,intermediate_unlabelled,0.7513812154696132,4,368,3.1415,3.1417,0.00019999999999997797,-0.0055614,0.0066674,0.0010225685190845644,-1.6886,1.0487,0.20118133290845017,-33.471,30.058,7.546832038043479,12.447900174042084,8.369352547448109e-06,0.0008998017729057595,0.20052769501995443,0.24657958066413552,0.9743258278949197,0.6019223903299733,0.15554994262051583,0.9998035168514579
3100,1224,intermediate_unlabelled,0.7513812154696132,5,368,0.71618,1.3452,0.6290199999999999,-2.6697,3.4978,1.2118823267299321,-42.588,44.792,15.886166380207092,-8.7499,28.084,8.721286432065217,12.707987004784034,2.6085884365570713e-05,0.0034118935902555003,1.3816167770348735,0.6107318534546745,0.9999999899119644,0.9999959362333344,0.9962125664674898,0.9985676766101235
3100,1224,intermediate_unlabelled,0.7513812154696132,6,368,-2.3869,0.91565,3.3025499999999997,-6.7411e-05,8.4594,4.273334900263169,-70.908,77.544,26.617649193593557,-1.9158,9.1474,3.4749997282608693,4.0683873352532345,4.14019521085467e-05,0.006443414178848501,9.20844632490255,0.5743718241484734,0.9999999995584294,0.9999982727745418,0.9382520493369497,0.9779620505208166
3100,1625,faulty_evident,0.9975445058317988,1,359,-0.81622,0.89605,1.71227,-0.00025279,4.6859,2.3098655744265293,-34.364,45.763,14.282810857724643,-239.43,322.94,67.1722288579387,107.24414468043247,5.910076696541434e-06,0.0010873882925405904,0.6225446990760989,3.9184595044018833,0.9999999999665975,0.9999998508171752,0.9990497642665296,0.999310464940741
3100,1625,faulty_evident,0.9975445058317988,2,359,-1.1148,-0.44457,0.67023,-1.5916,2.735,1.0424006366894838,-45.266,37.279,13.696639831729435,-272.26,402.83,118.92432835654596,144.08117922012477,2.1084518546222657e-05,0.0026051880671806643,0.7757836481387025,4.818861648454606,0.9999999960260909,0.9999966021222193,0.9983966715681869,0.9990490977079282
3100,1625,faulty_evident,0.9975445058317988,3,359,0.92579,1.7758,0.85001,-2.1894,1.1816,1.1450225406383987,-32.041,31.236,10.262932161011793,-875.46,308.27,163.45781022284123,226.35732636869162,4.0998467606422194e-05,0.006135633413883339,1.8449463862411093,16.697955322715423,0.9999999908201389,0.9999809133232596,0.9837187093558706,0.9960809854173635
3100,1625,faulty_evident,0.9975445058317988,4,359,3.1415,3.1417,0.00019999999999997797,-0.0060986,0.0082157,0.0011032912597045731,-2.2929,2.204,0.29030742718603675,-36.273,28.427,7.812514094707522,12.73700959766021,8.457465008039162e-06,0.0008688609835982282,0.288888425428603,0.38381454083150446,0.9722711763321776,0.6628492913287288,0.12795917536985768,0.9995440365712707
3100,1625,faulty_evident,0.9975445058317988,5,359,0.63523,1.3357,0.7004700000000001,-2.6156,3.8901,1.3030344102836597,-75.885,51.593,17.877908223555398,-24.912,37.483,9.726028153203343,13.9380872491899,9.912861712687924e-05,0.016225608744523896,4.534782308075826,2.8498310858638356,0.9999998740145839,0.9999190023073076,0.9673151120919158,0.9751862746879586
3100,1625,faulty_evident,0.9975445058317988,6,359,0.91564,1.7223,0.8066599999999999,-2.2452,0.068827,1.0844129098066408,-31.7,39.511,9.654059965386224,-6.4526,1.9474,2.7148830724233988,2.8613517965582553,3.591646453473565e-05,0.0063755619912787736,6.87344750808218,0.4626194730393518,0.9999999944214166,0.9999739944594276,0.7022052717127013,0.9684319250644562
3100,1626,faulty_evident,0.998158379373849,1,356,-0.72893,0.89605,1.6249799999999999,-0.00029492,4.6883,2.24446299628204,-33.108,45.55,14.233579705519967,-236.54,308.91,63.80994297752808,103.25112046068445,6.166134028561357e-06,0.001127025979057489,0.5946276729958552,3.8423055838060214,0.9999999999601212,0.9999998304173069,0.9991271062789203,0.99928635389893
3100,1626,faulty_evident,0.998158379373849,2,356,-1.1148,-0.37627,0.73853,-1.6531,2.8879,1.146124724278475,-48.347,40.099,14.644971067510216,-270.51,398.2,115.35247974719101,141.26246068099968,2.1115104523357468e-05,0.002559755674559574,0.7996836285015787,4.349424192041142,0.9999999967373727,0.9999972676261711,0.998509772147754,0.9992106574293041
3100,1626,faulty_evident,0.998158379373849,3,356,0.94092,1.8743,0.9333800000000001,-2.5867,1.0424,1.2768516995965549,-29.6,32.35,10.517114331634046,-843.33,248.05,157.60316039325843,218.4293999981456,4.4252108209751986e-05,0.00646380681368373,1.9478122572400802,17.295052517205857,0.9999999917704976,0.9999826578303435,0.9827080041018852,0.9953387492149042
3100,1626,faulty_evident,0.998158379373849,4,356,3.1415,3.1417,0.00019999999999997797,-0.0086581,0.011249,0.001183473255960844,-2.9506,2.4706,0.304387890963279,-34.796,26.644,7.689581095505618,12.349332201993622,8.524281769505326e-06,0.0009301695288895235,0.29839146268832784,0.3799421193428033,0.9700169546537428,0.6508001051830216,0.1975149209640999,0.9995242029668778
3100,1626,faulty_evident,0.998158379373849,5,356,0.58944,1.3241,0.7346600000000001,-2.5291,4.0205,1.3373209533377508,-62.258,53.821,17.83662587420687,-28.122,36.222,9.26288524719101,13.402659983552173,9.247923438074832e-05,0.015038403960509707,4.004086473595786,2.6530207935901053,0.9999999008295486,0.999933230219803,0.9744938475364292,0.9772404574898155
3100,1626,faulty_evident,0.998158379373849,6,356,-0.81081,0.91566,1.72647,-0.0037076,4.9966,2.382910662923776,-41.369,51.153,15.869377206481266,-2.3579,6.9368,2.9800389887640453,3.1813340822951104,2.795588271783494e-05,0.005804425814893978,5.10992624025301,0.34744939605432257,0.9999999992715451,0.9999956052573904,0.9467401103239211,0.9871434240038042
3100,1627,faulty_evident,0.9987722529158992,1,366,-0.88371,0.89605,1.77976,-0.00029492,4.6582,2.3294640669356435,-35.502,42.185,13.806012345143348,-249.23,334.45,66.23775270491802,109.24141457198232,6.365324102209011e-06,0.001217843375041484,0.6135724583295579,3.7919399497713604,0.9999999999642248,0.9999998095721336,0.9990120303537278,0.999381422263868
3100,1627,faulty_evident,0.9987722529158992,2,366,-1.1148,-0.5791,0.5357000000000001,-1.5898,2.3394,0.8597951614367313,-34.814,31.876,11.384682230372832,-228.69,393.6,120.75984426229509,143.6115978547513,2.0987003134890965e-05,0.002723570629961965,0.7868972724179379,5.336189871759414,0.9999999938318143,0.9999946634710444,0.9976105405794139,0.998725535499538
3100,1627,faulty_evident,0.9987722529158992,3,366,0.91059,1.5769,0.66631,-1.5627,1.3073,0.8935356934854419,-28.155,29.861,9.294715421331356,-941.9,412.74,165.88046385245903,234.9849676580271,4.1963358603069255e-05,0.00618874996405947,1.930189124632953,17.085663503385412,0.999999982240643,0.999969751502357,0.9782148455209277,0.9963139527013614
3100,1627,faulty_evident,0.9987722529158992,4,366,3.1415,3.1417,0.00019999999999997797,-0.0072362,0.006225,0.0010877475268653465,-2.1685,1.4753,0.2769627424100538,-35.662,31.484,7.945659904371586,13.093827023026755,9.616128131368563e-06,0.0008946987560067662,0.27344255792552247,0.362578033307787,0.9641303576420345,0.6352772108381075,0.16833290315576108,0.9996148542904257
3100,1627,faulty_evident,0.9987722529158992,5,366,0.72844,1.3453,0.61686,-2.6454,3.4538,1.205155723393044,-60.623,44.199,16.451623744225355,-26.364,39.355,10.041640377049179,14.148417984373678,0.00010944082892357028,0.01743613786762727,4.385572802637952,2.882698707038241,0.9999998184654859,0.9998925813720935,0.9638510151475004,0.9752880523564568
3100,1627,faulty_evident,0.9987722529158992,6,366,-1.6957,0.91566,2.61136,-0.00013482,6.8483,3.4178999809786337,-63.287,66.282,21.61110019739193,-2.4,7.6842,3.2398315846994534,3.5696724777170377,3.880581300014411e-05,0.007450773096394023,7.752271110025806,0.4640159640637019,0.999999999381323,0.9999963925628724,0.93344640753095,0.9814968071473386
3100,1628,faulty_evident,0.9993861264579496,1,366,-0.84008,0.89605,1.7361300000000002,-8.4264e-05,4.6221,2.282339954939384,-35.004,39.27,13.473642732245676,-252.85,328.11,66.76342232240437,111.66593073978161,6.783103072374556e-06,0.001366300166986694,0.6278597390754571,4.579765033386703,0.9999999999576433,0.9999997460291375,0.9989137315666352,0.9991392405751495
3100,1628,faulty_evident,0.9993861264579496,2,366,-1.1148,-0.69229,0.42251000000000005,-1.5897,2.0631,0.744287957130589,-28.415,27.823,10.028112599926931,-203.92,382.66,122.06760273224045,144.24904877608634,2.0936356927276666e-05,0.002479807711554255,0.7250124098631368,5.147100314374148,0.9999999903272887,0.9999942466880707,0.9973857217015575,0.9987589012640803
3100,1628,faulty_evident,0.9993861264579496,3,366,0.89842,1.4015,0.50308,-1.4694,1.3888,0.7186737769311826,-29.956,27.396,8.815689301615857,-933.36,449.06,169.78199426229506,239.89724426256794,4.278685002195127e-05,0.005735717164617558,1.7801085907986882,15.82386170226699,0.9999999618570086,0.9999628337433604,0.9794182397456362,0.9969952276100507
3100,1628,faulty_evident,0.9993861264579496,4,366,3.1415,3.1417,0.00019999999999997797,-0.0069834,0.0080578,0.0011088026404599066,-1.973,2.2751,0.2662304550780346,-35.305,31.994,8.00578549180328,13.294427730455492,9.960081140795278e-06,0.001027285813400609,0.26719230235919933,0.3345311674481675,0.9698850854642411,0.6281377944010927,0.15173772649816897,0.9996824323889051
3100,1628,faulty_evident,0.9993861264579496,5,366,0.81127,1.3525,0.54123,-2.7007,3.1817,1.1515912213914354,-63.396,40.929,15.6721667809094,-24.836,36.681,9.707794371584699,13.80748888163645,0.00010738917088916951,0.01628096807736271,4.026462998896978,2.675279295632129,0.9999998051583044,0.9998987812729491,0.966474103828934,0.9775444595332926
3100,1628,faulty_evident,0.9993861264579496,6,366,0.91564,1.1219,0.2062599999999999,-0.56733,0.058109,0.26639311693729933,-34.81,21.462,6.364624657314211,-4.8211,1.9053,2.4124543169398907,2.49839134605185,3.097875933684052e-05,0.00584815864807692,6.149718227640421,0.3993048948799267,0.999999936091181,0.999635640290127,0.25766583280885236,0.9705291968402164
3100,1629,faulty_evident,1.0,1,353,-0.68952,0.89605,1.5855700000000001,-0.00016853,4.6786,2.219665786468455,-33.392,46.142,14.266377492397826,-238.09,310.29,64.0623869121813,103.80614564790008,6.55289750529997e-06,0.0011684958266922382,0.5585670018470879,3.9683500244955767,0.9999999999524726,0.9999998128171317,0.9992333621561683,0.9992514158472405
3100,1629,faulty_evident,1.0,2,353,-1.1148,-0.38865,0.7261500000000001,-1.6553,2.8405,1.1368812102625863,-46.972,39.625,14.537002832872027,-257.29,402.43,117.0089376487252,142.23460182280834,2.205175814506232e-05,0.0023950541075950416,0.800876456901586,4.291172311461307,0.9999999963250954,0.9999975715929033,0.9984829534271162,0.9992398687316559
3100,1629,faulty_evident,1.0,3,353,0.93105,1.8577,0.9266499999999999,-2.5979,1.1323,1.2839569242068514,-29.79,35.691,10.89770655995654,-849.54,238.58,162.75080076487254,223.2505646470004,4.670640797163364e-05,0.006715842090923708,1.951479160355295,17.09625312870055,0.9999999904332199,0.9999817052122777,0.9838452980411809,0.995673424154957
3100,1629,faulty_evident,1.0,4,353,3.1415,3.1417,0.00019999999999997797,-0.0056878,0.0054982,0.0008048050469443318,-1.5819,1.2442,0.18763449461342574,-32.197,27.765,7.878470835694052,12.396446646239882,8.33463118959576e-06,0.0008844687856277366,0.19395611959707804,0.24308028216705826,0.9695471693990381,0.5669357285022957,0.09216503784432699,0.9998075848824025
3100,1629,faulty_evident,1.0,5,353,0.59712,1.3319,0.7347800000000001,-2.6163,3.9467,1.346091261358841,-68.372,52.494,18.015393563908646,-25.906,38.285,9.25100257223796,13.485109288240512,9.634475535582644e-05,0.015444659577913307,4.4095744745174255,2.713588529353077,0.9999998899562375,0.9999306256233571,0.969599236041904,0.9765816246336857
3100,1629,faulty_evident,1.0,6,353,-1.6088,0.91566,2.52446,-0.00013482,7.4611,3.5326140677407083,-67.571,77.658,24.23556722942576,-2.4316,8.2105,3.2594883286118983,3.638700708169762,4.0655110990632005e-05,0.0073767465092505384,8.72484229575195,0.5378048147420027,0.9999999992767731,0.9999967914949446,0.9329518135240478,0.9772574553442483
