operation_code,window_id,window_start_cycle,window_end_cycle,cycles,median_cycles_before_fault,j3_tau_abs_mean_outside_fraction,j3_tau_abs_mean_persistent,j3_tau_rms_outside_fraction,j3_tau_rms_persistent,j3_tau_peak_outside_fraction,j3_tau_peak_persistent,j3_tau_std_outside_fraction,j3_tau_std_persistent,j3_q_range_outside_fraction,j3_q_range_persistent,j3_dq_rms_outside_fraction,j3_dq_rms_persistent,j3_ddq_rms_outside_fraction,j3_ddq_rms_persistent,persistent_effort_features,persistent_motion_features,candidate_degradation_window
1050,0,0,24,25,2001.0,0.48,False,0.12,False,0.36,False,0.8,True,0.12,False,0.0,False,0.36,False,1,0,False
1050,1,25,49,25,1976.0,0.0,False,0.0,False,0.0,False,0.0,False,0.0,False,0.0,False,0.0,False,0,0,False
1050,2,50,74,25,1951.0,0.0,False,0.0,False,0.0,False,0.0,False,0.08,False,0.0,False,0.0,False,0,0,False
1050,3,75,99,25,1926.0,0.12,False,0.16,False,0.28,False,0.12,False,0.16,False,0.04,False,0.12,False,0,0,False
1050,4,100,124,25,1901.0,0.08,False,0.32,False,0.32,False,0.64,True,0.08,False,0.08,False,0.08,False,1,0,False
1050,5,125,149,25,1876.0,0.08,False,0.4,False,0.2,False,0.88,True,0.4,False,0.0,False,0.04,False,1,0,False
1050,6,150,174,25,1851.0,0.08,False,0.48,False,0.48,False,1.0,True,0.4,False,0.0,False,0.0,False,1,0,False
1050,7,175,199,25,1826.0,0.04,False,0.56,False,0.52,False,1.0,True,0.76,True,0.04,False,0.16,False,1,1,False
1050,8,200,224,25,1801.0,0.2,False,0.76,True,0.72,True,1.0,True,0.76,True,0.04,False,0.12,False,3,1,True
1050,9,225,249,25,1776.0,0.48,False,0.88,True,0.6,True,1.0,True,0.4,False,0.08,False,0.08,False,3,0,True
1050,11,275,299,25,1726.0,0.6,True,0.96,True,0.8,True,0.96,True,0.2,False,0.04,False,0.0,False,4,0,True
1050,12,300,324,25,1701.0,0.36,False,0.8,True,0.64,True,1.0,True,0.36,False,0.08,False,0.08,False,3,0,True
1050,14,350,374,25,1651.0,0.24,False,1.0,True,0.6,True,1.0,True,0.48,False,0.08,False,0.08,False,3,0,True
1050,15,375,399,25,1626.0,0.32,False,1.0,True,0.72,True,1.0,True,0.48,False,0.08,False,0.12,False,3,0,True
1050,16,400,424,25,1601.0,0.8,True,1.0,True,0.88,True,1.0,True,0.32,False,0.04,False,0.08,False,4,0,True
1050,17,425,449,25,1576.0,0.84,True,1.0,True,0.88,True,1.0,True,0.48,False,0.0,False,0.0,False,4,0,True
1050,18,450,474,25,1551.0,0.64,True,0.96,True,0.68,True,0.96,True,0.4,False,0.04,False,0.0,False,4,0,True
1050,19,475,499,25,1526.0,0.96,True,1.0,True,0.76,True,1.0,True,0.32,False,0.0,False,0.0,False,4,0,True
1050,20,500,524,25,1501.0,1.0,True,1.0,True,0.72,True,1.0,True,0.2,False,0.04,False,0.0,False,4,0,True
1050,21,525,549,25,1476.0,0.92,True,1.0,True,0.64,True,1.0,True,0.28,False,0.04,False,0.08,False,4,0,True
1050,22,550,574,25,1451.0,0.88,True,1.0,True,0.76,True,1.0,True,0.24,False,0.04,False,0.08,False,4,0,True
1050,23,575,599,25,1426.0,0.84,True,1.0,True,0.68,True,1.0,True,0.32,False,0.0,False,0.04,False,4,0,True
1050,24,600,624,25,1401.0,0.72,True,1.0,True,0.48,False,1.0,True,0.48,False,0.12,False,0.08,False,3,0,True
1050,25,625,649,25,1376.0,0.8,True,1.0,True,0.68,True,0.96,True,0.32,False,0.0,False,0.0,False,4,0,True
1050,26,650,674,25,1351.0,1.0,True,1.0,True,0.64,True,0.8,True,0.08,False,0.08,False,0.04,False,4,0,True
1050,27,675,699,25,1326.0,1.0,True,1.0,True,0.44,False,0.64,True,0.2,False,0.08,False,0.12,False,3,0,True
1050,28,700,724,25,1301.0,1.0,True,1.0,True,0.4,False,0.32,False,0.24,False,0.12,False,0.12,False,2,0,True
1050,29,725,749,25,1276.0,1.0,True,1.0,True,0.4,False,0.56,False,0.12,False,0.16,False,0.12,False,2,0,True
1050,31,775,799,25,1226.0,0.92,True,1.0,True,0.52,False,0.88,True,0.2,False,0.08,False,0.0,False,3,0,True
1050,32,800,824,25,1201.0,0.76,True,1.0,True,0.52,False,1.0,True,0.28,False,0.0,False,0.0,False,3,0,True
1050,33,825,849,25,1176.0,0.88,True,1.0,True,0.72,True,1.0,True,0.08,False,0.08,False,0.0,False,4,0,True
1050,34,850,874,25,1151.0,1.0,True,1.0,True,0.56,False,0.8,True,0.04,False,0.04,False,0.0,False,3,0,True
1050,35,875,899,25,1126.0,0.64,True,1.0,True,0.64,True,0.88,True,0.36,False,0.04,False,0.04,False,4,0,True
1050,36,900,924,25,1101.0,0.8,True,1.0,True,0.44,False,0.8,True,0.24,False,0.12,False,0.04,False,3,0,True
1050,37,925,949,25,1076.0,0.68,True,1.0,True,0.64,True,0.84,True,0.24,False,0.0,False,0.0,False,4,0,True
1050,38,950,974,25,1051.0,0.52,False,1.0,True,0.68,True,1.0,True,0.32,False,0.16,False,0.16,False,3,0,True
1050,39,975,999,25,1026.0,0.44,False,1.0,True,0.92,True,1.0,True,0.24,False,0.04,False,0.0,False,3,0,True
1050,40,1000,1024,25,1001.0,0.72,True,1.0,True,0.92,True,1.0,True,0.2,False,0.0,False,0.04,False,4,0,True
1050,41,1025,1049,25,976.0,0.44,False,1.0,True,0.84,True,1.0,True,0.16,False,0.04,False,0.04,False,3,0,True
1050,42,1050,1074,25,951.0,0.4,False,1.0,True,0.84,True,1.0,True,0.24,False,0.0,False,0.0,False,3,0,True
1050,43,1075,1099,25,926.0,0.44,False,1.0,True,0.96,True,1.0,True,0.2,False,0.0,False,0.0,False,3,0,True
1050,44,1100,1124,25,901.0,0.48,False,1.0,True,1.0,True,1.0,True,0.32,False,0.08,False,0.04,False,3,0,True
1050,45,1125,1149,25,876.0,0.84,True,1.0,True,1.0,True,1.0,True,0.08,False,0.08,False,0.08,False,4,0,True
1050,46,1150,1174,25,851.0,0.76,True,1.0,True,0.96,True,1.0,True,0.08,False,0.04,False,0.08,False,4,0,True
1050,47,1175,1199,25,826.0,0.72,True,1.0,True,0.84,True,1.0,True,0.0,False,0.04,False,0.04,False,4,0,True
1050,48,1200,1224,25,801.0,0.36,False,1.0,True,0.96,True,1.0,True,0.16,False,0.08,False,0.04,False,3,0,True
1050,49,1225,1249,25,776.0,0.6,True,1.0,True,0.88,True,1.0,True,0.2,False,0.0,False,0.0,False,4,0,True
1050,50,1250,1274,25,751.0,0.48,False,1.0,True,1.0,True,1.0,True,0.2,False,0.08,False,0.08,False,3,0,True
1050,51,1275,1299,25,726.0,0.44,False,1.0,True,0.92,True,1.0,True,0.36,False,0.12,False,0.12,False,3,0,True
1050,52,1300,1324,25,701.0,0.48,False,1.0,True,0.88,True,1.0,True,0.32,False,0.04,False,0.04,False,3,0,True
1050,53,1325,1349,25,676.0,0.6,True,1.0,True,0.96,True,1.0,True,0.28,False,0.0,False,0.04,False,4,0,True
1050,54,1350,1374,25,651.0,0.64,True,1.0,True,0.84,True,1.0,True,0.36,False,0.04,False,0.04,False,4,0,True
1050,55,1375,1399,25,626.0,0.36,False,1.0,True,0.84,True,1.0,True,0.4,False,0.04,False,0.04,False,3,0,True
1050,56,1400,1424,25,601.0,0.4,False,1.0,True,0.96,True,1.0,True,0.48,False,0.08,False,0.08,False,3,0,True
1050,57,1425,1449,25,576.0,0.36,False,1.0,True,1.0,True,1.0,True,0.56,False,0.0,False,0.0,False,3,0,True
1050,58,1450,1474,25,551.0,0.28,False,1.0,True,1.0,True,1.0,True,0.52,False,0.08,False,0.08,False,3,0,True
1050,59,1475,1499,25,526.0,0.24,False,1.0,True,1.0,True,1.0,True,0.52,False,0.08,False,0.12,False,3,0,True
1050,60,1500,1524,25,501.0,0.24,False,1.0,True,1.0,True,1.0,True,0.44,False,0.08,False,0.2,False,3,0,True
1050,61,1525,1549,25,476.0,0.48,False,1.0,True,1.0,True,0.96,True,0.36,False,0.04,False,0.12,False,3,0,True
1050,62,1550,1574,25,451.0,0.6,True,1.0,True,1.0,True,1.0,True,0.2,False,0.0,False,0.08,False,4,0,True
1050,63,1575,1599,25,426.0,0.68,True,1.0,True,1.0,True,1.0,True,0.12,False,0.0,False,0.0,False,4,0,True
1050,64,1600,1624,25,401.0,0.24,False,0.96,True,0.68,True,1.0,True,0.12,False,0.08,False,0.08,False,3,0,True
1050,65,1625,1649,25,376.0,0.08,False,1.0,True,0.56,False,1.0,True,0.16,False,0.04,False,0.08,False,2,0,True
1050,66,1650,1674,25,351.0,0.08,False,1.0,True,0.48,False,1.0,True,0.32,False,0.04,False,0.12,False,2,0,True
1050,67,1675,1699,25,326.0,0.08,False,1.0,True,0.44,False,1.0,True,0.24,False,0.0,False,0.08,False,2,0,True
1050,68,1700,1724,25,301.0,0.04,False,1.0,True,0.6,True,1.0,True,0.16,False,0.0,False,0.08,False,3,0,True
1050,69,1725,1749,25,276.0,0.12,False,1.0,True,0.64,True,1.0,True,0.0,False,0.0,False,0.16,False,3,0,True
1050,70,1750,1774,25,251.0,0.16,False,0.96,True,0.68,True,1.0,True,0.28,False,0.04,False,0.12,False,3,0,True
1050,71,1775,1799,25,226.0,0.08,False,1.0,True,0.52,False,1.0,True,0.36,False,0.12,False,0.32,False,2,0,True
1050,72,1800,1824,25,201.0,0.04,False,1.0,True,0.28,False,1.0,True,0.36,False,0.04,False,0.16,False,2,0,True
1050,73,1825,1849,25,176.0,0.16,False,0.76,True,0.24,False,1.0,True,0.28,False,0.0,False,0.0,False,2,0,True
1050,74,1850,1874,25,151.0,0.04,False,1.0,True,0.24,False,1.0,True,0.2,False,0.04,False,0.04,False,2,0,True
1050,75,1875,1899,25,126.0,0.04,False,0.68,True,0.12,False,1.0,True,0.44,False,0.04,False,0.04,False,2,0,True
1050,76,1900,1924,25,101.0,0.08,False,0.84,True,0.24,False,1.0,True,0.36,False,0.04,False,0.04,False,2,0,True
1050,77,1925,1949,25,76.0,0.08,False,0.92,True,0.32,False,1.0,True,0.52,False,0.04,False,0.04,False,2,0,True
1050,78,1950,1974,25,51.0,0.0,False,0.76,True,0.2,False,1.0,True,0.48,False,0.04,False,0.12,False,2,0,True
1050,79,1975,1999,25,26.0,0.28,False,0.6,True,0.16,False,1.0,True,0.44,False,0.56,False,0.56,False,2,0,True
1051,0,0,24,25,1999.0,0.2,False,0.4,False,0.56,False,0.76,True,0.0,False,0.36,False,0.36,False,1,0,False
1051,1,25,49,25,1974.0,0.0,False,0.0,False,0.0,False,0.0,False,0.0,False,0.0,False,0.0,False,0,0,False
1051,2,50,74,25,1949.0,0.04,False,0.0,False,0.0,False,0.0,False,0.0,False,0.0,False,0.0,False,0,0,False
1051,3,75,99,25,1924.0,0.08,False,0.08,False,0.24,False,0.2,False,0.0,False,0.0,False,0.04,False,0,0,False
1051,4,100,124,25,1899.0,0.04,False,0.2,False,0.48,False,0.68,True,0.04,False,0.0,False,0.0,False,1,0,False
1051,6,150,174,25,1849.0,0.08,False,0.48,False,0.92,True,1.0,True,0.0,False,0.0,False,0.0,False,2,0,True
1051,7,175,199,25,1824.0,0.08,False,0.4,False,1.0,True,1.0,True,0.0,False,0.0,False,0.0,False,2,0,True
1051,8,200,224,25,1799.0,0.16,False,0.56,False,1.0,True,1.0,True,0.0,False,0.0,False,0.0,False,2,0,True
1051,9,225,249,25,1774.0,0.32,False,0.72,True,1.0,True,1.0,True,0.04,False,0.0,False,0.0,False,3,0,True
1051,10,250,274,25,1749.0,0.16,False,0.36,False,1.0,True,1.0,True,0.0,False,0.04,False,0.04,False,2,0,True
1051,11,275,299,25,1724.0,0.2,False,0.68,True,1.0,True,1.0,True,0.0,False,0.0,False,0.0,False,3,0,True
1051,12,300,324,25,1699.0,0.2,False,0.4,False,1.0,True,1.0,True,0.0,False,0.0,False,0.12,False,2,0,True
1051,13,325,349,25,1674.0,0.08,False,0.24,False,0.96,True,1.0,True,0.0,False,0.0,False,0.04,False,2,0,True
1051,14,350,374,25,1649.0,0.08,False,0.48,False,1.0,True,1.0,True,0.0,False,0.0,False,0.0,False,2,0,True
1051,15,375,399,25,1624.0,0.16,False,0.64,True,1.0,True,1.0,True,0.0,False,0.0,False,0.04,False,3,0,True
1051,16,400,424,25,1599.0,0.44,False,0.88,True,1.0,True,1.0,True,0.08,False,0.0,False,0.0,False,3,0,True
1051,17,425,449,25,1574.0,0.6,True,0.84,True,1.0,True,1.0,True,0.08,False,0.0,False,0.08,False,4,0,True
1051,18,450,474,25,1549.0,0.32,False,0.52,False,1.0,True,1.0,True,0.08,False,0.0,False,0.04,False,2,0,True
1051,19,475,499,25,1524.0,0.2,False,0.52,False,1.0,True,0.96,True,0.16,False,0.04,False,0.04,False,2,0,True
1051,20,500,524,25,1499.0,0.76,True,0.84,True,0.8,True,0.96,True,0.28,False,0.0,False,0.04,False,4,0,True
1051,21,525,549,25,1474.0,0.52,False,0.68,True,0.84,True,1.0,True,0.28,False,0.0,False,0.04,False,3,0,True
1051,22,550,574,25,1449.0,0.6,True,0.84,True,0.76,True,1.0,True,0.24,False,0.0,False,0.0,False,4,0,True
1051,23,575,599,25,1424.0,0.6,True,0.88,True,0.72,True,1.0,True,0.24,False,0.0,False,0.04,False,4,0,True
1051,24,600,624,25,1399.0,0.36,False,0.84,True,0.52,False,1.0,True,0.08,False,0.0,False,0.12,False,2,0,True
1051,25,625,649,25,1374.0,0.72,True,1.0,True,0.84,True,0.96,True,0.28,False,0.0,False,0.0,False,4,0,True
1051,26,650,674,25,1349.0,0.88,True,0.92,True,0.68,True,1.0,True,0.2,False,0.0,False,0.04,False,4,0,True
1051,27,675,699,25,1324.0,0.8,True,0.92,True,0.48,False,0.72,True,0.56,False,0.0,False,0.0,False,3,0,True
1051,28,700,724,25,1299.0,0.8,True,0.72,True,0.44,False,0.48,False,0.64,True,0.0,False,0.0,False,2,1,True
1051,29,725,749,25,1274.0,0.92,True,0.88,True,0.52,False,0.84,True,0.44,False,0.0,False,0.04,False,3,0,True
1051,30,750,774,25,1249.0,0.68,True,0.92,True,0.48,False,0.8,True,0.2,False,0.0,False,0.04,False,3,0,True
1051,31,775,799,25,1224.0,0.8,True,1.0,True,0.6,True,0.88,True,0.16,False,0.0,False,0.0,False,4,0,True
1051,32,800,824,25,1199.0,0.64,True,0.96,True,0.64,True,1.0,True,0.2,False,0.0,False,0.0,False,4,0,True
1051,33,825,849,25,1174.0,0.68,True,0.96,True,0.88,True,1.0,True,0.12,False,0.0,False,0.0,False,4,0,True
1051,34,850,874,25,1149.0,0.8,True,0.88,True,0.64,True,0.96,True,0.52,False,0.0,False,0.08,False,4,0,True
1051,35,875,899,25,1124.0,0.56,False,0.8,True,0.76,True,1.0,True,0.36,False,0.0,False,0.04,False,3,0,True
1051,36,900,924,25,1099.0,0.64,True,0.92,True,0.68,True,0.8,True,0.4,False,0.0,False,0.0,False,4,0,True
1051,37,925,949,25,1074.0,0.6,True,0.84,True,0.8,True,0.96,True,0.48,False,0.0,False,0.04,False,4,0,True
1051,38,950,974,25,1049.0,0.72,True,0.92,True,0.72,True,1.0,True,0.12,False,0.0,False,0.0,False,4,0,True
1051,39,975,999,25,1024.0,0.84,True,1.0,True,1.0,True,1.0,True,0.12,False,0.0,False,0.0,False,4,0,True
1051,40,1000,1024,25,999.0,0.92,True,1.0,True,1.0,True,1.0,True,0.2,False,0.0,False,0.04,False,4,0,True
1051,41,1025,1049,25,974.0,0.72,True,1.0,True,0.96,True,1.0,True,0.16,False,0.0,False,0.0,False,4,0,True
1051,42,1050,1074,25,949.0,0.72,True,1.0,True,1.0,True,1.0,True,0.0,False,0.0,False,0.0,False,4,0,True
1051,43,1075,1099,25,924.0,0.8,True,1.0,True,1.0,True,1.0,True,0.16,False,0.0,False,0.0,False,4,0,True
1051,44,1100,1124,25,899.0,0.88,True,1.0,True,1.0,True,1.0,True,0.12,False,0.0,False,0.0,False,4,0,True
1051,45,1125,1149,25,874.0,1.0,True,1.0,True,1.0,True,1.0,True,0.24,False,0.0,False,0.0,False,4,0,True
1051,46,1150,1174,25,849.0,1.0,True,1.0,True,1.0,True,1.0,True,0.16,False,0.0,False,0.0,False,4,0,True
1051,47,1175,1199,25,824.0,0.92,True,1.0,True,1.0,True,1.0,True,0.2,False,0.0,False,0.0,False,4,0,True
1051,48,1200,1224,25,799.0,0.88,True,1.0,True,1.0,True,1.0,True,0.04,False,0.0,False,0.04,False,4,0,True
1051,49,1225,1249,25,774.0,0.96,True,1.0,True,1.0,True,1.0,True,0.24,False,0.0,False,0.0,False,4,0,True
1051,50,1250,1274,25,749.0,0.92,True,1.0,True,1.0,True,1.0,True,0.2,False,0.0,False,0.0,False,4,0,True
1051,51,1275,1299,25,724.0,0.88,True,1.0,True,1.0,True,1.0,True,0.08,False,0.0,False,0.0,False,4,0,True
1051,52,1300,1324,25,699.0,0.88,True,1.0,True,1.0,True,1.0,True,0.04,False,0.0,False,0.0,False,4,0,True
1051,53,1325,1349,25,674.0,1.0,True,1.0,True,1.0,True,1.0,True,0.12,False,0.0,False,0.0,False,4,0,True
1051,54,1350,1374,25,649.0,1.0,True,1.0,True,1.0,True,1.0,True,0.12,False,0.0,False,0.04,False,4,0,True
1051,55,1375,1399,25,624.0,1.0,True,1.0,True,1.0,True,1.0,True,0.04,False,0.0,False,0.0,False,4,0,True
1051,56,1400,1424,25,599.0,1.0,True,1.0,True,1.0,True,1.0,True,0.0,False,0.0,False,0.0,False,4,0,True
1051,57,1425,1449,25,574.0,1.0,True,1.0,True,1.0,True,1.0,True,0.04,False,0.0,False,0.0,False,4,0,True
1051,58,1450,1474,25,549.0,1.0,True,1.0,True,1.0,True,1.0,True,0.04,False,0.0,False,0.0,False,4,0,True
1051,59,1475,1499,25,524.0,1.0,True,1.0,True,1.0,True,1.0,True,0.04,False,0.0,False,0.0,False,4,0,True
1051,60,1500,1524,25,499.0,1.0,True,1.0,True,1.0,True,1.0,True,0.0,False,0.0,False,0.0,False,4,0,True
1051,61,1525,1549,25,474.0,1.0,True,1.0,True,1.0,True,1.0,True,0.0,False,0.0,False,0.0,False,4,0,True
1051,62,1550,1574,25,449.0,1.0,True,1.0,True,1.0,True,1.0,True,0.24,False,0.04,False,0.0,False,4,0,True
1051,63,1575,1599,25,424.0,1.0,True,1.0,True,1.0,True,1.0,True,0.4,False,0.0,False,0.0,False,4,0,True
1051,64,1600,1624,25,399.0,0.8,True,1.0,True,0.96,True,1.0,True,0.04,False,0.0,False,0.0,False,4,0,True
1051,65,1625,1649,25,374.0,0.84,True,1.0,True,1.0,True,1.0,True,0.08,False,0.0,False,0.0,False,4,0,True
1051,66,1650,1674,25,349.0,0.92,True,1.0,True,1.0,True,1.0,True,0.0,False,0.0,False,0.0,False,4,0,True
1051,67,1675,1699,25,324.0,0.76,True,1.0,True,0.88,True,1.0,True,0.04,False,0.0,False,0.0,False,4,0,True
1051,68,1700,1724,25,299.0,0.76,True,1.0,True,0.96,True,1.0,True,0.04,False,0.0,False,0.04,False,4,0,True
1051,69,1725,1749,25,274.0,0.96,True,1.0,True,1.0,True,1.0,True,0.04,False,0.0,False,0.0,False,4,0,True
1051,70,1750,1774,25,249.0,0.76,True,1.0,True,0.92,True,1.0,True,0.0,False,0.0,False,0.0,False,4,0,True
1051,71,1775,1799,25,224.0,0.68,True,1.0,True,0.8,True,1.0,True,0.0,False,0.0,False,0.0,False,4,0,True
1051,72,1800,1824,25,199.0,0.64,True,1.0,True,0.68,True,1.0,True,0.0,False,0.0,False,0.0,False,4,0,True
1051,73,1825,1849,25,174.0,0.52,False,1.0,True,0.44,False,1.0,True,0.04,False,0.0,False,0.04,False,2,0,True
1051,74,1850,1874,25,149.0,0.72,True,1.0,True,0.44,False,1.0,True,0.0,False,0.0,False,0.04,False,3,0,True
1051,75,1875,1899,25,124.0,0.28,False,0.96,True,0.2,False,1.0,True,0.0,False,0.0,False,0.04,False,2,0,True
1051,76,1900,1924,25,99.0,0.68,True,1.0,True,0.72,True,1.0,True,0.0,False,0.0,False,0.04,False,4,0,True
1051,77,1925,1949,25,74.0,0.52,False,1.0,True,0.68,True,1.0,True,0.0,False,0.0,False,0.0,False,3,0,True
1051,78,1950,1974,25,49.0,0.52,False,1.0,True,0.48,False,1.0,True,0.0,False,0.0,False,0.0,False,2,0,True
1051,79,1975,1999,25,24.0,0.8,True,0.76,True,0.24,False,1.0,True,0.0,False,0.48,False,0.44,False,3,0,True
1052,0,0,24,25,1992.0,0.16,False,0.44,False,0.44,False,0.76,True,0.24,False,0.44,False,0.8,True,1,1,False
1052,1,25,49,25,1967.0,0.0,False,0.0,False,0.0,False,0.0,False,0.0,False,0.0,False,0.0,False,0,0,False
1052,2,50,74,25,1942.0,0.12,False,0.04,False,0.0,False,0.0,False,0.04,False,0.0,False,0.04,False,0,0,False
1052,3,75,99,25,1917.0,0.12,False,0.12,False,0.36,False,0.2,False,0.16,False,0.08,False,0.24,False,0,0,False
1052,4,100,124,25,1892.0,0.04,False,0.12,False,0.84,True,0.96,True,0.16,False,0.08,False,0.2,False,2,0,True
1052,5,125,149,25,1867.0,0.08,False,0.2,False,0.88,True,1.0,True,0.32,False,0.48,False,0.48,False,2,0,True
1052,6,150,174,25,1842.0,0.08,False,0.44,False,1.0,True,1.0,True,0.44,False,0.64,True,0.72,True,2,2,True
1052,7,175,199,25,1817.0,0.08,False,0.36,False,1.0,True,1.0,True,0.68,True,0.88,True,0.88,True,2,3,True
1052,8,200,224,25,1792.0,0.16,False,0.44,False,1.0,True,1.0,True,0.6,True,0.76,True,0.84,True,2,3,True
1052,9,225,249,25,1767.0,0.2,False,0.68,True,1.0,True,1.0,True,0.36,False,0.84,True,0.88,True,3,2,True
1052,10,250,274,25,1742.0,0.08,False,0.16,False,0.96,True,1.0,True,0.4,False,0.88,True,0.68,True,2,2,True
1052,11,275,299,25,1717.0,0.2,False,0.48,False,1.0,True,1.0,True,0.2,False,0.32,False,0.8,True,2,1,True
1052,12,300,324,25,1692.0,0.04,False,0.2,False,1.0,True,1.0,True,0.44,False,0.84,True,0.64,True,2,2,True
1052,13,325,349,25,1667.0,0.12,False,0.16,False,1.0,True,1.0,True,0.64,True,1.0,True,0.88,True,2,3,True
1052,14,350,374,25,1642.0,0.08,False,0.24,False,1.0,True,1.0,True,0.64,True,1.0,True,0.88,True,2,3,True
1052,15,375,399,25,1617.0,0.16,False,0.48,False,1.0,True,1.0,True,0.52,False,0.96,True,1.0,True,2,2,True
1052,16,400,424,25,1592.0,0.36,False,0.72,True,1.0,True,1.0,True,0.28,False,0.68,True,0.96,True,3,2,True
1052,17,425,449,25,1567.0,0.4,False,0.6,True,1.0,True,1.0,True,0.2,False,0.8,True,0.96,True,3,2,True
1052,18,450,474,25,1542.0,0.12,False,0.44,False,1.0,True,1.0,True,0.4,False,0.96,True,0.88,True,2,2,True
1052,19,475,499,25,1517.0,0.2,False,0.36,False,1.0,True,1.0,True,0.28,False,0.92,True,0.96,True,2,2,True
1052,20,500,524,25,1492.0,0.44,False,0.8,True,1.0,True,1.0,True,0.16,False,0.44,False,1.0,True,3,1,True
1052,21,525,549,25,1467.0,0.36,False,0.6,True,1.0,True,1.0,True,0.52,False,0.68,True,0.96,True,3,2,True
1052,22,550,574,25,1442.0,0.24,False,0.68,True,1.0,True,1.0,True,0.44,False,0.76,True,0.96,True,3,2,True
1052,23,575,599,25,1417.0,0.4,False,0.64,True,1.0,True,1.0,True,0.4,False,0.92,True,0.72,True,3,2,True
1052,24,600,624,25,1392.0,0.24,False,0.72,True,1.0,True,1.0,True,0.64,True,0.92,True,0.84,True,3,3,True
1052,25,625,649,25,1367.0,0.68,True,0.92,True,1.0,True,1.0,True,0.56,False,0.72,True,0.84,True,4,2,True
1052,26,650,674,25,1342.0,0.84,True,0.96,True,1.0,True,1.0,True,0.28,False,0.4,False,0.84,True,4,1,True
1052,27,675,699,25,1317.0,0.88,True,0.96,True,1.0,True,0.84,True,0.04,False,0.04,False,0.88,True,4,1,True
1052,28,700,724,25,1292.0,0.8,True,0.88,True,1.0,True,0.64,True,0.08,False,0.08,False,0.6,True,4,1,True
1052,29,725,749,25,1267.0,0.68,True,0.92,True,1.0,True,0.92,True,0.28,False,0.48,False,0.6,True,4,1,True
1052,30,750,774,25,1242.0,0.72,True,1.0,True,1.0,True,0.96,True,0.24,False,0.36,False,0.76,True,4,1,True
1052,31,775,799,25,1217.0,0.52,False,1.0,True,1.0,True,1.0,True,0.4,False,0.72,True,0.8,True,3,2,True
1052,32,800,824,25,1192.0,0.72,True,0.92,True,1.0,True,1.0,True,0.32,False,0.76,True,0.88,True,4,2,True
1052,33,825,849,25,1167.0,0.6,True,0.92,True,1.0,True,1.0,True,0.28,False,0.4,False,0.68,True,4,1,True
1052,34,850,874,25,1142.0,0.72,True,0.8,True,1.0,True,1.0,True,0.28,False,0.32,False,0.76,True,4,1,True
1052,35,875,899,25,1117.0,0.4,False,0.76,True,1.0,True,1.0,True,0.52,False,0.92,True,0.8,True,3,2,True
1052,36,900,924,25,1092.0,0.76,True,0.96,True,1.0,True,1.0,True,0.32,False,0.52,False,0.88,True,4,1,True
1052,37,925,949,25,1067.0,0.56,False,0.92,True,1.0,True,1.0,True,0.44,False,0.72,True,0.88,True,3,2,True
1052,38,950,974,25,1042.0,0.52,False,0.84,True,1.0,True,1.0,True,0.76,True,0.96,True,0.6,True,3,3,True
1052,39,975,999,25,1017.0,0.8,True,1.0,True,1.0,True,1.0,True,0.56,False,1.0,True,0.88,True,4,2,True
1052,40,1000,1024,25,992.0,1.0,True,1.0,True,1.0,True,1.0,True,0.68,True,1.0,True,1.0,True,4,3,True
1052,41,1025,1049,25,967.0,0.64,True,0.96,True,1.0,True,1.0,True,0.68,True,1.0,True,0.92,True,4,3,True
1052,42,1050,1074,25,942.0,0.6,True,0.96,True,1.0,True,1.0,True,0.92,True,1.0,True,0.76,True,4,3,True
1052,43,1075,1099,25,917.0,0.72,True,1.0,True,1.0,True,1.0,True,0.72,True,1.0,True,0.96,True,4,3,True
1052,44,1100,1124,25,892.0,0.96,True,1.0,True,1.0,True,1.0,True,0.48,False,1.0,True,1.0,True,4,2,True
1052,45,1125,1149,25,867.0,1.0,True,1.0,True,1.0,True,1.0,True,0.2,False,1.0,True,1.0,True,4,2,True
1052,46,1150,1174,25,842.0,1.0,True,1.0,True,1.0,True,1.0,True,0.44,False,1.0,True,1.0,True,4,2,True
1052,47,1175,1199,25,817.0,0.88,True,1.0,True,1.0,True,1.0,True,0.48,False,1.0,True,0.92,True,4,2,True
1052,48,1200,1224,25,792.0,0.88,True,1.0,True,1.0,True,1.0,True,0.68,True,1.0,True,0.72,True,4,3,True
1052,49,1225,1249,25,767.0,0.8,True,1.0,True,1.0,True,1.0,True,0.64,True,1.0,True,0.88,True,4,3,True
1052,50,1250,1274,25,742.0,0.72,True,1.0,True,1.0,True,1.0,True,0.8,True,1.0,True,0.84,True,4,3,True
1052,51,1275,1299,25,717.0,0.84,True,1.0,True,1.0,True,1.0,True,0.8,True,1.0,True,0.88,True,4,3,True
1052,52,1300,1324,25,692.0,0.92,True,1.0,True,1.0,True,1.0,True,0.84,True,1.0,True,0.88,True,4,3,True
1052,53,1325,1349,25,667.0,1.0,True,1.0,True,1.0,True,1.0,True,0.64,True,1.0,True,0.92,True,4,3,True
1052,54,1350,1374,25,642.0,0.96,True,1.0,True,1.0,True,1.0,True,0.6,True,1.0,True,0.88,True,4,3,True
1052,55,1375,1399,25,617.0,1.0,True,1.0,True,1.0,True,1.0,True,0.84,True,1.0,True,0.76,True,4,3,True
1052,56,1400,1424,25,592.0,1.0,True,1.0,True,1.0,True,1.0,True,0.76,True,1.0,True,0.88,True,4,3,True
1052,57,1425,1449,25,567.0,1.0,True,1.0,True,1.0,True,1.0,True,0.88,True,1.0,True,0.96,True,4,3,True
1052,58,1450,1474,25,542.0,1.0,True,1.0,True,1.0,True,1.0,True,1.0,True,1.0,True,0.88,True,4,3,True
1052,59,1475,1499,25,517.0,1.0,True,1.0,True,1.0,True,1.0,True,1.0,True,1.0,True,0.72,True,4,3,True
1052,60,1500,1524,25,492.0,1.0,True,1.0,True,1.0,True,1.0,True,0.92,True,1.0,True,0.96,True,4,3,True
1052,62,1550,1574,25,442.0,1.0,True,1.0,True,1.0,True,1.0,True,0.72,True,1.0,True,1.0,True,4,3,True
1052,63,1575,1599,25,417.0,0.84,True,1.0,True,1.0,True,1.0,True,0.56,False,1.0,True,0.92,True,4,2,True
1052,64,1600,1624,25,392.0,0.72,True,1.0,True,1.0,True,1.0,True,0.32,False,1.0,True,0.84,True,4,2,True
1052,65,1625,1649,25,367.0,0.88,True,1.0,True,1.0,True,1.0,True,0.2,False,1.0,True,0.96,True,4,2,True
1052,66,1650,1674,25,342.0,0.88,True,1.0,True,1.0,True,1.0,True,0.2,False,1.0,True,0.96,True,4,2,True
1052,67,1675,1699,25,317.0,0.76,True,1.0,True,1.0,True,1.0,True,0.16,False,1.0,True,1.0,True,4,2,True
1052,68,1700,1724,25,292.0,0.64,True,1.0,True,1.0,True,1.0,True,0.28,False,1.0,True,0.96,True,4,2,True
1052,69,1725,1749,25,267.0,0.96,True,1.0,True,1.0,True,1.0,True,0.12,False,1.0,True,1.0,True,4,2,True
1052,70,1750,1774,25,242.0,0.72,True,1.0,True,1.0,True,1.0,True,0.32,False,1.0,True,0.92,True,4,2,True
1052,71,1775,1799,25,217.0,0.28,False,1.0,True,1.0,True,1.0,True,0.44,False,1.0,True,0.88,True,3,2,True
1052,72,1800,1824,25,192.0,0.44,False,1.0,True,1.0,True,1.0,True,0.24,False,1.0,True,0.96,True,3,2,True
1052,73,1825,1849,25,167.0,0.28,False,1.0,True,1.0,True,1.0,True,0.68,True,1.0,True,0.76,True,3,3,True
1052,74,1850,1874,25,142.0,0.32,False,0.96,True,1.0,True,1.0,True,0.48,False,1.0,True,0.92,True,3,2,True
1052,75,1875,1899,25,117.0,0.16,False,0.92,True,1.0,True,1.0,True,0.56,False,1.0,True,0.76,True,3,2,True
1052,76,1900,1924,25,92.0,0.56,False,1.0,True,1.0,True,1.0,True,0.68,True,1.0,True,0.64,True,3,3,True
1052,77,1925,1949,25,67.0,0.32,False,0.96,True,1.0,True,1.0,True,0.6,True,1.0,True,0.8,True,3,3,True
1052,78,1950,1974,25,42.0,0.48,False,1.0,True,1.0,True,1.0,True,0.56,False,1.0,True,0.76,True,3,2,True
1052,79,1975,1999,25,17.0,0.76,True,0.8,True,0.48,False,0.92,True,0.84,True,1.0,True,0.92,True,3,3,True
1053,0,0,24,25,1992.0,0.24,False,0.2,False,0.48,False,0.76,True,0.36,False,0.6,True,0.52,False,1,1,False
1053,1,25,49,25,1967.0,0.0,False,0.0,False,0.0,False,0.0,False,0.0,False,0.0,False,0.0,False,0,0,False
1053,2,50,74,25,1942.0,0.04,False,0.04,False,0.0,False,0.0,False,0.04,False,0.0,False,0.0,False,0,0,False
1053,3,75,99,25,1917.0,0.16,False,0.2,False,0.4,False,0.2,False,0.12,False,0.0,False,0.0,False,0,0,False
1053,4,100,124,25,1892.0,0.0,False,0.08,False,1.0,True,0.56,False,0.16,False,0.04,False,0.04,False,1,0,False
1053,5,125,149,25,1867.0,0.08,False,0.2,False,0.92,True,0.96,True,0.04,False,0.04,False,0.04,False,2,0,True
1053,6,150,174,25,1842.0,0.04,False,0.24,False,1.0,True,1.0,True,0.08,False,0.04,False,0.08,False,2,0,True
1053,7,175,199,25,1817.0,0.0,False,0.2,False,1.0,True,1.0,True,0.12,False,0.04,False,0.0,False,2,0,True
1053,8,200,224,25,1792.0,0.08,False,0.32,False,1.0,True,1.0,True,0.16,False,0.0,False,0.04,False,2,0,True
1053,9,225,249,25,1767.0,0.12,False,0.44,False,1.0,True,1.0,True,0.04,False,0.0,False,0.04,False,2,0,True
1053,10,250,274,25,1742.0,0.0,False,0.16,False,1.0,True,1.0,True,0.16,False,0.0,False,0.04,False,2,0,True
1053,11,275,299,25,1717.0,0.08,False,0.24,False,1.0,True,1.0,True,0.08,False,0.04,False,0.0,False,2,0,True
1053,12,300,324,25,1692.0,0.08,False,0.12,False,1.0,True,1.0,True,0.0,False,0.08,False,0.04,False,2,0,True
1053,13,325,349,25,1667.0,0.08,False,0.08,False,1.0,True,1.0,True,0.12,False,0.04,False,0.0,False,2,0,True
1053,14,350,374,25,1642.0,0.04,False,0.08,False,1.0,True,1.0,True,0.2,False,0.08,False,0.08,False,2,0,True
1053,15,375,399,25,1617.0,0.12,False,0.2,False,1.0,True,1.0,True,0.16,False,0.0,False,0.04,False,2,0,True
1053,16,400,424,25,1592.0,0.12,False,0.48,False,1.0,True,1.0,True,0.04,False,0.0,False,0.0,False,2,0,True
1053,17,425,449,25,1567.0,0.2,False,0.48,False,1.0,True,1.0,True,0.04,False,0.0,False,0.04,False,2,0,True
1053,18,450,474,25,1542.0,0.12,False,0.16,False,1.0,True,0.88,True,0.04,False,0.0,False,0.0,False,2,0,True
1053,19,475,499,25,1517.0,0.0,False,0.2,False,1.0,True,1.0,True,0.04,False,0.04,False,0.0,False,2,0,True
1053,20,500,524,25,1492.0,0.16,False,0.4,False,1.0,True,0.96,True,0.16,False,0.0,False,0.04,False,2,0,True
1053,21,525,549,25,1467.0,0.12,False,0.36,False,1.0,True,1.0,True,0.24,False,0.0,False,0.0,False,2,0,True
1053,22,550,574,25,1442.0,0.08,False,0.4,False,1.0,True,1.0,True,0.2,False,0.12,False,0.0,False,2,0,True
1053,23,575,599,25,1417.0,0.08,False,0.48,False,0.96,True,1.0,True,0.16,False,0.04,False,0.0,False,2,0,True
1053,24,600,624,25,1392.0,0.12,False,0.44,False,0.96,True,0.96,True,0.08,False,0.0,False,0.0,False,2,0,True
1053,25,625,649,25,1367.0,0.4,False,0.84,True,1.0,True,1.0,True,0.32,False,0.0,False,0.04,False,3,0,True
1053,26,650,674,25,1342.0,0.64,True,0.88,True,0.88,True,0.92,True,0.24,False,0.0,False,0.0,False,4,0,True
1053,27,675,699,25,1317.0,0.6,True,0.8,True,0.76,True,0.56,False,0.56,False,0.0,False,0.0,False,3,0,True
1053,28,700,724,25,1292.0,0.44,False,0.72,True,0.72,True,0.52,False,0.48,False,0.0,False,0.0,False,2,0,True
1053,29,725,749,25,1267.0,0.24,False,0.84,True,0.84,True,0.84,True,0.28,False,0.0,False,0.0,False,3,0,True
1053,30,750,774,25,1242.0,0.36,False,0.84,True,0.8,True,0.76,True,0.32,False,0.0,False,0.04,False,3,0,True
1053,31,775,799,25,1217.0,0.36,False,0.76,True,0.84,True,0.92,True,0.12,False,0.04,False,0.0,False,3,0,True
1053,32,800,824,25,1192.0,0.28,False,0.76,True,1.0,True,1.0,True,0.24,False,0.0,False,0.0,False,3,0,True
1053,33,825,849,25,1167.0,0.24,False,0.64,True,1.0,True,1.0,True,0.44,False,0.0,False,0.04,False,3,0,True
1053,34,850,874,25,1142.0,0.36,False,0.68,True,0.92,True,0.76,True,0.6,True,0.0,False,0.0,False,3,1,True
1053,35,875,899,25,1117.0,0.16,False,0.48,False,0.76,True,0.92,True,0.28,False,0.04,False,0.04,False,2,0,True
1053,36,900,924,25,1092.0,0.32,False,0.72,True,1.0,True,0.76,True,0.36,False,0.04,False,0.08,False,3,0,True
1053,37,925,949,25,1067.0,0.16,False,0.72,True,0.96,True,0.88,True,0.4,False,0.0,False,0.0,False,3,0,True
1053,38,950,974,25,1042.0,0.16,False,0.76,True,1.0,True,1.0,True,0.08,False,0.04,False,0.0,False,3,0,True
1053,39,975,999,25,1017.0,0.32,False,0.96,True,1.0,True,1.0,True,0.08,False,0.0,False,0.0,False,3,0,True
1053,40,1000,1024,25,992.0,0.36,False,1.0,True,1.0,True,1.0,True,0.08,False,0.04,False,0.08,False,3,0,True
1053,41,1025,1049,25,967.0,0.36,False,0.84,True,1.0,True,1.0,True,0.0,False,0.04,False,0.08,False,3,0,True
1053,42,1050,1074,25,942.0,0.32,False,0.88,True,1.0,True,1.0,True,0.0,False,0.12,False,0.12,False,3,0,True
1053,43,1075,1099,25,917.0,0.56,False,1.0,True,1.0,True,1.0,True,0.0,False,0.04,False,0.04,False,3,0,True
1053,44,1100,1124,25,892.0,0.76,True,1.0,True,1.0,True,1.0,True,0.08,False,0.0,False,0.08,False,4,0,True
1053,45,1125,1149,25,867.0,1.0,True,1.0,True,1.0,True,1.0,True,0.2,False,0.0,False,0.08,False,4,0,True
1053,46,1150,1174,25,842.0,0.8,True,1.0,True,1.0,True,1.0,True,0.04,False,0.0,False,0.04,False,4,0,True
1053,47,1175,1199,25,817.0,0.76,True,1.0,True,1.0,True,1.0,True,0.0,False,0.0,False,0.04,False,4,0,True
1053,48,1200,1224,25,792.0,0.44,False,1.0,True,1.0,True,1.0,True,0.0,False,0.0,False,0.04,False,3,0,True
1053,49,1225,1249,25,767.0,0.72,True,1.0,True,1.0,True,1.0,True,0.04,False,0.0,False,0.04,False,4,0,True
1053,50,1250,1274,25,742.0,0.56,False,1.0,True,1.0,True,1.0,True,0.0,False,0.04,False,0.0,False,3,0,True
1053,51,1275,1299,25,717.0,0.76,True,1.0,True,1.0,True,1.0,True,0.0,False,0.0,False,0.0,False,4,0,True
1053,52,1300,1324,25,692.0,0.88,True,1.0,True,1.0,True,1.0,True,0.0,False,0.04,False,0.04,False,4,0,True
1053,53,1325,1349,25,667.0,1.0,True,1.0,True,1.0,True,1.0,True,0.0,False,0.04,False,0.08,False,4,0,True
1053,54,1350,1374,25,642.0,0.96,True,1.0,True,1.0,True,1.0,True,0.04,False,0.04,False,0.04,False,4,0,True
1053,55,1375,1399,25,617.0,0.84,True,1.0,True,1.0,True,1.0,True,0.0,False,0.08,False,0.04,False,4,0,True
1053,56,1400,1424,25,592.0,1.0,True,1.0,True,1.0,True,1.0,True,0.0,False,0.04,False,0.04,False,4,0,True
1053,57,1425,1449,25,567.0,1.0,True,1.0,True,1.0,True,1.0,True,0.0,False,0.12,False,0.12,False,4,0,True
1053,58,1450,1474,25,542.0,1.0,True,1.0,True,1.0,True,1.0,True,0.04,False,0.16,False,0.12,False,4,0,True
1053,59,1475,1499,25,517.0,0.88,True,1.0,True,1.0,True,1.0,True,0.0,False,0.0,False,0.0,False,4,0,True
1053,60,1500,1524,25,492.0,1.0,True,1.0,True,1.0,True,1.0,True,0.12,False,0.12,False,0.0,False,4,0,True
1053,62,1550,1574,25,442.0,1.0,True,1.0,True,1.0,True,1.0,True,0.08,False,0.08,False,0.08,False,4,0,True
1053,63,1575,1599,25,417.0,0.84,True,1.0,True,1.0,True,1.0,True,0.08,False,0.12,False,0.16,False,4,0,True
1053,64,1600,1624,25,392.0,0.68,True,1.0,True,1.0,True,1.0,True,0.0,False,0.04,False,0.04,False,4,0,True
1053,65,1625,1649,25,367.0,0.8,True,1.0,True,1.0,True,1.0,True,0.0,False,0.12,False,0.16,False,4,0,True
1053,66,1650,1674,25,342.0,0.72,True,1.0,True,1.0,True,1.0,True,0.0,False,0.16,False,0.16,False,4,0,True
1053,67,1675,1699,25,317.0,0.64,True,1.0,True,1.0,True,1.0,True,0.04,False,0.04,False,0.04,False,4,0,True
1053,68,1700,1724,25,292.0,0.64,True,1.0,True,1.0,True,1.0,True,0.0,False,0.08,False,0.12,False,4,0,True
1053,69,1725,1749,25,267.0,0.92,True,1.0,True,1.0,True,1.0,True,0.0,False,0.08,False,0.08,False,4,0,True
1053,70,1750,1774,25,242.0,0.6,True,1.0,True,0.92,True,1.0,True,0.0,False,0.04,False,0.08,False,4,0,True
1053,71,1775,1799,25,217.0,0.24,False,1.0,True,0.68,True,1.0,True,0.0,False,0.04,False,0.04,False,3,0,True
1053,72,1800,1824,25,192.0,0.32,False,1.0,True,0.8,True,1.0,True,0.0,False,0.0,False,0.0,False,3,0,True
1053,73,1825,1849,25,167.0,0.2,False,1.0,True,0.56,False,1.0,True,0.0,False,0.04,False,0.04,False,2,0,True
1053,74,1850,1874,25,142.0,0.28,False,0.92,True,0.32,False,1.0,True,0.0,False,0.04,False,0.08,False,2,0,True
1053,75,1875,1899,25,117.0,0.2,False,0.96,True,0.56,False,1.0,True,0.0,False,0.04,False,0.04,False,2,0,True
1053,76,1900,1924,25,92.0,0.4,False,1.0,True,0.8,True,1.0,True,0.0,False,0.08,False,0.08,False,3,0,True
1053,77,1925,1949,25,67.0,0.24,False,0.96,True,0.64,True,1.0,True,0.0,False,0.04,False,0.08,False,3,0,True
1053,78,1950,1974,25,42.0,0.4,False,1.0,True,0.64,True,1.0,True,0.0,False,0.0,False,0.0,False,3,0,True
1053,79,1975,1999,25,17.0,0.76,True,0.88,True,0.28,False,1.0,True,0.0,False,0.88,True,0.92,True,3,2,True
1100,0,0,24,25,1869.0,0.08,False,0.36,False,0.6,True,0.64,True,0.0,False,0.08,False,0.04,False,2,0,True
1100,1,25,49,25,1844.0,0.0,False,0.0,False,0.0,False,0.0,False,0.0,False,0.0,False,0.0,False,0,0,False
1100,2,50,74,25,1819.0,0.0,False,0.0,False,0.08,False,0.0,False,0.0,False,0.0,False,0.0,False,0,0,False
1100,4,100,124,25,1769.0,0.04,False,0.24,False,0.76,True,0.6,True,0.12,False,0.08,False,0.04,False,2,0,True
1100,5,125,149,25,1744.0,0.04,False,0.16,False,0.8,True,0.84,True,0.16,False,0.04,False,0.0,False,2,0,True
1100,6,150,174,25,1719.0,0.04,False,0.28,False,1.0,True,0.96,True,0.04,False,0.04,False,0.04,False,2,0,True
1100,7,175,199,25,1694.0,0.04,False,0.28,False,1.0,True,1.0,True,0.12,False,0.04,False,0.0,False,2,0,True
1100,8,200,224,25,1669.0,0.16,False,0.56,False,1.0,True,1.0,True,0.12,False,0.08,False,0.0,False,2,0,True
1100,9,225,249,25,1644.0,0.04,False,0.2,False,1.0,True,0.92,True,0.12,False,0.0,False,0.0,False,2,0,True
1100,10,250,274,25,1619.0,0.16,False,0.64,True,0.96,True,0.96,True,0.08,False,0.0,False,0.0,False,3,0,True
1100,11,275,299,25,1594.0,0.2,False,0.48,False,1.0,True,0.96,True,0.08,False,0.04,False,0.04,False,2,0,True
1100,12,300,324,25,1569.0,0.08,False,0.52,False,0.88,True,0.96,True,0.16,False,0.04,False,0.04,False,2,0,True
1100,13,325,349,25,1544.0,0.04,False,0.4,False,0.92,True,0.92,True,0.04,False,0.04,False,0.0,False,2,0,True
1100,14,350,374,25,1519.0,0.12,False,0.76,True,1.0,True,1.0,True,0.08,False,0.0,False,0.0,False,3,0,True
1100,15,375,399,25,1494.0,0.36,False,0.88,True,1.0,True,1.0,True,0.0,False,0.08,False,0.0,False,3,0,True
1100,16,400,424,25,1469.0,0.4,False,0.68,True,0.96,True,0.96,True,0.0,False,0.0,False,0.0,False,3,0,True
1100,17,425,449,25,1444.0,0.24,False,0.68,True,0.92,True,0.84,True,0.08,False,0.0,False,0.04,False,3,0,True
1100,18,450,474,25,1419.0,0.6,True,1.0,True,0.92,True,0.8,True,0.0,False,0.04,False,0.0,False,4,0,True
1100,19,475,499,25,1394.0,0.8,True,1.0,True,1.0,True,0.92,True,0.0,False,0.0,False,0.0,False,4,0,True
1100,20,500,524,25,1369.0,0.32,False,0.76,True,0.96,True,0.96,True,0.04,False,0.0,False,0.0,False,3,0,True
1100,21,525,549,25,1344.0,0.4,False,0.76,True,1.0,True,0.92,True,0.04,False,0.04,False,0.12,False,3,0,True
1100,22,550,574,25,1319.0,0.32,False,0.76,True,1.0,True,0.96,True,0.0,False,0.04,False,0.0,False,3,0,True
1100,23,575,599,25,1294.0,0.32,False,1.0,True,1.0,True,0.96,True,0.04,False,0.04,False,0.04,False,3,0,True
1100,24,600,624,25,1269.0,0.56,False,0.72,True,1.0,True,0.96,True,0.04,False,0.08,False,0.16,False,3,0,True
1100,25,625,649,25,1244.0,0.64,True,0.92,True,1.0,True,1.0,True,0.0,False,0.04,False,0.0,False,4,0,True
1100,26,650,674,25,1219.0,0.92,True,1.0,True,0.96,True,0.8,True,0.0,False,0.0,False,0.0,False,4,0,True
1100,27,675,699,25,1194.0,1.0,True,1.0,True,1.0,True,0.88,True,0.08,False,0.0,False,0.08,False,4,0,True
1100,28,700,724,25,1169.0,0.6,True,0.92,True,1.0,True,0.92,True,0.0,False,0.04,False,0.0,False,4,0,True
1100,29,725,749,25,1144.0,0.52,False,0.8,True,1.0,True,0.96,True,0.0,False,0.04,False,0.0,False,3,0,True
1100,30,750,774,25,1119.0,0.6,True,0.84,True,1.0,True,0.96,True,0.0,False,0.0,False,0.0,False,4,0,True
1100,31,775,799,25,1094.0,0.52,False,0.92,True,1.0,True,0.96,True,0.04,False,0.0,False,0.0,False,3,0,True
1100,32,800,824,25,1069.0,0.64,True,1.0,True,1.0,True,1.0,True,0.04,False,0.04,False,0.08,False,4,0,True
1100,33,825,849,25,1044.0,0.28,False,0.68,True,1.0,True,0.88,True,0.0,False,0.0,False,0.04,False,3,0,True
1100,34,850,874,25,1019.0,0.6,True,0.92,True,1.0,True,1.0,True,0.04,False,0.04,False,0.04,False,4,0,True
1100,35,875,899,25,994.0,0.44,False,0.8,True,1.0,True,0.96,True,0.04,False,0.04,False,0.04,False,3,0,True
1100,36,900,924,25,969.0,0.12,False,0.76,True,1.0,True,0.92,True,0.04,False,0.0,False,0.04,False,3,0,True
1100,37,925,949,25,944.0,0.12,False,1.0,True,1.0,True,1.0,True,0.0,False,0.08,False,0.0,False,3,0,True
1100,38,950,974,25,919.0,0.16,False,0.88,True,1.0,True,0.96,True,0.04,False,0.04,False,0.08,False,3,0,True
1100,39,975,999,25,894.0,0.08,False,0.64,True,0.96,True,0.92,True,0.0,False,0.0,False,0.0,False,3,0,True
1100,40,1000,1024,25,869.0,0.0,False,0.84,True,1.0,True,1.0,True,0.0,False,0.08,False,0.0,False,3,0,True
1100,41,1025,1049,25,844.0,0.08,False,0.92,True,1.0,True,1.0,True,0.0,False,0.0,False,0.0,False,3,0,True
1100,42,1050,1074,25,819.0,0.36,False,1.0,True,1.0,True,1.0,True,0.0,False,0.04,False,0.0,False,3,0,True
1100,43,1075,1099,25,794.0,0.28,False,0.96,True,1.0,True,1.0,True,0.0,False,0.04,False,0.0,False,3,0,True
1100,44,1100,1124,25,769.0,0.48,False,0.96,True,1.0,True,1.0,True,0.04,False,0.04,False,0.08,False,3,0,True
1100,45,1125,1149,25,744.0,0.24,False,0.88,True,1.0,True,1.0,True,0.04,False,0.04,False,0.04,False,3,0,True
1100,46,1150,1174,25,719.0,0.52,False,0.96,True,1.0,True,1.0,True,0.0,False,0.04,False,0.0,False,3,0,True
1100,47,1175,1199,25,694.0,0.2,False,0.84,True,1.0,True,1.0,True,0.04,False,0.04,False,0.04,False,3,0,True
1100,48,1200,1224,25,669.0,0.04,False,0.76,True,1.0,True,1.0,True,0.0,False,0.08,False,0.12,False,3,0,True
1100,49,1225,1249,25,644.0,0.04,False,0.88,True,1.0,True,1.0,True,0.0,False,0.04,False,0.0,False,3,0,True
1100,50,1250,1274,25,619.0,0.28,False,1.0,True,1.0,True,1.0,True,0.08,False,0.04,False,0.08,False,3,0,True
1100,51,1275,1299,25,594.0,0.32,False,0.96,True,1.0,True,1.0,True,0.0,False,0.04,False,0.04,False,3,0,True
1100,52,1300,1324,25,569.0,0.16,False,1.0,True,1.0,True,1.0,True,0.0,False,0.0,False,0.0,False,3,0,True
1100,53,1325,1349,25,544.0,0.08,False,1.0,True,1.0,True,1.0,True,0.0,False,0.0,False,0.04,False,3,0,True
1100,54,1350,1374,25,519.0,0.0,False,0.88,True,1.0,True,1.0,True,0.0,False,0.04,False,0.04,False,3,0,True
1100,55,1375,1399,25,494.0,0.0,False,0.84,True,1.0,True,1.0,True,0.0,False,0.0,False,0.0,False,3,0,True
1100,56,1400,1424,25,469.0,0.0,False,0.96,True,1.0,True,1.0,True,0.0,False,0.0,False,0.0,False,3,0,True
1100,57,1425,1449,25,444.0,0.12,False,0.96,True,1.0,True,1.0,True,0.0,False,0.08,False,0.08,False,3,0,True
1100,58,1450,1474,25,419.0,0.12,False,1.0,True,1.0,True,1.0,True,0.08,False,0.08,False,0.08,False,3,0,True
1100,59,1475,1499,25,394.0,0.44,False,0.88,True,1.0,True,1.0,True,0.04,False,0.04,False,0.12,False,3,0,True
1100,60,1500,1524,25,369.0,0.0,False,0.44,False,1.0,True,1.0,True,0.0,False,0.04,False,0.08,False,2,0,True
1100,61,1525,1549,25,344.0,0.0,False,0.08,False,1.0,True,1.0,True,0.0,False,0.04,False,0.08,False,2,0,True
1100,62,1550,1574,25,319.0,0.0,False,0.36,False,1.0,True,1.0,True,0.04,False,0.0,False,0.08,False,2,0,True
1100,63,1575,1599,25,294.0,0.0,False,0.32,False,1.0,True,1.0,True,0.0,False,0.04,False,0.04,False,2,0,True
1100,64,1600,1624,25,269.0,0.0,False,0.28,False,1.0,True,1.0,True,0.0,False,0.0,False,0.0,False,2,0,True
1100,65,1625,1649,25,244.0,0.0,False,0.52,False,1.0,True,0.96,True,0.04,False,0.08,False,0.04,False,2,0,True
1100,66,1650,1674,25,219.0,0.0,False,0.32,False,1.0,True,1.0,True,0.0,False,0.04,False,0.04,False,2,0,True
1100,67,1675,1699,25,194.0,0.0,False,0.04,False,1.0,True,1.0,True,0.0,False,0.0,False,0.04,False,2,0,True
1100,68,1700,1724,25,169.0,0.2,False,0.08,False,1.0,True,0.8,True,0.08,False,0.04,False,0.12,False,2,0,True
1100,69,1725,1749,25,144.0,0.0,False,0.12,False,1.0,True,1.0,True,0.0,False,0.0,False,0.04,False,2,0,True
1100,70,1750,1774,25,119.0,0.04,False,0.04,False,1.0,True,0.92,True,0.0,False,0.0,False,0.04,False,2,0,True
1100,71,1775,1799,25,94.0,0.12,False,0.08,False,1.0,True,0.8,True,0.0,False,0.08,False,0.08,False,2,0,True
1100,72,1800,1824,25,69.0,0.12,False,0.04,False,1.0,True,0.88,True,0.0,False,0.12,False,0.08,False,2,0,True
1100,73,1825,1849,25,44.0,0.08,False,0.04,False,1.0,True,0.92,True,0.08,False,0.04,False,0.04,False,2,0,True
1100,74,1850,1874,25,19.0,0.36,False,0.28,False,0.6,True,0.6,True,0.32,False,0.52,False,0.48,False,2,0,True
1101,0,0,24,25,1868.0,0.28,False,0.32,False,0.64,True,0.64,True,0.0,False,0.28,False,0.28,False,2,0,True
1101,1,25,49,25,1843.0,0.0,False,0.0,False,0.0,False,0.0,False,0.0,False,0.0,False,0.0,False,0,0,False
1101,2,50,74,25,1818.0,0.0,False,0.0,False,0.04,False,0.0,False,0.0,False,0.0,False,0.0,False,0,0,False
1101,3,75,99,25,1793.0,0.04,False,0.04,False,0.72,True,0.44,False,0.0,False,0.0,False,0.16,False,1,0,False
1101,4,100,124,25,1768.0,0.04,False,0.04,False,0.8,True,0.76,True,0.04,False,0.0,False,0.32,False,2,0,True
1101,5,125,149,25,1743.0,0.04,False,0.08,False,0.8,True,0.88,True,0.04,False,0.04,False,0.48,False,2,0,True
1101,6,150,174,25,1718.0,0.08,False,0.2,False,0.96,True,0.92,True,0.04,False,0.0,False,0.44,False,2,0,True
1101,7,175,199,25,1693.0,0.16,False,0.2,False,0.96,True,1.0,True,0.08,False,0.08,False,0.24,False,2,0,True
1101,8,200,224,25,1668.0,0.24,False,0.36,False,0.96,True,1.0,True,0.04,False,0.0,False,0.32,False,2,0,True
1101,9,225,249,25,1643.0,0.0,False,0.0,False,0.84,True,0.8,True,0.0,False,0.0,False,0.4,False,2,0,True
1101,10,250,274,25,1618.0,0.16,False,0.2,False,0.84,True,0.96,True,0.0,False,0.04,False,0.2,False,2,0,True
1101,11,275,299,25,1593.0,0.12,False,0.2,False,0.76,True,0.88,True,0.0,False,0.0,False,0.28,False,2,0,True
1101,12,300,324,25,1568.0,0.0,False,0.04,False,0.72,True,0.8,True,0.0,False,0.0,False,0.4,False,2,0,True
1101,13,325,349,25,1543.0,0.0,False,0.0,False,0.84,True,0.88,True,0.0,False,0.08,False,0.6,True,2,1,True
1101,14,350,374,25,1518.0,0.08,False,0.12,False,0.96,True,1.0,True,0.04,False,0.04,False,0.48,False,2,0,True
1101,15,375,399,25,1493.0,0.32,False,0.52,False,0.88,True,1.0,True,0.08,False,0.0,False,0.24,False,2,0,True
1101,16,400,424,25,1468.0,0.08,False,0.16,False,0.92,True,0.8,True,0.08,False,0.0,False,0.2,False,2,0,True
1101,17,425,449,25,1443.0,0.16,False,0.16,False,0.72,True,0.68,True,0.0,False,0.0,False,0.28,False,2,0,True
1101,18,450,474,25,1418.0,0.08,False,0.08,False,0.84,True,0.76,True,0.0,False,0.0,False,0.04,False,2,0,True
1101,19,475,499,25,1393.0,0.12,False,0.16,False,0.76,True,0.92,True,0.0,False,0.04,False,0.12,False,2,0,True
1101,20,500,524,25,1368.0,0.16,False,0.16,False,0.96,True,0.72,True,0.16,False,0.0,False,0.32,False,2,0,True
1101,21,525,549,25,1343.0,0.16,False,0.2,False,0.88,True,0.96,True,0.04,False,0.04,False,0.36,False,2,0,True
1101,22,550,574,25,1318.0,0.12,False,0.28,False,0.96,True,0.88,True,0.04,False,0.0,False,0.28,False,2,0,True
1101,23,575,599,25,1293.0,0.36,False,0.56,False,1.0,True,1.0,True,0.0,False,0.24,False,0.64,True,2,1,True
1101,24,600,624,25,1268.0,0.52,False,0.6,True,1.0,True,0.96,True,0.12,False,0.12,False,0.36,False,3,0,True
1101,25,625,649,25,1243.0,0.4,False,0.56,False,1.0,True,1.0,True,0.08,False,0.08,False,0.08,False,2,0,True
1101,26,650,674,25,1218.0,0.24,False,0.36,False,1.0,True,0.8,True,0.12,False,0.0,False,0.0,False,2,0,True
1101,27,675,699,25,1193.0,0.32,False,0.32,False,0.96,True,0.88,True,0.16,False,0.0,False,0.0,False,2,0,True
1101,28,700,724,25,1168.0,0.4,False,0.44,False,0.96,True,0.88,True,0.04,False,0.0,False,0.16,False,2,0,True
1101,29,725,749,25,1143.0,0.52,False,0.48,False,1.0,True,0.88,True,0.04,False,0.0,False,0.16,False,2,0,True
1101,30,750,774,25,1118.0,0.48,False,0.56,False,1.0,True,0.92,True,0.08,False,0.08,False,0.16,False,2,0,True
1101,31,775,799,25,1093.0,0.32,False,0.48,False,1.0,True,0.96,True,0.0,False,0.0,False,0.04,False,2,0,True
1101,32,800,824,25,1068.0,0.4,False,0.44,False,1.0,True,0.96,True,0.04,False,0.04,False,0.12,False,2,0,True
1101,33,825,849,25,1043.0,0.08,False,0.2,False,1.0,True,0.84,True,0.04,False,0.0,False,0.24,False,2,0,True
1101,35,875,899,25,993.0,0.36,False,0.44,False,1.0,True,0.96,True,0.04,False,0.0,False,0.2,False,2,0,True
1101,36,900,924,25,968.0,0.2,False,0.48,False,1.0,True,0.92,True,0.04,False,0.04,False,0.36,False,2,0,True
1101,37,925,949,25,943.0,0.44,False,0.88,True,1.0,True,1.0,True,0.04,False,0.08,False,0.28,False,3,0,True
1101,38,950,974,25,918.0,0.56,False,0.76,True,1.0,True,0.92,True,0.0,False,0.08,False,0.48,False,3,0,True
1101,39,975,999,25,893.0,0.44,False,0.52,False,0.96,True,0.92,True,0.04,False,0.08,False,0.52,False,2,0,True
1101,40,1000,1024,25,868.0,0.6,True,0.68,True,1.0,True,1.0,True,0.0,False,0.16,False,0.52,False,4,0,True
1101,41,1025,1049,25,843.0,0.68,True,0.84,True,1.0,True,1.0,True,0.0,False,0.0,False,0.64,True,4,1,True
1101,42,1050,1074,25,818.0,0.92,True,0.96,True,1.0,True,1.0,True,0.04,False,0.08,False,0.12,False,4,0,True
1101,43,1075,1099,25,793.0,0.88,True,0.88,True,1.0,True,1.0,True,0.04,False,0.04,False,0.16,False,4,0,True
1101,44,1100,1124,25,768.0,0.8,True,0.88,True,1.0,True,0.96,True,0.12,False,0.0,False,0.08,False,4,0,True
1101,45,1125,1149,25,743.0,0.64,True,0.68,True,1.0,True,1.0,True,0.12,False,0.0,False,0.4,False,4,0,True
1101,46,1150,1174,25,718.0,0.72,True,0.88,True,1.0,True,1.0,True,0.08,False,0.08,False,0.24,False,4,0,True
1101,47,1175,1199,25,693.0,0.6,True,0.72,True,1.0,True,1.0,True,0.08,False,0.0,False,0.52,False,4,0,True
1101,48,1200,1224,25,668.0,0.52,False,0.68,True,1.0,True,1.0,True,0.08,False,0.04,False,0.4,False,3,0,True
1101,49,1225,1249,25,643.0,0.8,True,0.92,True,1.0,True,1.0,True,0.08,False,0.04,False,0.44,False,4,0,True
1101,50,1250,1274,25,618.0,0.84,True,1.0,True,1.0,True,1.0,True,0.12,False,0.0,False,0.36,False,4,0,True
1101,51,1275,1299,25,593.0,0.8,True,0.88,True,1.0,True,1.0,True,0.0,False,0.0,False,0.44,False,4,0,True
1101,52,1300,1324,25,568.0,0.88,True,0.88,True,1.0,True,1.0,True,0.04,False,0.0,False,0.48,False,4,0,True
1101,53,1325,1349,25,543.0,0.84,True,1.0,True,1.0,True,1.0,True,0.0,False,0.0,False,0.68,True,4,1,True
1101,54,1350,1374,25,518.0,0.8,True,0.96,True,1.0,True,1.0,True,0.08,False,0.04,False,0.72,True,4,1,True
1101,55,1375,1399,25,493.0,0.72,True,0.84,True,1.0,True,1.0,True,0.04,False,0.24,False,0.68,True,4,1,True
1101,56,1400,1424,25,468.0,0.92,True,1.0,True,1.0,True,1.0,True,0.04,False,0.0,False,0.76,True,4,1,True
1101,58,1450,1474,25,418.0,1.0,True,1.0,True,1.0,True,1.0,True,0.12,False,0.08,False,0.64,True,4,1,True
1101,59,1475,1499,25,393.0,0.8,True,0.88,True,1.0,True,1.0,True,0.08,False,0.12,False,0.52,False,4,0,True
1101,60,1500,1524,25,368.0,0.52,False,0.64,True,1.0,True,1.0,True,0.08,False,0.24,False,0.88,True,3,1,True
1101,61,1525,1549,25,343.0,0.36,False,0.76,True,1.0,True,1.0,True,0.08,False,0.24,False,0.92,True,3,1,True
1101,62,1550,1574,25,318.0,0.68,True,0.88,True,1.0,True,1.0,True,0.12,False,0.44,False,1.0,True,4,1,True
1101,63,1575,1599,25,293.0,0.56,False,0.64,True,1.0,True,1.0,True,0.04,False,0.16,False,0.96,True,3,1,True
1101,64,1600,1624,25,268.0,0.48,False,0.72,True,1.0,True,1.0,True,0.04,False,0.32,False,0.96,True,3,1,True
1101,65,1625,1649,25,243.0,0.64,True,0.72,True,1.0,True,0.96,True,0.16,False,0.4,False,1.0,True,4,1,True
1101,66,1650,1674,25,218.0,0.48,False,0.6,True,1.0,True,1.0,True,0.12,False,0.2,False,0.96,True,3,1,True
1101,67,1675,1699,25,193.0,0.16,False,0.16,False,1.0,True,1.0,True,0.08,False,0.48,False,0.92,True,2,1,True
1101,68,1700,1724,25,168.0,0.2,False,0.2,False,1.0,True,0.92,True,0.12,False,0.56,False,0.92,True,2,1,True
1101,69,1725,1749,25,143.0,0.2,False,0.32,False,1.0,True,1.0,True,0.08,False,0.24,False,0.92,True,2,1,True
1101,70,1750,1774,25,118.0,0.2,False,0.2,False,1.0,True,0.92,True,0.16,False,0.48,False,0.92,True,2,1,True
1101,71,1775,1799,25,93.0,0.2,False,0.4,False,1.0,True,0.92,True,0.04,False,0.36,False,0.96,True,2,1,True
1101,72,1800,1824,25,68.0,0.24,False,0.28,False,1.0,True,0.92,True,0.2,False,0.44,False,0.84,True,2,1,True
1101,73,1825,1849,25,43.0,0.24,False,0.24,False,1.0,True,0.92,True,0.0,False,0.56,False,0.96,True,2,1,True
1101,74,1850,1874,25,18.0,0.4,False,0.44,False,0.6,True,0.64,True,0.16,False,0.72,True,0.88,True,2,2,True
1102,0,0,24,25,1867.0,0.08,False,0.36,False,0.4,False,0.64,True,0.28,False,0.28,False,0.24,False,1,0,False
1102,1,25,49,25,1842.0,0.0,False,0.0,False,0.0,False,0.0,False,0.0,False,0.0,False,0.0,False,0,0,False
1102,2,50,74,25,1817.0,0.0,False,0.0,False,0.0,False,0.0,False,0.0,False,0.08,False,0.0,False,0,0,False
1102,3,75,99,25,1792.0,0.04,False,0.04,False,0.32,False,0.64,True,0.08,False,0.0,False,0.08,False,1,0,False
1102,4,100,124,25,1767.0,0.04,False,0.04,False,0.32,False,0.8,True,0.04,False,0.04,False,0.04,False,1,0,False
1102,5,125,149,25,1742.0,0.04,False,0.08,False,0.36,False,0.88,True,0.0,False,0.08,False,0.08,False,1,0,False
1102,6,150,174,25,1717.0,0.08,False,0.16,False,0.4,False,0.92,True,0.08,False,0.16,False,0.08,False,1,0,False
1102,7,175,199,25,1692.0,0.04,False,0.08,False,0.84,True,1.0,True,0.04,False,0.08,False,0.04,False,2,0,True
1102,8,200,224,25,1667.0,0.08,False,0.2,False,0.92,True,1.0,True,0.0,False,0.04,False,0.0,False,2,0,True
1102,9,225,249,25,1642.0,0.0,False,0.0,False,0.6,True,0.88,True,0.0,False,0.04,False,0.08,False,2,0,True
1102,10,250,274,25,1617.0,0.04,False,0.2,False,0.68,True,0.96,True,0.04,False,0.04,False,0.08,False,2,0,True
1102,11,275,299,25,1592.0,0.08,False,0.12,False,0.84,True,0.96,True,0.08,False,0.04,False,0.08,False,2,0,True
1102,12,300,324,25,1567.0,0.0,False,0.08,False,0.84,True,0.88,True,0.04,False,0.0,False,0.08,False,2,0,True
1102,13,325,349,25,1542.0,0.0,False,0.0,False,0.84,True,0.96,True,0.0,False,0.04,False,0.0,False,2,0,True
1102,14,350,374,25,1517.0,0.0,False,0.04,False,0.88,True,1.0,True,0.04,False,0.0,False,0.08,False,2,0,True
1102,15,375,399,25,1492.0,0.12,False,0.28,False,0.96,True,1.0,True,0.04,False,0.0,False,0.08,False,2,0,True
1102,16,400,424,25,1467.0,0.08,False,0.08,False,0.96,True,0.96,True,0.16,False,0.0,False,0.0,False,2,0,True
1102,17,425,449,25,1442.0,0.16,False,0.16,False,0.84,True,0.84,True,0.04,False,0.0,False,0.04,False,2,0,True
1102,18,450,474,25,1417.0,0.04,False,0.08,False,0.92,True,0.96,True,0.12,False,0.08,False,0.04,False,2,0,True
1102,19,475,499,25,1392.0,0.08,False,0.08,False,0.96,True,1.0,True,0.16,False,0.04,False,0.04,False,2,0,True
1102,20,500,524,25,1367.0,0.12,False,0.16,False,0.92,True,1.0,True,0.04,False,0.16,False,0.08,False,2,0,True
1102,21,525,549,25,1342.0,0.08,False,0.16,False,1.0,True,1.0,True,0.0,False,0.12,False,0.04,False,2,0,True
1102,22,550,574,25,1317.0,0.12,False,0.12,False,0.96,True,0.96,True,0.04,False,0.2,False,0.16,False,2,0,True
1102,23,575,599,25,1292.0,0.2,False,0.44,False,1.0,True,1.0,True,0.04,False,0.04,False,0.04,False,2,0,True
1102,24,600,624,25,1267.0,0.28,False,0.56,False,1.0,True,1.0,True,0.16,False,0.12,False,0.08,False,2,0,True
1102,25,625,649,25,1242.0,0.16,False,0.52,False,1.0,True,1.0,True,0.36,False,0.16,False,0.16,False,2,0,True
1102,26,650,674,25,1217.0,0.12,False,0.32,False,0.88,True,0.92,True,0.56,False,0.2,False,0.24,False,2,0,True
1102,27,675,699,25,1192.0,0.24,False,0.32,False,0.88,True,1.0,True,0.64,True,0.08,False,0.08,False,2,1,True
1102,28,700,724,25,1167.0,0.2,False,0.48,False,0.92,True,0.92,True,0.32,False,0.04,False,0.08,False,2,0,True
1102,29,725,749,25,1142.0,0.08,False,0.44,False,1.0,True,1.0,True,0.04,False,0.12,False,0.16,False,2,0,True
1102,30,750,774,25,1117.0,0.16,False,0.32,False,0.92,True,0.96,True,0.28,False,0.12,False,0.12,False,2,0,True
1102,31,775,799,25,1092.0,0.12,False,0.28,False,0.92,True,1.0,True,0.24,False,0.24,False,0.12,False,2,0,True
1102,32,800,824,25,1067.0,0.08,False,0.52,False,0.92,True,1.0,True,0.24,False,0.16,False,0.16,False,2,0,True
1102,33,825,849,25,1042.0,0.04,False,0.08,False,0.8,True,0.92,True,0.08,False,0.2,False,0.12,False,2,0,True
1102,34,850,874,25,1017.0,0.24,False,0.6,True,0.96,True,1.0,True,0.36,False,0.12,False,0.16,False,3,0,True
1102,35,875,899,25,992.0,0.08,False,0.32,False,0.92,True,1.0,True,0.28,False,0.0,False,0.12,False,2,0,True
1102,36,900,924,25,967.0,0.2,False,0.16,False,0.92,True,0.92,True,0.08,False,0.08,False,0.08,False,2,0,True
1102,37,925,949,25,942.0,0.2,False,0.28,False,1.0,True,1.0,True,0.04,False,0.16,False,0.16,False,2,0,True
1102,38,950,974,25,917.0,0.16,False,0.44,False,0.84,True,0.92,True,0.08,False,0.08,False,0.0,False,2,0,True
1102,39,975,999,25,892.0,0.12,False,0.36,False,0.92,True,0.96,True,0.04,False,0.16,False,0.16,False,2,0,True
1102,40,1000,1024,25,867.0,0.12,False,0.4,False,1.0,True,1.0,True,0.0,False,0.04,False,0.0,False,2,0,True
1102,41,1025,1049,25,842.0,0.2,False,0.64,True,1.0,True,1.0,True,0.0,False,0.16,False,0.08,False,3,0,True
1102,42,1050,1074,25,817.0,0.32,False,0.88,True,1.0,True,1.0,True,0.0,False,0.04,False,0.08,False,3,0,True
1102,43,1075,1099,25,792.0,0.28,False,0.88,True,0.96,True,1.0,True,0.24,False,0.04,False,0.04,False,3,0,True
1102,44,1100,1124,25,767.0,0.4,False,0.64,True,0.96,True,1.0,True,0.32,False,0.08,False,0.12,False,3,0,True
1102,45,1125,1149,25,742.0,0.12,False,0.6,True,1.0,True,1.0,True,0.04,False,0.16,False,0.16,False,3,0,True
1102,46,1150,1174,25,717.0,0.28,False,0.68,True,1.0,True,1.0,True,0.12,False,0.08,False,0.16,False,3,0,True
1102,47,1175,1199,25,692.0,0.2,False,0.52,False,1.0,True,1.0,True,0.08,False,0.08,False,0.08,False,2,0,True
1102,48,1200,1224,25,667.0,0.08,False,0.48,False,1.0,True,1.0,True,0.0,False,0.12,False,0.12,False,2,0,True
1102,49,1225,1249,25,642.0,0.16,False,0.64,True,1.0,True,1.0,True,0.0,False,0.08,False,0.04,False,3,0,True
1102,50,1250,1274,25,617.0,0.52,False,0.84,True,1.0,True,1.0,True,0.0,False,0.12,False,0.08,False,3,0,True
1102,51,1275,1299,25,592.0,0.4,False,0.76,True,1.0,True,1.0,True,0.12,False,0.04,False,0.08,False,3,0,True
1102,52,1300,1324,25,567.0,0.2,False,0.72,True,1.0,True,1.0,True,0.04,False,0.04,False,0.0,False,3,0,True
1102,53,1325,1349,25,542.0,0.28,False,0.6,True,1.0,True,1.0,True,0.08,False,0.16,False,0.16,False,3,0,True
1102,54,1350,1374,25,517.0,0.24,False,0.72,True,1.0,True,1.0,True,0.0,False,0.0,False,0.0,False,3,0,True
1102,55,1375,1399,25,492.0,0.2,False,0.6,True,1.0,True,1.0,True,0.08,False,0.16,False,0.08,False,3,0,True
1102,56,1400,1424,25,467.0,0.16,False,0.48,False,1.0,True,1.0,True,0.04,False,0.08,False,0.08,False,2,0,True
1102,58,1450,1474,25,417.0,0.52,False,0.96,True,1.0,True,1.0,True,0.12,False,0.2,False,0.16,False,3,0,True
1102,59,1475,1499,25,392.0,0.6,True,0.76,True,1.0,True,1.0,True,0.0,False,0.12,False,0.12,False,4,0,True
1102,60,1500,1524,25,367.0,0.16,False,0.32,False,1.0,True,1.0,True,0.0,False,0.08,False,0.28,False,2,0,True
1102,61,1525,1549,25,342.0,0.08,False,0.12,False,1.0,True,1.0,True,0.0,False,0.04,False,0.04,False,2,0,True
1102,62,1550,1574,25,317.0,0.16,False,0.32,False,1.0,True,1.0,True,0.0,False,0.04,False,0.0,False,2,0,True
1102,63,1575,1599,25,292.0,0.04,False,0.28,False,1.0,True,0.96,True,0.0,False,0.04,False,0.36,False,2,0,True
1102,64,1600,1624,25,267.0,0.12,False,0.2,False,1.0,True,1.0,True,0.0,False,0.12,False,0.2,False,2,0,True
1102,65,1625,1649,25,242.0,0.2,False,0.36,False,0.88,True,0.96,True,0.12,False,0.04,False,0.04,False,2,0,True
1102,66,1650,1674,25,217.0,0.16,False,0.32,False,0.96,True,1.0,True,0.0,False,0.08,False,0.28,False,2,0,True
1102,67,1675,1699,25,192.0,0.04,False,0.16,False,0.88,True,1.0,True,0.12,False,0.08,False,0.24,False,2,0,True
1102,68,1700,1724,25,167.0,0.28,False,0.12,False,0.64,True,0.8,True,0.04,False,0.0,False,0.44,False,2,0,True
1102,69,1725,1749,25,142.0,0.08,False,0.16,False,0.92,True,1.0,True,0.12,False,0.04,False,0.2,False,2,0,True
1102,70,1750,1774,25,117.0,0.12,False,0.12,False,0.56,False,0.84,True,0.12,False,0.08,False,0.44,False,1,0,False
1102,71,1775,1799,25,92.0,0.16,False,0.16,False,0.68,True,0.72,True,0.04,False,0.04,False,0.48,False,2,0,True
1102,72,1800,1824,25,67.0,0.24,False,0.12,False,0.64,True,0.72,True,0.12,False,0.2,False,0.64,True,2,1,True
1102,73,1825,1849,25,42.0,0.12,False,0.16,False,0.0,False,0.72,True,0.24,False,0.08,False,0.64,True,1,1,False
1102,74,1850,1874,25,17.0,0.48,False,0.48,False,0.68,True,0.64,True,0.32,False,0.64,True,0.72,True,2,2,True
1103,0,0,24,25,1867.0,0.12,False,0.24,False,0.64,True,0.56,False,0.0,False,0.32,False,0.16,False,1,0,False
1103,1,25,49,25,1842.0,0.0,False,0.0,False,0.0,False,0.0,False,0.0,False,0.0,False,0.0,False,0,0,False
1103,2,50,74,25,1817.0,0.0,False,0.0,False,0.16,False,0.0,False,0.0,False,0.04,False,0.0,False,0,0,False
1103,3,75,99,25,1792.0,0.04,False,0.04,False,0.84,True,0.4,False,0.04,False,0.04,False,0.04,False,1,0,False
1103,4,100,124,25,1767.0,0.04,False,0.04,False,0.96,True,0.6,True,0.0,False,0.0,False,0.04,False,2,0,True
1103,5,125,149,25,1742.0,0.04,False,0.04,False,0.96,True,0.76,True,0.0,False,0.0,False,0.04,False,2,0,True
1103,6,150,174,25,1717.0,0.12,False,0.12,False,1.0,True,0.76,True,0.0,False,0.0,False,0.12,False,2,0,True
1103,7,175,199,25,1692.0,0.04,False,0.04,False,1.0,True,0.96,True,0.0,False,0.0,False,0.04,False,2,0,True
1103,8,200,224,25,1667.0,0.08,False,0.16,False,1.0,True,0.88,True,0.04,False,0.04,False,0.08,False,2,0,True
1103,9,225,249,25,1642.0,0.0,False,0.0,False,1.0,True,0.6,True,0.0,False,0.0,False,0.04,False,2,0,True
1103,10,250,274,25,1617.0,0.08,False,0.12,False,1.0,True,0.8,True,0.0,False,0.0,False,0.0,False,2,0,True
1103,11,275,299,25,1592.0,0.08,False,0.12,False,1.0,True,0.68,True,0.0,False,0.0,False,0.12,False,2,0,True
1103,12,300,324,25,1567.0,0.04,False,0.04,False,1.0,True,0.6,True,0.0,False,0.0,False,0.04,False,2,0,True
1103,13,325,349,25,1542.0,0.04,False,0.0,False,1.0,True,0.64,True,0.0,False,0.0,False,0.08,False,2,0,True
1103,14,350,374,25,1517.0,0.0,False,0.0,False,1.0,True,0.8,True,0.0,False,0.0,False,0.04,False,2,0,True
1103,15,375,399,25,1492.0,0.08,False,0.16,False,1.0,True,0.88,True,0.08,False,0.04,False,0.16,False,2,0,True
1103,16,400,424,25,1467.0,0.24,False,0.08,False,1.0,True,0.6,True,0.0,False,0.0,False,0.04,False,2,0,True
1103,17,425,449,25,1442.0,0.28,False,0.16,False,0.96,True,0.48,False,0.08,False,0.0,False,0.12,False,1,0,False
1103,18,450,474,25,1417.0,0.2,False,0.08,False,1.0,True,0.24,False,0.04,False,0.0,False,0.0,False,1,0,False
1103,19,475,499,25,1392.0,0.0,False,0.0,False,1.0,True,0.6,True,0.08,False,0.0,False,0.04,False,2,0,True
1103,20,500,524,25,1367.0,0.2,False,0.12,False,1.0,True,0.6,True,0.04,False,0.0,False,0.12,False,2,0,True
1103,21,525,549,25,1342.0,0.08,False,0.08,False,1.0,True,0.76,True,0.08,False,0.04,False,0.12,False,2,0,True
1103,22,550,574,25,1317.0,0.08,False,0.04,False,1.0,True,0.72,True,0.0,False,0.0,False,0.04,False,2,0,True
1103,23,575,599,25,1292.0,0.12,False,0.2,False,1.0,True,1.0,True,0.04,False,0.0,False,0.0,False,2,0,True
1103,24,600,624,25,1267.0,0.2,False,0.2,False,1.0,True,0.84,True,0.08,False,0.0,False,0.16,False,2,0,True
1103,25,625,649,25,1242.0,0.12,False,0.12,False,1.0,True,0.8,True,0.16,False,0.0,False,0.0,False,2,0,True
1103,26,650,674,25,1217.0,0.08,False,0.08,False,1.0,True,0.56,False,0.12,False,0.04,False,0.04,False,1,0,False
1103,27,675,699,25,1192.0,0.12,False,0.12,False,1.0,True,0.72,True,0.2,False,0.08,False,0.12,False,2,0,True
1103,28,700,724,25,1167.0,0.28,False,0.2,False,1.0,True,0.76,True,0.08,False,0.04,False,0.04,False,2,0,True
1103,29,725,749,25,1142.0,0.12,False,0.12,False,1.0,True,0.72,True,0.08,False,0.0,False,0.12,False,2,0,True
1103,30,750,774,25,1117.0,0.28,False,0.24,False,1.0,True,0.8,True,0.12,False,0.0,False,0.08,False,2,0,True
1103,31,775,799,25,1092.0,0.2,False,0.12,False,1.0,True,0.8,True,0.08,False,0.04,False,0.0,False,2,0,True
1103,32,800,824,25,1067.0,0.12,False,0.08,False,1.0,True,0.8,True,0.04,False,0.0,False,0.0,False,2,0,True
1103,33,825,849,25,1042.0,0.2,False,0.12,False,1.0,True,0.6,True,0.04,False,0.0,False,0.08,False,2,0,True
1103,34,850,874,25,1017.0,0.08,False,0.16,False,1.0,True,1.0,True,0.2,False,0.08,False,0.16,False,2,0,True
1103,35,875,899,25,992.0,0.12,False,0.2,False,1.0,True,0.88,True,0.08,False,0.0,False,0.0,False,2,0,True
1103,36,900,924,25,967.0,0.24,False,0.24,False,1.0,True,0.88,True,0.04,False,0.0,False,0.12,False,2,0,True
1103,37,925,949,25,942.0,0.2,False,0.2,False,1.0,True,1.0,True,0.04,False,0.0,False,0.08,False,2,0,True
1103,38,950,974,25,917.0,0.28,False,0.24,False,1.0,True,0.84,True,0.0,False,0.04,False,0.16,False,2,0,True
1103,39,975,999,25,892.0,0.2,False,0.2,False,0.96,True,0.84,True,0.0,False,0.0,False,0.4,False,2,0,True
1103,40,1000,1024,25,867.0,0.2,False,0.24,False,1.0,True,0.92,True,0.04,False,0.0,False,0.28,False,2,0,True
1103,41,1025,1049,25,842.0,0.2,False,0.2,False,1.0,True,1.0,True,0.12,False,0.0,False,0.24,False,2,0,True
1103,42,1050,1074,25,817.0,0.2,False,0.44,False,1.0,True,1.0,True,0.04,False,0.08,False,0.12,False,2,0,True
1103,43,1075,1099,25,792.0,0.16,False,0.52,False,1.0,True,1.0,True,0.08,False,0.04,False,0.04,False,2,0,True
1103,44,1100,1124,25,767.0,0.28,False,0.4,False,1.0,True,0.96,True,0.12,False,0.08,False,0.04,False,2,0,True
1103,45,1125,1149,25,742.0,0.24,False,0.2,False,1.0,True,0.92,True,0.04,False,0.04,False,0.04,False,2,0,True
1103,46,1150,1174,25,717.0,0.24,False,0.28,False,1.0,True,1.0,True,0.04,False,0.0,False,0.0,False,2,0,True
1103,47,1175,1199,25,692.0,0.2,False,0.32,False,1.0,True,0.96,True,0.08,False,0.0,False,0.04,False,2,0,True
1103,48,1200,1224,25,667.0,0.16,False,0.24,False,1.0,True,1.0,True,0.0,False,0.0,False,0.08,False,2,0,True
1103,49,1225,1249,25,642.0,0.16,False,0.16,False,1.0,True,1.0,True,0.04,False,0.0,False,0.04,False,2,0,True
1103,50,1250,1274,25,617.0,0.44,False,0.64,True,1.0,True,1.0,True,0.08,False,0.04,False,0.0,False,3,0,True
1103,51,1275,1299,25,592.0,0.4,False,0.52,False,1.0,True,0.96,True,0.04,False,0.04,False,0.08,False,2,0,True
1103,52,1300,1324,25,567.0,0.24,False,0.52,False,1.0,True,1.0,True,0.0,False,0.04,False,0.0,False,2,0,True
1103,53,1325,1349,25,542.0,0.28,False,0.44,False,1.0,True,1.0,True,0.0,False,0.0,False,0.08,False,2,0,True
1103,54,1350,1374,25,517.0,0.32,False,0.52,False,1.0,True,1.0,True,0.0,False,0.08,False,0.12,False,2,0,True
1103,55,1375,1399,25,492.0,0.2,False,0.44,False,1.0,True,1.0,True,0.08,False,0.0,False,0.28,False,2,0,True
1103,56,1400,1424,25,467.0,0.24,False,0.32,False,1.0,True,1.0,True,0.0,False,0.0,False,0.24,False,2,0,True
1103,58,1450,1474,25,417.0,0.68,True,0.88,True,1.0,True,1.0,True,0.08,False,0.0,False,0.12,False,4,0,True
1103,59,1475,1499,25,392.0,0.56,False,0.72,True,1.0,True,1.0,True,0.04,False,0.08,False,0.16,False,3,0,True
1103,60,1500,1524,25,367.0,0.24,False,0.32,False,1.0,True,1.0,True,0.08,False,0.0,False,0.68,True,2,1,True
1103,61,1525,1549,25,342.0,0.12,False,0.12,False,1.0,True,1.0,True,0.0,False,0.0,False,0.92,True,2,1,True
1103,62,1550,1574,25,317.0,0.28,False,0.36,False,1.0,True,1.0,True,0.12,False,0.0,False,0.76,True,2,1,True
1103,63,1575,1599,25,292.0,0.16,False,0.2,False,1.0,True,0.96,True,0.0,False,0.0,False,0.84,True,2,1,True
1103,64,1600,1624,25,267.0,0.2,False,0.2,False,1.0,True,1.0,True,0.08,False,0.0,False,0.84,True,2,1,True
1103,65,1625,1649,25,242.0,0.28,False,0.36,False,1.0,True,0.92,True,0.04,False,0.0,False,0.6,True,2,1,True
1103,66,1650,1674,25,217.0,0.28,False,0.32,False,1.0,True,1.0,True,0.04,False,0.0,False,0.72,True,2,1,True
1103,67,1675,1699,25,192.0,0.16,False,0.16,False,1.0,True,1.0,True,0.0,False,0.0,False,0.96,True,2,1,True
1103,68,1700,1724,25,167.0,0.16,False,0.16,False,1.0,True,0.92,True,0.0,False,0.04,False,0.96,True,2,1,True
1103,69,1725,1749,25,142.0,0.16,False,0.2,False,1.0,True,1.0,True,0.08,False,0.0,False,0.88,True,2,1,True
1103,70,1750,1774,25,117.0,0.2,False,0.2,False,1.0,True,0.8,True,0.08,False,0.0,False,0.96,True,2,1,True
1103,71,1775,1799,25,92.0,0.2,False,0.2,False,1.0,True,0.88,True,0.0,False,0.04,False,0.96,True,2,1,True
1103,72,1800,1824,25,67.0,0.16,False,0.24,False,1.0,True,0.8,True,0.0,False,0.0,False,0.92,True,2,1,True
1103,73,1825,1849,25,42.0,0.16,False,0.24,False,1.0,True,0.92,True,0.04,False,0.0,False,0.92,True,2,1,True
1103,74,1850,1874,25,17.0,0.48,False,0.44,False,0.52,False,0.6,True,0.24,False,0.64,True,0.96,True,1,2,False
2000,0,0,24,25,1543.0,0.0,False,0.0,False,0.6,True,0.04,False,0.0,False,0.08,False,0.08,False,1,0,False
2000,1,25,49,25,1518.0,0.0,False,0.0,False,0.0,False,0.0,False,0.0,False,0.0,False,0.0,False,0,0,False
2000,2,50,74,25,1493.0,0.0,False,0.0,False,0.0,False,0.0,False,0.04,False,0.0,False,0.0,False,0,0,False
2000,3,75,99,25,1468.0,0.0,False,0.0,False,0.0,False,0.0,False,0.04,False,0.12,False,0.0,False,0,0,False
2000,4,100,124,25,1443.0,0.0,False,0.0,False,0.08,False,0.0,False,0.0,False,0.44,False,0.04,False,0,0,False
2000,5,125,149,25,1418.0,0.0,False,0.04,False,0.2,False,0.08,False,0.04,False,0.76,True,0.36,False,0,1,False
2000,6,150,174,25,1393.0,0.0,False,0.0,False,0.12,False,0.12,False,0.0,False,0.88,True,0.48,False,0,1,False
2000,7,175,199,25,1368.0,0.04,False,0.04,False,0.08,False,0.08,False,0.04,False,0.84,True,0.44,False,0,1,False
2000,8,200,224,25,1343.0,0.0,False,0.04,False,0.2,False,0.0,False,0.08,False,0.76,True,0.52,False,0,1,False
2000,9,225,249,25,1318.0,0.0,False,0.04,False,0.12,False,0.16,False,0.08,False,0.84,True,0.52,False,0,1,False
2000,10,250,274,25,1293.0,0.0,False,0.04,False,0.2,False,0.08,False,0.08,False,0.8,True,0.56,False,0,1,False
2000,11,275,299,25,1268.0,0.0,False,0.0,False,0.12,False,0.0,False,0.08,False,0.84,True,0.4,False,0,1,False
2000,12,300,324,25,1243.0,0.0,False,0.0,False,0.16,False,0.08,False,0.08,False,0.84,True,0.72,True,0,2,False
2000,13,325,349,25,1218.0,0.0,False,0.04,False,0.32,False,0.32,False,0.08,False,0.88,True,0.8,True,0,2,False
2000,14,350,374,25,1193.0,0.04,False,0.04,False,0.36,False,0.52,False,0.04,False,0.88,True,0.88,True,0,2,False
2000,15,375,399,25,1168.0,0.0,False,0.0,False,0.12,False,0.04,False,0.04,False,0.88,True,0.84,True,0,2,False
2000,16,400,424,25,1143.0,0.12,False,0.12,False,0.48,False,0.72,True,0.08,False,0.88,True,0.92,True,1,2,False
2000,17,425,449,25,1118.0,0.0,False,0.0,False,0.28,False,0.24,False,0.12,False,0.84,True,0.84,True,0,2,False
2000,18,450,474,25,1093.0,0.08,False,0.08,False,0.28,False,0.24,False,0.08,False,0.92,True,0.96,True,0,2,False
2000,19,475,499,25,1068.0,0.0,False,0.0,False,0.12,False,0.08,False,0.12,False,0.84,True,0.84,True,0,2,False
2000,20,500,524,25,1043.0,0.12,False,0.12,False,0.28,False,0.2,False,0.08,False,0.84,True,0.92,True,0,2,False
2000,21,525,549,25,1018.0,0.12,False,0.12,False,0.16,False,0.6,True,0.12,False,0.84,True,0.96,True,1,2,False
2000,22,550,574,25,993.0,0.08,False,0.08,False,0.08,False,0.68,True,0.08,False,0.92,True,0.96,True,1,2,False
2000,23,575,599,25,968.0,0.12,False,0.12,False,0.2,False,0.48,False,0.16,False,0.84,True,0.92,True,0,2,False
2000,24,600,624,25,943.0,0.12,False,0.12,False,0.32,False,0.44,False,0.12,False,0.88,True,1.0,True,0,2,False
2000,25,625,649,25,918.0,0.08,False,0.12,False,0.2,False,0.24,False,0.16,False,0.84,True,0.92,True,0,2,False
2000,26,650,674,25,893.0,0.12,False,0.16,False,0.32,False,0.04,False,0.16,False,0.84,True,0.88,True,0,2,False
2000,27,675,699,25,868.0,0.12,False,0.12,False,0.2,False,0.24,False,0.12,False,0.88,True,0.92,True,0,2,False
2000,28,700,724,25,843.0,0.04,False,0.04,False,0.2,False,0.12,False,0.04,False,0.88,True,0.6,True,0,2,False
2000,29,725,749,25,818.0,0.16,False,0.16,False,0.28,False,0.48,False,0.2,False,0.8,True,0.96,True,0,2,False
2000,30,750,774,25,793.0,0.08,False,0.08,False,0.44,False,0.04,False,0.08,False,0.88,True,0.96,True,0,2,False
2000,31,775,799,25,768.0,0.12,False,0.12,False,0.32,False,0.0,False,0.12,False,0.84,True,0.88,True,0,2,False
2000,32,800,824,25,743.0,0.16,False,0.16,False,0.36,False,0.0,False,0.16,False,0.84,True,0.92,True,0,2,False
2000,33,825,849,25,718.0,0.04,False,0.12,False,0.6,True,0.12,False,0.04,False,0.8,True,0.84,True,1,2,False
2000,34,850,874,25,693.0,0.16,False,0.16,False,1.0,True,0.08,False,0.08,False,0.88,True,1.0,True,1,2,False
2000,35,875,899,25,668.0,0.16,False,0.2,False,0.96,True,0.28,False,0.04,False,0.92,True,1.0,True,1,2,False
2000,36,900,924,25,643.0,0.16,False,0.16,False,1.0,True,0.76,True,0.08,False,0.96,True,1.0,True,2,2,True
2000,37,925,949,25,618.0,0.08,False,0.08,False,0.36,False,0.28,False,0.08,False,0.96,True,1.0,True,0,2,False
2000,38,950,974,25,593.0,0.08,False,0.12,False,0.6,True,0.2,False,0.08,False,0.92,True,0.96,True,1,2,False
2000,39,975,999,25,568.0,0.16,False,0.16,False,0.92,True,0.24,False,0.04,False,0.92,True,1.0,True,1,2,False
2000,40,1000,1024,25,543.0,0.16,False,0.16,False,0.96,True,0.12,False,0.04,False,0.92,True,0.96,True,1,2,False
2000,41,1025,1049,25,518.0,0.04,False,0.08,False,0.96,True,0.08,False,0.0,False,1.0,True,1.0,True,1,2,False
2000,42,1050,1074,25,493.0,0.08,False,0.12,False,1.0,True,0.12,False,0.0,False,1.0,True,1.0,True,1,2,False
2000,43,1075,1099,25,468.0,0.16,False,0.2,False,0.6,True,0.16,False,0.04,False,0.88,True,0.96,True,1,2,False
2000,44,1100,1124,25,443.0,0.16,False,0.16,False,1.0,True,0.0,False,0.04,False,0.92,True,1.0,True,1,2,False
2000,45,1125,1149,25,418.0,0.04,False,0.04,False,1.0,True,0.0,False,0.0,False,1.0,True,1.0,True,1,2,False
2000,46,1150,1174,25,393.0,0.16,False,0.16,False,1.0,True,0.0,False,0.04,False,0.96,True,1.0,True,1,2,False
2000,47,1175,1199,25,368.0,0.12,False,0.12,False,1.0,True,0.0,False,0.0,False,1.0,True,1.0,True,1,2,False
2000,49,1225,1249,25,318.0,0.16,False,0.2,False,0.96,True,0.36,False,0.08,False,1.0,True,1.0,True,1,2,False
2000,50,1250,1274,25,293.0,0.12,False,0.12,False,0.32,False,0.24,False,0.0,False,0.96,True,0.72,True,0,2,False
2000,51,1275,1299,25,268.0,0.16,False,0.16,False,0.16,False,0.0,False,0.08,False,0.92,True,0.88,True,0,2,False
2000,52,1300,1324,25,243.0,0.08,False,0.08,False,0.08,False,0.0,False,0.04,False,1.0,True,1.0,True,0,2,False
2000,53,1325,1349,25,218.0,0.16,False,0.16,False,0.16,False,0.0,False,0.04,False,0.92,True,0.88,True,0,2,False
2000,54,1350,1374,25,193.0,0.04,False,0.04,False,0.04,False,0.0,False,0.08,False,1.0,True,1.0,True,0,2,False
2000,55,1375,1399,25,168.0,0.16,False,0.16,False,0.12,False,0.0,False,0.12,False,0.88,True,0.84,True,0,2,False
2000,56,1400,1424,25,143.0,0.08,False,0.08,False,0.08,False,0.0,False,0.12,False,1.0,True,0.76,True,0,2,False
2000,57,1425,1449,25,118.0,0.04,False,0.12,False,0.12,False,0.0,False,0.12,False,0.88,True,0.56,False,0,1,False
2000,58,1450,1474,25,93.0,0.04,False,0.08,False,0.08,False,0.04,False,0.08,False,0.92,True,0.48,False,0,1,False
2000,59,1475,1499,25,68.0,0.08,False,0.08,False,0.08,False,0.04,False,0.04,False,0.88,True,0.68,True,0,2,False
2000,60,1500,1524,25,43.0,0.04,False,0.04,False,0.08,False,0.12,False,0.2,False,0.84,True,0.6,True,0,2,False
2000,61,1525,1549,25,18.0,0.12,False,0.12,False,0.12,False,0.16,False,0.08,False,0.72,True,0.32,False,0,1,False
2100,0,0,24,25,1537.0,0.0,False,0.0,False,0.12,False,0.0,False,0.0,False,0.0,False,0.0,False,0,0,False
2100,1,25,49,25,1512.0,0.0,False,0.0,False,0.0,False,0.0,False,0.0,False,0.0,False,0.0,False,0,0,False
2100,2,50,74,25,1487.0,0.0,False,0.0,False,0.04,False,0.0,False,0.0,False,0.0,False,0.0,False,0,0,False
2100,3,75,99,25,1462.0,0.0,False,0.0,False,0.0,False,0.0,False,0.0,False,0.0,False,0.0,False,0,0,False
2100,4,100,124,25,1437.0,0.0,False,0.0,False,0.0,False,0.0,False,0.04,False,0.04,False,0.04,False,0,0,False
2100,5,125,149,25,1412.0,0.04,False,0.04,False,0.0,False,0.04,False,0.04,False,0.08,False,0.04,False,0,0,False
2100,6,150,174,25,1387.0,0.08,False,0.08,False,0.0,False,0.04,False,0.04,False,0.04,False,0.0,False,0,0,False
2100,7,175,199,25,1362.0,0.0,False,0.0,False,0.0,False,0.0,False,0.0,False,0.0,False,0.0,False,0,0,False
2100,8,200,224,25,1337.0,0.0,False,0.0,False,0.0,False,0.0,False,0.0,False,0.0,False,0.0,False,0,0,False
2100,9,225,249,25,1312.0,0.0,False,0.0,False,0.0,False,0.0,False,0.0,False,0.0,False,0.0,False,0,0,False
2100,10,250,274,25,1287.0,0.0,False,0.0,False,0.0,False,0.0,False,0.0,False,0.0,False,0.0,False,0,0,False
2100,11,275,299,25,1262.0,0.0,False,0.0,False,0.0,False,0.0,False,0.0,False,0.0,False,0.0,False,0,0,False
2100,12,300,324,25,1237.0,0.0,False,0.0,False,0.0,False,0.0,False,0.04,False,0.04,False,0.0,False,0,0,False
2100,13,325,349,25,1212.0,0.0,False,0.0,False,0.0,False,0.0,False,0.0,False,0.0,False,0.0,False,0,0,False
2100,14,350,374,25,1187.0,0.0,False,0.0,False,0.0,False,0.0,False,0.0,False,0.0,False,0.0,False,0,0,False
2100,15,375,399,25,1162.0,0.08,False,0.04,False,0.0,False,0.04,False,0.0,False,0.0,False,0.0,False,0,0,False
2100,16,400,424,25,1137.0,0.04,False,0.04,False,0.0,False,0.04,False,0.0,False,0.0,False,0.0,False,0,0,False
2100,17,425,449,25,1112.0,0.04,False,0.0,False,0.0,False,0.0,False,0.0,False,0.0,False,0.0,False,0,0,False
2100,18,450,474,25,1087.0,0.0,False,0.0,False,0.0,False,0.0,False,0.0,False,0.0,False,0.0,False,0,0,False
2100,19,475,499,25,1062.0,0.0,False,0.0,False,0.0,False,0.0,False,0.0,False,0.0,False,0.0,False,0,0,False
2100,20,500,524,25,1037.0,0.0,False,0.0,False,0.0,False,0.0,False,0.08,False,0.08,False,0.04,False,0,0,False
2100,21,525,549,25,1012.0,0.0,False,0.0,False,0.12,False,0.0,False,0.0,False,0.0,False,0.0,False,0,0,False
2100,22,550,574,25,987.0,0.04,False,0.04,False,0.0,False,0.04,False,0.0,False,0.0,False,0.0,False,0,0,False
2100,23,575,599,25,962.0,0.0,False,0.0,False,0.0,False,0.04,False,0.04,False,0.04,False,0.04,False,0,0,False
2100,24,600,624,25,937.0,0.0,False,0.0,False,0.0,False,0.0,False,0.0,False,0.0,False,0.0,False,0,0,False
2100,25,625,649,25,912.0,0.0,False,0.0,False,0.04,False,0.0,False,0.0,False,0.0,False,0.0,False,0,0,False
2100,26,650,674,25,887.0,0.0,False,0.0,False,0.0,False,0.0,False,0.0,False,0.0,False,0.0,False,0,0,False
2100,27,675,699,25,862.0,0.0,False,0.0,False,0.0,False,0.0,False,0.0,False,0.0,False,0.0,False,0,0,False
2100,28,700,724,25,837.0,0.08,False,0.08,False,0.0,False,0.04,False,0.0,False,0.0,False,0.0,False,0,0,False
2100,29,725,749,25,812.0,0.04,False,0.04,False,0.12,False,0.04,False,0.0,False,0.0,False,0.0,False,0,0,False
2100,30,750,774,25,787.0,0.0,False,0.0,False,0.0,False,0.0,False,0.04,False,0.0,False,0.0,False,0,0,False
2100,31,775,799,25,762.0,0.0,False,0.0,False,0.0,False,0.0,False,0.0,False,0.0,False,0.0,False,0,0,False
2100,32,800,824,25,737.0,0.0,False,0.0,False,0.04,False,0.0,False,0.0,False,0.0,False,0.0,False,0,0,False
2100,33,825,849,25,712.0,0.0,False,0.0,False,0.0,False,0.0,False,0.04,False,0.04,False,0.04,False,0,0,False
2100,34,850,874,25,687.0,0.0,False,0.0,False,0.0,False,0.0,False,0.0,False,0.04,False,0.0,False,0,0,False
2100,35,875,899,25,662.0,0.0,False,0.0,False,0.04,False,0.0,False,0.0,False,0.0,False,0.0,False,0,0,False
2100,36,900,924,25,637.0,0.0,False,0.0,False,0.2,False,0.0,False,0.0,False,0.0,False,0.0,False,0,0,False
2100,37,925,949,25,612.0,0.0,False,0.0,False,0.04,False,0.04,False,0.08,False,0.08,False,0.04,False,0,0,False
2100,38,950,974,25,587.0,0.0,False,0.0,False,0.04,False,0.0,False,0.0,False,0.0,False,0.0,False,0,0,False
2100,39,975,999,25,562.0,0.0,False,0.0,False,0.12,False,0.0,False,0.0,False,0.0,False,0.0,False,0,0,False
2100,40,1000,1024,25,537.0,0.0,False,0.0,False,0.04,False,0.04,False,0.0,False,0.0,False,0.0,False,0,0,False
2100,41,1025,1049,25,512.0,0.0,False,0.0,False,0.0,False,0.0,False,0.0,False,0.0,False,0.0,False,0,0,False
2100,42,1050,1074,25,487.0,0.0,False,0.0,False,0.28,False,0.04,False,0.04,False,0.04,False,0.04,False,0,0,False
2100,43,1075,1099,25,462.0,0.0,False,0.0,False,0.04,False,0.0,False,0.04,False,0.04,False,0.0,False,0,0,False
2100,44,1100,1124,25,437.0,0.0,False,0.0,False,0.12,False,0.0,False,0.04,False,0.04,False,0.04,False,0,0,False
2100,45,1125,1149,25,412.0,0.0,False,0.0,False,0.4,False,0.0,False,0.04,False,0.0,False,0.0,False,0,0,False
2100,46,1150,1174,25,387.0,0.0,False,0.0,False,0.2,False,0.0,False,0.0,False,0.0,False,0.0,False,0,0,False
2100,47,1175,1199,25,362.0,0.0,False,0.0,False,0.24,False,0.0,False,0.0,False,0.0,False,0.0,False,0,0,False
2100,49,1225,1249,25,312.0,0.0,False,0.0,False,0.44,False,0.0,False,0.0,False,0.0,False,0.0,False,0,0,False
2100,50,1250,1274,25,287.0,0.04,False,0.0,False,0.24,False,0.04,False,0.04,False,0.04,False,0.04,False,0,0,False
2100,51,1275,1299,25,262.0,0.0,False,0.0,False,0.04,False,0.04,False,0.0,False,0.0,False,0.0,False,0,0,False
2100,52,1300,1324,25,237.0,0.0,False,0.0,False,0.16,False,0.0,False,0.04,False,0.04,False,0.08,False,0,0,False
2100,53,1325,1349,25,212.0,0.0,False,0.0,False,0.04,False,0.04,False,0.0,False,0.04,False,0.04,False,0,0,False
2100,54,1350,1374,25,187.0,0.0,False,0.0,False,0.16,False,0.0,False,0.0,False,0.0,False,0.0,False,0,0,False
2100,55,1375,1399,25,162.0,0.0,False,0.0,False,0.12,False,0.0,False,0.04,False,0.04,False,0.0,False,0,0,False
2100,56,1400,1424,25,137.0,0.0,False,0.0,False,0.0,False,0.0,False,0.0,False,0.0,False,0.0,False,0,0,False
2100,57,1425,1449,25,112.0,0.04,False,0.0,False,0.04,False,0.08,False,0.0,False,0.0,False,0.0,False,0,0,False
2100,58,1450,1474,25,87.0,0.04,False,0.04,False,0.08,False,0.0,False,0.12,False,0.08,False,0.08,False,0,0,False
2100,59,1475,1499,25,62.0,0.0,False,0.0,False,0.0,False,0.04,False,0.0,False,0.0,False,0.0,False,0,0,False
2100,60,1500,1524,25,37.0,0.0,False,0.0,False,0.04,False,0.0,False,0.04,False,0.04,False,0.0,False,0,0,False
2200,0,0,24,25,1546.0,0.0,False,0.0,False,0.0,False,0.04,False,0.0,False,0.0,False,0.0,False,0,0,False
2200,1,25,49,25,1521.0,0.0,False,0.0,False,0.0,False,0.0,False,0.0,False,0.0,False,0.0,False,0,0,False
2200,2,50,74,25,1496.0,0.0,False,0.0,False,0.0,False,0.0,False,0.0,False,0.04,False,0.0,False,0,0,False
2200,3,75,99,25,1471.0,0.0,False,0.0,False,0.04,False,0.04,False,0.04,False,0.0,False,0.0,False,0,0,False
2200,4,100,124,25,1446.0,0.0,False,0.0,False,0.0,False,0.0,False,0.08,False,0.04,False,0.04,False,0,0,False
2200,5,125,149,25,1421.0,0.08,False,0.08,False,0.12,False,0.04,False,0.04,False,0.04,False,0.12,False,0,0,False
2200,6,150,174,25,1396.0,0.12,False,0.12,False,0.08,False,0.04,False,0.08,False,0.08,False,0.16,False,0,0,False
2200,7,175,199,25,1371.0,0.0,False,0.0,False,0.08,False,0.04,False,0.04,False,0.04,False,0.04,False,0,0,False
2200,8,200,224,25,1346.0,0.04,False,0.04,False,0.0,False,0.0,False,0.08,False,0.12,False,0.04,False,0,0,False
2200,9,225,249,25,1321.0,0.04,False,0.04,False,0.04,False,0.04,False,0.04,False,0.04,False,0.0,False,0,0,False
2200,10,250,274,25,1296.0,0.04,False,0.0,False,0.2,False,0.04,False,0.04,False,0.04,False,0.04,False,0,0,False
2200,11,275,299,25,1271.0,0.04,False,0.04,False,0.04,False,0.04,False,0.0,False,0.04,False,0.0,False,0,0,False
2200,13,325,349,25,1221.0,0.04,False,0.0,False,0.08,False,0.0,False,0.0,False,0.04,False,0.0,False,0,0,False
2200,14,350,374,25,1196.0,0.0,False,0.0,False,0.0,False,0.0,False,0.0,False,0.0,False,0.12,False,0,0,False
2200,15,375,399,25,1171.0,0.0,False,0.0,False,0.04,False,0.0,False,0.04,False,0.12,False,0.04,False,0,0,False
2200,16,400,424,25,1146.0,0.04,False,0.0,False,0.0,False,0.0,False,0.04,False,0.04,False,0.04,False,0,0,False
2200,17,425,449,25,1121.0,0.04,False,0.0,False,0.0,False,0.0,False,0.0,False,0.08,False,0.0,False,0,0,False
2200,18,450,474,25,1096.0,0.08,False,0.0,False,0.0,False,0.0,False,0.0,False,0.04,False,0.0,False,0,0,False
2200,19,475,499,25,1071.0,0.0,False,0.0,False,0.04,False,0.0,False,0.04,False,0.12,False,0.0,False,0,0,False
2200,20,500,524,25,1046.0,0.04,False,0.04,False,0.04,False,0.04,False,0.0,False,0.0,False,0.04,False,0,0,False
2200,21,525,549,25,1021.0,0.04,False,0.04,False,0.0,False,0.0,False,0.04,False,0.08,False,0.0,False,0,0,False
2200,22,550,574,25,996.0,0.0,False,0.0,False,0.0,False,0.0,False,0.04,False,0.04,False,0.04,False,0,0,False
2200,23,575,599,25,971.0,0.0,False,0.0,False,0.0,False,0.0,False,0.04,False,0.04,False,0.0,False,0,0,False
2200,24,600,624,25,946.0,0.04,False,0.0,False,0.08,False,0.04,False,0.0,False,0.04,False,0.0,False,0,0,False
2200,25,625,649,25,921.0,0.0,False,0.0,False,0.0,False,0.04,False,0.0,False,0.0,False,0.04,False,0,0,False
2200,26,650,674,25,896.0,0.0,False,0.0,False,0.04,False,0.0,False,0.0,False,0.04,False,0.0,False,0,0,False
2200,27,675,699,25,871.0,0.0,False,0.0,False,0.12,False,0.0,False,0.0,False,0.12,False,0.04,False,0,0,False
2200,28,700,724,25,846.0,0.04,False,0.04,False,0.04,False,0.0,False,0.12,False,0.12,False,0.16,False,0,0,False
2200,29,725,749,25,821.0,0.0,False,0.0,False,0.08,False,0.0,False,0.0,False,0.04,False,0.04,False,0,0,False
2200,30,750,774,25,796.0,0.04,False,0.04,False,0.08,False,0.04,False,0.0,False,0.04,False,0.04,False,0,0,False
2200,31,775,799,25,771.0,0.0,False,0.0,False,0.12,False,0.0,False,0.0,False,0.04,False,0.0,False,0,0,False
2200,32,800,824,25,746.0,0.0,False,0.0,False,0.08,False,0.0,False,0.0,False,0.04,False,0.0,False,0,0,False
2200,33,825,849,25,721.0,0.0,False,0.0,False,0.04,False,0.0,False,0.0,False,0.04,False,0.04,False,0,0,False
2200,34,850,874,25,696.0,0.08,False,0.08,False,0.08,False,0.08,False,0.04,False,0.08,False,0.0,False,0,0,False
2200,35,875,899,25,671.0,0.04,False,0.0,False,0.0,False,0.0,False,0.04,False,0.04,False,0.04,False,0,0,False
2200,36,900,924,25,646.0,0.0,False,0.0,False,0.04,False,0.04,False,0.0,False,0.04,False,0.08,False,0,0,False
2200,37,925,949,25,621.0,0.08,False,0.04,False,0.16,False,0.04,False,0.0,False,0.04,False,0.04,False,0,0,False
2200,38,950,974,25,596.0,0.04,False,0.04,False,0.04,False,0.0,False,0.12,False,0.08,False,0.0,False,0,0,False
2200,39,975,999,25,571.0,0.04,False,0.04,False,0.2,False,0.0,False,0.04,False,0.12,False,0.04,False,0,0,False
2200,40,1000,1024,25,546.0,0.08,False,0.08,False,0.08,False,0.04,False,0.08,False,0.16,False,0.04,False,0,0,False
2200,41,1025,1049,25,521.0,0.04,False,0.04,False,0.08,False,0.0,False,0.04,False,0.16,False,0.0,False,0,0,False
2200,42,1050,1074,25,496.0,0.04,False,0.04,False,0.04,False,0.0,False,0.04,False,0.12,False,0.04,False,0,0,False
2200,43,1075,1099,25,471.0,0.04,False,0.04,False,0.12,False,0.08,False,0.0,False,0.0,False,0.04,False,0,0,False
2200,44,1100,1124,25,446.0,0.04,False,0.04,False,0.04,False,0.0,False,0.0,False,0.04,False,0.04,False,0,0,False
2200,45,1125,1149,25,421.0,0.0,False,0.0,False,0.12,False,0.04,False,0.04,False,0.0,False,0.08,False,0,0,False
2200,46,1150,1174,25,396.0,0.08,False,0.08,False,0.24,False,0.04,False,0.08,False,0.12,False,0.08,False,0,0,False
2200,47,1175,1199,25,371.0,0.08,False,0.08,False,0.12,False,0.0,False,0.12,False,0.08,False,0.04,False,0,0,False
2200,48,1200,1224,25,346.0,0.0,False,0.0,False,0.08,False,0.04,False,0.0,False,0.08,False,0.0,False,0,0,False
2200,49,1225,1249,25,321.0,0.0,False,0.0,False,0.04,False,0.0,False,0.04,False,0.04,False,0.0,False,0,0,False
2200,50,1250,1274,25,296.0,0.04,False,0.04,False,0.0,False,0.0,False,0.04,False,0.16,False,0.04,False,0,0,False
2200,51,1275,1299,25,271.0,0.04,False,0.04,False,0.04,False,0.04,False,0.08,False,0.16,False,0.04,False,0,0,False
2200,52,1300,1324,25,246.0,0.0,False,0.0,False,0.04,False,0.0,False,0.0,False,0.12,False,0.0,False,0,0,False
2200,53,1325,1349,25,221.0,0.04,False,0.0,False,0.04,False,0.0,False,0.0,False,0.04,False,0.0,False,0,0,False
2200,54,1350,1374,25,196.0,0.04,False,0.04,False,0.04,False,0.0,False,0.04,False,0.04,False,0.04,False,0,0,False
2200,55,1375,1399,25,171.0,0.0,False,0.0,False,0.0,False,0.0,False,0.0,False,0.0,False,0.0,False,0,0,False
2200,56,1400,1424,25,146.0,0.08,False,0.12,False,0.08,False,0.04,False,0.08,False,0.12,False,0.12,False,0,0,False
2200,57,1425,1449,25,121.0,0.08,False,0.08,False,0.04,False,0.04,False,0.08,False,0.12,False,0.08,False,0,0,False
2200,58,1450,1474,25,96.0,0.0,False,0.0,False,0.12,False,0.08,False,0.0,False,0.0,False,0.04,False,0,0,False
2200,59,1475,1499,25,71.0,0.16,False,0.16,False,0.08,False,0.08,False,0.12,False,0.12,False,0.2,False,0,0,False
2200,60,1500,1524,25,46.0,0.04,False,0.04,False,0.24,False,0.12,False,0.04,False,0.08,False,0.04,False,0,0,False
2200,61,1525,1549,25,21.0,0.08,False,0.08,False,0.16,False,0.12,False,0.04,False,0.04,False,0.04,False,0,0,False
2300,0,0,24,25,1541.0,0.0,False,0.0,False,0.0,False,0.04,False,0.0,False,0.0,False,0.0,False,0,0,False
2300,1,25,49,25,1516.0,0.0,False,0.0,False,0.0,False,0.0,False,0.0,False,0.0,False,0.0,False,0,0,False
2300,2,50,74,25,1491.0,0.0,False,0.0,False,0.0,False,0.0,False,0.0,False,0.04,False,0.0,False,0,0,False
2300,3,75,99,25,1466.0,0.0,False,0.0,False,0.0,False,0.0,False,0.0,False,0.08,False,0.0,False,0,0,False
2300,4,100,124,25,1441.0,0.0,False,0.0,False,0.0,False,0.0,False,0.0,False,0.04,False,0.0,False,0,0,False
2300,5,125,149,25,1416.0,0.12,False,0.16,False,0.08,False,0.04,False,0.04,False,0.08,False,0.04,False,0,0,False
2300,6,150,174,25,1391.0,0.08,False,0.08,False,0.08,False,0.08,False,0.08,False,0.12,False,0.08,False,0,0,False
2300,7,175,199,25,1366.0,0.0,False,0.0,False,0.0,False,0.0,False,0.04,False,0.08,False,0.0,False,0,0,False
2300,8,200,224,25,1341.0,0.0,False,0.0,False,0.0,False,0.0,False,0.04,False,0.12,False,0.04,False,0,0,False
2300,9,225,249,25,1316.0,0.0,False,0.0,False,0.04,False,0.0,False,0.0,False,0.04,False,0.0,False,0,0,False
2300,10,250,274,25,1291.0,0.08,False,0.04,False,0.04,False,0.0,False,0.08,False,0.0,False,0.0,False,0,0,False
2300,11,275,299,25,1266.0,0.04,False,0.04,False,0.04,False,0.0,False,0.0,False,0.12,False,0.0,False,0,0,False
2300,12,300,324,25,1241.0,0.04,False,0.04,False,0.04,False,0.04,False,0.04,False,0.0,False,0.04,False,0,0,False
2300,13,325,349,25,1216.0,0.04,False,0.08,False,0.04,False,0.0,False,0.0,False,0.08,False,0.0,False,0,0,False
2300,14,350,374,25,1191.0,0.0,False,0.0,False,0.0,False,0.0,False,0.04,False,0.04,False,0.08,False,0,0,False
2300,15,375,399,25,1166.0,0.0,False,0.0,False,0.0,False,0.0,False,0.0,False,0.08,False,0.0,False,0,0,False
2300,16,400,424,25,1141.0,0.04,False,0.0,False,0.0,False,0.0,False,0.04,False,0.12,False,0.04,False,0,0,False
2300,17,425,449,25,1116.0,0.04,False,0.0,False,0.0,False,0.0,False,0.0,False,0.04,False,0.0,False,0,0,False
2300,18,450,474,25,1091.0,0.0,False,0.0,False,0.04,False,0.0,False,0.0,False,0.12,False,0.0,False,0,0,False
2300,19,475,499,25,1066.0,0.0,False,0.0,False,0.0,False,0.0,False,0.04,False,0.12,False,0.0,False,0,0,False
2300,20,500,524,25,1041.0,0.04,False,0.04,False,0.04,False,0.04,False,0.0,False,0.0,False,0.08,False,0,0,False
2300,21,525,549,25,1016.0,0.0,False,0.0,False,0.0,False,0.0,False,0.04,False,0.12,False,0.04,False,0,0,False
2300,22,550,574,25,991.0,0.0,False,0.0,False,0.0,False,0.0,False,0.04,False,0.08,False,0.04,False,0,0,False
2300,23,575,599,25,966.0,0.0,False,0.0,False,0.0,False,0.0,False,0.0,False,0.08,False,0.0,False,0,0,False
2300,24,600,624,25,941.0,0.08,False,0.08,False,0.08,False,0.0,False,0.04,False,0.04,False,0.0,False,0,0,False
2300,25,625,649,25,916.0,0.04,False,0.04,False,0.04,False,0.0,False,0.0,False,0.04,False,0.04,False,0,0,False
2300,26,650,674,25,891.0,0.0,False,0.0,False,0.0,False,0.0,False,0.04,False,0.12,False,0.04,False,0,0,False
2300,27,675,699,25,866.0,0.0,False,0.0,False,0.0,False,0.0,False,0.04,False,0.12,False,0.0,False,0,0,False
2300,28,700,724,25,841.0,0.0,False,0.0,False,0.0,False,0.0,False,0.08,False,0.12,False,0.12,False,0,0,False
2300,29,725,749,25,816.0,0.04,False,0.04,False,0.04,False,0.04,False,0.04,False,0.12,False,0.04,False,0,0,False
2300,30,750,774,25,791.0,0.04,False,0.04,False,0.04,False,0.04,False,0.0,False,0.12,False,0.04,False,0,0,False
2300,31,775,799,25,766.0,0.08,False,0.08,False,0.0,False,0.0,False,0.0,False,0.08,False,0.04,False,0,0,False
2300,32,800,824,25,741.0,0.0,False,0.0,False,0.0,False,0.0,False,0.0,False,0.12,False,0.0,False,0,0,False
2300,33,825,849,25,716.0,0.08,False,0.08,False,0.0,False,0.0,False,0.0,False,0.08,False,0.04,False,0,0,False
2300,34,850,874,25,691.0,0.04,False,0.04,False,0.04,False,0.04,False,0.04,False,0.08,False,0.08,False,0,0,False
2300,35,875,899,25,666.0,0.04,False,0.04,False,0.0,False,0.0,False,0.04,False,0.2,False,0.08,False,0,0,False
2300,36,900,924,25,641.0,0.04,False,0.04,False,0.04,False,0.04,False,0.0,False,0.16,False,0.04,False,0,0,False
2300,37,925,949,25,616.0,0.08,False,0.08,False,0.08,False,0.08,False,0.0,False,0.08,False,0.04,False,0,0,False
2300,38,950,974,25,591.0,0.0,False,0.0,False,0.0,False,0.0,False,0.04,False,0.16,False,0.08,False,0,0,False
2300,39,975,999,25,566.0,0.04,False,0.04,False,0.0,False,0.0,False,0.04,False,0.28,False,0.08,False,0,0,False
2300,40,1000,1024,25,541.0,0.08,False,0.08,False,0.04,False,0.04,False,0.04,False,0.12,False,0.12,False,0,0,False
2300,41,1025,1049,25,516.0,0.0,False,0.0,False,0.0,False,0.0,False,0.0,False,0.2,False,0.04,False,0,0,False
2300,42,1050,1074,25,491.0,0.08,False,0.04,False,0.04,False,0.04,False,0.04,False,0.12,False,0.16,False,0,0,False
2300,43,1075,1099,25,466.0,0.08,False,0.12,False,0.04,False,0.04,False,0.0,False,0.08,False,0.04,False,0,0,False
2300,44,1100,1124,25,441.0,0.04,False,0.04,False,0.04,False,0.04,False,0.0,False,0.12,False,0.08,False,0,0,False
2300,45,1125,1149,25,416.0,0.12,False,0.12,False,0.0,False,0.0,False,0.0,False,0.08,False,0.08,False,0,0,False
2300,46,1150,1174,25,391.0,0.0,False,0.0,False,0.0,False,0.0,False,0.08,False,0.24,False,0.08,False,0,0,False
2300,47,1175,1199,25,366.0,0.04,False,0.04,False,0.0,False,0.0,False,0.12,False,0.16,False,0.24,False,0,0,False
2300,48,1200,1224,25,341.0,0.04,False,0.04,False,0.0,False,0.0,False,0.0,False,0.08,False,0.04,False,0,0,False
2300,49,1225,1249,25,316.0,0.0,False,0.0,False,0.0,False,0.0,False,0.0,False,0.08,False,0.04,False,0,0,False
2300,50,1250,1274,25,291.0,0.04,False,0.04,False,0.04,False,0.04,False,0.04,False,0.12,False,0.04,False,0,0,False
2300,51,1275,1299,25,266.0,0.0,False,0.0,False,0.0,False,0.0,False,0.04,False,0.12,False,0.04,False,0,0,False
2300,52,1300,1324,25,241.0,0.04,False,0.04,False,0.04,False,0.04,False,0.0,False,0.12,False,0.0,False,0,0,False
2300,53,1325,1349,25,216.0,0.04,False,0.04,False,0.04,False,0.0,False,0.0,False,0.08,False,0.0,False,0,0,False
2300,54,1350,1374,25,191.0,0.08,False,0.08,False,0.04,False,0.0,False,0.04,False,0.04,False,0.04,False,0,0,False
2300,55,1375,1399,25,166.0,0.04,False,0.04,False,0.04,False,0.04,False,0.04,False,0.0,False,0.0,False,0,0,False
2300,56,1400,1424,25,141.0,0.0,False,0.0,False,0.0,False,0.0,False,0.08,False,0.16,False,0.08,False,0,0,False
2300,57,1425,1449,25,116.0,0.04,False,0.04,False,0.0,False,0.08,False,0.08,False,0.12,False,0.08,False,0,0,False
2300,58,1450,1474,25,91.0,0.12,False,0.12,False,0.12,False,0.12,False,0.04,False,0.08,False,0.04,False,0,0,False
2300,59,1475,1499,25,66.0,0.0,False,0.0,False,0.0,False,0.16,False,0.08,False,0.08,False,0.08,False,0,0,False
2300,60,1500,1524,25,41.0,0.08,False,0.08,False,0.04,False,0.28,False,0.04,False,0.08,False,0.04,False,0,0,False
2300,61,1525,1549,25,16.0,0.04,False,0.04,False,0.0,False,0.28,False,0.04,False,0.08,False,0.04,False,0,0,False
2400,0,0,24,25,1540.0,0.04,False,0.04,False,0.0,False,0.12,False,0.0,False,0.0,False,0.0,False,0,0,False
2400,1,25,49,25,1515.0,0.0,False,0.0,False,0.0,False,0.0,False,0.0,False,0.0,False,0.0,False,0,0,False
2400,2,50,74,25,1490.0,0.0,False,0.0,False,0.0,False,0.0,False,0.0,False,0.0,False,0.0,False,0,0,False
2400,3,75,99,25,1465.0,0.0,False,0.0,False,0.0,False,0.04,False,0.0,False,0.0,False,0.0,False,0,0,False
2400,4,100,124,25,1440.0,0.0,False,0.0,False,0.0,False,0.04,False,0.04,False,0.04,False,0.04,False,0,0,False
2400,5,125,149,25,1415.0,0.04,False,0.04,False,0.0,False,0.04,False,0.04,False,0.08,False,0.04,False,0,0,False
2400,6,150,174,25,1390.0,0.04,False,0.08,False,0.0,False,0.0,False,0.04,False,0.04,False,0.0,False,0,0,False
2400,7,175,199,25,1365.0,0.0,False,0.0,False,0.0,False,0.0,False,0.0,False,0.0,False,0.0,False,0,0,False
2400,8,200,224,25,1340.0,0.0,False,0.0,False,0.0,False,0.0,False,0.0,False,0.0,False,0.0,False,0,0,False
2400,9,225,249,25,1315.0,0.0,False,0.0,False,0.0,False,0.0,False,0.0,False,0.0,False,0.0,False,0,0,False
2400,10,250,274,25,1290.0,0.0,False,0.0,False,0.0,False,0.0,False,0.0,False,0.0,False,0.04,False,0,0,False
2400,11,275,299,25,1265.0,0.0,False,0.0,False,0.0,False,0.0,False,0.0,False,0.0,False,0.0,False,0,0,False
2400,12,300,324,25,1240.0,0.0,False,0.0,False,0.0,False,0.0,False,0.04,False,0.04,False,0.0,False,0,0,False
2400,13,325,349,25,1215.0,0.0,False,0.0,False,0.0,False,0.0,False,0.0,False,0.0,False,0.04,False,0,0,False
2400,14,350,374,25,1190.0,0.04,False,0.04,False,0.0,False,0.0,False,0.0,False,0.0,False,0.0,False,0,0,False
2400,15,375,399,25,1165.0,0.0,False,0.0,False,0.0,False,0.0,False,0.0,False,0.0,False,0.0,False,0,0,False
2400,16,400,424,25,1140.0,0.04,False,0.04,False,0.0,False,0.0,False,0.0,False,0.0,False,0.0,False,0,0,False
2400,17,425,449,25,1115.0,0.0,False,0.0,False,0.0,False,0.0,False,0.0,False,0.0,False,0.0,False,0,0,False
2400,18,450,474,25,1090.0,0.0,False,0.0,False,0.0,False,0.0,False,0.0,False,0.0,False,0.0,False,0,0,False
2400,19,475,499,25,1065.0,0.0,False,0.04,False,0.04,False,0.04,False,0.04,False,0.04,False,0.04,False,0,0,False
2400,20,500,524,25,1040.0,0.0,False,0.0,False,0.0,False,0.0,False,0.04,False,0.04,False,0.0,False,0,0,False
2400,21,525,549,25,1015.0,0.0,False,0.04,False,0.0,False,0.0,False,0.0,False,0.0,False,0.0,False,0,0,False
2400,22,550,574,25,990.0,0.04,False,0.04,False,0.0,False,0.0,False,0.0,False,0.0,False,0.0,False,0,0,False
2400,23,575,599,25,965.0,0.0,False,0.0,False,0.04,False,0.0,False,0.04,False,0.04,False,0.04,False,0,0,False
2400,24,600,624,25,940.0,0.0,False,0.0,False,0.0,False,0.0,False,0.0,False,0.0,False,0.0,False,0,0,False
2400,25,625,649,25,915.0,0.0,False,0.0,False,0.0,False,0.0,False,0.0,False,0.0,False,0.0,False,0,0,False
2400,26,650,674,25,890.0,0.0,False,0.0,False,0.0,False,0.0,False,0.0,False,0.0,False,0.0,False,0,0,False
2400,27,675,699,25,865.0,0.0,False,0.0,False,0.0,False,0.0,False,0.0,False,0.0,False,0.0,False,0,0,False
2400,28,700,724,25,840.0,0.08,False,0.12,False,0.04,False,0.0,False,0.0,False,0.0,False,0.0,False,0,0,False
2400,29,725,749,25,815.0,0.0,False,0.0,False,0.0,False,0.0,False,0.0,False,0.0,False,0.0,False,0,0,False
2400,30,750,774,25,790.0,0.0,False,0.0,False,0.0,False,0.0,False,0.04,False,0.04,False,0.0,False,0,0,False
2400,31,775,799,25,765.0,0.0,False,0.0,False,0.0,False,0.0,False,0.0,False,0.0,False,0.0,False,0,0,False
2400,32,800,824,25,740.0,0.0,False,0.0,False,0.0,False,0.04,False,0.0,False,0.0,False,0.04,False,0,0,False
2400,33,825,849,25,715.0,0.0,False,0.0,False,0.0,False,0.04,False,0.04,False,0.04,False,0.04,False,0,0,False
2400,34,850,874,25,690.0,0.0,False,0.04,False,0.04,False,0.0,False,0.0,False,0.04,False,0.0,False,0,0,False
2400,35,875,899,25,665.0,0.0,False,0.0,False,0.04,False,0.0,False,0.0,False,0.0,False,0.0,False,0,0,False
2400,36,900,924,25,640.0,0.0,False,0.0,False,0.0,False,0.0,False,0.0,False,0.0,False,0.0,False,0,0,False
2400,37,925,949,25,615.0,0.0,False,0.0,False,0.04,False,0.0,False,0.08,False,0.08,False,0.04,False,0,0,False
2400,38,950,974,25,590.0,0.0,False,0.0,False,0.04,False,0.0,False,0.0,False,0.0,False,0.0,False,0,0,False
2400,40,1000,1024,25,540.0,0.0,False,0.0,False,0.0,False,0.0,False,0.0,False,0.0,False,0.0,False,0,0,False
2400,41,1025,1049,25,515.0,0.0,False,0.0,False,0.04,False,0.0,False,0.04,False,0.04,False,0.04,False,0,0,False
2400,42,1050,1074,25,490.0,0.0,False,0.04,False,0.04,False,0.0,False,0.0,False,0.0,False,0.0,False,0,0,False
2400,43,1075,1099,25,465.0,0.0,False,0.0,False,0.04,False,0.0,False,0.08,False,0.08,False,0.04,False,0,0,False
2400,44,1100,1124,25,440.0,0.0,False,0.0,False,0.0,False,0.0,False,0.04,False,0.04,False,0.0,False,0,0,False
2400,45,1125,1149,25,415.0,0.0,False,0.0,False,0.0,False,0.0,False,0.0,False,0.0,False,0.0,False,0,0,False
2400,46,1150,1174,25,390.0,0.0,False,0.04,False,0.0,False,0.0,False,0.0,False,0.0,False,0.0,False,0,0,False
2400,47,1175,1199,25,365.0,0.0,False,0.0,False,0.08,False,0.0,False,0.0,False,0.0,False,0.0,False,0,0,False
2400,48,1200,1224,25,340.0,0.0,False,0.0,False,0.0,False,0.0,False,0.0,False,0.0,False,0.0,False,0,0,False
2400,50,1250,1274,25,290.0,0.0,False,0.04,False,0.04,False,0.04,False,0.04,False,0.04,False,0.04,False,0,0,False
2400,51,1275,1299,25,265.0,0.0,False,0.04,False,0.04,False,0.0,False,0.0,False,0.0,False,0.0,False,0,0,False
2400,52,1300,1324,25,240.0,0.0,False,0.0,False,0.0,False,0.04,False,0.0,False,0.0,False,0.04,False,0,0,False
2400,53,1325,1349,25,215.0,0.0,False,0.0,False,0.04,False,0.08,False,0.04,False,0.08,False,0.04,False,0,0,False
2400,54,1350,1374,25,190.0,0.0,False,0.0,False,0.08,False,0.0,False,0.0,False,0.0,False,0.0,False,0,0,False
2400,55,1375,1399,25,165.0,0.0,False,0.0,False,0.0,False,0.04,False,0.0,False,0.04,False,0.0,False,0,0,False
2400,56,1400,1424,25,140.0,0.0,False,0.0,False,0.0,False,0.0,False,0.0,False,0.0,False,0.0,False,0,0,False
2400,57,1425,1449,25,115.0,0.0,False,0.0,False,0.04,False,0.0,False,0.0,False,0.0,False,0.0,False,0,0,False
2400,58,1450,1474,25,90.0,0.0,False,0.0,False,0.0,False,0.04,False,0.04,False,0.04,False,0.04,False,0,0,False
2400,59,1475,1499,25,65.0,0.04,False,0.04,False,0.08,False,0.08,False,0.04,False,0.04,False,0.04,False,0,0,False
2400,60,1500,1524,25,40.0,0.0,False,0.0,False,0.04,False,0.04,False,0.04,False,0.04,False,0.0,False,0,0,False
2400,61,1525,1549,25,15.0,0.0,False,0.0,False,0.04,False,0.04,False,0.0,False,0.0,False,0.0,False,0,0,False
2500,0,0,24,25,1569.0,0.08,False,0.04,False,0.0,False,0.2,False,0.0,False,0.2,False,0.12,False,0,0,False
2500,1,25,49,25,1544.0,0.0,False,0.0,False,0.0,False,0.0,False,0.0,False,0.0,False,0.0,False,0,0,False
2500,2,50,74,25,1519.0,0.0,False,0.0,False,0.0,False,0.0,False,0.04,False,0.0,False,0.0,False,0,0,False
2500,3,75,99,25,1494.0,0.0,False,0.2,False,0.28,False,0.0,False,0.08,False,0.0,False,0.0,False,0,0,False
2500,4,100,124,25,1469.0,0.08,False,0.64,True,0.44,False,0.0,False,0.04,False,0.0,False,0.0,False,1,0,False
2500,5,125,149,25,1444.0,0.08,False,0.76,True,0.6,True,0.04,False,0.0,False,0.0,False,0.04,False,2,0,True
2500,6,150,174,25,1419.0,0.12,False,0.36,False,0.48,False,0.08,False,0.08,False,0.04,False,0.08,False,0,0,False
2500,7,175,199,25,1394.0,0.04,False,0.44,False,0.56,False,0.0,False,0.08,False,0.0,False,0.0,False,0,0,False
2500,8,200,224,25,1369.0,0.0,False,0.48,False,0.68,True,0.04,False,0.0,False,0.0,False,0.04,False,1,0,False
2500,9,225,249,25,1344.0,0.0,False,0.12,False,0.48,False,0.0,False,0.0,False,0.0,False,0.0,False,0,0,False
2500,10,250,274,25,1319.0,0.0,False,0.08,False,0.76,True,0.0,False,0.0,False,0.0,False,0.04,False,1,0,False
2500,11,275,299,25,1294.0,0.0,False,0.12,False,0.8,True,0.0,False,0.08,False,0.0,False,0.0,False,1,0,False
2500,12,300,324,25,1269.0,0.0,False,0.0,False,0.72,True,0.0,False,0.12,False,0.0,False,0.0,False,1,0,False
2500,13,325,349,25,1244.0,0.0,False,0.0,False,0.32,False,0.0,False,0.04,False,0.0,False,0.0,False,0,0,False
2500,14,350,374,25,1219.0,0.0,False,0.0,False,0.4,False,0.0,False,0.0,False,0.0,False,0.0,False,0,0,False
2500,15,375,399,25,1194.0,0.0,False,0.04,False,0.36,False,0.0,False,0.0,False,0.04,False,0.08,False,0,0,False
2500,16,400,424,25,1169.0,0.0,False,0.0,False,0.16,False,0.0,False,0.04,False,0.0,False,0.0,False,0,0,False
2500,17,425,449,25,1144.0,0.04,False,0.04,False,0.32,False,0.04,False,0.04,False,0.04,False,0.04,False,0,0,False
2500,18,450,474,25,1119.0,0.04,False,0.16,False,0.68,True,0.0,False,0.0,False,0.0,False,0.0,False,1,0,False
2500,19,475,499,25,1094.0,0.0,False,0.24,False,0.64,True,0.0,False,0.0,False,0.0,False,0.08,False,1,0,False
2500,20,500,524,25,1069.0,0.08,False,0.4,False,0.72,True,0.04,False,0.08,False,0.04,False,0.08,False,1,0,False
2500,21,525,549,25,1044.0,0.04,False,0.16,False,0.4,False,0.04,False,0.0,False,0.04,False,0.04,False,0,0,False
2500,22,550,574,25,1019.0,0.0,False,0.0,False,0.0,False,0.0,False,0.08,False,0.0,False,0.0,False,0,0,False
2500,23,575,599,25,994.0,0.04,False,0.08,False,0.08,False,0.08,False,0.08,False,0.0,False,0.08,False,0,0,False
2500,24,600,624,25,969.0,0.0,False,0.04,False,0.32,False,0.0,False,0.16,False,0.0,False,0.0,False,0,0,False
2500,25,625,649,25,944.0,0.04,False,0.24,False,0.6,True,0.0,False,0.0,False,0.0,False,0.0,False,1,0,False
2500,26,650,674,25,919.0,0.08,False,0.32,False,0.4,False,0.0,False,0.04,False,0.0,False,0.0,False,0,0,False
2500,27,675,699,25,894.0,0.0,False,0.36,False,0.28,False,0.0,False,0.2,False,0.0,False,0.0,False,0,0,False
2500,28,700,724,25,869.0,0.08,False,0.4,False,0.4,False,0.08,False,0.04,False,0.04,False,0.08,False,0,0,False
2500,29,725,749,25,844.0,0.36,False,0.56,False,0.44,False,0.04,False,0.08,False,0.0,False,0.04,False,0,0,False
2500,30,750,774,25,819.0,0.32,False,0.68,True,0.44,False,0.0,False,0.08,False,0.0,False,0.0,False,1,0,False
2500,31,775,799,25,794.0,0.76,True,1.0,True,0.96,True,0.0,False,0.04,False,0.0,False,0.0,False,3,0,True
2500,32,800,824,25,769.0,0.68,True,1.0,True,0.88,True,0.0,False,0.08,False,0.0,False,0.0,False,3,0,True
2500,33,825,849,25,744.0,0.76,True,0.88,True,0.6,True,0.0,False,0.12,False,0.0,False,0.0,False,3,0,True
2500,34,850,874,25,719.0,0.92,True,0.96,True,1.0,True,0.0,False,0.0,False,0.0,False,0.0,False,3,0,True
2500,35,875,899,25,694.0,0.88,True,0.96,True,0.84,True,0.04,False,0.08,False,0.0,False,0.04,False,3,0,True
2500,36,900,924,25,669.0,0.88,True,0.92,True,0.48,False,0.04,False,0.0,False,0.0,False,0.04,False,2,0,True
2500,37,925,949,25,644.0,0.84,True,0.92,True,0.24,False,0.04,False,0.04,False,0.0,False,0.04,False,2,0,True
2500,38,950,974,25,619.0,0.92,True,0.92,True,0.72,True,0.0,False,0.16,False,0.0,False,0.0,False,3,0,True
2500,39,975,999,25,594.0,0.96,True,0.96,True,0.88,True,0.04,False,0.12,False,0.04,False,0.04,False,3,0,True
2500,40,1000,1024,25,569.0,0.96,True,0.96,True,0.52,False,0.04,False,0.32,False,0.04,False,0.04,False,2,0,True
2500,41,1025,1049,25,544.0,0.84,True,0.92,True,0.88,True,0.04,False,0.24,False,0.04,False,0.04,False,3,0,True
2500,42,1050,1074,25,519.0,0.96,True,0.96,True,0.96,True,0.04,False,0.24,False,0.04,False,0.04,False,3,0,True
2500,43,1075,1099,25,494.0,0.96,True,0.96,True,0.72,True,0.04,False,0.12,False,0.0,False,0.04,False,3,0,True
2500,44,1100,1124,25,469.0,0.92,True,0.96,True,0.88,True,0.0,False,0.08,False,0.04,False,0.04,False,3,0,True
2500,45,1125,1149,25,444.0,1.0,True,1.0,True,0.96,True,0.0,False,0.12,False,0.0,False,0.0,False,3,0,True
2500,46,1150,1174,25,419.0,0.96,True,0.96,True,0.96,True,0.04,False,0.08,False,0.04,False,0.04,False,3,0,True
2500,47,1175,1199,25,394.0,0.96,True,0.96,True,0.96,True,0.04,False,0.04,False,0.04,False,0.04,False,3,0,True
2500,48,1200,1224,25,369.0,0.92,True,0.92,True,0.92,True,0.04,False,0.0,False,0.08,False,0.08,False,3,0,True
2500,49,1225,1249,25,344.0,1.0,True,1.0,True,0.96,True,0.0,False,0.04,False,0.0,False,0.0,False,3,0,True
2500,50,1250,1274,25,319.0,0.96,True,0.96,True,0.44,False,0.0,False,0.0,False,0.0,False,0.0,False,2,0,True
2500,51,1275,1299,25,294.0,0.96,True,0.96,True,0.96,True,0.04,False,0.04,False,0.04,False,0.04,False,3,0,True
2500,52,1300,1324,25,269.0,0.96,True,0.96,True,0.96,True,0.04,False,0.0,False,0.04,False,0.04,False,3,0,True
2500,53,1325,1349,25,244.0,1.0,True,1.0,True,1.0,True,0.0,False,0.04,False,0.0,False,0.0,False,3,0,True
2500,54,1350,1374,25,219.0,0.96,True,0.96,True,0.96,True,0.04,False,0.0,False,0.04,False,0.04,False,3,0,True
2500,55,1375,1399,25,194.0,1.0,True,1.0,True,1.0,True,0.0,False,0.08,False,0.0,False,0.0,False,3,0,True
2500,56,1400,1424,25,169.0,1.0,True,1.0,True,1.0,True,0.0,False,0.04,False,0.0,False,0.0,False,3,0,True
2500,57,1425,1449,25,144.0,0.92,True,0.92,True,0.92,True,0.08,False,0.0,False,0.08,False,0.08,False,3,0,True
2500,58,1450,1474,25,119.0,0.88,True,0.92,True,0.92,True,0.08,False,0.04,False,0.08,False,0.16,False,3,0,True
2500,59,1475,1499,25,94.0,0.96,True,0.96,True,0.96,True,0.0,False,0.0,False,0.04,False,0.12,False,3,0,True
2500,60,1500,1524,25,69.0,0.92,True,0.92,True,0.92,True,0.08,False,0.08,False,0.08,False,0.12,False,3,0,True
2500,61,1525,1549,25,44.0,0.96,True,0.96,True,0.96,True,0.04,False,0.0,False,0.04,False,0.04,False,3,0,True
2500,62,1550,1574,25,19.0,0.96,True,0.96,True,0.96,True,0.0,False,0.0,False,0.04,False,0.12,False,3,0,True
3000,0,0,24,25,1533.0,0.0,False,0.0,False,0.56,False,0.12,False,0.0,False,0.0,False,0.0,False,0,0,False
3000,1,25,49,25,1508.0,0.0,False,0.0,False,0.0,False,0.0,False,0.0,False,0.0,False,0.0,False,0,0,False
3000,2,50,74,25,1483.0,0.0,False,0.0,False,0.0,False,0.0,False,0.0,False,0.0,False,0.0,False,0,0,False
3000,3,75,99,25,1458.0,0.04,False,0.04,False,0.0,False,0.0,False,0.0,False,0.04,False,0.04,False,0,0,False
3000,4,100,124,25,1433.0,0.04,False,0.0,False,0.0,False,0.04,False,0.08,False,0.04,False,0.0,False,0,0,False
3000,5,125,149,25,1408.0,0.16,False,0.16,False,0.52,False,0.04,False,0.04,False,0.08,False,0.04,False,0,0,False
3000,6,150,174,25,1383.0,0.16,False,0.16,False,0.4,False,0.08,False,0.04,False,0.08,False,0.0,False,0,0,False
3000,8,200,224,25,1333.0,0.04,False,0.0,False,0.52,False,0.04,False,0.0,False,0.0,False,0.0,False,0,0,False
3000,9,225,249,25,1308.0,0.04,False,0.04,False,0.52,False,0.0,False,0.0,False,0.0,False,0.04,False,0,0,False
3000,10,250,274,25,1283.0,0.04,False,0.04,False,0.44,False,0.0,False,0.0,False,0.04,False,0.08,False,0,0,False
3000,11,275,299,25,1258.0,0.08,False,0.08,False,0.16,False,0.0,False,0.0,False,0.04,False,0.0,False,0,0,False
3000,12,300,324,25,1233.0,0.08,False,0.08,False,0.4,False,0.0,False,0.04,False,0.08,False,0.0,False,0,0,False
3000,13,325,349,25,1208.0,0.08,False,0.08,False,0.48,False,0.0,False,0.0,False,0.0,False,0.04,False,0,0,False
3000,14,350,374,25,1183.0,0.04,False,0.04,False,0.64,True,0.04,False,0.0,False,0.0,False,0.0,False,1,0,False
3000,15,375,399,25,1158.0,0.0,False,0.0,False,0.28,False,0.0,False,0.0,False,0.0,False,0.0,False,0,0,False
3000,16,400,424,25,1133.0,0.08,False,0.08,False,0.84,True,0.04,False,0.0,False,0.04,False,0.04,False,1,0,False
3000,17,425,449,25,1108.0,0.04,False,0.04,False,0.68,True,0.0,False,0.0,False,0.0,False,0.0,False,1,0,False
3000,18,450,474,25,1083.0,0.08,False,0.12,False,0.72,True,0.0,False,0.0,False,0.0,False,0.0,False,1,0,False
3000,19,475,499,25,1058.0,0.04,False,0.04,False,0.16,False,0.04,False,0.04,False,0.04,False,0.0,False,0,0,False
3000,20,500,524,25,1033.0,0.0,False,0.08,False,0.72,True,0.0,False,0.04,False,0.12,False,0.04,False,1,0,False
3000,21,525,549,25,1008.0,0.0,False,0.0,False,0.24,False,0.04,False,0.0,False,0.04,False,0.08,False,0,0,False
3000,22,550,574,25,983.0,0.04,False,0.04,False,0.44,False,0.04,False,0.0,False,0.0,False,0.04,False,0,0,False
3000,23,575,599,25,958.0,0.04,False,0.04,False,0.48,False,0.04,False,0.04,False,0.0,False,0.12,False,0,0,False
3000,24,600,624,25,933.0,0.08,False,0.08,False,0.8,True,0.0,False,0.0,False,0.0,False,0.0,False,1,0,False
3000,25,625,649,25,908.0,0.04,False,0.04,False,0.72,True,0.0,False,0.04,False,0.04,False,0.04,False,1,0,False
3000,26,650,674,25,883.0,0.0,False,0.0,False,0.8,True,0.0,False,0.0,False,0.04,False,0.0,False,1,0,False
3000,27,675,699,25,858.0,0.0,False,0.0,False,0.64,True,0.0,False,0.0,False,0.0,False,0.0,False,1,0,False
3000,28,700,724,25,833.0,0.08,False,0.08,False,0.56,False,0.12,False,0.04,False,0.0,False,0.04,False,0,0,False
3000,29,725,749,25,808.0,0.04,False,0.04,False,0.8,True,0.0,False,0.0,False,0.04,False,0.0,False,1,0,False
3000,30,750,774,25,783.0,0.04,False,0.04,False,1.0,True,0.0,False,0.04,False,0.0,False,0.0,False,1,0,False
3000,31,775,799,25,758.0,0.04,False,0.04,False,0.8,True,0.0,False,0.0,False,0.04,False,0.0,False,1,0,False
3000,32,800,824,25,733.0,0.0,False,0.04,False,0.92,True,0.0,False,0.04,False,0.04,False,0.04,False,1,0,False
3000,33,825,849,25,708.0,0.0,False,0.0,False,1.0,True,0.0,False,0.04,False,0.0,False,0.16,False,1,0,False
3000,34,850,874,25,683.0,0.04,False,0.08,False,0.96,True,0.08,False,0.04,False,0.08,False,0.04,False,1,0,False
3000,35,875,899,25,658.0,0.04,False,0.0,False,1.0,True,0.08,False,0.0,False,0.0,False,0.0,False,1,0,False
3000,36,900,924,25,633.0,0.04,False,0.08,False,1.0,True,0.04,False,0.0,False,0.04,False,0.0,False,1,0,False
3000,37,925,949,25,608.0,0.08,False,0.08,False,0.92,True,0.04,False,0.08,False,0.04,False,0.0,False,1,0,False
3000,38,950,974,25,583.0,0.04,False,0.04,False,0.92,True,0.0,False,0.04,False,0.08,False,0.0,False,1,0,False
3000,39,975,999,25,558.0,0.04,False,0.04,False,1.0,True,0.04,False,0.0,False,0.0,False,0.04,False,1,0,False
3000,40,1000,1024,25,533.0,0.12,False,0.12,False,1.0,True,0.12,False,0.0,False,0.08,False,0.04,False,1,0,False
3000,41,1025,1049,25,508.0,0.04,False,0.0,False,1.0,True,0.04,False,0.04,False,0.08,False,0.0,False,1,0,False
3000,42,1050,1074,25,483.0,0.04,False,0.04,False,0.96,True,0.04,False,0.0,False,0.0,False,0.0,False,1,0,False
3000,43,1075,1099,25,458.0,0.12,False,0.16,False,1.0,True,0.04,False,0.08,False,0.08,False,0.0,False,1,0,False
3000,44,1100,1124,25,433.0,0.04,False,0.04,False,0.96,True,0.0,False,0.04,False,0.0,False,0.0,False,1,0,False
3000,45,1125,1149,25,408.0,0.04,False,0.08,False,1.0,True,0.04,False,0.0,False,0.08,False,0.12,False,1,0,False
3000,46,1150,1174,25,383.0,0.04,False,0.04,False,1.0,True,0.08,False,0.0,False,0.0,False,0.04,False,1,0,False
3000,47,1175,1199,25,358.0,0.12,False,0.12,False,1.0,True,0.12,False,0.0,False,0.0,False,0.0,False,1,0,False
3000,49,1225,1249,25,308.0,0.0,False,0.0,False,1.0,True,0.04,False,0.0,False,0.04,False,0.04,False,1,0,False
3000,50,1250,1274,25,283.0,0.08,False,0.08,False,0.6,True,0.04,False,0.04,False,0.04,False,0.0,False,1,0,False
3000,51,1275,1299,25,258.0,0.04,False,0.0,False,0.64,True,0.04,False,0.0,False,0.0,False,0.0,False,1,0,False
3000,52,1300,1324,25,233.0,0.04,False,0.04,False,0.4,False,0.04,False,0.04,False,0.0,False,0.04,False,0,0,False
3000,53,1325,1349,25,208.0,0.04,False,0.04,False,0.24,False,0.04,False,0.04,False,0.0,False,0.0,False,0,0,False
3000,54,1350,1374,25,183.0,0.0,False,0.0,False,0.52,False,0.0,False,0.0,False,0.0,False,0.0,False,0,0,False
3000,55,1375,1399,25,158.0,0.04,False,0.04,False,0.36,False,0.04,False,0.0,False,0.04,False,0.0,False,0,0,False
3000,56,1400,1424,25,133.0,0.08,False,0.08,False,0.08,False,0.16,False,0.0,False,0.04,False,0.08,False,0,0,False
3000,57,1425,1449,25,108.0,0.16,False,0.16,False,0.04,False,0.08,False,0.0,False,0.0,False,0.0,False,0,0,False
3000,58,1450,1474,25,83.0,0.12,False,0.08,False,0.0,False,0.08,False,0.08,False,0.04,False,0.12,False,0,0,False
3000,59,1475,1499,25,58.0,0.08,False,0.08,False,0.2,False,0.12,False,0.0,False,0.0,False,0.0,False,0,0,False
3000,60,1500,1524,25,33.0,0.08,False,0.08,False,0.08,False,0.0,False,0.04,False,0.08,False,0.04,False,0,0,False
3100,0,0,24,25,1568.0,0.04,False,0.04,False,0.0,False,0.0,False,0.0,False,0.0,False,0.0,False,0,0,False
3100,1,25,49,25,1543.0,0.0,False,0.0,False,0.0,False,0.0,False,0.0,False,0.0,False,0.0,False,0,0,False
3100,2,50,74,25,1518.0,0.0,False,0.0,False,0.0,False,0.0,False,0.0,False,0.0,False,0.0,False,0,0,False
3100,3,75,99,25,1493.0,0.04,False,0.0,False,0.0,False,0.0,False,0.0,False,0.04,False,0.0,False,0,0,False
3100,4,100,124,25,1468.0,0.0,False,0.0,False,0.0,False,0.0,False,0.08,False,0.12,False,0.0,False,0,0,False
3100,5,125,149,25,1443.0,0.12,False,0.0,False,0.08,False,0.04,False,0.04,False,0.08,False,0.04,False,0,0,False
3100,6,150,174,25,1418.0,0.04,False,0.0,False,0.08,False,0.08,False,0.04,False,0.08,False,0.0,False,0,0,False
3100,7,175,199,25,1393.0,0.0,False,0.0,False,0.04,False,0.0,False,0.0,False,0.12,False,0.0,False,0,0,False
3100,8,200,224,25,1368.0,0.04,False,0.0,False,0.0,False,0.0,False,0.0,False,0.0,False,0.0,False,0,0,False
3100,9,225,249,25,1343.0,0.04,False,0.0,False,0.04,False,0.0,False,0.0,False,0.04,False,0.0,False,0,0,False
3100,10,250,274,25,1318.0,0.04,False,0.0,False,0.04,False,0.0,False,0.0,False,0.12,False,0.0,False,0,0,False
3100,11,275,299,25,1293.0,0.08,False,0.0,False,0.04,False,0.0,False,0.0,False,0.08,False,0.0,False,0,0,False
3100,12,300,324,25,1268.0,0.04,False,0.0,False,0.04,False,0.0,False,0.04,False,0.04,False,0.04,False,0,0,False
3100,13,325,349,25,1243.0,0.0,False,0.0,False,0.04,False,0.0,False,0.0,False,0.04,False,0.04,False,0,0,False
3100,14,350,374,25,1218.0,0.04,False,0.04,False,0.0,False,0.0,False,0.0,False,0.0,False,0.0,False,0,0,False
3100,15,375,399,25,1193.0,0.08,False,0.0,False,0.0,False,0.04,False,0.0,False,0.04,False,0.0,False,0,0,False
3100,16,400,424,25,1168.0,0.0,False,0.0,False,0.04,False,0.0,False,0.0,False,0.04,False,0.0,False,0,0,False
3100,17,425,449,25,1143.0,0.08,False,0.0,False,0.04,False,0.04,False,0.0,False,0.0,False,0.0,False,0,0,False
3100,18,450,474,25,1118.0,0.08,False,0.0,False,0.04,False,0.0,False,0.0,False,0.0,False,0.12,False,0,0,False
3100,19,475,499,25,1093.0,0.0,False,0.0,False,0.04,False,0.0,False,0.0,False,0.04,False,0.04,False,0,0,False
3100,20,500,524,25,1068.0,0.04,False,0.0,False,0.04,False,0.0,False,0.08,False,0.08,False,0.0,False,0,0,False
3100,21,525,549,25,1043.0,0.04,False,0.0,False,0.0,False,0.0,False,0.0,False,0.16,False,0.0,False,0,0,False
3100,22,550,574,25,1018.0,0.0,False,0.0,False,0.0,False,0.0,False,0.0,False,0.08,False,0.0,False,0,0,False
3100,23,575,599,25,993.0,0.12,False,0.0,False,0.04,False,0.04,False,0.04,False,0.04,False,0.0,False,0,0,False
3100,24,600,624,25,968.0,0.04,False,0.0,False,0.04,False,0.0,False,0.0,False,0.04,False,0.0,False,0,0,False
3100,25,625,649,25,943.0,0.04,False,0.0,False,0.04,False,0.0,False,0.0,False,0.08,False,0.0,False,0,0,False
3100,26,650,674,25,918.0,0.04,False,0.0,False,0.04,False,0.0,False,0.0,False,0.04,False,0.0,False,0,0,False
3100,27,675,699,25,893.0,0.04,False,0.0,False,0.0,False,0.0,False,0.0,False,0.0,False,0.0,False,0,0,False
3100,28,700,724,25,868.0,0.08,False,0.0,False,0.0,False,0.04,False,0.04,False,0.04,False,0.0,False,0,0,False
3100,29,725,749,25,843.0,0.04,False,0.0,False,0.0,False,0.04,False,0.0,False,0.0,False,0.0,False,0,0,False
3100,30,750,774,25,818.0,0.0,False,0.0,False,0.04,False,0.0,False,0.0,False,0.04,False,0.04,False,0,0,False
3100,31,775,799,25,793.0,0.16,False,0.0,False,0.04,False,0.0,False,0.04,False,0.04,False,0.04,False,0,0,False
3100,32,800,824,25,768.0,0.0,False,0.0,False,0.0,False,0.0,False,0.0,False,0.12,False,0.0,False,0,0,False
3100,33,825,849,25,743.0,0.0,False,0.0,False,0.0,False,0.0,False,0.0,False,0.04,False,0.04,False,0,0,False
3100,34,850,874,25,718.0,0.0,False,0.0,False,0.0,False,0.0,False,0.04,False,0.04,False,0.0,False,0,0,False
3100,35,875,899,25,693.0,0.0,False,0.0,False,0.04,False,0.0,False,0.0,False,0.08,False,0.0,False,0,0,False
3100,36,900,924,25,668.0,0.0,False,0.0,False,0.0,False,0.0,False,0.0,False,0.04,False,0.0,False,0,0,False
3100,37,925,949,25,643.0,0.04,False,0.0,False,0.08,False,0.0,False,0.08,False,0.04,False,0.0,False,0,0,False
3100,38,950,974,25,618.0,0.0,False,0.0,False,0.04,False,0.0,False,0.0,False,0.04,False,0.0,False,0,0,False
3100,39,975,999,25,593.0,0.0,False,0.0,False,0.0,False,0.0,False,0.0,False,0.08,False,0.0,False,0,0,False
3100,40,1000,1024,25,568.0,0.0,False,0.0,False,0.0,False,0.04,False,0.0,False,0.0,False,0.04,False,0,0,False
3100,41,1025,1049,25,543.0,0.0,False,0.0,False,0.08,False,0.04,False,0.0,False,0.12,False,0.0,False,0,0,False
3100,42,1050,1074,25,518.0,0.04,False,0.0,False,0.0,False,0.04,False,0.04,False,0.04,False,0.0,False,0,0,False
3100,43,1075,1099,25,493.0,0.04,False,0.0,False,0.04,False,0.0,False,0.04,False,0.0,False,0.0,False,0,0,False
3100,44,1100,1124,25,468.0,0.0,False,0.0,False,0.04,False,0.0,False,0.04,False,0.08,False,0.04,False,0,0,False
3100,45,1125,1149,25,443.0,0.04,False,0.04,False,0.08,False,0.0,False,0.04,False,0.04,False,0.04,False,0,0,False
3100,46,1150,1174,25,418.0,0.0,False,0.0,False,0.0,False,0.0,False,0.0,False,0.04,False,0.0,False,0,0,False
3100,47,1175,1199,25,393.0,0.08,False,0.0,False,0.0,False,0.0,False,0.0,False,0.0,False,0.0,False,0,0,False
3100,48,1200,1224,25,368.0,0.0,False,0.0,False,0.04,False,0.04,False,0.0,False,0.04,False,0.04,False,0,0,False
3100,49,1225,1249,25,343.0,0.0,False,0.0,False,0.0,False,0.0,False,0.0,False,0.0,False,0.04,False,0,0,False
3100,50,1250,1274,25,318.0,0.0,False,0.0,False,0.04,False,0.04,False,0.0,False,0.12,False,0.04,False,0,0,False
3100,51,1275,1299,25,293.0,0.0,False,0.0,False,0.04,False,0.04,False,0.04,False,0.04,False,0.0,False,0,0,False
3100,52,1300,1324,25,268.0,0.08,False,0.0,False,0.0,False,0.0,False,0.0,False,0.0,False,0.0,False,0,0,False
3100,53,1325,1349,25,243.0,0.0,False,0.0,False,0.04,False,0.04,False,0.04,False,0.08,False,0.0,False,0,0,False
3100,54,1350,1374,25,218.0,0.04,False,0.0,False,0.04,False,0.04,False,0.0,False,0.0,False,0.0,False,0,0,False
3100,55,1375,1399,25,193.0,0.0,False,0.0,False,0.04,False,0.0,False,0.0,False,0.04,False,0.0,False,0,0,False
3100,56,1400,1424,25,168.0,0.12,False,0.0,False,0.08,False,0.0,False,0.0,False,0.0,False,0.04,False,0,0,False
3100,57,1425,1449,25,143.0,0.04,False,0.0,False,0.0,False,0.08,False,0.0,False,0.04,False,0.04,False,0,0,False
3100,58,1450,1474,25,118.0,0.04,False,0.0,False,0.0,False,0.08,False,0.0,False,0.0,False,0.0,False,0,0,False
3100,59,1475,1499,25,93.0,0.0,False,0.0,False,0.08,False,0.04,False,0.04,False,0.04,False,0.04,False,0,0,False
3100,60,1500,1524,25,68.0,0.04,False,0.0,False,0.0,False,0.0,False,0.04,False,0.04,False,0.0,False,0,0,False
3100,61,1525,1549,25,43.0,0.04,False,0.0,False,0.0,False,0.04,False,0.0,False,0.0,False,0.0,False,0,0,False
3100,62,1550,1574,25,18.0,0.08,False,0.04,False,0.04,False,0.0,False,0.04,False,0.04,False,0.04,False,0,0,False
